"../../../Engine/Plugins/Animation/ACLPlugin/Content/ACLAnimCurveCompressionSettings.uasset" 0
"../../../Engine/Plugins/Animation/ACLPlugin/Content/ACLAnimCurveCompressionSettings.uexp" 1
"../../../Engine/Plugins/Animation/ACLPlugin/Content/ACLAnimBoneCompressionSettings.uasset" 2
"../../../Engine/Plugins/Animation/ACLPlugin/Content/ACLAnimBoneCompressionSettings.uexp" 3
"../../../Engine/Plugins/2D/Paper2D/Content/PlaceholderTextures/DummySpriteTexture.ubulk" 4
"../../../Engine/Plugins/2D/Paper2D/Content/PlaceholderTextures/DummySpriteTexture.uasset" 5
"../../../Engine/Plugins/2D/Paper2D/Content/PlaceholderTextures/DummySpriteTexture.uexp" 6
"../../../Engine/Plugins/2D/Paper2D/Content/DummySprite.uasset" 7
"../../../Engine/Plugins/2D/Paper2D/Content/DummySprite.uexp" 8
"../../../Engine/Plugins/2D/Paper2D/Content/DefaultPaperTerrainMaterial.uasset" 9
"../../../Engine/Plugins/2D/Paper2D/Content/DefaultPaperTerrainMaterial.uexp" 10
"../../../Engine/Content/Animation/DefaultVariableFrameStrippingSettings.uasset" 11
"../../../Engine/Content/Animation/DefaultVariableFrameStrippingSettings.uexp" 12
"../../../Engine/Content/EngineSounds/Master.uasset" 13
"../../../Engine/Content/EngineSounds/Master.uexp" 14
"../../../Engine/Content/EngineMaterials/DefaultPhysicalMaterial.uasset" 15
"../../../Engine/Content/EngineMaterials/DefaultPhysicalMaterial.uexp" 16
"../../../Engine/Content/EngineMaterials/DefaultDestructiblePhysicalMaterial.uasset" 17
"../../../Engine/Content/EngineMaterials/DefaultDestructiblePhysicalMaterial.uexp" 18
"../../../Engine/Content/EngineFonts/Faces/DroidSansFallback.uexp" 19
"../../../Engine/Content/EngineFonts/Faces/DroidSansFallback.uasset" 20
"../../../Engine/Content/EngineFonts/Faces/DroidSansFallback.ufont" 21
"../../../Engine/Content/EngineFonts/Faces/RobotoRegular.uexp" 22
"../../../Engine/Content/EngineFonts/Faces/RobotoRegular.uasset" 23
"../../../Engine/Content/EngineFonts/Faces/RobotoRegular.ufont" 24
"../../../Engine/Content/EngineFonts/Faces/RobotoLight.uexp" 25
"../../../Engine/Content/EngineFonts/Faces/RobotoLight.uasset" 26
"../../../Engine/Content/EngineFonts/Faces/RobotoLight.ufont" 27
"../../../Engine/Content/EngineFonts/Faces/RobotoItalic.uexp" 28
"../../../Engine/Content/EngineFonts/Faces/RobotoItalic.uasset" 29
"../../../Engine/Content/EngineFonts/Faces/RobotoItalic.ufont" 30
"../../../Engine/Content/EngineFonts/Faces/RobotoBoldItalic.uexp" 31
"../../../Engine/Content/EngineFonts/Faces/RobotoBoldItalic.uasset" 32
"../../../Engine/Content/EngineFonts/Faces/RobotoBoldItalic.ufont" 33
"../../../Engine/Content/EngineFonts/Faces/RobotoBold.uexp" 34
"../../../Engine/Content/EngineFonts/Faces/RobotoBold.uasset" 35
"../../../Engine/Content/EngineFonts/Faces/RobotoBold.ufont" 36
"../../../Engine/Content/EngineFonts/Roboto.uasset" 37
"../../../Engine/Content/EngineFonts/Roboto.uexp" 38
"../../../Engine/Plugins/PCG/Content/ComputeSources/PCGCS_ShaderUtilsInternal.uasset" 39
"../../../Engine/Plugins/PCG/Content/ComputeSources/PCGCS_ShaderUtilsInternal.uexp" 40
"../../../Engine/Plugins/PCG/Content/ComputeSources/PCGCS_ShaderUtils.uasset" 41
"../../../Engine/Plugins/PCG/Content/ComputeSources/PCGCS_ShaderUtils.uexp" 42
"../../../Engine/Plugins/PCG/Content/ComputeSources/PCGCS_Quaternion.uasset" 43
"../../../Engine/Plugins/PCG/Content/ComputeSources/PCGCS_Quaternion.uexp" 44
"../../../Engine/Plugins/Marketplace/MetaXR/Content/Materials/MPC_Highlights.uasset" 45
"../../../Engine/Plugins/Marketplace/MetaXR/Content/Materials/MPC_Highlights.uexp" 46
"../../../Engine/Plugins/Animation/ControlRig/Content/Controls/DefaultGizmoLibraryNormalized.uasset" 47
"../../../Engine/Plugins/Animation/ControlRig/Content/Controls/DefaultGizmoLibraryNormalized.uexp" 48
"../../../Engine/Content/EngineResources/GradientTexture0.uasset" 49
"../../../Engine/Content/EngineResources/GradientTexture0.uexp" 50
"../../../Engine/Content/EditorResources/S_Actor.ubulk" 51
"../../../Engine/Content/EditorResources/S_Actor.uasset" 52
"../../../Engine/Content/EditorResources/S_Actor.uexp" 53
"../../../Engine/Content/EditorResources/S_Trigger.ubulk" 54
"../../../Engine/Content/EditorResources/S_Trigger.uasset" 55
"../../../Engine/Content/EditorResources/S_Trigger.uexp" 56
"../../../Engine/Content/EditorResources/S_BoxReflectionCapture.uasset" 57
"../../../Engine/Content/EditorResources/S_BoxReflectionCapture.uexp" 58
"../../../Engine/Content/Functions/Engine_MaterialFunctions01/Opacity/CameraDepthFade.uasset" 59
"../../../Engine/Content/Functions/Engine_MaterialFunctions01/Opacity/CameraDepthFade.uexp" 60
"../../../Engine/Content/EngineMaterials/T_Default_Material_Grid_M.ubulk" 61
"../../../Engine/Content/EngineMaterials/T_Default_Material_Grid_M.uasset" 62
"../../../Engine/Content/EngineMaterials/T_Default_Material_Grid_M.uexp" 63
"../../../Engine/Content/EngineMaterials/T_Default_Material_Grid_N.ubulk" 64
"../../../Engine/Content/EngineMaterials/T_Default_Material_Grid_N.uasset" 65
"../../../Engine/Content/EngineMaterials/T_Default_Material_Grid_N.uexp" 66
"../../../Engine/Content/EngineMaterials/WorldGridMaterial.uasset" 67
"../../../Engine/Content/EngineMaterials/WorldGridMaterial.uexp" 68
"../../../Engine/Plugins/Media/MediaPlate/Content/SM_MediaPlateScreen.ubulk" 69
"../../../Engine/Plugins/Media/MediaPlate/Content/SM_MediaPlateScreen.uasset" 70
"../../../Engine/Plugins/Media/MediaPlate/Content/SM_MediaPlateScreen.uexp" 71
"../../../Engine/Content/Functions/Engine_MaterialFunctions02/WorldPositionOffset/CameraOffset.uasset" 72
"../../../Engine/Content/Functions/Engine_MaterialFunctions02/WorldPositionOffset/CameraOffset.uexp" 73
"../../../Engine/Plugins/Animation/ControlRig/Content/M_Manip.uasset" 74
"../../../Engine/Plugins/Animation/ControlRig/Content/M_Manip.uexp" 75
"../../../Engine/Content/EditorLandscapeResources/SplineEditorMeshMat.uasset" 76
"../../../Engine/Content/EditorLandscapeResources/SplineEditorMeshMat.uexp" 77
"../../../Engine/Content/EditorLandscapeResources/SplineEditorMesh.ubulk" 78
"../../../Engine/Content/EditorLandscapeResources/SplineEditorMesh.uasset" 79
"../../../Engine/Content/EditorLandscapeResources/SplineEditorMesh.uexp" 80
"../../../Engine/Content/EditorLandscapeResources/WhiteSquareTexture.uasset" 81
"../../../Engine/Content/EditorLandscapeResources/WhiteSquareTexture.uexp" 82
"../../../Engine/Content/EditorLandscapeResources/LayerVisMaterial.uasset" 83
"../../../Engine/Content/EditorLandscapeResources/LayerVisMaterial.uexp" 84
"../../../Engine/Content/Functions/Engine_MaterialFunctions02/Utility/BreakOutFloat2Components.uasset" 85
"../../../Engine/Content/Functions/Engine_MaterialFunctions02/Utility/BreakOutFloat2Components.uexp" 86
"../../../Engine/Content/Functions/Engine_MaterialFunctions01/Texturing/ScaleUVsByCenter.uasset" 87
"../../../Engine/Content/Functions/Engine_MaterialFunctions01/Texturing/ScaleUVsByCenter.uexp" 88
"../../../Engine/Content/Functions/Engine_MaterialFunctions02/WorldPositionOffset/LocalPosition.uasset" 89
"../../../Engine/Content/Functions/Engine_MaterialFunctions02/WorldPositionOffset/LocalPosition.uexp" 90
"../../../Engine/Content/EngineMaterials/DefaultDiffuse.ubulk" 91
"../../../Engine/Content/EngineMaterials/DefaultDiffuse.uasset" 92
"../../../Engine/Content/EngineMaterials/DefaultDiffuse.uexp" 93
"../../../Engine/Content/Functions/Engine_MaterialFunctions01/Texturing/TextureCropping.uasset" 94
"../../../Engine/Content/Functions/Engine_MaterialFunctions01/Texturing/TextureCropping.uexp" 95
"../../../Engine/Content/Functions/Engine_MaterialFunctions02/ExampleContent/DebugNumberStrip.uasset" 96
"../../../Engine/Content/Functions/Engine_MaterialFunctions02/ExampleContent/DebugNumberStrip.uexp" 97
"../../../Engine/Content/Functions/Engine_MaterialFunctions01/Debug/DebugIntValues.uasset" 98
"../../../Engine/Content/Functions/Engine_MaterialFunctions01/Debug/DebugIntValues.uexp" 99
"../../../Engine/Content/EditorLandscapeResources/LandscapeLayerUsageMaterial.uasset" 100
"../../../Engine/Content/EditorLandscapeResources/LandscapeLayerUsageMaterial.uexp" 101
"../../../Engine/Content/EditorLandscapeResources/DefaultAlphaTexture.uasset" 102
"../../../Engine/Content/EditorLandscapeResources/DefaultAlphaTexture.uexp" 103
"../../../Engine/Content/EditorLandscapeResources/LandscapeDirtyMaterial.uasset" 104
"../../../Engine/Content/EditorLandscapeResources/LandscapeDirtyMaterial.uexp" 105
"../../../Engine/Content/BasicShapes/Cube.ubulk" 106
"../../../Engine/Content/BasicShapes/Cube.uasset" 107
"../../../Engine/Content/BasicShapes/Cube.uexp" 108
"../../../Engine/Content/EngineMaterials/DefaultMaterial.uasset" 109
"../../../Engine/Content/EngineMaterials/DefaultMaterial.uexp" 110
"../../../Engine/Content/BasicShapes/Cone.ubulk" 111
"../../../Engine/Content/BasicShapes/Cone.uasset" 112
"../../../Engine/Content/BasicShapes/Cone.uexp" 113
"../../../Engine/Content/BasicShapes/BasicShapeMaterial.uasset" 114
"../../../Engine/Content/BasicShapes/BasicShapeMaterial.uexp" 115
"../../../Engine/Content/EngineResources/DefaultTexture.ubulk" 116
"../../../Engine/Content/EngineResources/DefaultTexture.uasset" 117
"../../../Engine/Content/EngineResources/DefaultTexture.uexp" 118
"../../../Engine/Content/EngineMeshes/Sphere.ubulk" 119
"../../../Engine/Content/EngineMeshes/Sphere.uasset" 120
"../../../Engine/Content/EngineMeshes/Sphere.uexp" 121
"../../../Engine/Content/EngineMaterials/RemoveSurfaceMaterial.uasset" 122
"../../../Engine/Content/EngineMaterials/RemoveSurfaceMaterial.uexp" 123
"../../../Engine/Content/EngineMaterials/PreintegratedSkinBRDF.uasset" 124
"../../../Engine/Content/EngineMaterials/PreintegratedSkinBRDF.uexp" 125
"../../../Engine/Content/EngineMaterials/DefaultCalibrationGrayscale.uasset" 126
"../../../Engine/Content/EngineMaterials/DefaultCalibrationGrayscale.uexp" 127
"../../../Engine/Content/EngineMaterials/PPM_DefaultCalibrationGrayscale.uasset" 128
"../../../Engine/Content/EngineMaterials/PPM_DefaultCalibrationGrayscale.uexp" 129
"../../../Engine/Content/EngineMaterials/DefaultCalibrationColor.uasset" 130
"../../../Engine/Content/EngineMaterials/DefaultCalibrationColor.uexp" 131
"../../../Engine/Content/EngineMaterials/PPM_DefaultCalibrationColor.uasset" 132
"../../../Engine/Content/EngineMaterials/PPM_DefaultCalibrationColor.uexp" 133
"../../../Engine/Content/EngineMaterials/PhAT_JointLimitMaterial.uasset" 134
"../../../Engine/Content/EngineMaterials/PhAT_JointLimitMaterial.uexp" 135
"../../../Engine/Content/EngineMaterials/NaniteHiddenSectionMaterial.uasset" 136
"../../../Engine/Content/EngineMaterials/NaniteHiddenSectionMaterial.uexp" 137
"../../../Engine/Content/EngineMaterials/InvalidLightmapSettings.ubulk" 138
"../../../Engine/Content/EngineMaterials/InvalidLightmapSettings.uasset" 139
"../../../Engine/Content/EngineMaterials/InvalidLightmapSettings.uexp" 140
"../../../Engine/Content/EngineMaterials/M_InvalidLightmapSettings.uasset" 141
"../../../Engine/Content/EngineMaterials/M_InvalidLightmapSettings.uexp" 142
"../../../Engine/Content/EngineMaterials/MiniFont.uasset" 143
"../../../Engine/Content/EngineMaterials/MiniFont.uexp" 144
"../../../Engine/Content/EngineMaterials/GizmoMaterial.uasset" 145
"../../../Engine/Content/EngineMaterials/GizmoMaterial.uexp" 146
"../../../Engine/Content/EngineMaterials/BaseFlattenDiffuseMap_VT.uasset" 147
"../../../Engine/Content/EngineMaterials/BaseFlattenDiffuseMap_VT.uexp" 148
"../../../Engine/Content/EngineMaterials/BaseFlattenEmissiveMap_VT.uasset" 149
"../../../Engine/Content/EngineMaterials/BaseFlattenEmissiveMap_VT.uexp" 150
"../../../Engine/Content/EngineMaterials/BaseFlattenGrayscaleMap_VT.uasset" 151
"../../../Engine/Content/EngineMaterials/BaseFlattenGrayscaleMap_VT.uexp" 152
"../../../Engine/Content/EngineMaterials/BaseFlattenLinearColor_VT.uasset" 153
"../../../Engine/Content/EngineMaterials/BaseFlattenLinearColor_VT.uexp" 154
"../../../Engine/Content/EngineMaterials/BaseFlattenNormalMap_VT.uasset" 155
"../../../Engine/Content/EngineMaterials/BaseFlattenNormalMap_VT.uexp" 156
"../../../Engine/Content/EngineMaterials/Black_1x1_EXR_Texture_VT.uasset" 157
"../../../Engine/Content/EngineMaterials/Black_1x1_EXR_Texture_VT.uexp" 158
"../../../Engine/Content/EngineMaterials/FlattenMaterial_WS_Normal_VT.uasset" 159
"../../../Engine/Content/EngineMaterials/FlattenMaterial_WS_Normal_VT.uexp" 160
"../../../Engine/Content/EngineMaterials/FlattenMaterial_VT.uasset" 161
"../../../Engine/Content/EngineMaterials/FlattenMaterial_VT.uexp" 162
"../../../Engine/Content/EngineMaterials/BaseFlattenNormalMap.uasset" 163
"../../../Engine/Content/EngineMaterials/BaseFlattenNormalMap.uexp" 164
"../../../Engine/Content/EngineMaterials/BaseFlattenDiffuseMap.uasset" 165
"../../../Engine/Content/EngineMaterials/BaseFlattenDiffuseMap.uexp" 166
"../../../Engine/Content/EngineMaterials/BaseFlattenEmissiveMap.uasset" 167
"../../../Engine/Content/EngineMaterials/BaseFlattenEmissiveMap.uexp" 168
"../../../Engine/Content/EngineMaterials/BaseFlattenGrayscaleMap.uasset" 169
"../../../Engine/Content/EngineMaterials/BaseFlattenGrayscaleMap.uexp" 170
"../../../Engine/Content/EngineMaterials/BaseFlattenLinearColor.uasset" 171
"../../../Engine/Content/EngineMaterials/BaseFlattenLinearColor.uexp" 172
"../../../Engine/Content/Functions/Engine_MaterialFunctions02/PivotPainter2/Black_1x1_EXR_Texture.uasset" 173
"../../../Engine/Content/Functions/Engine_MaterialFunctions02/PivotPainter2/Black_1x1_EXR_Texture.uexp" 174
"../../../Engine/Content/EngineMaterials/FlattenMaterial.uasset" 175
"../../../Engine/Content/EngineMaterials/FlattenMaterial.uexp" 176
"../../../Engine/Content/EngineMaterials/FastBlueNoise_vec2_128x128x64.uasset" 177
"../../../Engine/Content/EngineMaterials/FastBlueNoise_vec2_128x128x64.uexp" 178
"../../../Engine/Content/EngineMaterials/FastBlueNoise_scalar_128x128x8.uasset" 179
"../../../Engine/Content/EngineMaterials/FastBlueNoise_scalar_128x128x8.uexp" 180
"../../../Engine/Content/EngineMaterials/FastBlueNoise_scalar_128x128x64.uasset" 181
"../../../Engine/Content/EngineMaterials/FastBlueNoise_scalar_128x128x64.uexp" 182
"../../../Engine/Content/EngineMaterials/DefaultWhiteGrid_Low.uasset" 183
"../../../Engine/Content/EngineMaterials/DefaultWhiteGrid_Low.uexp" 184
"../../../Engine/Content/EngineMaterials/EmissiveMeshMaterial.uasset" 185
"../../../Engine/Content/EngineMaterials/EmissiveMeshMaterial.uexp" 186
"../../../Engine/Content/EngineMaterials/DefaultWhiteGrid.ubulk" 187
"../../../Engine/Content/EngineMaterials/DefaultWhiteGrid.uasset" 188
"../../../Engine/Content/EngineMaterials/DefaultWhiteGrid.uexp" 189
"../../../Engine/Content/EngineFonts/RobotoDistanceField.uasset" 190
"../../../Engine/Content/EngineFonts/RobotoDistanceField.uexp" 191
"../../../Engine/Content/EngineMaterials/DefaultTextMaterialOpaque.uasset" 192
"../../../Engine/Content/EngineMaterials/DefaultTextMaterialOpaque.uexp" 193
"../../../Engine/Content/EngineMaterials/DefaultPostProcessMaterial.uasset" 194
"../../../Engine/Content/EngineMaterials/DefaultPostProcessMaterial.uexp" 195
"../../../Engine/Content/EngineMaterials/DefaultLightFunctionMaterial.uasset" 196
"../../../Engine/Content/EngineMaterials/DefaultLightFunctionMaterial.uexp" 197
"../../../Engine/Content/EngineMaterials/DefaultDeferredDecalMaterial.uasset" 198
"../../../Engine/Content/EngineMaterials/DefaultDeferredDecalMaterial.uexp" 199
"../../../Engine/Content/EngineMaterials/DefaultBokeh.uasset" 200
"../../../Engine/Content/EngineMaterials/DefaultBokeh.uexp" 201
"../../../Engine/Content/EngineMaterials/DefaultBloomKernel.uasset" 202
"../../../Engine/Content/EngineMaterials/DefaultBloomKernel.uexp" 203
"../../../Engine/Content/Functions/Engine_MaterialFunctions02/Utility/CameraDirectionVector.uasset" 204
"../../../Engine/Content/Functions/Engine_MaterialFunctions02/Utility/CameraDirectionVector.uexp" 205
"../../../Engine/Content/EngineDebugMaterials/VolumeToRender.uasset" 206
"../../../Engine/Content/EngineDebugMaterials/VolumeToRender.uexp" 207
"../../../Engine/Content/EngineDebugMaterials/M_VolumeRenderSphereTracePP.uasset" 208
"../../../Engine/Content/EngineDebugMaterials/M_VolumeRenderSphereTracePP.uexp" 209
"../../../Engine/Content/EngineDebugMaterials/M_SimpleUnlitTranslucent.uasset" 210
"../../../Engine/Content/EngineDebugMaterials/M_SimpleUnlitTranslucent.uexp" 211
"../../../Engine/Content/EngineDebugMaterials/DebugMeshMaterial.uasset" 212
"../../../Engine/Content/EngineDebugMaterials/DebugMeshMaterial.uexp" 213
"../../../Engine/Content/EngineDebugMaterials/DebugEditorMaterial.uasset" 214
"../../../Engine/Content/EngineDebugMaterials/DebugEditorMaterial.uexp" 215
"../../../Engine/Content/EngineDamageTypes/DmgTypeBP_Environmental.uasset" 216
"../../../Engine/Content/EngineDamageTypes/DmgTypeBP_Environmental.uexp" 217
"../../../Engine/Content/EditorResources/S_TriggerSphere.uasset" 218
"../../../Engine/Content/EditorResources/S_TriggerSphere.uexp" 219
"../../../Engine/Content/EditorResources/S_TriggerCapsule.uasset" 220
"../../../Engine/Content/EditorResources/S_TriggerCapsule.uexp" 221
"../../../Engine/Content/EditorResources/S_TriggerBox.uasset" 222
"../../../Engine/Content/EditorResources/S_TriggerBox.uexp" 223
"../../../Engine/Content/EditorResources/S_Terrain.ubulk" 224
"../../../Engine/Content/EditorResources/S_Terrain.uasset" 225
"../../../Engine/Content/EditorResources/S_Terrain.uexp" 226
"../../../Engine/Content/EditorResources/S_Solver.ubulk" 227
"../../../Engine/Content/EditorResources/S_Solver.uasset" 228
"../../../Engine/Content/EditorResources/S_Solver.uexp" 229
"../../../Engine/Content/EditorResources/BSPVertex.uasset" 230
"../../../Engine/Content/EditorResources/BSPVertex.uexp" 231
"../../../Engine/Content/EditorMaterials/PreviewShadowIndicator.ubulk" 232
"../../../Engine/Content/EditorMaterials/PreviewShadowIndicator.uasset" 233
"../../../Engine/Content/EditorMaterials/PreviewShadowIndicator.uexp" 234
"../../../Engine/Content/EditorMaterials/PreviewShadowIndicatorMaterial.uasset" 235
"../../../Engine/Content/EditorMaterials/PreviewShadowIndicatorMaterial.uexp" 236
"../../../Engine/Content/EditorMaterials/PhAT_UnselectedMaterial.uasset" 237
"../../../Engine/Content/EditorMaterials/PhAT_UnselectedMaterial.uexp" 238
"../../../Engine/Content/EditorMaterials/PhAT_NoCollisionMaterial.uasset" 239
"../../../Engine/Content/EditorMaterials/PhAT_NoCollisionMaterial.uexp" 240
"../../../Engine/Plugins/VirtualProduction/CameraCalibrationCore/Content/Materials/M_DefaultOddSquare.uasset" 241
"../../../Engine/Plugins/VirtualProduction/CameraCalibrationCore/Content/Materials/M_DefaultOddSquare.uexp" 242
"../../../Engine/Plugins/VirtualProduction/CameraCalibrationCore/Content/Materials/M_DefaultEvenSquare.uasset" 243
"../../../Engine/Plugins/VirtualProduction/CameraCalibrationCore/Content/Materials/M_DefaultEvenSquare.uexp" 244
"../../../Engine/Plugins/Runtime/HairStrands/Content/Materials/HairMeshesDefaultMaterial.uasset" 245
"../../../Engine/Plugins/Runtime/HairStrands/Content/Materials/HairMeshesDefaultMaterial.uexp" 246
"../../../Engine/Plugins/Runtime/HairStrands/Content/Materials/HairDefaultMaterial.uasset" 247
"../../../Engine/Plugins/Runtime/HairStrands/Content/Materials/HairDefaultMaterial.uexp" 248
"../../../Engine/Content/Functions/Engine_MaterialFunctions02/Utility/MakeFloat2.uasset" 249
"../../../Engine/Content/Functions/Engine_MaterialFunctions02/Utility/MakeFloat2.uexp" 250
"../../../Engine/Content/Functions/Engine_MaterialFunctions02/Utility/MakeFloat3.uasset" 251
"../../../Engine/Content/Functions/Engine_MaterialFunctions02/Utility/MakeFloat3.uexp" 252
"../../../Engine/Content/EngineMaterials/HairDebugColor.uasset" 253
"../../../Engine/Content/EngineMaterials/HairDebugColor.uexp" 254
"../../../Engine/Content/EngineMaterials/HairColorMap.uasset" 255
"../../../Engine/Content/EngineMaterials/HairColorMap.uexp" 256
"../../../Engine/Plugins/Runtime/HairStrands/Content/Materials/HairGroupColors.uasset" 257
"../../../Engine/Plugins/Runtime/HairStrands/Content/Materials/HairGroupColors.uexp" 258
"../../../Engine/Plugins/Runtime/HairStrands/Content/Materials/HairDebugMaterial.uasset" 259
"../../../Engine/Plugins/Runtime/HairStrands/Content/Materials/HairDebugMaterial.uexp" 260
"../../../Engine/Plugins/Runtime/HairStrands/Content/Materials/HairCardsDefaultMaterial.uasset" 261
"../../../Engine/Plugins/Runtime/HairStrands/Content/Materials/HairCardsDefaultMaterial.uexp" 262
"../../../Engine/Plugins/Runtime/AudioWidgets/Content/Resources/ScrubHandleDown_Clamped.uasset" 263
"../../../Engine/Plugins/Runtime/AudioWidgets/Content/Resources/ScrubHandleDown_Clamped.uexp" 264
"../../../Engine/Content/Functions/Engine_MaterialFunctions02/Utility/BreakOutFloat4Components.uasset" 265
"../../../Engine/Content/Functions/Engine_MaterialFunctions02/Utility/BreakOutFloat4Components.uexp" 266
"../../../Engine/Content/Functions/Engine_MaterialFunctions02/Utility/BreakOutFloat3Components.uasset" 267
"../../../Engine/Content/Functions/Engine_MaterialFunctions02/Utility/BreakOutFloat3Components.uexp" 268
"../../../Engine/Content/Functions/Engine_MaterialFunctions02/Utility/MakeFloat4.uasset" 269
"../../../Engine/Content/Functions/Engine_MaterialFunctions02/Utility/MakeFloat4.uexp" 270
"../../../Engine/Plugins/MovieScene/MovieRenderPipeline/Content/Materials/MovieRenderQueue_WorldDepth.uasset" 271
"../../../Engine/Plugins/MovieScene/MovieRenderPipeline/Content/Materials/MovieRenderQueue_WorldDepth.uexp" 272
"../../../Engine/Plugins/MovieScene/MovieRenderPipeline/Content/Materials/MovieRenderQueue_MotionVectors.uasset" 273
"../../../Engine/Plugins/MovieScene/MovieRenderPipeline/Content/Materials/MovieRenderQueue_MotionVectors.uexp" 274
"../../../Engine/Plugins/MovieScene/MovieRenderPipeline/Content/Materials/MoviePipeline_StencilCutout.uasset" 275
"../../../Engine/Plugins/MovieScene/MovieRenderPipeline/Content/Materials/MoviePipeline_StencilCutout.uexp" 276
"../../../Engine/Plugins/Marketplace/MetaXR/Content/Meshes/SM_Bevelcube.ubulk" 277
"../../../Engine/Plugins/Marketplace/MetaXR/Content/Meshes/SM_Bevelcube.uasset" 278
"../../../Engine/Plugins/Marketplace/MetaXR/Content/Meshes/SM_Bevelcube.uexp" 279
"../../../Engine/Plugins/Marketplace/MetaXR/Content/Textures/TouchForQuestRiftSController_albedo.ubulk" 280
"../../../Engine/Plugins/Marketplace/MetaXR/Content/Textures/TouchForQuestRiftSController_albedo.uasset" 281
"../../../Engine/Plugins/Marketplace/MetaXR/Content/Textures/TouchForQuestRiftSController_albedo.uexp" 282
"../../../Engine/Plugins/Marketplace/MetaXR/Content/Materials/TouchForQuestRiftSControllerMaterial.uasset" 283
"../../../Engine/Plugins/Marketplace/MetaXR/Content/Materials/TouchForQuestRiftSControllerMaterial.uexp" 284
"../../../Engine/Plugins/Marketplace/MetaXR/Content/Meshes/RightTouchForQuestRiftSController.ubulk" 285
"../../../Engine/Plugins/Marketplace/MetaXR/Content/Meshes/RightTouchForQuestRiftSController.uasset" 286
"../../../Engine/Plugins/Marketplace/MetaXR/Content/Meshes/RightTouchForQuestRiftSController.uexp" 287
"../../../Engine/Plugins/Marketplace/MetaXR/Content/Textures/TouchForQuest2_Color.ubulk" 288
"../../../Engine/Plugins/Marketplace/MetaXR/Content/Textures/TouchForQuest2_Color.uasset" 289
"../../../Engine/Plugins/Marketplace/MetaXR/Content/Textures/TouchForQuest2_Color.uexp" 290
"../../../Engine/Plugins/Marketplace/MetaXR/Content/Textures/TouchForQuest2Material_Roughness.ubulk" 291
"../../../Engine/Plugins/Marketplace/MetaXR/Content/Textures/TouchForQuest2Material_Roughness.uasset" 292
"../../../Engine/Plugins/Marketplace/MetaXR/Content/Textures/TouchForQuest2Material_Roughness.uexp" 293
"../../../Engine/Plugins/Marketplace/MetaXR/Content/Materials/TouchForQuest2Material.uasset" 294
"../../../Engine/Plugins/Marketplace/MetaXR/Content/Materials/TouchForQuest2Material.uexp" 295
"../../../Engine/Plugins/Marketplace/MetaXR/Content/Meshes/RightTouchForQuest2.ubulk" 296
"../../../Engine/Plugins/Marketplace/MetaXR/Content/Meshes/RightTouchForQuest2.uasset" 297
"../../../Engine/Plugins/Marketplace/MetaXR/Content/Meshes/RightTouchForQuest2.uexp" 298
"../../../Engine/Plugins/Marketplace/MetaXR/Content/Textures/RightMetaQuestTouchPro_Color.ubulk" 299
"../../../Engine/Plugins/Marketplace/MetaXR/Content/Textures/RightMetaQuestTouchPro_Color.uasset" 300
"../../../Engine/Plugins/Marketplace/MetaXR/Content/Textures/RightMetaQuestTouchPro_Color.uexp" 301
"../../../Engine/Plugins/Marketplace/MetaXR/Content/Textures/RightMetaQuestTouchPro_Normal.ubulk" 302
"../../../Engine/Plugins/Marketplace/MetaXR/Content/Textures/RightMetaQuestTouchPro_Normal.uasset" 303
"../../../Engine/Plugins/Marketplace/MetaXR/Content/Textures/RightMetaQuestTouchPro_Normal.uexp" 304
"../../../Engine/Plugins/Marketplace/MetaXR/Content/Materials/RightMetaQuestTouchProMaterial.uasset" 305
"../../../Engine/Plugins/Marketplace/MetaXR/Content/Materials/RightMetaQuestTouchProMaterial.uexp" 306
"../../../Engine/Plugins/Marketplace/MetaXR/Content/Meshes/RightMetaQuestTouchPro.ubulk" 307
"../../../Engine/Plugins/Marketplace/MetaXR/Content/Meshes/RightMetaQuestTouchPro.uasset" 308
"../../../Engine/Plugins/Marketplace/MetaXR/Content/Meshes/RightMetaQuestTouchPro.uexp" 309
"../../../Engine/Plugins/Marketplace/MetaXR/Content/Textures/RightMetaQuestTouchPlus_Color.ubulk" 310
"../../../Engine/Plugins/Marketplace/MetaXR/Content/Textures/RightMetaQuestTouchPlus_Color.uasset" 311
"../../../Engine/Plugins/Marketplace/MetaXR/Content/Textures/RightMetaQuestTouchPlus_Color.uexp" 312
"../../../Engine/Plugins/Marketplace/MetaXR/Content/Materials/RightMetaQuestTouchPlusMaterial.uasset" 313
"../../../Engine/Plugins/Marketplace/MetaXR/Content/Materials/RightMetaQuestTouchPlusMaterial.uexp" 314
"../../../Engine/Plugins/Marketplace/MetaXR/Content/Meshes/RightMetaQuestTouchPlus.ubulk" 315
"../../../Engine/Plugins/Marketplace/MetaXR/Content/Meshes/RightMetaQuestTouchPlus.uasset" 316
"../../../Engine/Plugins/Marketplace/MetaXR/Content/Meshes/RightMetaQuestTouchPlus.uexp" 317
"../../../Engine/Plugins/Marketplace/MetaXR/Content/Meshes/LeftTouchForQuestRiftSController.ubulk" 318
"../../../Engine/Plugins/Marketplace/MetaXR/Content/Meshes/LeftTouchForQuestRiftSController.uasset" 319
"../../../Engine/Plugins/Marketplace/MetaXR/Content/Meshes/LeftTouchForQuestRiftSController.uexp" 320
"../../../Engine/Plugins/Marketplace/MetaXR/Content/Meshes/LeftTouchForQuest2.ubulk" 321
"../../../Engine/Plugins/Marketplace/MetaXR/Content/Meshes/LeftTouchForQuest2.uasset" 322
"../../../Engine/Plugins/Marketplace/MetaXR/Content/Meshes/LeftTouchForQuest2.uexp" 323
"../../../Engine/Plugins/Marketplace/MetaXR/Content/Textures/LeftMetaQuestTouchPro_Color.ubulk" 324
"../../../Engine/Plugins/Marketplace/MetaXR/Content/Textures/LeftMetaQuestTouchPro_Color.uasset" 325
"../../../Engine/Plugins/Marketplace/MetaXR/Content/Textures/LeftMetaQuestTouchPro_Color.uexp" 326
"../../../Engine/Plugins/Marketplace/MetaXR/Content/Textures/LeftMetaQuestTouchPro_Normal.ubulk" 327
"../../../Engine/Plugins/Marketplace/MetaXR/Content/Textures/LeftMetaQuestTouchPro_Normal.uasset" 328
"../../../Engine/Plugins/Marketplace/MetaXR/Content/Textures/LeftMetaQuestTouchPro_Normal.uexp" 329
"../../../Engine/Plugins/Marketplace/MetaXR/Content/Materials/LeftMetaQuestTouchProMaterial.uasset" 330
"../../../Engine/Plugins/Marketplace/MetaXR/Content/Materials/LeftMetaQuestTouchProMaterial.uexp" 331
"../../../Engine/Plugins/Marketplace/MetaXR/Content/Meshes/LeftMetaQuestTouchPro.ubulk" 332
"../../../Engine/Plugins/Marketplace/MetaXR/Content/Meshes/LeftMetaQuestTouchPro.uasset" 333
"../../../Engine/Plugins/Marketplace/MetaXR/Content/Meshes/LeftMetaQuestTouchPro.uexp" 334
"../../../Engine/Plugins/Marketplace/MetaXR/Content/Textures/LeftMetaQuestTouchPlus_Color.ubulk" 335
"../../../Engine/Plugins/Marketplace/MetaXR/Content/Textures/LeftMetaQuestTouchPlus_Color.uasset" 336
"../../../Engine/Plugins/Marketplace/MetaXR/Content/Textures/LeftMetaQuestTouchPlus_Color.uexp" 337
"../../../Engine/Plugins/Marketplace/MetaXR/Content/Materials/LeftMetaQuestTouchPlusMaterial.uasset" 338
"../../../Engine/Plugins/Marketplace/MetaXR/Content/Materials/LeftMetaQuestTouchPlusMaterial.uexp" 339
"../../../Engine/Plugins/Marketplace/MetaXR/Content/Meshes/LeftMetaQuestTouchPlus.ubulk" 340
"../../../Engine/Plugins/Marketplace/MetaXR/Content/Meshes/LeftMetaQuestTouchPlus.uasset" 341
"../../../Engine/Plugins/Marketplace/MetaXR/Content/Meshes/LeftMetaQuestTouchPlus.uexp" 342
"../../../Engine/Plugins/Marketplace/MetaXR/Content/Materials/PokeAHoleMaterial.uasset" 343
"../../../Engine/Plugins/Marketplace/MetaXR/Content/Materials/PokeAHoleMaterial.uexp" 344
"../../../Engine/Plugins/Marketplace/MetaXR/Content/Materials/OculusMR_OpaqueColoredMaterial.uasset" 345
"../../../Engine/Plugins/Marketplace/MetaXR/Content/Materials/OculusMR_OpaqueColoredMaterial.uexp" 346
"../../../Engine/Plugins/Marketplace/MetaXR/Content/Materials/M_SceneObjectMask.uasset" 347
"../../../Engine/Plugins/Marketplace/MetaXR/Content/Materials/M_SceneObjectMask.uexp" 348
"../../../Engine/Plugins/Marketplace/MetaXR/Content/Textures/CRT_JumpFlood1.uasset" 349
"../../../Engine/Plugins/Marketplace/MetaXR/Content/Textures/CRT_JumpFlood1.uexp" 350
"../../../Engine/Content/Functions/Engine_MaterialFunctions01/Texturing/PointSampledUVs.uasset" 351
"../../../Engine/Content/Functions/Engine_MaterialFunctions01/Texturing/PointSampledUVs.uexp" 352
"../../../Engine/Plugins/Marketplace/MetaXR/Content/Materials/M_JFAPass.uasset" 353
"../../../Engine/Plugins/Marketplace/MetaXR/Content/Materials/M_JFAPass.uexp" 354
"../../../Engine/Plugins/Marketplace/MetaXR/Content/Materials/M_FloorMask.uasset" 355
"../../../Engine/Plugins/Marketplace/MetaXR/Content/Materials/M_FloorMask.uexp" 356
"../../../Engine/Plugins/Marketplace/MetaXR/Content/Textures/CRT_JumpFlood2.uasset" 357
"../../../Engine/Plugins/Marketplace/MetaXR/Content/Textures/CRT_JumpFlood2.uexp" 358
"../../../Engine/Plugins/Marketplace/MetaXR/Content/Materials/M_DistanceMapOccupied.uasset" 359
"../../../Engine/Plugins/Marketplace/MetaXR/Content/Materials/M_DistanceMapOccupied.uexp" 360
"../../../Engine/Plugins/Marketplace/MetaXR/Content/Materials/M_DistanceMapFree.uasset" 361
"../../../Engine/Plugins/Marketplace/MetaXR/Content/Materials/M_DistanceMapFree.uexp" 362
"../../../Engine/Plugins/Marketplace/MetaXR/Content/Materials/M_DistanceMapAll.uasset" 363
"../../../Engine/Plugins/Marketplace/MetaXR/Content/Materials/M_DistanceMapAll.uexp" 364
"../../../Engine/Plugins/Marketplace/MetaXR/Content/Textures/CRT_Mask.uasset" 365
"../../../Engine/Plugins/Marketplace/MetaXR/Content/Textures/CRT_Mask.uexp" 366
"../../../Engine/Plugins/Marketplace/MetaXR/Content/Materials/M_CreateMask.uasset" 367
"../../../Engine/Plugins/Marketplace/MetaXR/Content/Materials/M_CreateMask.uexp" 368
"../../../Engine/Plugins/Interchange/Assets/Content/Functions/MX_UsdPreviewSurface.uasset" 369
"../../../Engine/Plugins/Interchange/Assets/Content/Functions/MX_UsdPreviewSurface.uexp" 370
"../../../Engine/Plugins/Interchange/Assets/Content/Functions/MX_UniformEDF.uasset" 371
"../../../Engine/Plugins/Interchange/Assets/Content/Functions/MX_UniformEDF.uexp" 372
"../../../Engine/Plugins/Interchange/Assets/Content/Functions/MX_TranslucentBSDF.uasset" 373
"../../../Engine/Plugins/Interchange/Assets/Content/Functions/MX_TranslucentBSDF.uexp" 374
"../../../Engine/Plugins/Interchange/Assets/Content/Functions/MX_ThinFilmBSDF.uasset" 375
"../../../Engine/Plugins/Interchange/Assets/Content/Functions/MX_ThinFilmBSDF.uexp" 376
"../../../Engine/Plugins/Interchange/Assets/Content/Functions/MX_SurfaceUnlit.uasset" 377
"../../../Engine/Plugins/Interchange/Assets/Content/Functions/MX_SurfaceUnlit.uexp" 378
"../../../Engine/Plugins/Interchange/Assets/Content/Functions/MX_Surface.uasset" 379
"../../../Engine/Plugins/Interchange/Assets/Content/Functions/MX_Surface.uexp" 380
"../../../Engine/Plugins/Interchange/Assets/Content/Functions/MX_SubsurfaceBSDF.uasset" 381
"../../../Engine/Plugins/Interchange/Assets/Content/Functions/MX_SubsurfaceBSDF.uexp" 382
"../../../Engine/Plugins/Interchange/Assets/Content/Functions/MX_SheenBSDF.uasset" 383
"../../../Engine/Plugins/Interchange/Assets/Content/Functions/MX_SheenBSDF.uexp" 384
"../../../Engine/Plugins/Interchange/Assets/Content/Functions/MX_OrenNayarBSDF.uasset" 385
"../../../Engine/Plugins/Interchange/Assets/Content/Functions/MX_OrenNayarBSDF.uexp" 386
"../../../Engine/Plugins/Interchange/Assets/Content/Functions/MF_IridescenceNoLUT.uasset" 387
"../../../Engine/Plugins/Interchange/Assets/Content/Functions/MF_IridescenceNoLUT.uexp" 388
"../../../Engine/Plugins/Interchange/Assets/Content/Functions/MX_StandardSurface.uasset" 389
"../../../Engine/Plugins/Interchange/Assets/Content/Functions/MX_StandardSurface.uexp" 390
"../../../Engine/Plugins/Interchange/Assets/Content/Functions/MX_TransmissionSurface.uasset" 391
"../../../Engine/Plugins/Interchange/Assets/Content/Functions/MX_TransmissionSurface.uexp" 392
"../../../Engine/Plugins/Interchange/Assets/Content/Functions/MX_OpenPBR_Translucent.uasset" 393
"../../../Engine/Plugins/Interchange/Assets/Content/Functions/MX_OpenPBR_Translucent.uexp" 394
"../../../Engine/Plugins/Interchange/Assets/Content/Functions/MX_OpenPBR_Opaque.uasset" 395
"../../../Engine/Plugins/Interchange/Assets/Content/Functions/MX_OpenPBR_Opaque.uexp" 396
"../../../Engine/Plugins/Interchange/Assets/Content/Functions/MX_MeasuredEDF.uasset" 397
"../../../Engine/Plugins/Interchange/Assets/Content/Functions/MX_MeasuredEDF.uexp" 398
"../../../Engine/Plugins/Interchange/Assets/Content/Functions/MX_GeneralizedSchlickBSDF.uasset" 399
"../../../Engine/Plugins/Interchange/Assets/Content/Functions/MX_GeneralizedSchlickBSDF.uexp" 400
"../../../Engine/Content/Functions/Engine_MaterialFunctions02/Utility/BlendAngleCorrectedNormals.uasset" 401
"../../../Engine/Content/Functions/Engine_MaterialFunctions02/Utility/BlendAngleCorrectedNormals.uexp" 402
"../../../Engine/Plugins/Interchange/Assets/Content/Functions/MX_Displacement.uasset" 403
"../../../Engine/Plugins/Interchange/Assets/Content/Functions/MX_Displacement.uexp" 404
"../../../Engine/Plugins/Interchange/Assets/Content/Functions/MX_DielectricBSDF.uasset" 405
"../../../Engine/Plugins/Interchange/Assets/Content/Functions/MX_DielectricBSDF.uexp" 406
"../../../Engine/Plugins/Interchange/Assets/Content/Functions/MX_ConicalEDF.uasset" 407
"../../../Engine/Plugins/Interchange/Assets/Content/Functions/MX_ConicalEDF.uexp" 408
"../../../Engine/Plugins/Interchange/Assets/Content/Functions/MX_ConductorBSDF.uasset" 409
"../../../Engine/Plugins/Interchange/Assets/Content/Functions/MX_ConductorBSDF.uexp" 410
"../../../Engine/Plugins/Interchange/Assets/Content/Functions/MX_BurleyDiffuseBSDF.uasset" 411
"../../../Engine/Plugins/Interchange/Assets/Content/Functions/MX_BurleyDiffuseBSDF.uexp" 412
"../../../Engine/Plugins/Interchange/Assets/Content/Functions/MX_AnisotropicVDF.uasset" 413
"../../../Engine/Plugins/Interchange/Assets/Content/Functions/MX_AnisotropicVDF.uexp" 414
"../../../Engine/Plugins/Interchange/Assets/Content/Functions/MX_AbsorptionVDF.uasset" 415
"../../../Engine/Plugins/Interchange/Assets/Content/Functions/MX_AbsorptionVDF.uexp" 416
"../../../Engine/Content/Functions/Engine_MaterialFunctions02/Utility/VectorLength.uasset" 417
"../../../Engine/Content/Functions/Engine_MaterialFunctions02/Utility/VectorLength.uexp" 418
"../../../Engine/Content/Functions/Engine_MaterialFunctions02/WorldPositionOffset/ObjectScale.uasset" 419
"../../../Engine/Content/Functions/Engine_MaterialFunctions02/WorldPositionOffset/ObjectScale.uexp" 420
"../../../Engine/Content/Functions/Engine_MaterialFunctions02/SafeNormalize.uasset" 421
"../../../Engine/Content/Functions/Engine_MaterialFunctions02/SafeNormalize.uexp" 422
"../../../Engine/Plugins/Editor/SpeedTreeImporter/Content/SpeedTree9/UnpackInteger3.uasset" 423
"../../../Engine/Plugins/Editor/SpeedTreeImporter/Content/SpeedTree9/UnpackInteger3.uexp" 424
"../../../Engine/Plugins/Editor/SpeedTreeImporter/Content/SpeedTree9/UnpackDirection.uasset" 425
"../../../Engine/Plugins/Editor/SpeedTreeImporter/Content/SpeedTree9/UnpackDirection.uexp" 426
"../../../Engine/Plugins/Editor/SpeedTreeImporter/Content/SpeedTree9/game_wind_noise.ubulk" 427
"../../../Engine/Plugins/Editor/SpeedTreeImporter/Content/SpeedTree9/game_wind_noise.uasset" 428
"../../../Engine/Plugins/Editor/SpeedTreeImporter/Content/SpeedTree9/game_wind_noise.uexp" 429
"../../../Engine/Plugins/Editor/SpeedTreeImporter/Content/SpeedTree9/SpeedTreeWindMotion.uasset" 430
"../../../Engine/Plugins/Editor/SpeedTreeImporter/Content/SpeedTree9/SpeedTreeWindMotion.uexp" 431
"../../../Engine/Content/Functions/Engine_MaterialFunctions02/ObjectLocalBounds.uasset" 432
"../../../Engine/Content/Functions/Engine_MaterialFunctions02/ObjectLocalBounds.uexp" 433
"../../../Engine/Content/Functions/Engine_MaterialFunctions02/UVs/BoundingBoxBased_0-1_UVW.uasset" 434
"../../../Engine/Content/Functions/Engine_MaterialFunctions02/UVs/BoundingBoxBased_0-1_UVW.uexp" 435
"../../../Engine/Plugins/Editor/SpeedTreeImporter/Content/SpeedTree9/SpeedTreeBranchMotion.uasset" 436
"../../../Engine/Plugins/Editor/SpeedTreeImporter/Content/SpeedTree9/SpeedTreeBranchMotion.uexp" 437
"../../../Engine/Plugins/Editor/SpeedTreeImporter/Content/SpeedTree9/SpeedTreeWind.uasset" 438
"../../../Engine/Plugins/Editor/SpeedTreeImporter/Content/SpeedTree9/SpeedTreeWind.uexp" 439
"../../../Engine/Plugins/Editor/SpeedTreeImporter/Content/SpeedTree9/SpeedTreeCameraFacing.uasset" 440
"../../../Engine/Plugins/Editor/SpeedTreeImporter/Content/SpeedTree9/SpeedTreeCameraFacing.uexp" 441
"../../../Engine/Plugins/Editor/SpeedTreeImporter/Content/SpeedTree9/EmptyNormal.uasset" 442
"../../../Engine/Plugins/Editor/SpeedTreeImporter/Content/SpeedTree9/EmptyNormal.uexp" 443
"../../../Engine/Plugins/Editor/SpeedTreeImporter/Content/SpeedTree9/Empty.uasset" 444
"../../../Engine/Plugins/Editor/SpeedTreeImporter/Content/SpeedTree9/Empty.uexp" 445
"../../../Engine/Plugins/Editor/SpeedTreeImporter/Content/SpeedTree9/SpeedTreeMaster.uasset" 446
"../../../Engine/Plugins/Editor/SpeedTreeImporter/Content/SpeedTree9/SpeedTreeMaster.uexp" 447
"../../../Engine/Plugins/Editor/SpeedTreeImporter/Content/SpeedTree9/SpeedTreeBillboard.uasset" 448
"../../../Engine/Plugins/Editor/SpeedTreeImporter/Content/SpeedTree9/SpeedTreeBillboard.uexp" 449
"../../../Engine/Plugins/Editor/SpeedTreeImporter/Content/SpeedTree9/SpeedTreeBillboardMaster.uasset" 450
"../../../Engine/Plugins/Editor/SpeedTreeImporter/Content/SpeedTree9/SpeedTreeBillboardMaster.uexp" 451
"../../../Engine/Plugins/Animation/ControlRig/Content/Controls/ControlRig_Wedge_solid.ubulk" 452
"../../../Engine/Plugins/Animation/ControlRig/Content/Controls/ControlRig_Wedge_solid.uasset" 453
"../../../Engine/Plugins/Animation/ControlRig/Content/Controls/ControlRig_Wedge_solid.uexp" 454
"../../../Engine/Plugins/Animation/ControlRig/Content/Controls/ControlRig_Wedge_3mm.ubulk" 455
"../../../Engine/Plugins/Animation/ControlRig/Content/Controls/ControlRig_Wedge_3mm.uasset" 456
"../../../Engine/Plugins/Animation/ControlRig/Content/Controls/ControlRig_Wedge_3mm.uexp" 457
"../../../Engine/Plugins/Animation/ControlRig/Content/Controls/ControlRig_Wedge_1mm.ubulk" 458
"../../../Engine/Plugins/Animation/ControlRig/Content/Controls/ControlRig_Wedge_1mm.uasset" 459
"../../../Engine/Plugins/Animation/ControlRig/Content/Controls/ControlRig_Wedge_1mm.uexp" 460
"../../../Engine/Plugins/Animation/ControlRig/Content/Controls/ControlRig_Triangle_solid.ubulk" 461
"../../../Engine/Plugins/Animation/ControlRig/Content/Controls/ControlRig_Triangle_solid.uasset" 462
"../../../Engine/Plugins/Animation/ControlRig/Content/Controls/ControlRig_Triangle_solid.uexp" 463
"../../../Engine/Plugins/Animation/ControlRig/Content/Controls/ControlRig_Triangle_3mm.ubulk" 464
"../../../Engine/Plugins/Animation/ControlRig/Content/Controls/ControlRig_Triangle_3mm.uasset" 465
"../../../Engine/Plugins/Animation/ControlRig/Content/Controls/ControlRig_Triangle_3mm.uexp" 466
"../../../Engine/Plugins/Animation/ControlRig/Content/Controls/ControlRig_Triangle_1mm.ubulk" 467
"../../../Engine/Plugins/Animation/ControlRig/Content/Controls/ControlRig_Triangle_1mm.uasset" 468
"../../../Engine/Plugins/Animation/ControlRig/Content/Controls/ControlRig_Triangle_1mm.uexp" 469
"../../../Engine/Plugins/Animation/ControlRig/Content/Controls/ControlRig_Star4_solid.ubulk" 470
"../../../Engine/Plugins/Animation/ControlRig/Content/Controls/ControlRig_Star4_solid.uasset" 471
"../../../Engine/Plugins/Animation/ControlRig/Content/Controls/ControlRig_Star4_solid.uexp" 472
"../../../Engine/Plugins/Animation/ControlRig/Content/Controls/ControlRig_Star4_3mm.ubulk" 473
"../../../Engine/Plugins/Animation/ControlRig/Content/Controls/ControlRig_Star4_3mm.uasset" 474
"../../../Engine/Plugins/Animation/ControlRig/Content/Controls/ControlRig_Star4_3mm.uexp" 475
"../../../Engine/Plugins/Animation/ControlRig/Content/Controls/ControlRig_Star4_1mm.ubulk" 476
"../../../Engine/Plugins/Animation/ControlRig/Content/Controls/ControlRig_Star4_1mm.uasset" 477
"../../../Engine/Plugins/Animation/ControlRig/Content/Controls/ControlRig_Star4_1mm.uexp" 478
"../../../Engine/Plugins/Animation/ControlRig/Content/Controls/ControlRig_Square_solid.ubulk" 479
"../../../Engine/Plugins/Animation/ControlRig/Content/Controls/ControlRig_Square_solid.uasset" 480
"../../../Engine/Plugins/Animation/ControlRig/Content/Controls/ControlRig_Square_solid.uexp" 481
"../../../Engine/Plugins/Animation/ControlRig/Content/Controls/ControlRig_Square_3mm.ubulk" 482
"../../../Engine/Plugins/Animation/ControlRig/Content/Controls/ControlRig_Square_3mm.uasset" 483
"../../../Engine/Plugins/Animation/ControlRig/Content/Controls/ControlRig_Square_3mm.uexp" 484
"../../../Engine/Plugins/Animation/ControlRig/Content/Controls/ControlRig_Square_1mm.ubulk" 485
"../../../Engine/Plugins/Animation/ControlRig/Content/Controls/ControlRig_Square_1mm.uasset" 486
"../../../Engine/Plugins/Animation/ControlRig/Content/Controls/ControlRig_Square_1mm.uexp" 487
"../../../Engine/Plugins/Animation/ControlRig/Content/Controls/ControlRig_Sphere_solid.ubulk" 488
"../../../Engine/Plugins/Animation/ControlRig/Content/Controls/ControlRig_Sphere_solid.uasset" 489
"../../../Engine/Plugins/Animation/ControlRig/Content/Controls/ControlRig_Sphere_solid.uexp" 490
"../../../Engine/Plugins/Animation/ControlRig/Content/Controls/ControlRig_Sphere_3mm.ubulk" 491
"../../../Engine/Plugins/Animation/ControlRig/Content/Controls/ControlRig_Sphere_3mm.uasset" 492
"../../../Engine/Plugins/Animation/ControlRig/Content/Controls/ControlRig_Sphere_3mm.uexp" 493
"../../../Engine/Plugins/Animation/ControlRig/Content/Controls/ControlRig_Sphere_1mm.ubulk" 494
"../../../Engine/Plugins/Animation/ControlRig/Content/Controls/ControlRig_Sphere_1mm.uasset" 495
"../../../Engine/Plugins/Animation/ControlRig/Content/Controls/ControlRig_Sphere_1mm.uexp" 496
"../../../Engine/Plugins/Animation/ControlRig/Content/Controls/ControlRig_RoundedTriangle_solid.ubulk" 497
"../../../Engine/Plugins/Animation/ControlRig/Content/Controls/ControlRig_RoundedTriangle_solid.uasset" 498
"../../../Engine/Plugins/Animation/ControlRig/Content/Controls/ControlRig_RoundedTriangle_solid.uexp" 499
"../../../Engine/Plugins/Animation/ControlRig/Content/Controls/ControlRig_RoundedTriangle_3mm.ubulk" 500
"../../../Engine/Plugins/Animation/ControlRig/Content/Controls/ControlRig_RoundedTriangle_3mm.uasset" 501
"../../../Engine/Plugins/Animation/ControlRig/Content/Controls/ControlRig_RoundedTriangle_3mm.uexp" 502
"../../../Engine/Plugins/Animation/ControlRig/Content/Controls/ControlRig_RoundedTriangle_1mm.ubulk" 503
"../../../Engine/Plugins/Animation/ControlRig/Content/Controls/ControlRig_RoundedTriangle_1mm.uasset" 504
"../../../Engine/Plugins/Animation/ControlRig/Content/Controls/ControlRig_RoundedTriangle_1mm.uexp" 505
"../../../Engine/Plugins/Animation/ControlRig/Content/Controls/ControlRig_RoundedSquare_solid.ubulk" 506
"../../../Engine/Plugins/Animation/ControlRig/Content/Controls/ControlRig_RoundedSquare_solid.uasset" 507
"../../../Engine/Plugins/Animation/ControlRig/Content/Controls/ControlRig_RoundedSquare_solid.uexp" 508
"../../../Engine/Plugins/Animation/ControlRig/Content/Controls/ControlRig_RoundedSquare_3mm.ubulk" 509
"../../../Engine/Plugins/Animation/ControlRig/Content/Controls/ControlRig_RoundedSquare_3mm.uasset" 510
"../../../Engine/Plugins/Animation/ControlRig/Content/Controls/ControlRig_RoundedSquare_3mm.uexp" 511
"../../../Engine/Plugins/Animation/ControlRig/Content/Controls/ControlRig_RoundedSquare_1mm.ubulk" 512
"../../../Engine/Plugins/Animation/ControlRig/Content/Controls/ControlRig_RoundedSquare_1mm.uasset" 513
"../../../Engine/Plugins/Animation/ControlRig/Content/Controls/ControlRig_RoundedSquare_1mm.uexp" 514
"../../../Engine/Plugins/Animation/ControlRig/Content/Controls/ControlRig_QuarterCircle_solid.ubulk" 515
"../../../Engine/Plugins/Animation/ControlRig/Content/Controls/ControlRig_QuarterCircle_solid.uasset" 516
"../../../Engine/Plugins/Animation/ControlRig/Content/Controls/ControlRig_QuarterCircle_solid.uexp" 517
"../../../Engine/Plugins/Animation/ControlRig/Content/Controls/ControlRig_QuarterCircle_3mm.ubulk" 518
"../../../Engine/Plugins/Animation/ControlRig/Content/Controls/ControlRig_QuarterCircle_3mm.uasset" 519
"../../../Engine/Plugins/Animation/ControlRig/Content/Controls/ControlRig_QuarterCircle_3mm.uexp" 520
"../../../Engine/Plugins/Animation/ControlRig/Content/Controls/ControlRig_QuarterCircle_1mm.ubulk" 521
"../../../Engine/Plugins/Animation/ControlRig/Content/Controls/ControlRig_QuarterCircle_1mm.uasset" 522
"../../../Engine/Plugins/Animation/ControlRig/Content/Controls/ControlRig_QuarterCircle_1mm.uexp" 523
"../../../Engine/Plugins/Animation/ControlRig/Content/Controls/ControlRig_Pyramid_solid.ubulk" 524
"../../../Engine/Plugins/Animation/ControlRig/Content/Controls/ControlRig_Pyramid_solid.uasset" 525
"../../../Engine/Plugins/Animation/ControlRig/Content/Controls/ControlRig_Pyramid_solid.uexp" 526
"../../../Engine/Plugins/Animation/ControlRig/Content/Controls/ControlRig_Pyramid_3mm.ubulk" 527
"../../../Engine/Plugins/Animation/ControlRig/Content/Controls/ControlRig_Pyramid_3mm.uasset" 528
"../../../Engine/Plugins/Animation/ControlRig/Content/Controls/ControlRig_Pyramid_3mm.uexp" 529
"../../../Engine/Plugins/Animation/ControlRig/Content/Controls/ControlRig_Pyramid_1mm.ubulk" 530
"../../../Engine/Plugins/Animation/ControlRig/Content/Controls/ControlRig_Pyramid_1mm.uasset" 531
"../../../Engine/Plugins/Animation/ControlRig/Content/Controls/ControlRig_Pyramid_1mm.uexp" 532
"../../../Engine/Plugins/Animation/ControlRig/Content/Controls/ControlRig_Octagon_solid.ubulk" 533
"../../../Engine/Plugins/Animation/ControlRig/Content/Controls/ControlRig_Octagon_solid.uasset" 534
"../../../Engine/Plugins/Animation/ControlRig/Content/Controls/ControlRig_Octagon_solid.uexp" 535
"../../../Engine/Plugins/Animation/ControlRig/Content/Controls/ControlRig_Octagon_3mm.ubulk" 536
"../../../Engine/Plugins/Animation/ControlRig/Content/Controls/ControlRig_Octagon_3mm.uasset" 537
"../../../Engine/Plugins/Animation/ControlRig/Content/Controls/ControlRig_Octagon_3mm.uexp" 538
"../../../Engine/Plugins/Animation/ControlRig/Content/Controls/ControlRig_Octagon_1mm.ubulk" 539
"../../../Engine/Plugins/Animation/ControlRig/Content/Controls/ControlRig_Octagon_1mm.uasset" 540
"../../../Engine/Plugins/Animation/ControlRig/Content/Controls/ControlRig_Octagon_1mm.uexp" 541
"../../../Engine/Plugins/Animation/ControlRig/Content/Controls/ControlRig_Hexagon_solid.ubulk" 542
"../../../Engine/Plugins/Animation/ControlRig/Content/Controls/ControlRig_Hexagon_solid.uasset" 543
"../../../Engine/Plugins/Animation/ControlRig/Content/Controls/ControlRig_Hexagon_solid.uexp" 544
"../../../Engine/Plugins/Animation/ControlRig/Content/Controls/ControlRig_Hexagon_3mm.ubulk" 545
"../../../Engine/Plugins/Animation/ControlRig/Content/Controls/ControlRig_Hexagon_3mm.uasset" 546
"../../../Engine/Plugins/Animation/ControlRig/Content/Controls/ControlRig_Hexagon_3mm.uexp" 547
"../../../Engine/Plugins/Animation/ControlRig/Content/Controls/ControlRig_Hexagon_1mm.ubulk" 548
"../../../Engine/Plugins/Animation/ControlRig/Content/Controls/ControlRig_Hexagon_1mm.uasset" 549
"../../../Engine/Plugins/Animation/ControlRig/Content/Controls/ControlRig_Hexagon_1mm.uexp" 550
"../../../Engine/Plugins/Animation/ControlRig/Content/Controls/ControlRig_HalfCircle_solid.ubulk" 551
"../../../Engine/Plugins/Animation/ControlRig/Content/Controls/ControlRig_HalfCircle_solid.uasset" 552
"../../../Engine/Plugins/Animation/ControlRig/Content/Controls/ControlRig_HalfCircle_solid.uexp" 553
"../../../Engine/Plugins/Animation/ControlRig/Content/Controls/ControlRig_HalfCircle_3mm.ubulk" 554
"../../../Engine/Plugins/Animation/ControlRig/Content/Controls/ControlRig_HalfCircle_3mm.uasset" 555
"../../../Engine/Plugins/Animation/ControlRig/Content/Controls/ControlRig_HalfCircle_3mm.uexp" 556
"../../../Engine/Plugins/Animation/ControlRig/Content/Controls/ControlRig_HalfCircle_1mm.ubulk" 557
"../../../Engine/Plugins/Animation/ControlRig/Content/Controls/ControlRig_HalfCircle_1mm.uasset" 558
"../../../Engine/Plugins/Animation/ControlRig/Content/Controls/ControlRig_HalfCircle_1mm.uexp" 559
"../../../Engine/Plugins/Animation/ControlRig/Content/Controls/ControlRig_Diamond_solid.ubulk" 560
"../../../Engine/Plugins/Animation/ControlRig/Content/Controls/ControlRig_Diamond_solid.uasset" 561
"../../../Engine/Plugins/Animation/ControlRig/Content/Controls/ControlRig_Diamond_solid.uexp" 562
"../../../Engine/Plugins/Animation/ControlRig/Content/Controls/ControlRig_Diamond_3mm.ubulk" 563
"../../../Engine/Plugins/Animation/ControlRig/Content/Controls/ControlRig_Diamond_3mm.uasset" 564
"../../../Engine/Plugins/Animation/ControlRig/Content/Controls/ControlRig_Diamond_3mm.uexp" 565
"../../../Engine/Plugins/Animation/ControlRig/Content/Controls/ControlRig_Diamond_1mm.ubulk" 566
"../../../Engine/Plugins/Animation/ControlRig/Content/Controls/ControlRig_Diamond_1mm.uasset" 567
"../../../Engine/Plugins/Animation/ControlRig/Content/Controls/ControlRig_Diamond_1mm.uexp" 568
"../../../Engine/Plugins/Animation/ControlRig/Content/Controls/ControlRig_Circle_solid.ubulk" 569
"../../../Engine/Plugins/Animation/ControlRig/Content/Controls/ControlRig_Circle_solid.uasset" 570
"../../../Engine/Plugins/Animation/ControlRig/Content/Controls/ControlRig_Circle_solid.uexp" 571
"../../../Engine/Plugins/Animation/ControlRig/Content/Controls/ControlRig_Circle_3mm.ubulk" 572
"../../../Engine/Plugins/Animation/ControlRig/Content/Controls/ControlRig_Circle_3mm.uasset" 573
"../../../Engine/Plugins/Animation/ControlRig/Content/Controls/ControlRig_Circle_3mm.uexp" 574
"../../../Engine/Plugins/Animation/ControlRig/Content/Controls/ControlRig_Circle_1mm.ubulk" 575
"../../../Engine/Plugins/Animation/ControlRig/Content/Controls/ControlRig_Circle_1mm.uasset" 576
"../../../Engine/Plugins/Animation/ControlRig/Content/Controls/ControlRig_Circle_1mm.uexp" 577
"../../../Engine/Plugins/Animation/ControlRig/Content/Controls/ControlRig_Box_solid.ubulk" 578
"../../../Engine/Plugins/Animation/ControlRig/Content/Controls/ControlRig_Box_solid.uasset" 579
"../../../Engine/Plugins/Animation/ControlRig/Content/Controls/ControlRig_Box_solid.uexp" 580
"../../../Engine/Plugins/Animation/ControlRig/Content/Controls/ControlRig_Box_3mm.ubulk" 581
"../../../Engine/Plugins/Animation/ControlRig/Content/Controls/ControlRig_Box_3mm.uasset" 582
"../../../Engine/Plugins/Animation/ControlRig/Content/Controls/ControlRig_Box_3mm.uexp" 583
"../../../Engine/Plugins/Animation/ControlRig/Content/Controls/ControlRig_Box_1mm.ubulk" 584
"../../../Engine/Plugins/Animation/ControlRig/Content/Controls/ControlRig_Box_1mm.uasset" 585
"../../../Engine/Plugins/Animation/ControlRig/Content/Controls/ControlRig_Box_1mm.uexp" 586
"../../../Engine/Plugins/Animation/ControlRig/Content/Controls/ControlRig_Arrow_solid.ubulk" 587
"../../../Engine/Plugins/Animation/ControlRig/Content/Controls/ControlRig_Arrow_solid.uasset" 588
"../../../Engine/Plugins/Animation/ControlRig/Content/Controls/ControlRig_Arrow_solid.uexp" 589
"../../../Engine/Plugins/Animation/ControlRig/Content/Controls/ControlRig_Arrow_3mm.ubulk" 590
"../../../Engine/Plugins/Animation/ControlRig/Content/Controls/ControlRig_Arrow_3mm.uasset" 591
"../../../Engine/Plugins/Animation/ControlRig/Content/Controls/ControlRig_Arrow_3mm.uexp" 592
"../../../Engine/Plugins/Animation/ControlRig/Content/Controls/ControlRig_Arrow_1mm.ubulk" 593
"../../../Engine/Plugins/Animation/ControlRig/Content/Controls/ControlRig_Arrow_1mm.uasset" 594
"../../../Engine/Plugins/Animation/ControlRig/Content/Controls/ControlRig_Arrow_1mm.uexp" 595
"../../../Engine/Plugins/Animation/ControlRig/Content/Controls/ControlRig_Arrow4_solid.ubulk" 596
"../../../Engine/Plugins/Animation/ControlRig/Content/Controls/ControlRig_Arrow4_solid.uasset" 597
"../../../Engine/Plugins/Animation/ControlRig/Content/Controls/ControlRig_Arrow4_solid.uexp" 598
"../../../Engine/Plugins/Animation/ControlRig/Content/Controls/ControlRig_Arrow4_3mm.ubulk" 599
"../../../Engine/Plugins/Animation/ControlRig/Content/Controls/ControlRig_Arrow4_3mm.uasset" 600
"../../../Engine/Plugins/Animation/ControlRig/Content/Controls/ControlRig_Arrow4_3mm.uexp" 601
"../../../Engine/Plugins/Animation/ControlRig/Content/Controls/ControlRig_Arrow4_1mm.ubulk" 602
"../../../Engine/Plugins/Animation/ControlRig/Content/Controls/ControlRig_Arrow4_1mm.uasset" 603
"../../../Engine/Plugins/Animation/ControlRig/Content/Controls/ControlRig_Arrow4_1mm.uexp" 604
"../../../Engine/Plugins/Animation/ControlRig/Content/Controls/ControlRig_Arrow2_solid.ubulk" 605
"../../../Engine/Plugins/Animation/ControlRig/Content/Controls/ControlRig_Arrow2_solid.uasset" 606
"../../../Engine/Plugins/Animation/ControlRig/Content/Controls/ControlRig_Arrow2_solid.uexp" 607
"../../../Engine/Plugins/Animation/ControlRig/Content/Controls/ControlRig_Arrow2_3mm.ubulk" 608
"../../../Engine/Plugins/Animation/ControlRig/Content/Controls/ControlRig_Arrow2_3mm.uasset" 609
"../../../Engine/Plugins/Animation/ControlRig/Content/Controls/ControlRig_Arrow2_3mm.uexp" 610
"../../../Engine/Plugins/Animation/ControlRig/Content/Controls/ControlRig_Arrow2_1mm.ubulk" 611
"../../../Engine/Plugins/Animation/ControlRig/Content/Controls/ControlRig_Arrow2_1mm.uasset" 612
"../../../Engine/Plugins/Animation/ControlRig/Content/Controls/ControlRig_Arrow2_1mm.uexp" 613
"../../../Engine/Plugins/Animation/ControlRig/Content/Controls/ControlRigXRayMaterial.uasset" 614
"../../../Engine/Plugins/Animation/ControlRig/Content/Controls/ControlRigXRayMaterial.uexp" 615
"../../../Engine/Plugins/Animation/ControlRig/Content/Controls/ControlRigGizmoMaterial.uasset" 616
"../../../Engine/Plugins/Animation/ControlRig/Content/Controls/ControlRigGizmoMaterial.uexp" 617
"../../../Engine/Content/EngineResources/Black.uasset" 618
"../../../Engine/Content/EngineResources/Black.uexp" 619
"../../../Engine/Plugins/Runtime/OpenXR/Content/Devices/M_XRController.uasset" 620
"../../../Engine/Plugins/Runtime/OpenXR/Content/Devices/M_XRController.uexp" 621
"../../../Engine/Plugins/Runtime/OpenXR/Content/Devices/OculusGo/BaseTexture.ubulk" 622
"../../../Engine/Plugins/Runtime/OpenXR/Content/Devices/OculusGo/BaseTexture.uasset" 623
"../../../Engine/Plugins/Runtime/OpenXR/Content/Devices/OculusGo/BaseTexture.uexp" 624
"../../../Engine/Plugins/Runtime/OpenXR/Content/Devices/OculusGo/MI_OculusGo.uasset" 625
"../../../Engine/Plugins/Runtime/OpenXR/Content/Devices/OculusGo/MI_OculusGo.uexp" 626
"../../../Engine/Plugins/Runtime/OpenXR/Content/Devices/OculusGo/OculusGoController.ubulk" 627
"../../../Engine/Plugins/Runtime/OpenXR/Content/Devices/OculusGo/OculusGoController.uasset" 628
"../../../Engine/Plugins/Runtime/OpenXR/Content/Devices/OculusGo/OculusGoController.uexp" 629
"../../../Engine/Plugins/Runtime/OpenXR/Content/Devices/HTCVive/BaseTexture.ubulk" 630
"../../../Engine/Plugins/Runtime/OpenXR/Content/Devices/HTCVive/BaseTexture.uasset" 631
"../../../Engine/Plugins/Runtime/OpenXR/Content/Devices/HTCVive/BaseTexture.uexp" 632
"../../../Engine/Plugins/Runtime/OpenXR/Content/Devices/HTCVive/MI_HTCVive.uasset" 633
"../../../Engine/Plugins/Runtime/OpenXR/Content/Devices/HTCVive/MI_HTCVive.uexp" 634
"../../../Engine/Plugins/Runtime/OpenXR/Content/Devices/HTCVive/HTCViveController.ubulk" 635
"../../../Engine/Plugins/Runtime/OpenXR/Content/Devices/HTCVive/HTCViveController.uasset" 636
"../../../Engine/Plugins/Runtime/OpenXR/Content/Devices/HTCVive/HTCViveController.uexp" 637
"../../../Engine/Content/VREditor/TransformGizmo/Xray.uasset" 638
"../../../Engine/Content/VREditor/TransformGizmo/Xray.uexp" 639
"../../../Engine/Content/VREditor/TransformGizmo/Main.uasset" 640
"../../../Engine/Content/VREditor/TransformGizmo/Main.uexp" 641
"../../../Engine/Content/VREditor/TransformGizmo/SM_Sequencer_Node.ubulk" 642
"../../../Engine/Content/VREditor/TransformGizmo/SM_Sequencer_Node.uasset" 643
"../../../Engine/Content/VREditor/TransformGizmo/SM_Sequencer_Node.uexp" 644
"../../../Engine/Content/VREditor/TransformGizmo/TranslucentTransformGizmoMaterial.uasset" 645
"../../../Engine/Content/VREditor/TransformGizmo/TranslucentTransformGizmoMaterial.uexp" 646
"../../../Engine/Content/VREditor/LaserPointer/VR_LaserPower_01.ubulk" 647
"../../../Engine/Content/VREditor/LaserPointer/VR_LaserPower_01.uasset" 648
"../../../Engine/Content/VREditor/LaserPointer/VR_LaserPower_01.uexp" 649
"../../../Engine/Content/VREditor/TransformGizmo/TransformGizmoMaterial.uasset" 650
"../../../Engine/Content/VREditor/TransformGizmo/TransformGizmoMaterial.uexp" 651
"../../../Engine/Content/VREditor/TransformGizmo/BoundingBoxEdge.ubulk" 652
"../../../Engine/Content/VREditor/TransformGizmo/BoundingBoxEdge.uasset" 653
"../../../Engine/Content/VREditor/TransformGizmo/BoundingBoxEdge.uexp" 654
"../../../Engine/Content/VREditor/TransformGizmo/BoundingBoxCorner.ubulk" 655
"../../../Engine/Content/VREditor/TransformGizmo/BoundingBoxCorner.uasset" 656
"../../../Engine/Content/VREditor/TransformGizmo/BoundingBoxCorner.uexp" 657
"../../../Engine/Content/EngineResources/FilmGrains/Marcie_Grain_v3_128_M2_000.uasset" 658
"../../../Engine/Content/EngineResources/FilmGrains/Marcie_Grain_v3_128_M2_000.uexp" 659
"../../../Engine/Content/EngineResources/Development/ZenLogo_64.uasset" 660
"../../../Engine/Content/EngineResources/Development/ZenLogo_64.uexp" 661
"../../../Engine/Content/EngineMaterials/LTC/Sheen_LTC.uasset" 662
"../../../Engine/Content/EngineMaterials/LTC/Sheen_LTC.uexp" 663
"../../../Engine/Content/EngineMaterials/LTC/GGX_LTCMat.uasset" 664
"../../../Engine/Content/EngineMaterials/LTC/GGX_LTCMat.uexp" 665
"../../../Engine/Content/EngineMaterials/LTC/GGX_LTCAmp.uasset" 666
"../../../Engine/Content/EngineMaterials/LTC/GGX_LTCAmp.uexp" 667
"../../../Engine/Content/EngineMaterials/EnergyConservation/Sheen_Energy.uasset" 668
"../../../Engine/Content/EngineMaterials/EnergyConservation/Sheen_Energy.uexp" 669
"../../../Engine/Content/EngineMaterials/EnergyConservation/SheenLegacy_Energy.uasset" 670
"../../../Engine/Content/EngineMaterials/EnergyConservation/SheenLegacy_Energy.uexp" 671
"../../../Engine/Content/EngineMaterials/EnergyConservation/GGX_TransmissionEnergyArray.uasset" 672
"../../../Engine/Content/EngineMaterials/EnergyConservation/GGX_TransmissionEnergyArray.uexp" 673
"../../../Engine/Content/EngineMaterials/EnergyConservation/GGX_ReflectionEnergy.uasset" 674
"../../../Engine/Content/EngineMaterials/EnergyConservation/GGX_ReflectionEnergy.uexp" 675
"../../../Engine/Content/EngineMaterials/EnergyConservation/Diffuse_Energy.uasset" 676
"../../../Engine/Content/EngineMaterials/EnergyConservation/Diffuse_Energy.uexp" 677
"../../../Engine/Content/EditorResources/SequenceRecorder/RecordingIndicator.uasset" 678
"../../../Engine/Content/EditorResources/SequenceRecorder/RecordingIndicator.uexp" 679
"../../../Engine/Content/EditorResources/SequenceRecorder/Countdown.uasset" 680
"../../../Engine/Content/EditorResources/SequenceRecorder/Countdown.uexp" 681
"../../../Engine/Content/EditorMaterials/Camera/CineMat.uasset" 682
"../../../Engine/Content/EditorMaterials/Camera/CineMat.uexp" 683
"../../../Engine/Content/EditorMaterials/Camera/MI_CineMat_Rig.uasset" 684
"../../../Engine/Content/EditorMaterials/Camera/MI_CineMat_Rig.uexp" 685
"../../../Engine/Content/EditorMeshes/Camera/SM_RailRig_Track.ubulk" 686
"../../../Engine/Content/EditorMeshes/Camera/SM_RailRig_Track.uasset" 687
"../../../Engine/Content/EditorMeshes/Camera/SM_RailRig_Track.uexp" 688
"../../../Engine/Content/EditorMeshes/Camera/SM_RailRig_Mount.ubulk" 689
"../../../Engine/Content/EditorMeshes/Camera/SM_RailRig_Mount.uasset" 690
"../../../Engine/Content/EditorMeshes/Camera/SM_RailRig_Mount.uexp" 691
"../../../Engine/Content/EditorMeshes/Camera/SM_CraneRig_Mount.ubulk" 692
"../../../Engine/Content/EditorMeshes/Camera/SM_CraneRig_Mount.uasset" 693
"../../../Engine/Content/EditorMeshes/Camera/SM_CraneRig_Mount.uexp" 694
"../../../Engine/Content/EditorMeshes/Camera/SM_CraneRig_Body.ubulk" 695
"../../../Engine/Content/EditorMeshes/Camera/SM_CraneRig_Body.uasset" 696
"../../../Engine/Content/EditorMeshes/Camera/SM_CraneRig_Body.uexp" 697
"../../../Engine/Content/EditorMeshes/Camera/SM_CraneRig_Base.ubulk" 698
"../../../Engine/Content/EditorMeshes/Camera/SM_CraneRig_Base.uasset" 699
"../../../Engine/Content/EditorMeshes/Camera/SM_CraneRig_Base.uexp" 700
"../../../Engine/Content/EditorMeshes/Camera/SM_CraneRig_Arm.ubulk" 701
"../../../Engine/Content/EditorMeshes/Camera/SM_CraneRig_Arm.uasset" 702
"../../../Engine/Content/EditorMeshes/Camera/SM_CraneRig_Arm.uexp" 703
"../../../Engine/Content/EditorMaterials/ParticleSystems/PSysThumbnail_OOD.ubulk" 704
"../../../Engine/Content/EditorMaterials/ParticleSystems/PSysThumbnail_OOD.uasset" 705
"../../../Engine/Content/EditorMaterials/ParticleSystems/PSysThumbnail_OOD.uexp" 706
"../../../Engine/Content/EditorMaterials/ParticleSystems/PSysThumbnail_NoImage.ubulk" 707
"../../../Engine/Content/EditorMaterials/ParticleSystems/PSysThumbnail_NoImage.uasset" 708
"../../../Engine/Content/EditorMaterials/ParticleSystems/PSysThumbnail_NoImage.uexp" 709
"../../../Engine/Content/EditorMaterials/Dataflow/DataflowVertexMaterial.uasset" 710
"../../../Engine/Content/EditorMaterials/Dataflow/DataflowVertexMaterial.uexp" 711
"../../../Engine/Content/EditorMaterials/Dataflow/DataflowTwoSidedVertexMaterial.uasset" 712
"../../../Engine/Content/EditorMaterials/Dataflow/DataflowTwoSidedVertexMaterial.uexp" 713
"../../../Engine/Plugins/Runtime/OpenXR/Content/Devices/ValveIndex/MRTexture.ubulk" 714
"../../../Engine/Plugins/Runtime/OpenXR/Content/Devices/ValveIndex/MRTexture.uasset" 715
"../../../Engine/Plugins/Runtime/OpenXR/Content/Devices/ValveIndex/MRTexture.uexp" 716
"../../../Engine/Plugins/Runtime/OpenXR/Content/Devices/ValveIndex/BaseTexture.ubulk" 717
"../../../Engine/Plugins/Runtime/OpenXR/Content/Devices/ValveIndex/BaseTexture.uasset" 718
"../../../Engine/Plugins/Runtime/OpenXR/Content/Devices/ValveIndex/BaseTexture.uexp" 719
"../../../Engine/Plugins/Runtime/OpenXR/Content/Devices/ValveIndex/Right/MI_right_ValveIndex.uasset" 720
"../../../Engine/Plugins/Runtime/OpenXR/Content/Devices/ValveIndex/Right/MI_right_ValveIndex.uexp" 721
"../../../Engine/Plugins/Runtime/OpenXR/Content/Devices/ValveIndex/Right/right_ValveIndexController.ubulk" 722
"../../../Engine/Plugins/Runtime/OpenXR/Content/Devices/ValveIndex/Right/right_ValveIndexController.uasset" 723
"../../../Engine/Plugins/Runtime/OpenXR/Content/Devices/ValveIndex/Right/right_ValveIndexController.uexp" 724
"../../../Engine/Plugins/Runtime/OpenXR/Content/Devices/ValveIndex/Left/MI_left_ValveIndex.uasset" 725
"../../../Engine/Plugins/Runtime/OpenXR/Content/Devices/ValveIndex/Left/MI_left_ValveIndex.uexp" 726
"../../../Engine/Plugins/Runtime/OpenXR/Content/Devices/ValveIndex/Left/left_ValveIndexController.ubulk" 727
"../../../Engine/Plugins/Runtime/OpenXR/Content/Devices/ValveIndex/Left/left_ValveIndexController.uasset" 728
"../../../Engine/Plugins/Runtime/OpenXR/Content/Devices/ValveIndex/Left/left_ValveIndexController.uexp" 729
"../../../Engine/Plugins/Runtime/OpenXR/Content/Devices/OculusTouch_v3/MRTexture.ubulk" 730
"../../../Engine/Plugins/Runtime/OpenXR/Content/Devices/OculusTouch_v3/MRTexture.uasset" 731
"../../../Engine/Plugins/Runtime/OpenXR/Content/Devices/OculusTouch_v3/MRTexture.uexp" 732
"../../../Engine/Plugins/Runtime/OpenXR/Content/Devices/OculusTouch_v3/BaseTexture.ubulk" 733
"../../../Engine/Plugins/Runtime/OpenXR/Content/Devices/OculusTouch_v3/BaseTexture.uasset" 734
"../../../Engine/Plugins/Runtime/OpenXR/Content/Devices/OculusTouch_v3/BaseTexture.uexp" 735
"../../../Engine/Plugins/Runtime/OpenXR/Content/Devices/OculusTouch_v3/MI_OculusTouch_v3.uasset" 736
"../../../Engine/Plugins/Runtime/OpenXR/Content/Devices/OculusTouch_v3/MI_OculusTouch_v3.uexp" 737
"../../../Engine/Plugins/Runtime/OpenXR/Content/Devices/OculusTouch_v3/Right/right_OculusTouch_v3Controller.ubulk" 738
"../../../Engine/Plugins/Runtime/OpenXR/Content/Devices/OculusTouch_v3/Right/right_OculusTouch_v3Controller.uasset" 739
"../../../Engine/Plugins/Runtime/OpenXR/Content/Devices/OculusTouch_v3/Right/right_OculusTouch_v3Controller.uexp" 740
"../../../Engine/Plugins/Runtime/OpenXR/Content/Devices/OculusTouch_v3/Left/left_OculusTouch_v3Controller.ubulk" 741
"../../../Engine/Plugins/Runtime/OpenXR/Content/Devices/OculusTouch_v3/Left/left_OculusTouch_v3Controller.uasset" 742
"../../../Engine/Plugins/Runtime/OpenXR/Content/Devices/OculusTouch_v3/Left/left_OculusTouch_v3Controller.uexp" 743
"../../../Engine/Plugins/Runtime/OpenXR/Content/Devices/OculusTouch_v2/MRTexture.ubulk" 744
"../../../Engine/Plugins/Runtime/OpenXR/Content/Devices/OculusTouch_v2/MRTexture.uasset" 745
"../../../Engine/Plugins/Runtime/OpenXR/Content/Devices/OculusTouch_v2/MRTexture.uexp" 746
"../../../Engine/Plugins/Runtime/OpenXR/Content/Devices/OculusTouch_v2/BaseTexture.ubulk" 747
"../../../Engine/Plugins/Runtime/OpenXR/Content/Devices/OculusTouch_v2/BaseTexture.uasset" 748
"../../../Engine/Plugins/Runtime/OpenXR/Content/Devices/OculusTouch_v2/BaseTexture.uexp" 749
"../../../Engine/Plugins/Runtime/OpenXR/Content/Devices/OculusTouch_v2/MI_OculusTouch_v2.uasset" 750
"../../../Engine/Plugins/Runtime/OpenXR/Content/Devices/OculusTouch_v2/MI_OculusTouch_v2.uexp" 751
"../../../Engine/Plugins/Runtime/OpenXR/Content/Devices/OculusTouch_v2/Right/right_OculusTouch_v2Controller.ubulk" 752
"../../../Engine/Plugins/Runtime/OpenXR/Content/Devices/OculusTouch_v2/Right/right_OculusTouch_v2Controller.uasset" 753
"../../../Engine/Plugins/Runtime/OpenXR/Content/Devices/OculusTouch_v2/Right/right_OculusTouch_v2Controller.uexp" 754
"../../../Engine/Plugins/Runtime/OpenXR/Content/Devices/OculusTouch_v2/Left/left_OculusTouch_v2Controller.ubulk" 755
"../../../Engine/Plugins/Runtime/OpenXR/Content/Devices/OculusTouch_v2/Left/left_OculusTouch_v2Controller.uasset" 756
"../../../Engine/Plugins/Runtime/OpenXR/Content/Devices/OculusTouch_v2/Left/left_OculusTouch_v2Controller.uexp" 757
"../../../Engine/Plugins/Runtime/OpenXR/Content/Devices/OculusTouch/MRTexture.ubulk" 758
"../../../Engine/Plugins/Runtime/OpenXR/Content/Devices/OculusTouch/MRTexture.uasset" 759
"../../../Engine/Plugins/Runtime/OpenXR/Content/Devices/OculusTouch/MRTexture.uexp" 760
"../../../Engine/Plugins/Runtime/OpenXR/Content/Devices/OculusTouch/BaseTexture.ubulk" 761
"../../../Engine/Plugins/Runtime/OpenXR/Content/Devices/OculusTouch/BaseTexture.uasset" 762
"../../../Engine/Plugins/Runtime/OpenXR/Content/Devices/OculusTouch/BaseTexture.uexp" 763
"../../../Engine/Plugins/Runtime/OpenXR/Content/Devices/OculusTouch/MI_OculusTouch.uasset" 764
"../../../Engine/Plugins/Runtime/OpenXR/Content/Devices/OculusTouch/MI_OculusTouch.uexp" 765
"../../../Engine/Plugins/Runtime/OpenXR/Content/Devices/OculusTouch/Right/right_OculusTouchController.ubulk" 766
"../../../Engine/Plugins/Runtime/OpenXR/Content/Devices/OculusTouch/Right/right_OculusTouchController.uasset" 767
"../../../Engine/Plugins/Runtime/OpenXR/Content/Devices/OculusTouch/Right/right_OculusTouchController.uexp" 768
"../../../Engine/Plugins/Runtime/OpenXR/Content/Devices/OculusTouch/Left/left_OculusTouchController.ubulk" 769
"../../../Engine/Plugins/Runtime/OpenXR/Content/Devices/OculusTouch/Left/left_OculusTouchController.uasset" 770
"../../../Engine/Plugins/Runtime/OpenXR/Content/Devices/OculusTouch/Left/left_OculusTouchController.uexp" 771
"../../../Engine/Plugins/Runtime/OpenXR/Content/Devices/MicrosoftMixedReality/NormalTexture.ubulk" 772
"../../../Engine/Plugins/Runtime/OpenXR/Content/Devices/MicrosoftMixedReality/NormalTexture.uasset" 773
"../../../Engine/Plugins/Runtime/OpenXR/Content/Devices/MicrosoftMixedReality/NormalTexture.uexp" 774
"../../../Engine/Plugins/Runtime/OpenXR/Content/Devices/MicrosoftMixedReality/MRTexture.ubulk" 775
"../../../Engine/Plugins/Runtime/OpenXR/Content/Devices/MicrosoftMixedReality/MRTexture.uasset" 776
"../../../Engine/Plugins/Runtime/OpenXR/Content/Devices/MicrosoftMixedReality/MRTexture.uexp" 777
"../../../Engine/Plugins/Runtime/OpenXR/Content/Devices/MicrosoftMixedReality/EmissiveTexture.ubulk" 778
"../../../Engine/Plugins/Runtime/OpenXR/Content/Devices/MicrosoftMixedReality/EmissiveTexture.uasset" 779
"../../../Engine/Plugins/Runtime/OpenXR/Content/Devices/MicrosoftMixedReality/EmissiveTexture.uexp" 780
"../../../Engine/Plugins/Runtime/OpenXR/Content/Devices/MicrosoftMixedReality/BaseTexture.ubulk" 781
"../../../Engine/Plugins/Runtime/OpenXR/Content/Devices/MicrosoftMixedReality/BaseTexture.uasset" 782
"../../../Engine/Plugins/Runtime/OpenXR/Content/Devices/MicrosoftMixedReality/BaseTexture.uexp" 783
"../../../Engine/Plugins/Runtime/OpenXR/Content/Devices/MicrosoftMixedReality/MI_MicrosoftMixedReality.uasset" 784
"../../../Engine/Plugins/Runtime/OpenXR/Content/Devices/MicrosoftMixedReality/MI_MicrosoftMixedReality.uexp" 785
"../../../Engine/Plugins/Runtime/OpenXR/Content/Devices/MicrosoftMixedReality/Right/right_MicrosoftMixedRealityController.ubulk" 786
"../../../Engine/Plugins/Runtime/OpenXR/Content/Devices/MicrosoftMixedReality/Right/right_MicrosoftMixedRealityController.uasset" 787
"../../../Engine/Plugins/Runtime/OpenXR/Content/Devices/MicrosoftMixedReality/Right/right_MicrosoftMixedRealityController.uexp" 788
"../../../Engine/Plugins/Runtime/OpenXR/Content/Devices/MicrosoftMixedReality/Left/left_MicrosoftMixedRealityController.ubulk" 789
"../../../Engine/Plugins/Runtime/OpenXR/Content/Devices/MicrosoftMixedReality/Left/left_MicrosoftMixedRealityController.uasset" 790
"../../../Engine/Plugins/Runtime/OpenXR/Content/Devices/MicrosoftMixedReality/Left/left_MicrosoftMixedRealityController.uexp" 791
"../../../Engine/Content/Functions/Engine_MaterialFunctions01/Shading/PowerToRoughness.uasset" 792
"../../../Engine/Content/Functions/Engine_MaterialFunctions01/Shading/PowerToRoughness.uexp" 793
"../../../Engine/Content/Functions/Engine_MaterialFunctions01/Shading/ConvertFromDiffSpec.uasset" 794
"../../../Engine/Content/Functions/Engine_MaterialFunctions01/Shading/ConvertFromDiffSpec.uexp" 795
"../../../Engine/Content/EngineMaterials/Substrate/Glints2/AGlintTex2dArray2.uasset" 796
"../../../Engine/Content/EngineMaterials/Substrate/Glints2/AGlintTex2dArray2.uexp" 797
"../../../Engine/Content/EngineMaterials/Substrate/GLints/AGlintTex2dArray.uasset" 798
"../../../Engine/Content/EngineMaterials/Substrate/GLints/AGlintTex2dArray.uexp" 799
"../../../Engine/Content/ArtTools/RenderToTexture/Meshes/S_1_Unit_Plane.ubulk" 800
"../../../Engine/Content/ArtTools/RenderToTexture/Meshes/S_1_Unit_Plane.uasset" 801
"../../../Engine/Content/ArtTools/RenderToTexture/Meshes/S_1_Unit_Plane.uexp" 802
"../../../Engine/Content/EngineResources/DefaultTextureCube.uasset" 803
"../../../Engine/Content/EngineResources/DefaultTextureCube.uexp" 804
"../../../Engine/Content/EngineResources/DefaultVolumeTexture2D.uasset" 805
"../../../Engine/Content/EngineResources/DefaultVolumeTexture2D.uexp" 806
"../../../Engine/Content/EngineResources/DefaultVolumeTexture.uasset" 807
"../../../Engine/Content/EngineResources/DefaultVolumeTexture.uexp" 808
"../../../Engine/Content/EngineMaterials/Substrate/Volume/SubstrateSimpleVolumeEnvLUT3D.uasset" 809
"../../../Engine/Content/EngineMaterials/Substrate/Volume/SubstrateSimpleVolumeEnvLUT3D.uexp" 810
"../../../Engine/Content/EngineMaterials/Substrate/Volume/SubstrateSimpleVolumeLUT3D.uasset" 811
"../../../Engine/Content/EngineMaterials/Substrate/Volume/SubstrateSimpleVolumeLUT3D.uexp" 812
"../../../Engine/Content/Functions/Engine_MaterialFunctions02/Math/Transform3x3Matrix.uasset" 813
"../../../Engine/Content/Functions/Engine_MaterialFunctions02/Math/Transform3x3Matrix.uexp" 814
"../../../Engine/Plugins/Interchange/Assets/Content/Utilities/New_LUT.uasset" 815
"../../../Engine/Plugins/Interchange/Assets/Content/Utilities/New_LUT.uexp" 816
"../../../Engine/Content/Functions/Engine_MaterialFunctions03/Math/RemapValueRange.uasset" 817
"../../../Engine/Content/Functions/Engine_MaterialFunctions03/Math/RemapValueRange.uexp" 818
"../../../Engine/Plugins/Interchange/Assets/Content/Functions/MF_Iridescence.uasset" 819
"../../../Engine/Plugins/Interchange/Assets/Content/Functions/MF_Iridescence.uexp" 820
"../../../Engine/Plugins/Interchange/Assets/Content/gltf/Textures/T_White_srgb.uasset" 821
"../../../Engine/Plugins/Interchange/Assets/Content/gltf/Textures/T_White_srgb.uexp" 822
"../../../Engine/Plugins/Interchange/Assets/Content/gltf/MaterialFunctions/MF_BaseColor.uasset" 823
"../../../Engine/Plugins/Interchange/Assets/Content/gltf/MaterialFunctions/MF_BaseColor.uexp" 824
"../../../Engine/Plugins/Interchange/Assets/Content/gltf/MaterialFunctions/MF_RotateV2.uasset" 825
"../../../Engine/Plugins/Interchange/Assets/Content/gltf/MaterialFunctions/MF_RotateV2.uexp" 826
"../../../Engine/Plugins/Interchange/Assets/Content/gltf/MaterialFunctions/MF_TransformUVs.uasset" 827
"../../../Engine/Plugins/Interchange/Assets/Content/gltf/MaterialFunctions/MF_TransformUVs.uexp" 828
"../../../Engine/Plugins/Interchange/Assets/Content/gltf/MaterialFunctions/MF_IOR.uasset" 829
"../../../Engine/Plugins/Interchange/Assets/Content/gltf/MaterialFunctions/MF_IOR.uexp" 830
"../../../Engine/Plugins/Interchange/Assets/Content/gltf/MaterialFunctions/MF_Iridescence.uasset" 831
"../../../Engine/Plugins/Interchange/Assets/Content/gltf/MaterialFunctions/MF_Iridescence.uexp" 832
"../../../Engine/Plugins/Interchange/Assets/Content/gltf/Textures/T_White_Linear.uasset" 833
"../../../Engine/Plugins/Interchange/Assets/Content/gltf/Textures/T_White_Linear.uexp" 834
"../../../Engine/Plugins/Interchange/Assets/Content/gltf/MaterialFunctions/MF_MetallicRoughness.uasset" 835
"../../../Engine/Plugins/Interchange/Assets/Content/gltf/MaterialFunctions/MF_MetallicRoughness.uexp" 836
"../../../Engine/Plugins/Interchange/Assets/Content/gltf/MaterialFunctions/MF_RotateNormals_TS.uasset" 837
"../../../Engine/Plugins/Interchange/Assets/Content/gltf/MaterialFunctions/MF_RotateNormals_TS.uexp" 838
"../../../Engine/Plugins/Interchange/Assets/Content/gltf/MaterialFunctions/MF_ScaleNormal.uasset" 839
"../../../Engine/Plugins/Interchange/Assets/Content/gltf/MaterialFunctions/MF_ScaleNormal.uexp" 840
"../../../Engine/Plugins/Interchange/Assets/Content/gltf/Textures/T_Generic_N.uasset" 841
"../../../Engine/Plugins/Interchange/Assets/Content/gltf/Textures/T_Generic_N.uexp" 842
"../../../Engine/Plugins/Interchange/Assets/Content/gltf/MaterialFunctions/MF_Normals.uasset" 843
"../../../Engine/Plugins/Interchange/Assets/Content/gltf/MaterialFunctions/MF_Normals.uexp" 844
"../../../Engine/Plugins/Interchange/Assets/Content/gltf/MaterialFunctions/MF_Occlusion.uasset" 845
"../../../Engine/Plugins/Interchange/Assets/Content/gltf/MaterialFunctions/MF_Occlusion.uexp" 846
"../../../Engine/Plugins/Interchange/Assets/Content/gltf/MaterialFunctions/MF_Specular.uasset" 847
"../../../Engine/Plugins/Interchange/Assets/Content/gltf/MaterialFunctions/MF_Specular.uexp" 848
"../../../Engine/Plugins/Interchange/Assets/Content/gltf/Textures/T_Anisotropy_Direction_Linear.uasset" 849
"../../../Engine/Plugins/Interchange/Assets/Content/gltf/Textures/T_Anisotropy_Direction_Linear.uexp" 850
"../../../Engine/Plugins/Interchange/Assets/Content/gltf/MaterialFunctions/MF_SpecularAnisotropy.uasset" 851
"../../../Engine/Plugins/Interchange/Assets/Content/gltf/MaterialFunctions/MF_SpecularAnisotropy.uexp" 852
"../../../Engine/Plugins/Interchange/Assets/Content/gltf/MaterialFunctions/MF_Emissive.uasset" 853
"../../../Engine/Plugins/Interchange/Assets/Content/gltf/MaterialFunctions/MF_Emissive.uexp" 854
"../../../Engine/Content/Functions/Engine_MaterialFunctions01/Texturing/FlattenNormal.uasset" 855
"../../../Engine/Content/Functions/Engine_MaterialFunctions01/Texturing/FlattenNormal.uexp" 856
"../../../Engine/Plugins/Interchange/Assets/Content/gltf/MaterialFunctions/MF_Clearcoat.uasset" 857
"../../../Engine/Plugins/Interchange/Assets/Content/gltf/MaterialFunctions/MF_Clearcoat.uexp" 858
"../../../Engine/Plugins/Interchange/Assets/Content/gltf/MaterialBodies/MF_ClearCoat_Body.uasset" 859
"../../../Engine/Plugins/Interchange/Assets/Content/gltf/MaterialBodies/MF_ClearCoat_Body.uexp" 860
"../../../Engine/Plugins/Interchange/Assets/Content/gltf/M_ClearCoat.uasset" 861
"../../../Engine/Plugins/Interchange/Assets/Content/gltf/M_ClearCoat.uexp" 862
"../../../Engine/Plugins/Interchange/Assets/Content/gltf/MaterialInstances/MI_ClearCoat_Blend.uasset" 863
"../../../Engine/Plugins/Interchange/Assets/Content/gltf/MaterialInstances/MI_ClearCoat_Blend.uexp" 864
"../../../Engine/Plugins/Interchange/Assets/Content/gltf/MaterialInstances/MI_ClearCoat_Blend_DS.uasset" 865
"../../../Engine/Plugins/Interchange/Assets/Content/gltf/MaterialInstances/MI_ClearCoat_Blend_DS.uexp" 866
"../../../Engine/Plugins/Interchange/Assets/Content/gltf/MaterialInstances/MI_ClearCoat_Mask.uasset" 867
"../../../Engine/Plugins/Interchange/Assets/Content/gltf/MaterialInstances/MI_ClearCoat_Mask.uexp" 868
"../../../Engine/Plugins/Interchange/Assets/Content/gltf/MaterialInstances/MI_ClearCoat_Mask_DS.uasset" 869
"../../../Engine/Plugins/Interchange/Assets/Content/gltf/MaterialInstances/MI_ClearCoat_Mask_DS.uexp" 870
"../../../Engine/Plugins/Interchange/Assets/Content/gltf/MaterialInstances/MI_ClearCoat_Opaque.uasset" 871
"../../../Engine/Plugins/Interchange/Assets/Content/gltf/MaterialInstances/MI_ClearCoat_Opaque.uexp" 872
"../../../Engine/Plugins/Interchange/Assets/Content/gltf/MaterialInstances/MI_ClearCoat_Opaque_DS.uasset" 873
"../../../Engine/Plugins/Interchange/Assets/Content/gltf/MaterialInstances/MI_ClearCoat_Opaque_DS.uexp" 874
"../../../Engine/Plugins/Interchange/Assets/Content/gltf/MaterialBodies/MF_Default_Body.uasset" 875
"../../../Engine/Plugins/Interchange/Assets/Content/gltf/MaterialBodies/MF_Default_Body.uexp" 876
"../../../Engine/Plugins/Interchange/Assets/Content/gltf/M_Default.uasset" 877
"../../../Engine/Plugins/Interchange/Assets/Content/gltf/M_Default.uexp" 878
"../../../Engine/Plugins/Interchange/Assets/Content/gltf/MaterialInstances/MI_Default_Blend.uasset" 879
"../../../Engine/Plugins/Interchange/Assets/Content/gltf/MaterialInstances/MI_Default_Blend.uexp" 880
"../../../Engine/Plugins/Interchange/Assets/Content/gltf/MaterialInstances/MI_Default_Blend_DS.uasset" 881
"../../../Engine/Plugins/Interchange/Assets/Content/gltf/MaterialInstances/MI_Default_Blend_DS.uexp" 882
"../../../Engine/Plugins/Interchange/Assets/Content/gltf/MaterialInstances/MI_Default_Mask.uasset" 883
"../../../Engine/Plugins/Interchange/Assets/Content/gltf/MaterialInstances/MI_Default_Mask.uexp" 884
"../../../Engine/Plugins/Interchange/Assets/Content/gltf/MaterialInstances/MI_Default_Mask_DS.uasset" 885
"../../../Engine/Plugins/Interchange/Assets/Content/gltf/MaterialInstances/MI_Default_Mask_DS.uexp" 886
"../../../Engine/Plugins/Interchange/Assets/Content/gltf/MaterialInstances/MI_Default_Opaque.uasset" 887
"../../../Engine/Plugins/Interchange/Assets/Content/gltf/MaterialInstances/MI_Default_Opaque.uexp" 888
"../../../Engine/Plugins/Interchange/Assets/Content/gltf/MaterialInstances/MI_Default_Opaque_DS.uasset" 889
"../../../Engine/Plugins/Interchange/Assets/Content/gltf/MaterialInstances/MI_Default_Opaque_DS.uexp" 890
"../../../Engine/Plugins/Interchange/Assets/Content/gltf/MaterialFunctions/MF_Sheen.uasset" 891
"../../../Engine/Plugins/Interchange/Assets/Content/gltf/MaterialFunctions/MF_Sheen.uexp" 892
"../../../Engine/Plugins/Interchange/Assets/Content/gltf/MaterialBodies/MF_Sheen_Body.uasset" 893
"../../../Engine/Plugins/Interchange/Assets/Content/gltf/MaterialBodies/MF_Sheen_Body.uexp" 894
"../../../Engine/Plugins/Interchange/Assets/Content/gltf/M_Sheen.uasset" 895
"../../../Engine/Plugins/Interchange/Assets/Content/gltf/M_Sheen.uexp" 896
"../../../Engine/Plugins/Interchange/Assets/Content/gltf/MaterialInstances/MI_Sheen_Blend.uasset" 897
"../../../Engine/Plugins/Interchange/Assets/Content/gltf/MaterialInstances/MI_Sheen_Blend.uexp" 898
"../../../Engine/Plugins/Interchange/Assets/Content/gltf/MaterialInstances/MI_Sheen_Blend_DS.uasset" 899
"../../../Engine/Plugins/Interchange/Assets/Content/gltf/MaterialInstances/MI_Sheen_Blend_DS.uexp" 900
"../../../Engine/Plugins/Interchange/Assets/Content/gltf/MaterialInstances/MI_Sheen_Mask.uasset" 901
"../../../Engine/Plugins/Interchange/Assets/Content/gltf/MaterialInstances/MI_Sheen_Mask.uexp" 902
"../../../Engine/Plugins/Interchange/Assets/Content/gltf/MaterialInstances/MI_Sheen_Mask_DS.uasset" 903
"../../../Engine/Plugins/Interchange/Assets/Content/gltf/MaterialInstances/MI_Sheen_Mask_DS.uexp" 904
"../../../Engine/Plugins/Interchange/Assets/Content/gltf/MaterialInstances/MI_Sheen_Opaque.uasset" 905
"../../../Engine/Plugins/Interchange/Assets/Content/gltf/MaterialInstances/MI_Sheen_Opaque.uexp" 906
"../../../Engine/Plugins/Interchange/Assets/Content/gltf/MaterialInstances/MI_Sheen_Opaque_DS.uasset" 907
"../../../Engine/Plugins/Interchange/Assets/Content/gltf/MaterialInstances/MI_Sheen_Opaque_DS.uexp" 908
"../../../Engine/Content/Functions/Engine_MaterialFunctions02/Math/AddComponents.uasset" 909
"../../../Engine/Content/Functions/Engine_MaterialFunctions02/Math/AddComponents.uexp" 910
"../../../Engine/Plugins/Interchange/Assets/Content/gltf/MaterialFunctions/MF_DiffuseSpecGloss.uasset" 911
"../../../Engine/Plugins/Interchange/Assets/Content/gltf/MaterialFunctions/MF_DiffuseSpecGloss.uexp" 912
"../../../Engine/Plugins/Interchange/Assets/Content/gltf/MaterialFunctions/MF_MaxComponentValue.uasset" 913
"../../../Engine/Plugins/Interchange/Assets/Content/gltf/MaterialFunctions/MF_MaxComponentValue.uexp" 914
"../../../Engine/Plugins/Interchange/Assets/Content/gltf/MaterialFunctions/MF_PerceivedBrightness.uasset" 915
"../../../Engine/Plugins/Interchange/Assets/Content/gltf/MaterialFunctions/MF_PerceivedBrightness.uexp" 916
"../../../Engine/Plugins/Interchange/Assets/Content/gltf/MaterialFunctions/MF_SpecGlossToMetalRoughness.uasset" 917
"../../../Engine/Plugins/Interchange/Assets/Content/gltf/MaterialFunctions/MF_SpecGlossToMetalRoughness.uexp" 918
"../../../Engine/Plugins/Interchange/Assets/Content/gltf/MaterialBodies/MF_SpecularGlossiness_Body.uasset" 919
"../../../Engine/Plugins/Interchange/Assets/Content/gltf/MaterialBodies/MF_SpecularGlossiness_Body.uexp" 920
"../../../Engine/Plugins/Interchange/Assets/Content/gltf/M_SpecularGlossiness.uasset" 921
"../../../Engine/Plugins/Interchange/Assets/Content/gltf/M_SpecularGlossiness.uexp" 922
"../../../Engine/Plugins/Interchange/Assets/Content/gltf/MaterialInstances/MI_SpecularGlossiness_Blend.uasset" 923
"../../../Engine/Plugins/Interchange/Assets/Content/gltf/MaterialInstances/MI_SpecularGlossiness_Blend.uexp" 924
"../../../Engine/Plugins/Interchange/Assets/Content/gltf/MaterialInstances/MI_SpecularGlossiness_Blend_DS.uasset" 925
"../../../Engine/Plugins/Interchange/Assets/Content/gltf/MaterialInstances/MI_SpecularGlossiness_Blend_DS.uexp" 926
"../../../Engine/Plugins/Interchange/Assets/Content/gltf/MaterialInstances/MI_SpecularGlossiness_Mask.uasset" 927
"../../../Engine/Plugins/Interchange/Assets/Content/gltf/MaterialInstances/MI_SpecularGlossiness_Mask.uexp" 928
"../../../Engine/Plugins/Interchange/Assets/Content/gltf/MaterialInstances/MI_SpecularGlossiness_Mask_DS.uasset" 929
"../../../Engine/Plugins/Interchange/Assets/Content/gltf/MaterialInstances/MI_SpecularGlossiness_Mask_DS.uexp" 930
"../../../Engine/Plugins/Interchange/Assets/Content/gltf/MaterialInstances/MI_SpecularGlossiness_Opaque.uasset" 931
"../../../Engine/Plugins/Interchange/Assets/Content/gltf/MaterialInstances/MI_SpecularGlossiness_Opaque.uexp" 932
"../../../Engine/Plugins/Interchange/Assets/Content/gltf/MaterialInstances/MI_SpecularGlossiness_Opaque_DS.uasset" 933
"../../../Engine/Plugins/Interchange/Assets/Content/gltf/MaterialInstances/MI_SpecularGlossiness_Opaque_DS.uexp" 934
"../../../Engine/Content/EngineMaterials/Good64x64TilingNoiseHighFreq.uasset" 935
"../../../Engine/Content/EngineMaterials/Good64x64TilingNoiseHighFreq.uexp" 936
"../../../Engine/Content/Functions/Engine_MaterialFunctions02/Texturing/ScreenAlignedPixelToPixelUVs.uasset" 937
"../../../Engine/Content/Functions/Engine_MaterialFunctions02/Texturing/ScreenAlignedPixelToPixelUVs.uexp" 938
"../../../Engine/Plugins/Interchange/Assets/Content/gltf/MaterialFunctions/MF_Fresnel_DS.uasset" 939
"../../../Engine/Plugins/Interchange/Assets/Content/gltf/MaterialFunctions/MF_Fresnel_DS.uexp" 940
"../../../Engine/Plugins/Interchange/Assets/Content/gltf/MaterialFunctions/MF_Temporal_Blur.uasset" 941
"../../../Engine/Plugins/Interchange/Assets/Content/gltf/MaterialFunctions/MF_Temporal_Blur.uexp" 942
"../../../Engine/Plugins/Interchange/Assets/Content/gltf/MaterialFunctions/MF_Transmission.uasset" 943
"../../../Engine/Plugins/Interchange/Assets/Content/gltf/MaterialFunctions/MF_Transmission.uexp" 944
"../../../Engine/Plugins/Interchange/Assets/Content/gltf/MaterialBodies/MF_Transmission_Body.uasset" 945
"../../../Engine/Plugins/Interchange/Assets/Content/gltf/MaterialBodies/MF_Transmission_Body.uexp" 946
"../../../Engine/Plugins/Interchange/Assets/Content/gltf/M_Transmission.uasset" 947
"../../../Engine/Plugins/Interchange/Assets/Content/gltf/M_Transmission.uexp" 948
"../../../Engine/Plugins/Interchange/Assets/Content/gltf/MaterialInstances/MI_Transmission.uasset" 949
"../../../Engine/Plugins/Interchange/Assets/Content/gltf/MaterialInstances/MI_Transmission.uexp" 950
"../../../Engine/Plugins/Interchange/Assets/Content/gltf/MaterialInstances/MI_Transmission_DS.uasset" 951
"../../../Engine/Plugins/Interchange/Assets/Content/gltf/MaterialInstances/MI_Transmission_DS.uexp" 952
"../../../Engine/Plugins/Interchange/Assets/Content/gltf/MaterialBodies/MF_Unlit_Body.uasset" 953
"../../../Engine/Plugins/Interchange/Assets/Content/gltf/MaterialBodies/MF_Unlit_Body.uexp" 954
"../../../Engine/Plugins/Interchange/Assets/Content/gltf/M_Unlit.uasset" 955
"../../../Engine/Plugins/Interchange/Assets/Content/gltf/M_Unlit.uexp" 956
"../../../Engine/Plugins/Interchange/Assets/Content/gltf/MaterialInstances/MI_Unlit_Blend.uasset" 957
"../../../Engine/Plugins/Interchange/Assets/Content/gltf/MaterialInstances/MI_Unlit_Blend.uexp" 958
"../../../Engine/Plugins/Interchange/Assets/Content/gltf/MaterialInstances/MI_Unlit_Blend_DS.uasset" 959
"../../../Engine/Plugins/Interchange/Assets/Content/gltf/MaterialInstances/MI_Unlit_Blend_DS.uexp" 960
"../../../Engine/Plugins/Interchange/Assets/Content/gltf/MaterialInstances/MI_Unlit_Mask.uasset" 961
"../../../Engine/Plugins/Interchange/Assets/Content/gltf/MaterialInstances/MI_Unlit_Mask.uexp" 962
"../../../Engine/Plugins/Interchange/Assets/Content/gltf/MaterialInstances/MI_Unlit_Mask_DS.uasset" 963
"../../../Engine/Plugins/Interchange/Assets/Content/gltf/MaterialInstances/MI_Unlit_Mask_DS.uexp" 964
"../../../Engine/Plugins/Interchange/Assets/Content/gltf/MaterialInstances/MI_Unlit_Opaque.uasset" 965
"../../../Engine/Plugins/Interchange/Assets/Content/gltf/MaterialInstances/MI_Unlit_Opaque.uexp" 966
"../../../Engine/Plugins/Interchange/Assets/Content/gltf/MaterialInstances/MI_Unlit_Opaque_DS.uasset" 967
"../../../Engine/Plugins/Interchange/Assets/Content/gltf/MaterialInstances/MI_Unlit_Opaque_DS.uexp" 968
"../../../Engine/Plugins/Marketplace/MetaXR/Content/Textures/T_BlobShadow.ubulk" 969
"../../../Engine/Plugins/Marketplace/MetaXR/Content/Textures/T_BlobShadow.uasset" 970
"../../../Engine/Plugins/Marketplace/MetaXR/Content/Textures/T_BlobShadow.uexp" 971
"../../../Engine/Content/Functions/Engine_MaterialFunctions02/WorldPositionOffset/V2/ObjectScale.uasset" 972
"../../../Engine/Content/Functions/Engine_MaterialFunctions02/WorldPositionOffset/V2/ObjectScale.uexp" 973
"../../../Engine/Plugins/Marketplace/MetaXR/Content/Materials/M_BlobShadow.uasset" 974
"../../../Engine/Plugins/Marketplace/MetaXR/Content/Materials/M_BlobShadow.uexp" 975
"../../../Engine/Plugins/Marketplace/MetaXR/Content/Materials/MI_BlobShadow.uasset" 976
"../../../Engine/Plugins/Marketplace/MetaXR/Content/Materials/MI_BlobShadow.uexp" 977
"../../../Engine/Plugins/Marketplace/MetaXR/Content/Textures/CRT_DistanceMap.uasset" 978
"../../../Engine/Plugins/Marketplace/MetaXR/Content/Textures/CRT_DistanceMap.uexp" 979
"../../../Engine/Content/EngineMaterials/WeightMapPlaceholderTexture.uasset" 980
"../../../Engine/Content/EngineMaterials/WeightMapPlaceholderTexture.uexp" 981
"../../../Engine/Content/EngineMaterials/WeightMapArrayPlaceholderTexture.uasset" 982
"../../../Engine/Content/EngineMaterials/WeightMapArrayPlaceholderTexture.uexp" 983
"../../../Engine/Content/EngineResources/WhiteSquareTexture.uasset" 984
"../../../Engine/Content/EngineResources/WhiteSquareTexture.uexp" 985
"../../../Engine/Content/EngineMaterials/Widget3DPassThrough.uasset" 986
"../../../Engine/Content/EngineMaterials/Widget3DPassThrough.uexp" 987
"../../../Engine/Content/EngineMaterials/Widget3DPassThrough_Masked.uasset" 988
"../../../Engine/Content/EngineMaterials/Widget3DPassThrough_Masked.uexp" 989
"../../../Engine/Content/EngineMaterials/Widget3DPassThrough_Opaque.uasset" 990
"../../../Engine/Content/EngineMaterials/Widget3DPassThrough_Opaque.uexp" 991
"../../../Engine/Content/EngineMaterials/Widget3DPassThrough_Masked_OneSided.uasset" 992
"../../../Engine/Content/EngineMaterials/Widget3DPassThrough_Masked_OneSided.uexp" 993
"../../../Engine/Content/EngineMaterials/Widget3DPassThrough_Opaque_OneSided.uasset" 994
"../../../Engine/Content/EngineMaterials/Widget3DPassThrough_Opaque_OneSided.uexp" 995
"../../../Engine/Content/EngineMaterials/Widget3DPassThrough_Translucent.uasset" 996
"../../../Engine/Content/EngineMaterials/Widget3DPassThrough_Translucent.uexp" 997
"../../../Engine/Content/EngineMaterials/Widget3DPassThrough_Translucent_OneSided.uasset" 998
"../../../Engine/Content/EngineMaterials/Widget3DPassThrough_Translucent_OneSided.uexp" 999
"../../../Engine/Content/EditorLandscapeResources/ColorMaskBrushMaterial.uasset" 1000
"../../../Engine/Content/EditorLandscapeResources/ColorMaskBrushMaterial.uexp" 1001
"../../../Engine/Content/EditorLandscapeResources/ColorMaskBrushMaterial_MaskedRegion.uasset" 1002
"../../../Engine/Content/EditorLandscapeResources/ColorMaskBrushMaterial_MaskedRegion.uexp" 1003
"../../../Engine/Content/Functions/Engine_MaterialFunctions03/Math/WithinRangeFloat2.uasset" 1004
"../../../Engine/Content/Functions/Engine_MaterialFunctions03/Math/WithinRangeFloat2.uexp" 1005
"../../../Engine/Content/EditorLandscapeResources/MaskBrushMaterial.uasset" 1006
"../../../Engine/Content/EditorLandscapeResources/MaskBrushMaterial.uexp" 1007
"../../../Engine/Content/EditorLandscapeResources/MaskBrushMaterial_MaskedRegion.uasset" 1008
"../../../Engine/Content/EditorLandscapeResources/MaskBrushMaterial_MaskedRegion.uexp" 1009
"../../../Engine/Content/EditorLandscapeResources/SelectBrushMaterial.uasset" 1010
"../../../Engine/Content/EditorLandscapeResources/SelectBrushMaterial.uexp" 1011
"../../../Engine/Content/EditorLandscapeResources/SelectBrushMaterial_Selected.uasset" 1012
"../../../Engine/Content/EditorLandscapeResources/SelectBrushMaterial_Selected.uexp" 1013
"../../../Engine/Content/EditorLandscapeResources/SelectBrushMaterial_SelectedRegion.uasset" 1014
"../../../Engine/Content/EditorLandscapeResources/SelectBrushMaterial_SelectedRegion.uexp" 1015
"../../../Engine/Plugins/2D/Paper2D/Content/DefaultSpriteMaterial.uasset" 1016
"../../../Engine/Plugins/2D/Paper2D/Content/DefaultSpriteMaterial.uexp" 1017
"../../../Engine/Plugins/2D/Paper2D/Content/MaskedUnlitSpriteMaterial.uasset" 1018
"../../../Engine/Plugins/2D/Paper2D/Content/MaskedUnlitSpriteMaterial.uexp" 1019
"../../../Engine/Plugins/2D/Paper2D/Content/OpaqueUnlitSpriteMaterial.uasset" 1020
"../../../Engine/Plugins/2D/Paper2D/Content/OpaqueUnlitSpriteMaterial.uexp" 1021
"E:/Repository/732-abbot-grove-VR/Content/VRTemplate/Input/Actions/IA_Shoot_Left.uasset" 1022
"E:/Repository/732-abbot-grove-VR/Content/VRTemplate/Input/Actions/IA_Shoot_Left.uexp" 1023
"E:/Repository/732-abbot-grove-VR/Content/VRTemplate/Input/IMC_Weapon_Left.uasset" 1024
"E:/Repository/732-abbot-grove-VR/Content/VRTemplate/Input/IMC_Weapon_Left.uexp" 1025
"E:/Repository/732-abbot-grove-VR/Content/VRTemplate/Input/Actions/IA_Shoot_Right.uasset" 1026
"E:/Repository/732-abbot-grove-VR/Content/VRTemplate/Input/Actions/IA_Shoot_Right.uexp" 1027
"E:/Repository/732-abbot-grove-VR/Content/VRTemplate/Input/IMC_Weapon_Right.uasset" 1028
"E:/Repository/732-abbot-grove-VR/Content/VRTemplate/Input/IMC_Weapon_Right.uexp" 1029
"../../../Engine/Content/EngineFonts/Faces/DroidSansMono.uexp" 1030
"../../../Engine/Content/EngineFonts/Faces/DroidSansMono.uasset" 1031
"../../../Engine/Content/EngineFonts/Faces/DroidSansMono.ufont" 1032
"../../../Engine/Content/EngineFonts/DroidSansMono.uasset" 1033
"../../../Engine/Content/EngineFonts/DroidSansMono.uexp" 1034
"../../../Engine/Plugins/MovieScene/MovieRenderPipeline/Content/Blueprints/Graph/DefaultGraphBurnIn.uasset" 1035
"../../../Engine/Plugins/MovieScene/MovieRenderPipeline/Content/Blueprints/Graph/DefaultGraphBurnIn.uexp" 1036
"../../../Engine/Content/VREditor/Sounds/UI/Drop_Item_From_ContentBrowser.ubulk" 1037
"../../../Engine/Content/VREditor/Sounds/UI/Drop_Item_From_ContentBrowser.uasset" 1038
"../../../Engine/Content/VREditor/Sounds/UI/Drop_Item_From_ContentBrowser.uexp" 1039
"../../../Engine/Content/VREditor/TransformGizmo/TransformGizmoMaterial_Inst.uasset" 1040
"../../../Engine/Content/VREditor/TransformGizmo/TransformGizmoMaterial_Inst.uexp" 1041
"../../../Engine/Content/VREditor/TransformGizmo/TranslucentTransformGizmoMaterial_Inst.uasset" 1042
"../../../Engine/Content/VREditor/TransformGizmo/TranslucentTransformGizmoMaterial_Inst.uexp" 1043
"../../../Engine/Content/Functions/Engine_MaterialFunctions02/SplitComponents.uasset" 1044
"../../../Engine/Content/Functions/Engine_MaterialFunctions02/SplitComponents.uexp" 1045
"../../../Engine/Content/VREditor/SnapGrid/SnapGridMaterial.uasset" 1046
"../../../Engine/Content/VREditor/SnapGrid/SnapGridMaterial.uexp" 1047
"../../../Engine/Content/VREditor/SnapGrid/SnapGridPlaneMesh.ubulk" 1048
"../../../Engine/Content/VREditor/SnapGrid/SnapGridPlaneMesh.uasset" 1049
"../../../Engine/Content/VREditor/SnapGrid/SnapGridPlaneMesh.uexp" 1050
"../../../Engine/Content/VREditor/Sounds/UI/Gizmo_Handle_Clicked.ubulk" 1051
"../../../Engine/Content/VREditor/Sounds/UI/Gizmo_Handle_Clicked.uasset" 1052
"../../../Engine/Content/VREditor/Sounds/UI/Gizmo_Handle_Clicked.uexp" 1053
"../../../Engine/Content/VREditor/Sounds/UI/Object_PickUp.ubulk" 1054
"../../../Engine/Content/VREditor/Sounds/UI/Object_PickUp.uasset" 1055
"../../../Engine/Content/VREditor/Sounds/UI/Object_PickUp.uexp" 1056
"../../../Engine/Content/VREditor/Sounds/UI/Object_Snaps_To_Another_Actor.ubulk" 1057
"../../../Engine/Content/VREditor/Sounds/UI/Object_Snaps_To_Another_Actor.uasset" 1058
"../../../Engine/Content/VREditor/Sounds/UI/Object_Snaps_To_Another_Actor.uexp" 1059
"../../../Engine/Content/VREditor/Sounds/UI/Object_Snaps_To_Grid.ubulk" 1060
"../../../Engine/Content/VREditor/Sounds/UI/Object_Snaps_To_Grid.uasset" 1061
"../../../Engine/Content/VREditor/Sounds/UI/Object_Snaps_To_Grid.uexp" 1062
"../../../Engine/Content/VREditor/Sounds/UI/Scaling_Down.ubulk" 1063
"../../../Engine/Content/VREditor/Sounds/UI/Scaling_Down.uasset" 1064
"../../../Engine/Content/VREditor/Sounds/UI/Scaling_Down.uexp" 1065
"../../../Engine/Content/VREditor/Sounds/UI/Scaling_Up.ubulk" 1066
"../../../Engine/Content/VREditor/Sounds/UI/Scaling_Up.uasset" 1067
"../../../Engine/Content/VREditor/Sounds/UI/Scaling_Up.uexp" 1068
"../../../Engine/Content/VREditor/Sounds/UI/Selection_Changes.ubulk" 1069
"../../../Engine/Content/VREditor/Sounds/UI/Selection_Changes.uasset" 1070
"../../../Engine/Content/VREditor/Sounds/UI/Selection_Changes.uexp" 1071
"../../../Engine/Content/VREditor/TransformGizmo/PlaneTranslationHandle.ubulk" 1072
"../../../Engine/Content/VREditor/TransformGizmo/PlaneTranslationHandle.uasset" 1073
"../../../Engine/Content/VREditor/TransformGizmo/PlaneTranslationHandle.uexp" 1074
"../../../Engine/Content/VREditor/TransformGizmo/RotationHandleFull.ubulk" 1075
"../../../Engine/Content/VREditor/TransformGizmo/RotationHandleFull.uasset" 1076
"../../../Engine/Content/VREditor/TransformGizmo/RotationHandleFull.uexp" 1077
"../../../Engine/Content/VREditor/TransformGizmo/RotationHandleIndicator.ubulk" 1078
"../../../Engine/Content/VREditor/TransformGizmo/RotationHandleIndicator.uasset" 1079
"../../../Engine/Content/VREditor/TransformGizmo/RotationHandleIndicator.uexp" 1080
"../../../Engine/Content/VREditor/TransformGizmo/RotationHandleQuarter.ubulk" 1081
"../../../Engine/Content/VREditor/TransformGizmo/RotationHandleQuarter.uasset" 1082
"../../../Engine/Content/VREditor/TransformGizmo/RotationHandleQuarter.uexp" 1083
"../../../Engine/Content/VREditor/TransformGizmo/StartRotationHandleIndicator.ubulk" 1084
"../../../Engine/Content/VREditor/TransformGizmo/StartRotationHandleIndicator.uasset" 1085
"../../../Engine/Content/VREditor/TransformGizmo/StartRotationHandleIndicator.uexp" 1086
"../../../Engine/Content/VREditor/TransformGizmo/TransformGizmoFreeRotation.ubulk" 1087
"../../../Engine/Content/VREditor/TransformGizmo/TransformGizmoFreeRotation.uasset" 1088
"../../../Engine/Content/VREditor/TransformGizmo/TransformGizmoFreeRotation.uexp" 1089
"../../../Engine/Content/VREditor/TransformGizmo/TranslateArrowHandle.ubulk" 1090
"../../../Engine/Content/VREditor/TransformGizmo/TranslateArrowHandle.uasset" 1091
"../../../Engine/Content/VREditor/TransformGizmo/TranslateArrowHandle.uexp" 1092
"../../../Engine/Content/VREditor/TransformGizmo/UniformScaleHandle.ubulk" 1093
"../../../Engine/Content/VREditor/TransformGizmo/UniformScaleHandle.uasset" 1094
"../../../Engine/Content/VREditor/TransformGizmo/UniformScaleHandle.uexp" 1095
"../../../Engine/Plugins/Animation/DeformerGraph/Content/DeformerFunctions/DG_Function_LinearBlendSkin_Morph_Cloth.uasset" 1096
"../../../Engine/Plugins/Animation/DeformerGraph/Content/DeformerFunctions/DG_Function_LinearBlendSkin_Morph_Cloth.uexp" 1097
"../../../Engine/Plugins/Animation/DeformerGraph/Content/Deformers/DG_LinearBlendSkin_Morph_Cloth.uasset" 1098
"../../../Engine/Plugins/Animation/DeformerGraph/Content/Deformers/DG_LinearBlendSkin_Morph_Cloth.uexp" 1099
"../../../Engine/Plugins/Animation/DeformerGraph/Content/DeformerFunctions/DG_Function_LinearBlendSkin_Morph_Cloth_PositionOnly.uasset" 1100
"../../../Engine/Plugins/Animation/DeformerGraph/Content/DeformerFunctions/DG_Function_LinearBlendSkin_Morph_Cloth_PositionOnly.uexp" 1101
"../../../Engine/Plugins/Animation/DeformerGraph/Content/DeformerFunctions/DG_Function_ComputeNormalsTangents.uasset" 1102
"../../../Engine/Plugins/Animation/DeformerGraph/Content/DeformerFunctions/DG_Function_ComputeNormalsTangents.uexp" 1103
"../../../Engine/Plugins/Animation/DeformerGraph/Content/Deformers/DG_LinearBlendSkin_Morph_Cloth_RecomputeNormals.uasset" 1104
"../../../Engine/Plugins/Animation/DeformerGraph/Content/Deformers/DG_LinearBlendSkin_Morph_Cloth_RecomputeNormals.uexp" 1105
"../../../Engine/Plugins/MovieScene/MovieRenderPipeline/Content/Blueprints/DefaultBurnIn.uasset" 1106
"../../../Engine/Plugins/MovieScene/MovieRenderPipeline/Content/Blueprints/DefaultBurnIn.uexp" 1107
"../../../Engine/Plugins/MovieScene/MovieRenderPipeline/Content/Blueprints/UI_MovieRenderPipelineInfoTableRow.uasset" 1108
"../../../Engine/Plugins/MovieScene/MovieRenderPipeline/Content/Blueprints/UI_MovieRenderPipelineInfoTableRow.uexp" 1109
"../../../Engine/Content/ArtTools/RenderToTexture/Textures/127grey.uasset" 1110
"../../../Engine/Content/ArtTools/RenderToTexture/Textures/127grey.uexp" 1111
"../../../Engine/Plugins/MovieScene/MovieRenderPipeline/Content/Blueprints/M_MoviePipelineRenderPreview.uasset" 1112
"../../../Engine/Plugins/MovieScene/MovieRenderPipeline/Content/Blueprints/M_MoviePipelineRenderPreview.uexp" 1113
"../../../Engine/Plugins/MovieScene/MovieRenderPipeline/Content/Blueprints/Graph/T_MovieGraph_TransparencyBG.uasset" 1114
"../../../Engine/Plugins/MovieScene/MovieRenderPipeline/Content/Blueprints/Graph/T_MovieGraph_TransparencyBG.uexp" 1115
"../../../Engine/Plugins/MovieScene/MovieRenderPipeline/Content/Blueprints/Graph/UI_MovieGraphImagePreview.uasset" 1116
"../../../Engine/Plugins/MovieScene/MovieRenderPipeline/Content/Blueprints/Graph/UI_MovieGraphImagePreview.uexp" 1117
"../../../Engine/Plugins/MovieScene/MovieRenderPipeline/Content/Blueprints/UI_MovieGraphPipelineScreenOverlay.uasset" 1118
"../../../Engine/Plugins/MovieScene/MovieRenderPipeline/Content/Blueprints/UI_MovieGraphPipelineScreenOverlay.uexp" 1119
"../../../Engine/Plugins/MovieScene/MovieRenderPipeline/Content/Blueprints/UI_MovieRenderPipelineScreenOverlay.uasset" 1120
"../../../Engine/Plugins/MovieScene/MovieRenderPipeline/Content/Blueprints/UI_MovieRenderPipelineScreenOverlay.uexp" 1121
"../../../Engine/Content/EngineResources/LandscapeVisibilityLayerInfo.uasset" 1122
"../../../Engine/Content/EngineResources/LandscapeVisibilityLayerInfo.uexp" 1123
"../../../Engine/Content/Maps/Entry_BuiltData.uasset" 1124
"../../../Engine/Content/Maps/Entry_BuiltData.uexp" 1125
"../../../Engine/Content/Maps/Entry.uexp" 1126
"../../../Engine/Content/Maps/Entry.umap" 1127
"../../../Engine/Content/EngineSky/T_Sky_Stars.ubulk" 1128
"../../../Engine/Content/EngineSky/T_Sky_Stars.uasset" 1129
"../../../Engine/Content/EngineSky/T_Sky_Stars.uexp" 1130
"../../../Engine/Content/EngineSky/T_Sky_Clouds_M.ubulk" 1131
"../../../Engine/Content/EngineSky/T_Sky_Clouds_M.uasset" 1132
"../../../Engine/Content/EngineSky/T_Sky_Clouds_M.uexp" 1133
"../../../Engine/Content/EngineSky/T_Sky_Blue.ubulk" 1134
"../../../Engine/Content/EngineSky/T_Sky_Blue.uasset" 1135
"../../../Engine/Content/EngineSky/T_Sky_Blue.uexp" 1136
"../../../Engine/Content/EngineSky/M_Sky_Panning_Clouds2.uasset" 1137
"../../../Engine/Content/EngineSky/M_Sky_Panning_Clouds2.uexp" 1138
"../../../Engine/Content/EngineSky/SM_SkySphere.ubulk" 1139
"../../../Engine/Content/EngineSky/SM_SkySphere.uasset" 1140
"../../../Engine/Content/EngineSky/SM_SkySphere.uexp" 1141
"../../../Engine/Content/EngineSky/C_Sky_Zenith_Color.uasset" 1142
"../../../Engine/Content/EngineSky/C_Sky_Zenith_Color.uexp" 1143
"../../../Engine/Content/EngineSky/C_Sky_Horizon_Color.uasset" 1144
"../../../Engine/Content/EngineSky/C_Sky_Horizon_Color.uexp" 1145
"../../../Engine/Content/EngineSky/C_Sky_Cloud_Color.uasset" 1146
"../../../Engine/Content/EngineSky/C_Sky_Cloud_Color.uexp" 1147
"../../../Engine/Content/EngineSky/BP_Sky_Sphere.uasset" 1148
"../../../Engine/Content/EngineSky/BP_Sky_Sphere.uexp" 1149
"E:/Repository/732-abbot-grove-VR/Content/Abbot732/RenderPanoramic.uasset" 1150
"E:/Repository/732-abbot-grove-VR/Content/Abbot732/RenderPanoramic.uexp" 1151
"E:/Repository/732-abbot-grove-VR/Content/Abbot732/Textures/SM_Plant01_001_Material__2147483647_OcclusionRoughnessMetallic.ubulk" 1152
"E:/Repository/732-abbot-grove-VR/Content/Abbot732/Textures/SM_Plant01_001_Material__2147483647_OcclusionRoughnessMetallic.uasset" 1153
"E:/Repository/732-abbot-grove-VR/Content/Abbot732/Textures/SM_Plant01_001_Material__2147483647_OcclusionRoughnessMetallic.uexp" 1154
"E:/Repository/732-abbot-grove-VR/Content/Abbot732/Textures/SM_Plant01_001_Material__2147483647_BaseColor.ubulk" 1155
"E:/Repository/732-abbot-grove-VR/Content/Abbot732/Textures/SM_Plant01_001_Material__2147483647_BaseColor.uasset" 1156
"E:/Repository/732-abbot-grove-VR/Content/Abbot732/Textures/SM_Plant01_001_Material__2147483647_BaseColor.uexp" 1157
"E:/Repository/732-abbot-grove-VR/Content/Abbot732/Textures/SM_Plant01_001_Material__2147483647_Normal.ubulk" 1158
"E:/Repository/732-abbot-grove-VR/Content/Abbot732/Textures/SM_Plant01_001_Material__2147483647_Normal.uasset" 1159
"E:/Repository/732-abbot-grove-VR/Content/Abbot732/Textures/SM_Plant01_001_Material__2147483647_Normal.uexp" 1160
"E:/Repository/732-abbot-grove-VR/Content/Abbot732/Materials/NewMaterial.uasset" 1161
"E:/Repository/732-abbot-grove-VR/Content/Abbot732/Materials/NewMaterial.uexp" 1162
"E:/Repository/732-abbot-grove-VR/Content/Abbot732/Textures/SM_PalmSmall_01_Material__2147483647_OcclusionRoughnessMetallic.ubulk" 1163
"E:/Repository/732-abbot-grove-VR/Content/Abbot732/Textures/SM_PalmSmall_01_Material__2147483647_OcclusionRoughnessMetallic.uasset" 1164
"E:/Repository/732-abbot-grove-VR/Content/Abbot732/Textures/SM_PalmSmall_01_Material__2147483647_OcclusionRoughnessMetallic.uexp" 1165
"E:/Repository/732-abbot-grove-VR/Content/Abbot732/Textures/SM_PalmSmall_01_Material__2147483647_Normal.ubulk" 1166
"E:/Repository/732-abbot-grove-VR/Content/Abbot732/Textures/SM_PalmSmall_01_Material__2147483647_Normal.uasset" 1167
"E:/Repository/732-abbot-grove-VR/Content/Abbot732/Textures/SM_PalmSmall_01_Material__2147483647_Normal.uexp" 1168
"E:/Repository/732-abbot-grove-VR/Content/Abbot732/Textures/SM_PalmSmall_01_Material__2147483647_BaseColor.ubulk" 1169
"E:/Repository/732-abbot-grove-VR/Content/Abbot732/Textures/SM_PalmSmall_01_Material__2147483647_BaseColor.uasset" 1170
"E:/Repository/732-abbot-grove-VR/Content/Abbot732/Textures/SM_PalmSmall_01_Material__2147483647_BaseColor.uexp" 1171
"E:/Repository/732-abbot-grove-VR/Content/Abbot732/Materials/NewMaterial_Inst1.uasset" 1172
"E:/Repository/732-abbot-grove-VR/Content/Abbot732/Materials/NewMaterial_Inst1.uexp" 1173
"E:/Repository/732-abbot-grove-VR/Content/Abbot732/Materials/NewMaterial_Inst.uasset" 1174
"E:/Repository/732-abbot-grove-VR/Content/Abbot732/Materials/NewMaterial_Inst.uexp" 1175
"E:/Repository/732-abbot-grove-VR/Content/Abbot732/Textures/SM_Spheres_02_DefaultMaterial_BaseColor.ubulk" 1176
"E:/Repository/732-abbot-grove-VR/Content/Abbot732/Textures/SM_Spheres_02_DefaultMaterial_BaseColor.uasset" 1177
"E:/Repository/732-abbot-grove-VR/Content/Abbot732/Textures/SM_Spheres_02_DefaultMaterial_BaseColor.uexp" 1178
"E:/Repository/732-abbot-grove-VR/Content/Abbot732/Materials/NewMaterial5.uasset" 1179
"E:/Repository/732-abbot-grove-VR/Content/Abbot732/Materials/NewMaterial5.uexp" 1180
"E:/Repository/732-abbot-grove-VR/Content/Abbot732/Textures/SM_GlassWaterBoil_02_Material__2147483646_BaseColor.ubulk" 1181
"E:/Repository/732-abbot-grove-VR/Content/Abbot732/Textures/SM_GlassWaterBoil_02_Material__2147483646_BaseColor.uasset" 1182
"E:/Repository/732-abbot-grove-VR/Content/Abbot732/Textures/SM_GlassWaterBoil_02_Material__2147483646_BaseColor.uexp" 1183
"E:/Repository/732-abbot-grove-VR/Content/Abbot732/Textures/SM_GlassWaterBoil_02_Material__2147483646_Normal.ubulk" 1184
"E:/Repository/732-abbot-grove-VR/Content/Abbot732/Textures/SM_GlassWaterBoil_02_Material__2147483646_Normal.uasset" 1185
"E:/Repository/732-abbot-grove-VR/Content/Abbot732/Textures/SM_GlassWaterBoil_02_Material__2147483646_Normal.uexp" 1186
"E:/Repository/732-abbot-grove-VR/Content/Abbot732/Textures/SM_GlassWaterBoil_212102_Material__2147483647_BaseColor.ubulk" 1187
"E:/Repository/732-abbot-grove-VR/Content/Abbot732/Textures/SM_GlassWaterBoil_212102_Material__2147483647_BaseColor.uasset" 1188
"E:/Repository/732-abbot-grove-VR/Content/Abbot732/Textures/SM_GlassWaterBoil_212102_Material__2147483647_BaseColor.uexp" 1189
"E:/Repository/732-abbot-grove-VR/Content/Abbot732/Materials/NewMaterial2.uasset" 1190
"E:/Repository/732-abbot-grove-VR/Content/Abbot732/Materials/NewMaterial2.uexp" 1191
"E:/Repository/732-abbot-grove-VR/Content/Abbot732/Materials/NewMaterial2_Inst.uasset" 1192
"E:/Repository/732-abbot-grove-VR/Content/Abbot732/Materials/NewMaterial2_Inst.uexp" 1193
"E:/Repository/732-abbot-grove-VR/Content/Abbot732/Textures/SM_CellLight_01_Material__2147483647_Emissive.ubulk" 1194
"E:/Repository/732-abbot-grove-VR/Content/Abbot732/Textures/SM_CellLight_01_Material__2147483647_Emissive.uasset" 1195
"E:/Repository/732-abbot-grove-VR/Content/Abbot732/Textures/SM_CellLight_01_Material__2147483647_Emissive.uexp" 1196
"E:/Repository/732-abbot-grove-VR/Content/Abbot732/Textures/SM_UpperLight__DefaultMaterial_Emissive.ubulk" 1197
"E:/Repository/732-abbot-grove-VR/Content/Abbot732/Textures/SM_UpperLight__DefaultMaterial_Emissive.uasset" 1198
"E:/Repository/732-abbot-grove-VR/Content/Abbot732/Textures/SM_UpperLight__DefaultMaterial_Emissive.uexp" 1199
"E:/Repository/732-abbot-grove-VR/Content/Abbot732/Textures/SM_UpperLight__DefaultMaterial_BaseColor.ubulk" 1200
"E:/Repository/732-abbot-grove-VR/Content/Abbot732/Textures/SM_UpperLight__DefaultMaterial_BaseColor.uasset" 1201
"E:/Repository/732-abbot-grove-VR/Content/Abbot732/Textures/SM_UpperLight__DefaultMaterial_BaseColor.uexp" 1202
"E:/Repository/732-abbot-grove-VR/Content/Abbot732/Materials/M_UpperLight.uasset" 1203
"E:/Repository/732-abbot-grove-VR/Content/Abbot732/Materials/M_UpperLight.uexp" 1204
"E:/Repository/732-abbot-grove-VR/Content/Abbot732/Materials/M_UpperLight_Inst1.uasset" 1205
"E:/Repository/732-abbot-grove-VR/Content/Abbot732/Materials/M_UpperLight_Inst1.uexp" 1206
"E:/Repository/732-abbot-grove-VR/Content/Abbot732/Materials/M_UpperLight_Inst.uasset" 1207
"E:/Repository/732-abbot-grove-VR/Content/Abbot732/Materials/M_UpperLight_Inst.uexp" 1208
"E:/Repository/732-abbot-grove-VR/Content/Abbot732/Materials/M_Opacity.uasset" 1209
"E:/Repository/732-abbot-grove-VR/Content/Abbot732/Materials/M_Opacity.uexp" 1210
"E:/Repository/732-abbot-grove-VR/Content/Abbot732/Materials/M_Opacity_Inst.uasset" 1211
"E:/Repository/732-abbot-grove-VR/Content/Abbot732/Materials/M_Opacity_Inst.uexp" 1212
"E:/Repository/732-abbot-grove-VR/Content/Abbot732/Materials/M_Opacity_03.uasset" 1213
"E:/Repository/732-abbot-grove-VR/Content/Abbot732/Materials/M_Opacity_03.uexp" 1214
"E:/Repository/732-abbot-grove-VR/Content/Abbot732/Textures/Microwave_opacity_01.uasset" 1215
"E:/Repository/732-abbot-grove-VR/Content/Abbot732/Textures/Microwave_opacity_01.uexp" 1216
"E:/Repository/732-abbot-grove-VR/Content/Abbot732/Textures/Microwave_bc_01.ubulk" 1217
"E:/Repository/732-abbot-grove-VR/Content/Abbot732/Textures/Microwave_bc_01.uasset" 1218
"E:/Repository/732-abbot-grove-VR/Content/Abbot732/Textures/Microwave_bc_01.uexp" 1219
"E:/Repository/732-abbot-grove-VR/Content/Abbot732/Materials/M_Microwave.uasset" 1220
"E:/Repository/732-abbot-grove-VR/Content/Abbot732/Materials/M_Microwave.uexp" 1221
"E:/Repository/732-abbot-grove-VR/Content/Abbot732/Textures/monet_alpha.ubulk" 1222
"E:/Repository/732-abbot-grove-VR/Content/Abbot732/Textures/monet_alpha.uasset" 1223
"E:/Repository/732-abbot-grove-VR/Content/Abbot732/Textures/monet_alpha.uexp" 1224
"E:/Repository/732-abbot-grove-VR/Content/Abbot732/Textures/monet_color.uasset" 1225
"E:/Repository/732-abbot-grove-VR/Content/Abbot732/Textures/monet_color.uexp" 1226
"E:/Repository/732-abbot-grove-VR/Content/Abbot732/Materials/M_Microwave_Inst1.uasset" 1227
"E:/Repository/732-abbot-grove-VR/Content/Abbot732/Materials/M_Microwave_Inst1.uexp" 1228
"E:/Repository/732-abbot-grove-VR/Content/Abbot732/Materials/M_Microwave_Inst.uasset" 1229
"E:/Repository/732-abbot-grove-VR/Content/Abbot732/Materials/M_Microwave_Inst.uexp" 1230
"E:/Repository/732-abbot-grove-VR/Content/Abbot732/Textures/e570d978a49.ubulk" 1231
"E:/Repository/732-abbot-grove-VR/Content/Abbot732/Textures/e570d978a49.uasset" 1232
"E:/Repository/732-abbot-grove-VR/Content/Abbot732/Textures/e570d978a49.uexp" 1233
"E:/Repository/732-abbot-grove-VR/Content/Abbot732/Materials/M_KitchenEM_01.uasset" 1234
"E:/Repository/732-abbot-grove-VR/Content/Abbot732/Materials/M_KitchenEM_01.uexp" 1235
"E:/Repository/732-abbot-grove-VR/Content/Abbot732/Materials/M_KitchenEM_01_Inst.uasset" 1236
"E:/Repository/732-abbot-grove-VR/Content/Abbot732/Materials/M_KitchenEM_01_Inst.uexp" 1237
"E:/Repository/732-abbot-grove-VR/Content/Abbot732/Textures/SM_BedThr1ow_Material__2147483647_BaseColor.ubulk" 1238
"E:/Repository/732-abbot-grove-VR/Content/Abbot732/Textures/SM_BedThr1ow_Material__2147483647_BaseColor.uasset" 1239
"E:/Repository/732-abbot-grove-VR/Content/Abbot732/Textures/SM_BedThr1ow_Material__2147483647_BaseColor.uexp" 1240
"E:/Repository/732-abbot-grove-VR/Content/Abbot732/Textures/SM_BedThrow_Material__2147483647_BaseColor.ubulk" 1241
"E:/Repository/732-abbot-grove-VR/Content/Abbot732/Textures/SM_BedThrow_Material__2147483647_BaseColor.uasset" 1242
"E:/Repository/732-abbot-grove-VR/Content/Abbot732/Textures/SM_BedThrow_Material__2147483647_BaseColor.uexp" 1243
"E:/Repository/732-abbot-grove-VR/Content/Abbot732/Textures/SM_BedThrow_Material__2147483647_Normal.ubulk" 1244
"E:/Repository/732-abbot-grove-VR/Content/Abbot732/Textures/SM_BedThrow_Material__2147483647_Normal.uasset" 1245
"E:/Repository/732-abbot-grove-VR/Content/Abbot732/Textures/SM_BedThrow_Material__2147483647_Normal.uexp" 1246
"E:/Repository/732-abbot-grove-VR/Content/Abbot732/Materials/M_CarpetOpacity.uasset" 1247
"E:/Repository/732-abbot-grove-VR/Content/Abbot732/Materials/M_CarpetOpacity.uexp" 1248
"E:/Repository/732-abbot-grove-VR/Content/Abbot732/Materials/M_CarpetOpacity_Inst.uasset" 1249
"E:/Repository/732-abbot-grove-VR/Content/Abbot732/Materials/M_CarpetOpacity_Inst.uexp" 1250
"../../../Engine/Content/VREditor/Devices/Generic/GenericHMDMaterial.uasset" 1251
"../../../Engine/Content/VREditor/Devices/Generic/GenericHMDMaterial.uexp" 1252
"../../../Engine/Content/VREditor/Devices/Generic/GenericHMD.ubulk" 1253
"../../../Engine/Content/VREditor/Devices/Generic/GenericHMD.uasset" 1254
"../../../Engine/Content/VREditor/Devices/Generic/GenericHMD.uexp" 1255
"E:/Repository/732-abbot-grove-VR/Content/VRTemplate/VFX/NPC_VRTemplate.uasset" 1256
"E:/Repository/732-abbot-grove-VR/Content/VRTemplate/VFX/NPC_VRTemplate.uexp" 1257
"E:/Repository/732-abbot-grove-VR/Content/VRTemplate/Materials/DefaultRibbonMaterial_NoGradient.uasset" 1258
"E:/Repository/732-abbot-grove-VR/Content/VRTemplate/Materials/DefaultRibbonMaterial_NoGradient.uexp" 1259
"E:/Repository/732-abbot-grove-VR/Content/VRTemplate/VFX/NS_TeleportTrace.uasset" 1260
"E:/Repository/732-abbot-grove-VR/Content/VRTemplate/VFX/NS_TeleportTrace.uexp" 1261
"E:/Repository/732-abbot-grove-VR/Content/VRTemplate/Haptics/GrabHapticEffect.uasset" 1262
"E:/Repository/732-abbot-grove-VR/Content/VRTemplate/Haptics/GrabHapticEffect.uexp" 1263
"E:/Repository/732-abbot-grove-VR/Content/VRTemplate/Blueprints/GrabType.uasset" 1264
"E:/Repository/732-abbot-grove-VR/Content/VRTemplate/Blueprints/GrabType.uexp" 1265
"E:/Repository/732-abbot-grove-VR/Content/VRTemplate/Blueprints/GrabComponent.uasset" 1266
"E:/Repository/732-abbot-grove-VR/Content/VRTemplate/Blueprints/GrabComponent.uexp" 1267
"E:/Repository/732-abbot-grove-VR/Content/VRTemplate/Input/Actions/Hands/IA_Hand_ThumbUp_Right.uasset" 1268
"E:/Repository/732-abbot-grove-VR/Content/VRTemplate/Input/Actions/Hands/IA_Hand_ThumbUp_Right.uexp" 1269
"E:/Repository/732-abbot-grove-VR/Content/VRTemplate/Input/Actions/Hands/IA_Hand_ThumbUp_Left.uasset" 1270
"E:/Repository/732-abbot-grove-VR/Content/VRTemplate/Input/Actions/Hands/IA_Hand_ThumbUp_Left.uexp" 1271
"E:/Repository/732-abbot-grove-VR/Content/VRTemplate/Input/Actions/Hands/IA_Hand_Point_Right.uasset" 1272
"E:/Repository/732-abbot-grove-VR/Content/VRTemplate/Input/Actions/Hands/IA_Hand_Point_Right.uexp" 1273
"E:/Repository/732-abbot-grove-VR/Content/VRTemplate/Input/Actions/Hands/IA_Hand_Point_Left.uasset" 1274
"E:/Repository/732-abbot-grove-VR/Content/VRTemplate/Input/Actions/Hands/IA_Hand_Point_Left.uexp" 1275
"E:/Repository/732-abbot-grove-VR/Content/VRTemplate/Input/Actions/Hands/IA_Hand_IndexCurl_Right.uasset" 1276
"E:/Repository/732-abbot-grove-VR/Content/VRTemplate/Input/Actions/Hands/IA_Hand_IndexCurl_Right.uexp" 1277
"E:/Repository/732-abbot-grove-VR/Content/VRTemplate/Input/Actions/Hands/IA_Hand_IndexCurl_Left.uasset" 1278
"E:/Repository/732-abbot-grove-VR/Content/VRTemplate/Input/Actions/Hands/IA_Hand_IndexCurl_Left.uexp" 1279
"E:/Repository/732-abbot-grove-VR/Content/VRTemplate/Input/Actions/Hands/IA_Hand_Grasp_Left.uasset" 1280
"E:/Repository/732-abbot-grove-VR/Content/VRTemplate/Input/Actions/Hands/IA_Hand_Grasp_Left.uexp" 1281
"E:/Repository/732-abbot-grove-VR/Content/VRTemplate/Input/Actions/Hands/IA_Hand_Grasp_Right.uasset" 1282
"E:/Repository/732-abbot-grove-VR/Content/VRTemplate/Input/Actions/Hands/IA_Hand_Grasp_Right.uexp" 1283
"E:/Repository/732-abbot-grove-VR/Content/VRTemplate/Input/IMC_Hands.uasset" 1284
"E:/Repository/732-abbot-grove-VR/Content/VRTemplate/Input/IMC_Hands.uexp" 1285
"E:/Repository/732-abbot-grove-VR/Content/VRTemplate/Input/Actions/IA_Turn.uasset" 1286
"E:/Repository/732-abbot-grove-VR/Content/VRTemplate/Input/Actions/IA_Turn.uexp" 1287
"E:/Repository/732-abbot-grove-VR/Content/VRTemplate/Input/B_InputModifier_XAxisPositiveOnly.uasset" 1288
"E:/Repository/732-abbot-grove-VR/Content/VRTemplate/Input/B_InputModifier_XAxisPositiveOnly.uexp" 1289
"E:/Repository/732-abbot-grove-VR/Content/VRTemplate/Input/Actions/IA_Move.uasset" 1290
"E:/Repository/732-abbot-grove-VR/Content/VRTemplate/Input/Actions/IA_Move.uexp" 1291
"E:/Repository/732-abbot-grove-VR/Content/VRTemplate/Input/Actions/IA_Menu_Toggle_Right.uasset" 1292
"E:/Repository/732-abbot-grove-VR/Content/VRTemplate/Input/Actions/IA_Menu_Toggle_Right.uexp" 1293
"E:/Repository/732-abbot-grove-VR/Content/VRTemplate/Input/Actions/IA_Menu_Toggle_Left.uasset" 1294
"E:/Repository/732-abbot-grove-VR/Content/VRTemplate/Input/Actions/IA_Menu_Toggle_Left.uexp" 1295
"E:/Repository/732-abbot-grove-VR/Content/VRTemplate/Input/Actions/IA_Grab_Right_Released.uasset" 1296
"E:/Repository/732-abbot-grove-VR/Content/VRTemplate/Input/Actions/IA_Grab_Right_Released.uexp" 1297
"E:/Repository/732-abbot-grove-VR/Content/VRTemplate/Input/Actions/IA_Grab_Right_Pressed.uasset" 1298
"E:/Repository/732-abbot-grove-VR/Content/VRTemplate/Input/Actions/IA_Grab_Right_Pressed.uexp" 1299
"E:/Repository/732-abbot-grove-VR/Content/VRTemplate/Input/Actions/IA_Grab_Left_Released.uasset" 1300
"E:/Repository/732-abbot-grove-VR/Content/VRTemplate/Input/Actions/IA_Grab_Left_Released.uexp" 1301
"E:/Repository/732-abbot-grove-VR/Content/VRTemplate/Input/Actions/IA_Grab_Left_Pressed.uasset" 1302
"E:/Repository/732-abbot-grove-VR/Content/VRTemplate/Input/Actions/IA_Grab_Left_Pressed.uexp" 1303
"E:/Repository/732-abbot-grove-VR/Content/VRTemplate/Input/Actions/Custom/IA_Locomotion_X.uasset" 1304
"E:/Repository/732-abbot-grove-VR/Content/VRTemplate/Input/Actions/Custom/IA_Locomotion_X.uexp" 1305
"E:/Repository/732-abbot-grove-VR/Content/VRTemplate/Input/Actions/Custom/IA_Locomotion_Y.uasset" 1306
"E:/Repository/732-abbot-grove-VR/Content/VRTemplate/Input/Actions/Custom/IA_Locomotion_Y.uexp" 1307
"E:/Repository/732-abbot-grove-VR/Content/VRTemplate/Input/Actions/Custom/IA_SmoothTurn.uasset" 1308
"E:/Repository/732-abbot-grove-VR/Content/VRTemplate/Input/Actions/Custom/IA_SmoothTurn.uexp" 1309
"E:/Repository/732-abbot-grove-VR/Content/VRTemplate/Input/IMC_Default.uasset" 1310
"E:/Repository/732-abbot-grove-VR/Content/VRTemplate/Input/IMC_Default.uexp" 1311
"../../../Engine/Content/BasicShapes/Cylinder.ubulk" 1312
"../../../Engine/Content/BasicShapes/Cylinder.uasset" 1313
"../../../Engine/Content/BasicShapes/Cylinder.uexp" 1314
"../../../Engine/Content/Functions/Engine_MaterialFunctions02/Utility/DepthFromWorldPosition.uasset" 1315
"../../../Engine/Content/Functions/Engine_MaterialFunctions02/Utility/DepthFromWorldPosition.uexp" 1316
"E:/Repository/732-abbot-grove-VR/Content/VRTemplate/Materials/Functions/MF_OccludedPixels.uasset" 1317
"E:/Repository/732-abbot-grove-VR/Content/VRTemplate/Materials/Functions/MF_OccludedPixels.uexp" 1318
"E:/Repository/732-abbot-grove-VR/Content/VRTemplate/Materials/M_TeleportNoise.uasset" 1319
"E:/Repository/732-abbot-grove-VR/Content/VRTemplate/Materials/M_TeleportNoise.uexp" 1320
"E:/Repository/732-abbot-grove-VR/Content/VRTemplate/Materials/M_TeleportCylinder.uasset" 1321
"E:/Repository/732-abbot-grove-VR/Content/VRTemplate/Materials/M_TeleportCylinder.uexp" 1322
"E:/Repository/732-abbot-grove-VR/Content/VRTemplate/VFX/NS_TeleportRing.uasset" 1323
"E:/Repository/732-abbot-grove-VR/Content/VRTemplate/VFX/NS_TeleportRing.uexp" 1324
"E:/Repository/732-abbot-grove-VR/Content/VRTemplate/VFX/NS_PlayAreaBounds.uasset" 1325
"E:/Repository/732-abbot-grove-VR/Content/VRTemplate/VFX/NS_PlayAreaBounds.uexp" 1326
"E:/Repository/732-abbot-grove-VR/Content/VRTemplate/Blueprints/VRTeleportVisualizer.uasset" 1327
"E:/Repository/732-abbot-grove-VR/Content/VRTemplate/Blueprints/VRTeleportVisualizer.uexp" 1328
"../../../Engine/Content/BasicShapes/Sphere.ubulk" 1329
"../../../Engine/Content/BasicShapes/Sphere.uasset" 1330
"../../../Engine/Content/BasicShapes/Sphere.uexp" 1331
"E:/Repository/732-abbot-grove-VR/Content/VRTemplate/VFX/NS_MenuLaser.uasset" 1332
"E:/Repository/732-abbot-grove-VR/Content/VRTemplate/VFX/NS_MenuLaser.uexp" 1333
"E:/Repository/732-abbot-grove-VR/Content/VRTemplate/Materials/M_VRCursor.uasset" 1334
"E:/Repository/732-abbot-grove-VR/Content/VRTemplate/Materials/M_VRCursor.uexp" 1335
"E:/Repository/732-abbot-grove-VR/Content/VRTemplate/Input/Actions/IA_Menu_Interact_Right_Pressed.uasset" 1336
"E:/Repository/732-abbot-grove-VR/Content/VRTemplate/Input/Actions/IA_Menu_Interact_Right_Pressed.uexp" 1337
"E:/Repository/732-abbot-grove-VR/Content/VRTemplate/Input/Actions/IA_Menu_Interact_Left_Pressed.uasset" 1338
"E:/Repository/732-abbot-grove-VR/Content/VRTemplate/Input/Actions/IA_Menu_Interact_Left_Pressed.uexp" 1339
"E:/Repository/732-abbot-grove-VR/Content/VRTemplate/Input/Actions/IA_Menu_Cursor_Right.uasset" 1340
"E:/Repository/732-abbot-grove-VR/Content/VRTemplate/Input/Actions/IA_Menu_Cursor_Right.uexp" 1341
"E:/Repository/732-abbot-grove-VR/Content/VRTemplate/Input/Actions/IA_Menu_Cursor_Left.uasset" 1342
"E:/Repository/732-abbot-grove-VR/Content/VRTemplate/Input/Actions/IA_Menu_Cursor_Left.uexp" 1343
"E:/Repository/732-abbot-grove-VR/Content/VRTemplate/Input/IMC_Menu.uasset" 1344
"E:/Repository/732-abbot-grove-VR/Content/VRTemplate/Input/IMC_Menu.uexp" 1345
"E:/Repository/732-abbot-grove-VR/Content/FancyApp/Menu/DebugPanel/WBP_Debug.uasset" 1346
"E:/Repository/732-abbot-grove-VR/Content/FancyApp/Menu/DebugPanel/WBP_Debug.uexp" 1347
"E:/Repository/732-abbot-grove-VR/Content/VRTemplate/Blueprints/Menu.uasset" 1348
"E:/Repository/732-abbot-grove-VR/Content/VRTemplate/Blueprints/Menu.uexp" 1349
"E:/Repository/732-abbot-grove-VR/Content/VRTemplate/Blueprints/BPI_PawnAnim.uasset" 1350
"E:/Repository/732-abbot-grove-VR/Content/VRTemplate/Blueprints/BPI_PawnAnim.uexp" 1351
"E:/Repository/732-abbot-grove-VR/Content/Characters/MannequinsXR/Meshes/SK_MannequinsXR.uasset" 1352
"E:/Repository/732-abbot-grove-VR/Content/Characters/MannequinsXR/Meshes/SK_MannequinsXR.uexp" 1353
"E:/Repository/732-abbot-grove-VR/Content/Characters/MannequinsXR/Animations/MDT_MannequinsXR.uasset" 1354
"E:/Repository/732-abbot-grove-VR/Content/Characters/MannequinsXR/Animations/MDT_MannequinsXR.uexp" 1355
"../../../Engine/Content/Animation/DefaultRecorderBoneCompression.uasset" 1356
"../../../Engine/Content/Animation/DefaultRecorderBoneCompression.uexp" 1357
"../../../Engine/Content/Animation/DefaultAnimCurveCompressionSettings.uasset" 1358
"../../../Engine/Content/Animation/DefaultAnimCurveCompressionSettings.uexp" 1359
"E:/Repository/732-abbot-grove-VR/Content/Characters/MannequinsXR/Animations/A_MannequinsXR_ThumbUp_Right.uasset" 1360
"E:/Repository/732-abbot-grove-VR/Content/Characters/MannequinsXR/Animations/A_MannequinsXR_ThumbUp_Right.m.ubulk" 1361
"E:/Repository/732-abbot-grove-VR/Content/Characters/MannequinsXR/Animations/A_MannequinsXR_ThumbUp_Right.uexp" 1362
"E:/Repository/732-abbot-grove-VR/Content/Characters/MannequinsXR/Animations/A_MannequinsXR_Point_Right.uasset" 1363
"E:/Repository/732-abbot-grove-VR/Content/Characters/MannequinsXR/Animations/A_MannequinsXR_Point_Right.m.ubulk" 1364
"E:/Repository/732-abbot-grove-VR/Content/Characters/MannequinsXR/Animations/A_MannequinsXR_Point_Right.uexp" 1365
"E:/Repository/732-abbot-grove-VR/Content/Characters/MannequinsXR/Animations/A_MannequinsXR_IndexCurl_Right.uasset" 1366
"E:/Repository/732-abbot-grove-VR/Content/Characters/MannequinsXR/Animations/A_MannequinsXR_IndexCurl_Right.m.ubulk" 1367
"E:/Repository/732-abbot-grove-VR/Content/Characters/MannequinsXR/Animations/A_MannequinsXR_IndexCurl_Right.uexp" 1368
"E:/Repository/732-abbot-grove-VR/Content/Characters/MannequinsXR/Animations/A_MannequinsXR_Idle_Right.uasset" 1369
"E:/Repository/732-abbot-grove-VR/Content/Characters/MannequinsXR/Animations/A_MannequinsXR_Idle_Right.m.ubulk" 1370
"E:/Repository/732-abbot-grove-VR/Content/Characters/MannequinsXR/Animations/A_MannequinsXR_Idle_Right.uexp" 1371
"E:/Repository/732-abbot-grove-VR/Content/Characters/MannequinsXR/Animations/A_MannequinsXR_Grasp_Right.uasset" 1372
"E:/Repository/732-abbot-grove-VR/Content/Characters/MannequinsXR/Animations/A_MannequinsXR_Grasp_Right.m.ubulk" 1373
"E:/Repository/732-abbot-grove-VR/Content/Characters/MannequinsXR/Animations/A_MannequinsXR_Grasp_Right.uexp" 1374
"E:/Repository/732-abbot-grove-VR/Content/Characters/MannequinsXR/Meshes/ABP_MannequinsXR.uasset" 1375
"E:/Repository/732-abbot-grove-VR/Content/Characters/MannequinsXR/Meshes/ABP_MannequinsXR.uexp" 1376
"E:/Repository/732-abbot-grove-VR/Content/Characters/MannequinsXR/Textures/Manny/T_Manny_02_Tan.ubulk" 1377
"E:/Repository/732-abbot-grove-VR/Content/Characters/MannequinsXR/Textures/Manny/T_Manny_02_Tan.uasset" 1378
"E:/Repository/732-abbot-grove-VR/Content/Characters/MannequinsXR/Textures/Manny/T_Manny_02_Tan.uexp" 1379
"E:/Repository/732-abbot-grove-VR/Content/Characters/MannequinsXR/Textures/Manny/T_Manny_02_N.ubulk" 1380
"E:/Repository/732-abbot-grove-VR/Content/Characters/MannequinsXR/Textures/Manny/T_Manny_02_N.uasset" 1381
"E:/Repository/732-abbot-grove-VR/Content/Characters/MannequinsXR/Textures/Manny/T_Manny_02_N.uexp" 1382
"E:/Repository/732-abbot-grove-VR/Content/Characters/MannequinsXR/Textures/Manny/T_Manny_02_MSR_MSK.ubulk" 1383
"E:/Repository/732-abbot-grove-VR/Content/Characters/MannequinsXR/Textures/Manny/T_Manny_02_MSR_MSK.uasset" 1384
"E:/Repository/732-abbot-grove-VR/Content/Characters/MannequinsXR/Textures/Manny/T_Manny_02_MSR_MSK.uexp" 1385
"E:/Repository/732-abbot-grove-VR/Content/Characters/MannequinsXR/Textures/Manny/T_Manny_02_D.ubulk" 1386
"E:/Repository/732-abbot-grove-VR/Content/Characters/MannequinsXR/Textures/Manny/T_Manny_02_D.uasset" 1387
"E:/Repository/732-abbot-grove-VR/Content/Characters/MannequinsXR/Textures/Manny/T_Manny_02_D.uexp" 1388
"E:/Repository/732-abbot-grove-VR/Content/Characters/MannequinsXR/Textures/Manny/T_Manny_02_CCRCCPlastic_MSK.ubulk" 1389
"E:/Repository/732-abbot-grove-VR/Content/Characters/MannequinsXR/Textures/Manny/T_Manny_02_CCRCCPlastic_MSK.uasset" 1390
"E:/Repository/732-abbot-grove-VR/Content/Characters/MannequinsXR/Textures/Manny/T_Manny_02_CCRCCPlastic_MSK.uexp" 1391
"E:/Repository/732-abbot-grove-VR/Content/Characters/MannequinsXR/Textures/Manny/T_Manny_02_BN.ubulk" 1392
"E:/Repository/732-abbot-grove-VR/Content/Characters/MannequinsXR/Textures/Manny/T_Manny_02_BN.uasset" 1393
"E:/Repository/732-abbot-grove-VR/Content/Characters/MannequinsXR/Textures/Manny/T_Manny_02_BN.uexp" 1394
"E:/Repository/732-abbot-grove-VR/Content/Characters/MannequinsXR/Textures/Manny/T_Manny_02_ASAOPMASK_MSK.ubulk" 1395
"E:/Repository/732-abbot-grove-VR/Content/Characters/MannequinsXR/Textures/Manny/T_Manny_02_ASAOPMASK_MSK.uasset" 1396
"E:/Repository/732-abbot-grove-VR/Content/Characters/MannequinsXR/Textures/Manny/T_Manny_02_ASAOPMASK_MSK.uexp" 1397
"E:/Repository/732-abbot-grove-VR/Content/Characters/MannequinsXR/Textures/Manny/T_Manny_01_Tan.ubulk" 1398
"E:/Repository/732-abbot-grove-VR/Content/Characters/MannequinsXR/Textures/Manny/T_Manny_01_Tan.uasset" 1399
"E:/Repository/732-abbot-grove-VR/Content/Characters/MannequinsXR/Textures/Manny/T_Manny_01_Tan.uexp" 1400
"E:/Repository/732-abbot-grove-VR/Content/Characters/MannequinsXR/Textures/Manny/T_Manny_01_N.ubulk" 1401
"E:/Repository/732-abbot-grove-VR/Content/Characters/MannequinsXR/Textures/Manny/T_Manny_01_N.uasset" 1402
"E:/Repository/732-abbot-grove-VR/Content/Characters/MannequinsXR/Textures/Manny/T_Manny_01_N.uexp" 1403
"E:/Repository/732-abbot-grove-VR/Content/Characters/MannequinsXR/Textures/Manny/T_Manny_01_MSR_MSK.ubulk" 1404
"E:/Repository/732-abbot-grove-VR/Content/Characters/MannequinsXR/Textures/Manny/T_Manny_01_MSR_MSK.uasset" 1405
"E:/Repository/732-abbot-grove-VR/Content/Characters/MannequinsXR/Textures/Manny/T_Manny_01_MSR_MSK.uexp" 1406
"E:/Repository/732-abbot-grove-VR/Content/Characters/MannequinsXR/Textures/Manny/T_Manny_01_D.ubulk" 1407
"E:/Repository/732-abbot-grove-VR/Content/Characters/MannequinsXR/Textures/Manny/T_Manny_01_D.uasset" 1408
"E:/Repository/732-abbot-grove-VR/Content/Characters/MannequinsXR/Textures/Manny/T_Manny_01_D.uexp" 1409
"E:/Repository/732-abbot-grove-VR/Content/Characters/MannequinsXR/Textures/Manny/T_Manny_01_CCRCCPlastic_MSK.ubulk" 1410
"E:/Repository/732-abbot-grove-VR/Content/Characters/MannequinsXR/Textures/Manny/T_Manny_01_CCRCCPlastic_MSK.uasset" 1411
"E:/Repository/732-abbot-grove-VR/Content/Characters/MannequinsXR/Textures/Manny/T_Manny_01_CCRCCPlastic_MSK.uexp" 1412
"E:/Repository/732-abbot-grove-VR/Content/Characters/MannequinsXR/Textures/Manny/T_Manny_01_BN.ubulk" 1413
"E:/Repository/732-abbot-grove-VR/Content/Characters/MannequinsXR/Textures/Manny/T_Manny_01_BN.uasset" 1414
"E:/Repository/732-abbot-grove-VR/Content/Characters/MannequinsXR/Textures/Manny/T_Manny_01_BN.uexp" 1415
"E:/Repository/732-abbot-grove-VR/Content/Characters/MannequinsXR/Textures/Manny/T_Manny_01_ASAOPMASK_MSK.ubulk" 1416
"E:/Repository/732-abbot-grove-VR/Content/Characters/MannequinsXR/Textures/Manny/T_Manny_01_ASAOPMASK_MSK.uasset" 1417
"E:/Repository/732-abbot-grove-VR/Content/Characters/MannequinsXR/Textures/Manny/T_Manny_01_ASAOPMASK_MSK.uexp" 1418
"E:/Repository/732-abbot-grove-VR/Content/Characters/MannequinsXR/Materials/Functions/ML_BaseColorFallOff.uasset" 1419
"E:/Repository/732-abbot-grove-VR/Content/Characters/MannequinsXR/Materials/Functions/ML_BaseColorFallOff.uexp" 1420
"E:/Repository/732-abbot-grove-VR/Content/Characters/MannequinsXR/Textures/Shared/T_UE_Logo_M.uasset" 1421
"E:/Repository/732-abbot-grove-VR/Content/Characters/MannequinsXR/Textures/Shared/T_UE_Logo_M.uexp" 1422
"E:/Repository/732-abbot-grove-VR/Content/Characters/MannequinsXR/Materials/Functions/MF_logo3layers.uasset" 1423
"E:/Repository/732-abbot-grove-VR/Content/Characters/MannequinsXR/Materials/Functions/MF_logo3layers.uexp" 1424
"E:/Repository/732-abbot-grove-VR/Content/Characters/MannequinsXR/Materials/Functions/ChromaticCurve.uasset" 1425
"E:/Repository/732-abbot-grove-VR/Content/Characters/MannequinsXR/Materials/Functions/ChromaticCurve.uexp" 1426
"E:/Repository/732-abbot-grove-VR/Content/Characters/MannequinsXR/Materials/Functions/CA_Mannequin.uasset" 1427
"E:/Repository/732-abbot-grove-VR/Content/Characters/MannequinsXR/Materials/Functions/CA_Mannequin.uexp" 1428
"E:/Repository/732-abbot-grove-VR/Content/Characters/MannequinsXR/Materials/Functions/MF_Diffraction.uasset" 1429
"E:/Repository/732-abbot-grove-VR/Content/Characters/MannequinsXR/Materials/Functions/MF_Diffraction.uexp" 1430
"E:/Repository/732-abbot-grove-VR/Content/Characters/MannequinsXR/Materials/M_Mannequin.uasset" 1431
"E:/Repository/732-abbot-grove-VR/Content/Characters/MannequinsXR/Materials/M_Mannequin.uexp" 1432
"E:/Repository/732-abbot-grove-VR/Content/Characters/MannequinsXR/Materials/Instances/Manny/MI_Manny_01.uasset" 1433
"E:/Repository/732-abbot-grove-VR/Content/Characters/MannequinsXR/Materials/Instances/Manny/MI_Manny_01.uexp" 1434
"E:/Repository/732-abbot-grove-VR/Content/Characters/MannequinsXR/Materials/Instances/Manny/MI_Manny_02.uasset" 1435
"E:/Repository/732-abbot-grove-VR/Content/Characters/MannequinsXR/Materials/Instances/Manny/MI_Manny_02.uexp" 1436
"E:/Repository/732-abbot-grove-VR/Content/Characters/MannequinsXR/Meshes/SKM_MannyXR_left.uasset" 1437
"E:/Repository/732-abbot-grove-VR/Content/Characters/MannequinsXR/Meshes/SKM_MannyXR_left.uexp" 1438
"E:/Repository/732-abbot-grove-VR/Content/Characters/MannequinsXR/B_MannequinsXR.uasset" 1439
"E:/Repository/732-abbot-grove-VR/Content/Characters/MannequinsXR/B_MannequinsXR.uexp" 1440
"E:/Repository/732-abbot-grove-VR/Content/Characters/MannequinsXR/Meshes/SKM_MannyXR_right.uasset" 1441
"E:/Repository/732-abbot-grove-VR/Content/Characters/MannequinsXR/Meshes/SKM_MannyXR_right.uexp" 1442
"../../../Engine/Plugins/FX/Niagara/Content/DefaultAssets/DefaultRIbbonMaterial.uasset" 1443
"../../../Engine/Plugins/FX/Niagara/Content/DefaultAssets/DefaultRIbbonMaterial.uexp" 1444
"E:/Repository/732-abbot-grove-VR/Content/FancyApp/Menu/NS_DynamicLaserPointer1.uasset" 1445
"E:/Repository/732-abbot-grove-VR/Content/FancyApp/Menu/NS_DynamicLaserPointer1.uexp" 1446
"E:/Repository/732-abbot-grove-VR/Content/FancyApp/Menu/NS_DynamicLaserPointer.uasset" 1447
"E:/Repository/732-abbot-grove-VR/Content/FancyApp/Menu/NS_DynamicLaserPointer.uexp" 1448
"../../../Engine/Content/EngineFonts/Faces/RobotoTiny.uexp" 1449
"../../../Engine/Content/EngineFonts/Faces/RobotoTiny.uasset" 1450
"../../../Engine/Content/EngineFonts/Faces/RobotoTiny.ufont" 1451
"../../../Engine/Content/EngineFonts/RobotoTiny.uasset" 1452
"../../../Engine/Content/EngineFonts/RobotoTiny.uexp" 1453
"E:/Repository/732-abbot-grove-VR/Content/FancyApp/Blueprints/WBP_Starting.uasset" 1454
"E:/Repository/732-abbot-grove-VR/Content/FancyApp/Blueprints/WBP_Starting.uexp" 1455
"E:/Repository/732-abbot-grove-VR/Content/VRTemplate/Blueprints/VRPawn.uasset" 1456
"E:/Repository/732-abbot-grove-VR/Content/VRTemplate/Blueprints/VRPawn.uexp" 1457
"E:/Repository/732-abbot-grove-VR/Content/FancyApp/Materials/Main/M_MainGlass_01.uasset" 1458
"E:/Repository/732-abbot-grove-VR/Content/FancyApp/Materials/Main/M_MainGlass_01.uexp" 1459
"E:/Repository/732-abbot-grove-VR/Content/FancyApp/Materials/Main/MI_GlassMaterial_18.uasset" 1460
"E:/Repository/732-abbot-grove-VR/Content/FancyApp/Materials/Main/MI_GlassMaterial_18.uexp" 1461
"E:/Repository/732-abbot-grove-VR/Content/FancyApp/Mirror/Mirror/RT_Mirror6.uasset" 1462
"E:/Repository/732-abbot-grove-VR/Content/FancyApp/Mirror/Mirror/RT_Mirror6.uexp" 1463
"E:/Repository/732-abbot-grove-VR/Content/FancyApp/Mirror/Mirror/RT_Mirror.uasset" 1464
"E:/Repository/732-abbot-grove-VR/Content/FancyApp/Mirror/Mirror/RT_Mirror.uexp" 1465
"E:/Repository/732-abbot-grove-VR/Content/FancyApp/Mirror/Mirror/M_MirrorScreen.uasset" 1466
"E:/Repository/732-abbot-grove-VR/Content/FancyApp/Mirror/Mirror/M_MirrorScreen.uexp" 1467
"E:/Repository/732-abbot-grove-VR/Content/FancyApp/Mirror/Mirror/MI_MIrrorScreen_05.uasset" 1468
"E:/Repository/732-abbot-grove-VR/Content/FancyApp/Mirror/Mirror/MI_MIrrorScreen_05.uexp" 1469
"E:/Repository/732-abbot-grove-VR/Content/Abbot732/Mesh/Single/SM_MIrror_02.ubulk" 1470
"E:/Repository/732-abbot-grove-VR/Content/Abbot732/Mesh/Single/SM_MIrror_02.uasset" 1471
"E:/Repository/732-abbot-grove-VR/Content/Abbot732/Mesh/Single/SM_MIrror_02.uexp" 1472
"E:/Repository/732-abbot-grove-VR/Content/Abbot732/Blueprints/BP_MirrorRoom_01.uasset" 1473
"E:/Repository/732-abbot-grove-VR/Content/Abbot732/Blueprints/BP_MirrorRoom_01.uexp" 1474
"E:/Repository/732-abbot-grove-VR/Content/Abbot732/Mesh/SM_MirrorLivingRoom_02.ubulk" 1475
"E:/Repository/732-abbot-grove-VR/Content/Abbot732/Mesh/SM_MirrorLivingRoom_02.uasset" 1476
"E:/Repository/732-abbot-grove-VR/Content/Abbot732/Mesh/SM_MirrorLivingRoom_02.uexp" 1477
"E:/Repository/732-abbot-grove-VR/Content/Abbot732/Mesh/SM_Mirror_Bathroom_03.ubulk" 1478
"E:/Repository/732-abbot-grove-VR/Content/Abbot732/Mesh/SM_Mirror_Bathroom_03.uasset" 1479
"E:/Repository/732-abbot-grove-VR/Content/Abbot732/Mesh/SM_Mirror_Bathroom_03.uexp" 1480
"E:/Repository/732-abbot-grove-VR/Content/FancyApp/Mirror/Mirror/RT_Mirror5.uasset" 1481
"E:/Repository/732-abbot-grove-VR/Content/FancyApp/Mirror/Mirror/RT_Mirror5.uexp" 1482
"E:/Repository/732-abbot-grove-VR/Content/FancyApp/Mirror/Mirror/MI_MIrrorScreen_04.uasset" 1483
"E:/Repository/732-abbot-grove-VR/Content/FancyApp/Mirror/Mirror/MI_MIrrorScreen_04.uexp" 1484
"E:/Repository/732-abbot-grove-VR/Content/Abbot732/Blueprints/BP_MirrorBathroom_02.uasset" 1485
"E:/Repository/732-abbot-grove-VR/Content/Abbot732/Blueprints/BP_MirrorBathroom_02.uexp" 1486
"E:/Repository/732-abbot-grove-VR/Content/Abbot732/Mesh/SM_MirrorWashM_02.ubulk" 1487
"E:/Repository/732-abbot-grove-VR/Content/Abbot732/Mesh/SM_MirrorWashM_02.uasset" 1488
"E:/Repository/732-abbot-grove-VR/Content/Abbot732/Mesh/SM_MirrorWashM_02.uexp" 1489
"E:/Repository/732-abbot-grove-VR/Content/FancyApp/Mirror/Mirror/RT_Mirror4.uasset" 1490
"E:/Repository/732-abbot-grove-VR/Content/FancyApp/Mirror/Mirror/RT_Mirror4.uexp" 1491
"E:/Repository/732-abbot-grove-VR/Content/FancyApp/Mirror/Mirror/MI_MIrrorScreen_03.uasset" 1492
"E:/Repository/732-abbot-grove-VR/Content/FancyApp/Mirror/Mirror/MI_MIrrorScreen_03.uexp" 1493
"E:/Repository/732-abbot-grove-VR/Content/Abbot732/Blueprints/BP_MirrorBathroom_01.uasset" 1494
"E:/Repository/732-abbot-grove-VR/Content/Abbot732/Blueprints/BP_MirrorBathroom_01.uexp" 1495
"E:/Repository/732-abbot-grove-VR/Content/FancyApp/Meshes/Sphere.ubulk" 1496
"E:/Repository/732-abbot-grove-VR/Content/FancyApp/Meshes/Sphere.uasset" 1497
"E:/Repository/732-abbot-grove-VR/Content/FancyApp/Meshes/Sphere.uexp" 1498
"E:/Repository/732-abbot-grove-VR/Content/FancyApp/Meshes/SM_Curtain_02.ubulk" 1499
"E:/Repository/732-abbot-grove-VR/Content/FancyApp/Meshes/SM_Curtain_02.uasset" 1500
"E:/Repository/732-abbot-grove-VR/Content/FancyApp/Meshes/SM_Curtain_02.uexp" 1501
"E:/Repository/732-abbot-grove-VR/Content/FancyApp/Meshes/SM_Curtain_01.ubulk" 1502
"E:/Repository/732-abbot-grove-VR/Content/FancyApp/Meshes/SM_Curtain_01.uasset" 1503
"E:/Repository/732-abbot-grove-VR/Content/FancyApp/Meshes/SM_Curtain_01.uexp" 1504
"E:/Repository/732-abbot-grove-VR/Content/FancyApp/Textures/Book/SM_Book_01_DefaultMaterial_OcclusionRoughnessMetallic.uasset" 1505
"E:/Repository/732-abbot-grove-VR/Content/FancyApp/Textures/Book/SM_Book_01_DefaultMaterial_OcclusionRoughnessMetallic.uexp" 1506
"E:/Repository/732-abbot-grove-VR/Content/FancyApp/Textures/Book/SM_Book_01_DefaultMaterial_Normal.ubulk" 1507
"E:/Repository/732-abbot-grove-VR/Content/FancyApp/Textures/Book/SM_Book_01_DefaultMaterial_Normal.uasset" 1508
"E:/Repository/732-abbot-grove-VR/Content/FancyApp/Textures/Book/SM_Book_01_DefaultMaterial_Normal.uexp" 1509
"E:/Repository/732-abbot-grove-VR/Content/FancyApp/Textures/Book/book1.ubulk" 1510
"E:/Repository/732-abbot-grove-VR/Content/FancyApp/Textures/Book/book1.uasset" 1511
"E:/Repository/732-abbot-grove-VR/Content/FancyApp/Textures/Book/book1.uexp" 1512
"../../../Engine/Content/Functions/Engine_MaterialFunctions02/Texturing/CustomRotator.uasset" 1513
"../../../Engine/Content/Functions/Engine_MaterialFunctions02/Texturing/CustomRotator.uexp" 1514
"E:/Repository/732-abbot-grove-VR/Content/FancyApp/Textures/Sphere/SM_SphereLight_DefaultMaterial_Emissive.ubulk" 1515
"E:/Repository/732-abbot-grove-VR/Content/FancyApp/Textures/Sphere/SM_SphereLight_DefaultMaterial_Emissive.uasset" 1516
"E:/Repository/732-abbot-grove-VR/Content/FancyApp/Textures/Sphere/SM_SphereLight_DefaultMaterial_Emissive.uexp" 1517
"E:/Repository/732-abbot-grove-VR/Content/FancyApp/Textures/Sofa_01/T_Sofa_N_Backed_01.ubulk" 1518
"E:/Repository/732-abbot-grove-VR/Content/FancyApp/Textures/Sofa_01/T_Sofa_N_Backed_01.uasset" 1519
"E:/Repository/732-abbot-grove-VR/Content/FancyApp/Textures/Sofa_01/T_Sofa_N_Backed_01.uexp" 1520
"E:/Repository/732-abbot-grove-VR/Content/FancyApp/Textures/FloorLivingRoom/T_th3udd1l_4K_ORM.ubulk" 1521
"E:/Repository/732-abbot-grove-VR/Content/FancyApp/Textures/FloorLivingRoom/T_th3udd1l_4K_ORM.uasset" 1522
"E:/Repository/732-abbot-grove-VR/Content/FancyApp/Textures/FloorLivingRoom/T_th3udd1l_4K_ORM.uexp" 1523
"E:/Repository/732-abbot-grove-VR/Content/FancyApp/Textures/FloorLivingRoom/T_th3udd1l_4K_N.uasset" 1524
"E:/Repository/732-abbot-grove-VR/Content/FancyApp/Textures/FloorLivingRoom/T_th3udd1l_4K_N.uexp" 1525
"E:/Repository/732-abbot-grove-VR/Content/FancyApp/Textures/FloorLivingRoom/T_th3udd1l_4K_B.ubulk" 1526
"E:/Repository/732-abbot-grove-VR/Content/FancyApp/Textures/FloorLivingRoom/T_th3udd1l_4K_B.uasset" 1527
"E:/Repository/732-abbot-grove-VR/Content/FancyApp/Textures/FloorLivingRoom/T_th3udd1l_4K_B.uexp" 1528
"E:/Repository/732-abbot-grove-VR/Content/FancyApp/Textures/Carpet/T_Perlin_Noise_M.ubulk" 1529
"E:/Repository/732-abbot-grove-VR/Content/FancyApp/Textures/Carpet/T_Perlin_Noise_M.uasset" 1530
"E:/Repository/732-abbot-grove-VR/Content/FancyApp/Textures/Carpet/T_Perlin_Noise_M.uexp" 1531
"E:/Repository/732-abbot-grove-VR/Content/FancyApp/Materials/Main/M_MainMaterial_01.uasset" 1532
"E:/Repository/732-abbot-grove-VR/Content/FancyApp/Materials/Main/M_MainMaterial_01.uexp" 1533
"E:/Repository/732-abbot-grove-VR/Content/FancyApp/Materials/Main/MI_Book1.uasset" 1534
"E:/Repository/732-abbot-grove-VR/Content/FancyApp/Materials/Main/MI_Book1.uexp" 1535
"E:/Repository/732-abbot-grove-VR/Content/FancyApp/Meshes/8/SM_Book_01.ubulk" 1536
"E:/Repository/732-abbot-grove-VR/Content/FancyApp/Meshes/8/SM_Book_01.uasset" 1537
"E:/Repository/732-abbot-grove-VR/Content/FancyApp/Meshes/8/SM_Book_01.uexp" 1538
"E:/Repository/732-abbot-grove-VR/Content/FancyApp/Materials/Main/M_Solid_01.uasset" 1539
"E:/Repository/732-abbot-grove-VR/Content/FancyApp/Materials/Main/M_Solid_01.uexp" 1540
"E:/Repository/732-abbot-grove-VR/Content/FancyApp/Materials/Main/MI_Solid_17.uasset" 1541
"E:/Repository/732-abbot-grove-VR/Content/FancyApp/Materials/Main/MI_Solid_17.uexp" 1542
"E:/Repository/732-abbot-grove-VR/Content/FancyApp/Materials/Main/MI_Solid_21.uasset" 1543
"E:/Repository/732-abbot-grove-VR/Content/FancyApp/Materials/Main/MI_Solid_21.uexp" 1544
"E:/Repository/732-abbot-grove-VR/Content/FancyApp/Materials/Main/MI_Solid_22.uasset" 1545
"E:/Repository/732-abbot-grove-VR/Content/FancyApp/Materials/Main/MI_Solid_22.uexp" 1546
"E:/Repository/732-abbot-grove-VR/Content/FancyApp/Materials/Main/MI_Solid_23.uasset" 1547
"E:/Repository/732-abbot-grove-VR/Content/FancyApp/Materials/Main/MI_Solid_23.uexp" 1548
"E:/Repository/732-abbot-grove-VR/Content/FancyApp/Materials/Main/MI_Solid_24.uasset" 1549
"E:/Repository/732-abbot-grove-VR/Content/FancyApp/Materials/Main/MI_Solid_24.uexp" 1550
"E:/Repository/732-abbot-grove-VR/Content/FancyApp/Materials/Main/MI_Solid_25.uasset" 1551
"E:/Repository/732-abbot-grove-VR/Content/FancyApp/Materials/Main/MI_Solid_25.uexp" 1552
"E:/Repository/732-abbot-grove-VR/Content/FancyApp/Materials/Main/MI_Solid_26.uasset" 1553
"E:/Repository/732-abbot-grove-VR/Content/FancyApp/Materials/Main/MI_Solid_26.uexp" 1554
"E:/Repository/732-abbot-grove-VR/Content/FancyApp/Materials/Main/MI_Solid_27.uasset" 1555
"E:/Repository/732-abbot-grove-VR/Content/FancyApp/Materials/Main/MI_Solid_27.uexp" 1556
"E:/Repository/732-abbot-grove-VR/Content/FancyApp/Materials/Main/MI_Solid_28.uasset" 1557
"E:/Repository/732-abbot-grove-VR/Content/FancyApp/Materials/Main/MI_Solid_28.uexp" 1558
"E:/Repository/732-abbot-grove-VR/Content/FancyApp/Materials/Main/MI_Solid_29.uasset" 1559
"E:/Repository/732-abbot-grove-VR/Content/FancyApp/Materials/Main/MI_Solid_29.uexp" 1560
"E:/Repository/732-abbot-grove-VR/Content/FancyApp/Materials/Main/MI_Solid_30.uasset" 1561
"E:/Repository/732-abbot-grove-VR/Content/FancyApp/Materials/Main/MI_Solid_30.uexp" 1562
"E:/Repository/732-abbot-grove-VR/Content/FancyApp/Materials/Main/MI_Solid_31.uasset" 1563
"E:/Repository/732-abbot-grove-VR/Content/FancyApp/Materials/Main/MI_Solid_31.uexp" 1564
"E:/Repository/732-abbot-grove-VR/Content/FancyApp/Materials/Main/MI_Solid_32.uasset" 1565
"E:/Repository/732-abbot-grove-VR/Content/FancyApp/Materials/Main/MI_Solid_32.uexp" 1566
"E:/Repository/732-abbot-grove-VR/Content/FancyApp/Materials/Main/MI_Solid_33.uasset" 1567
"E:/Repository/732-abbot-grove-VR/Content/FancyApp/Materials/Main/MI_Solid_33.uexp" 1568
"E:/Repository/732-abbot-grove-VR/Content/FancyApp/Materials/Main/MI_Solid_34.uasset" 1569
"E:/Repository/732-abbot-grove-VR/Content/FancyApp/Materials/Main/MI_Solid_34.uexp" 1570
"E:/Repository/732-abbot-grove-VR/Content/FancyApp/Materials/Main/MI_Solid_36.uasset" 1571
"E:/Repository/732-abbot-grove-VR/Content/FancyApp/Materials/Main/MI_Solid_36.uexp" 1572
"E:/Repository/732-abbot-grove-VR/Content/FancyApp/Materials/Main/MI_Solid_37.uasset" 1573
"E:/Repository/732-abbot-grove-VR/Content/FancyApp/Materials/Main/MI_Solid_37.uexp" 1574
"E:/Repository/732-abbot-grove-VR/Content/FancyApp/Materials/Main/MI_Solid_38.uasset" 1575
"E:/Repository/732-abbot-grove-VR/Content/FancyApp/Materials/Main/MI_Solid_38.uexp" 1576
"E:/Repository/732-abbot-grove-VR/Content/FancyApp/Materials/Main/MI_Solid_39.uasset" 1577
"E:/Repository/732-abbot-grove-VR/Content/FancyApp/Materials/Main/MI_Solid_39.uexp" 1578
"E:/Repository/732-abbot-grove-VR/Content/FancyApp/Materials/Main/MI_Solid_40.uasset" 1579
"E:/Repository/732-abbot-grove-VR/Content/FancyApp/Materials/Main/MI_Solid_40.uexp" 1580
"E:/Repository/732-abbot-grove-VR/Content/FancyApp/Materials/Main/MI_Solid_42.uasset" 1581
"E:/Repository/732-abbot-grove-VR/Content/FancyApp/Materials/Main/MI_Solid_42.uexp" 1582
"E:/Repository/732-abbot-grove-VR/Content/FancyApp/Materials/Main/MI_Solid_43.uasset" 1583
"E:/Repository/732-abbot-grove-VR/Content/FancyApp/Materials/Main/MI_Solid_43.uexp" 1584
"E:/Repository/732-abbot-grove-VR/Content/FancyApp/Materials/Main/MI_Solid_44.uasset" 1585
"E:/Repository/732-abbot-grove-VR/Content/FancyApp/Materials/Main/MI_Solid_44.uexp" 1586
"E:/Repository/732-abbot-grove-VR/Content/FancyApp/Materials/Main/MI_Solid_45.uasset" 1587
"E:/Repository/732-abbot-grove-VR/Content/FancyApp/Materials/Main/MI_Solid_45.uexp" 1588
"E:/Repository/732-abbot-grove-VR/Content/FancyApp/Materials/Main/MI_Solid_47.uasset" 1589
"E:/Repository/732-abbot-grove-VR/Content/FancyApp/Materials/Main/MI_Solid_47.uexp" 1590
"E:/Repository/732-abbot-grove-VR/Content/FancyApp/Materials/Main/MI_Solid_48.uasset" 1591
"E:/Repository/732-abbot-grove-VR/Content/FancyApp/Materials/Main/MI_Solid_48.uexp" 1592
"E:/Repository/732-abbot-grove-VR/Content/FancyApp/Materials/Main/MI_Solid_49.uasset" 1593
"E:/Repository/732-abbot-grove-VR/Content/FancyApp/Materials/Main/MI_Solid_49.uexp" 1594
"E:/Repository/732-abbot-grove-VR/Content/FancyApp/Materials/Main/MI_Solid_50.uasset" 1595
"E:/Repository/732-abbot-grove-VR/Content/FancyApp/Materials/Main/MI_Solid_50.uexp" 1596
"E:/Repository/732-abbot-grove-VR/Content/FancyApp/Materials/Main/MI_Solid_51.uasset" 1597
"E:/Repository/732-abbot-grove-VR/Content/FancyApp/Materials/Main/MI_Solid_51.uexp" 1598
"E:/Repository/732-abbot-grove-VR/Content/FancyApp/Meshes/1/SM_TV_01.ubulk" 1599
"E:/Repository/732-abbot-grove-VR/Content/FancyApp/Meshes/1/SM_TV_01.uasset" 1600
"E:/Repository/732-abbot-grove-VR/Content/FancyApp/Meshes/1/SM_TV_01.uexp" 1601
"E:/Repository/732-abbot-grove-VR/Content/FancyApp/Materials/Main/MI_Solid_03.uasset" 1602
"E:/Repository/732-abbot-grove-VR/Content/FancyApp/Materials/Main/MI_Solid_03.uexp" 1603
"E:/Repository/732-abbot-grove-VR/Content/FancyApp/Materials/Main/MI_GlassMaterial_05.uasset" 1604
"E:/Repository/732-abbot-grove-VR/Content/FancyApp/Materials/Main/MI_GlassMaterial_05.uexp" 1605
"E:/Repository/732-abbot-grove-VR/Content/FancyApp/Blueprints/SM_SphereLoading.ubulk" 1606
"E:/Repository/732-abbot-grove-VR/Content/FancyApp/Blueprints/SM_SphereLoading.uasset" 1607
"E:/Repository/732-abbot-grove-VR/Content/FancyApp/Blueprints/SM_SphereLoading.uexp" 1608
"E:/Repository/732-abbot-grove-VR/Content/FancyApp/Blueprints/NewMaterial.uasset" 1609
"E:/Repository/732-abbot-grove-VR/Content/FancyApp/Blueprints/NewMaterial.uexp" 1610
"E:/Repository/732-abbot-grove-VR/Content/FancyApp/Blueprints/BP_WarmupSphere.uasset" 1611
"E:/Repository/732-abbot-grove-VR/Content/FancyApp/Blueprints/BP_WarmupSphere.uexp" 1612
"E:/Repository/732-abbot-grove-VR/Content/FancyApp/Blueprints/Loading_Progress.ubulk" 1613
"E:/Repository/732-abbot-grove-VR/Content/FancyApp/Blueprints/Loading_Progress.uasset" 1614
"E:/Repository/732-abbot-grove-VR/Content/FancyApp/Blueprints/Loading_Progress.uexp" 1615
"E:/Repository/732-abbot-grove-VR/Content/FancyApp/Blueprints/Loading_Base.ubulk" 1616
"E:/Repository/732-abbot-grove-VR/Content/FancyApp/Blueprints/Loading_Base.uasset" 1617
"E:/Repository/732-abbot-grove-VR/Content/FancyApp/Blueprints/Loading_Base.uexp" 1618
"E:/Repository/732-abbot-grove-VR/Content/FancyApp/Blueprints/WBP_Loading.uasset" 1619
"E:/Repository/732-abbot-grove-VR/Content/FancyApp/Blueprints/WBP_Loading.uexp" 1620
"E:/Repository/732-abbot-grove-VR/Content/FancyApp/Blueprints/BP_WarmupCamera.uasset" 1621
"E:/Repository/732-abbot-grove-VR/Content/FancyApp/Blueprints/BP_WarmupCamera.uexp" 1622
"E:/Repository/732-abbot-grove-VR/Content/FancyApp/Blueprints/BP_WarmupManager.uasset" 1623
"E:/Repository/732-abbot-grove-VR/Content/FancyApp/Blueprints/BP_WarmupManager.uexp" 1624
"../../../Engine/Content/BasicShapes/Plane.ubulk" 1625
"../../../Engine/Content/BasicShapes/Plane.uasset" 1626
"../../../Engine/Content/BasicShapes/Plane.uexp" 1627
"E:/Repository/732-abbot-grove-VR/Content/FancyApp/Textures/Clocks/T_0.ubulk" 1628
"E:/Repository/732-abbot-grove-VR/Content/FancyApp/Textures/Clocks/T_0.uasset" 1629
"E:/Repository/732-abbot-grove-VR/Content/FancyApp/Textures/Clocks/T_0.uexp" 1630
"E:/Repository/732-abbot-grove-VR/Content/FancyApp/Textures/Clocks/T_1.ubulk" 1631
"E:/Repository/732-abbot-grove-VR/Content/FancyApp/Textures/Clocks/T_1.uasset" 1632
"E:/Repository/732-abbot-grove-VR/Content/FancyApp/Textures/Clocks/T_1.uexp" 1633
"E:/Repository/732-abbot-grove-VR/Content/FancyApp/Textures/Clocks/T_2.ubulk" 1634
"E:/Repository/732-abbot-grove-VR/Content/FancyApp/Textures/Clocks/T_2.uasset" 1635
"E:/Repository/732-abbot-grove-VR/Content/FancyApp/Textures/Clocks/T_2.uexp" 1636
"E:/Repository/732-abbot-grove-VR/Content/FancyApp/Textures/Clocks/T_3.ubulk" 1637
"E:/Repository/732-abbot-grove-VR/Content/FancyApp/Textures/Clocks/T_3.uasset" 1638
"E:/Repository/732-abbot-grove-VR/Content/FancyApp/Textures/Clocks/T_3.uexp" 1639
"E:/Repository/732-abbot-grove-VR/Content/FancyApp/Textures/Clocks/T_4.ubulk" 1640
"E:/Repository/732-abbot-grove-VR/Content/FancyApp/Textures/Clocks/T_4.uasset" 1641
"E:/Repository/732-abbot-grove-VR/Content/FancyApp/Textures/Clocks/T_4.uexp" 1642
"E:/Repository/732-abbot-grove-VR/Content/FancyApp/Textures/Clocks/T_5.ubulk" 1643
"E:/Repository/732-abbot-grove-VR/Content/FancyApp/Textures/Clocks/T_5.uasset" 1644
"E:/Repository/732-abbot-grove-VR/Content/FancyApp/Textures/Clocks/T_5.uexp" 1645
"E:/Repository/732-abbot-grove-VR/Content/FancyApp/Textures/Clocks/T_6.ubulk" 1646
"E:/Repository/732-abbot-grove-VR/Content/FancyApp/Textures/Clocks/T_6.uasset" 1647
"E:/Repository/732-abbot-grove-VR/Content/FancyApp/Textures/Clocks/T_6.uexp" 1648
"E:/Repository/732-abbot-grove-VR/Content/FancyApp/Textures/Clocks/T_7.ubulk" 1649
"E:/Repository/732-abbot-grove-VR/Content/FancyApp/Textures/Clocks/T_7.uasset" 1650
"E:/Repository/732-abbot-grove-VR/Content/FancyApp/Textures/Clocks/T_7.uexp" 1651
"E:/Repository/732-abbot-grove-VR/Content/FancyApp/Textures/Clocks/T_8.ubulk" 1652
"E:/Repository/732-abbot-grove-VR/Content/FancyApp/Textures/Clocks/T_8.uasset" 1653
"E:/Repository/732-abbot-grove-VR/Content/FancyApp/Textures/Clocks/T_8.uexp" 1654
"E:/Repository/732-abbot-grove-VR/Content/FancyApp/Textures/Clocks/T_9.ubulk" 1655
"E:/Repository/732-abbot-grove-VR/Content/FancyApp/Textures/Clocks/T_9.uasset" 1656
"E:/Repository/732-abbot-grove-VR/Content/FancyApp/Textures/Clocks/T_9.uexp" 1657
"E:/Repository/732-abbot-grove-VR/Content/FancyApp/Textures/Clocks/T_twodots.ubulk" 1658
"E:/Repository/732-abbot-grove-VR/Content/FancyApp/Textures/Clocks/T_twodots.uasset" 1659
"E:/Repository/732-abbot-grove-VR/Content/FancyApp/Textures/Clocks/T_twodots.uexp" 1660
"E:/Repository/732-abbot-grove-VR/Content/FancyApp/Textures/Clocks/M_Clocks_01.uasset" 1661
"E:/Repository/732-abbot-grove-VR/Content/FancyApp/Textures/Clocks/M_Clocks_01.uexp" 1662
"E:/Repository/732-abbot-grove-VR/Content/FancyApp/Textures/Clocks/MI_Clocks3.uasset" 1663
"E:/Repository/732-abbot-grove-VR/Content/FancyApp/Textures/Clocks/MI_Clocks3.uexp" 1664
"E:/Repository/732-abbot-grove-VR/Content/FancyApp/Textures/Clocks/MI_Clocks2.uasset" 1665
"E:/Repository/732-abbot-grove-VR/Content/FancyApp/Textures/Clocks/MI_Clocks2.uexp" 1666
"E:/Repository/732-abbot-grove-VR/Content/FancyApp/Blueprints/BP_DigitalClock1.uasset" 1667
"E:/Repository/732-abbot-grove-VR/Content/FancyApp/Blueprints/BP_DigitalClock1.uexp" 1668
"E:/Repository/732-abbot-grove-VR/Content/Abbot732/Mesh/SM_Wardrobe_02.ubulk" 1669
"E:/Repository/732-abbot-grove-VR/Content/Abbot732/Mesh/SM_Wardrobe_02.uasset" 1670
"E:/Repository/732-abbot-grove-VR/Content/Abbot732/Mesh/SM_Wardrobe_02.uexp" 1671
"E:/Repository/732-abbot-grove-VR/Content/Abbot732/Mesh/SM_Wardrobe_01.ubulk" 1672
"E:/Repository/732-abbot-grove-VR/Content/Abbot732/Mesh/SM_Wardrobe_01.uasset" 1673
"E:/Repository/732-abbot-grove-VR/Content/Abbot732/Mesh/SM_Wardrobe_01.uexp" 1674
"E:/Repository/732-abbot-grove-VR/Content/Abbot732/Mesh/SM_Veshalka.ubulk" 1675
"E:/Repository/732-abbot-grove-VR/Content/Abbot732/Mesh/SM_Veshalka.uasset" 1676
"E:/Repository/732-abbot-grove-VR/Content/Abbot732/Mesh/SM_Veshalka.uexp" 1677
"E:/Repository/732-abbot-grove-VR/Content/Abbot732/Mesh/SM_Thumb_01.ubulk" 1678
"E:/Repository/732-abbot-grove-VR/Content/Abbot732/Mesh/SM_Thumb_01.uasset" 1679
"E:/Repository/732-abbot-grove-VR/Content/Abbot732/Mesh/SM_Thumb_01.uexp" 1680
"E:/Repository/732-abbot-grove-VR/Content/Abbot732/Mesh/SM_Sofa_05.ubulk" 1681
"E:/Repository/732-abbot-grove-VR/Content/Abbot732/Mesh/SM_Sofa_05.uasset" 1682
"E:/Repository/732-abbot-grove-VR/Content/Abbot732/Mesh/SM_Sofa_05.uexp" 1683
"E:/Repository/732-abbot-grove-VR/Content/Abbot732/Mesh/SM_Sofa_04.ubulk" 1684
"E:/Repository/732-abbot-grove-VR/Content/Abbot732/Mesh/SM_Sofa_04.uasset" 1685
"E:/Repository/732-abbot-grove-VR/Content/Abbot732/Mesh/SM_Sofa_04.uexp" 1686
"E:/Repository/732-abbot-grove-VR/Content/Abbot732/Mesh/SM_Sofa_03.ubulk" 1687
"E:/Repository/732-abbot-grove-VR/Content/Abbot732/Mesh/SM_Sofa_03.uasset" 1688
"E:/Repository/732-abbot-grove-VR/Content/Abbot732/Mesh/SM_Sofa_03.uexp" 1689
"E:/Repository/732-abbot-grove-VR/Content/Abbot732/Mesh/SM_Sofa_02.ubulk" 1690
"E:/Repository/732-abbot-grove-VR/Content/Abbot732/Mesh/SM_Sofa_02.uasset" 1691
"E:/Repository/732-abbot-grove-VR/Content/Abbot732/Mesh/SM_Sofa_02.uexp" 1692
"../../../Engine/Plugins/Interchange/Assets/Content/Functions/MF_PhongToMetalRoughness.uasset" 1693
"../../../Engine/Plugins/Interchange/Assets/Content/Functions/MF_PhongToMetalRoughness.uexp" 1694
"E:/Repository/732-abbot-grove-VR/Content/Abbot732/Mesh/Material__2147483647.uasset" 1695
"E:/Repository/732-abbot-grove-VR/Content/Abbot732/Mesh/Material__2147483647.uexp" 1696
"E:/Repository/732-abbot-grove-VR/Content/Abbot732/Mesh/Material__2147483646.uasset" 1697
"E:/Repository/732-abbot-grove-VR/Content/Abbot732/Mesh/Material__2147483646.uexp" 1698
"E:/Repository/732-abbot-grove-VR/Content/Abbot732/Mesh/Material__-2147483625.uasset" 1699
"E:/Repository/732-abbot-grove-VR/Content/Abbot732/Mesh/Material__-2147483625.uexp" 1700
"E:/Repository/732-abbot-grove-VR/Content/Abbot732/Mesh/SM_Sofa_01.ubulk" 1701
"E:/Repository/732-abbot-grove-VR/Content/Abbot732/Mesh/SM_Sofa_01.uasset" 1702
"E:/Repository/732-abbot-grove-VR/Content/Abbot732/Mesh/SM_Sofa_01.uexp" 1703
"E:/Repository/732-abbot-grove-VR/Content/Abbot732/Mesh/SM_MirrorLivingRoom_01.ubulk" 1704
"E:/Repository/732-abbot-grove-VR/Content/Abbot732/Mesh/SM_MirrorLivingRoom_01.uasset" 1705
"E:/Repository/732-abbot-grove-VR/Content/Abbot732/Mesh/SM_MirrorLivingRoom_01.uexp" 1706
"E:/Repository/732-abbot-grove-VR/Content/Abbot732/Mesh/SM_LR_Bookself.ubulk" 1707
"E:/Repository/732-abbot-grove-VR/Content/Abbot732/Mesh/SM_LR_Bookself.uasset" 1708
"E:/Repository/732-abbot-grove-VR/Content/Abbot732/Mesh/SM_LR_Bookself.uexp" 1709
"E:/Repository/732-abbot-grove-VR/Content/Abbot732/Mesh/SM_Locker_33.ubulk" 1710
"E:/Repository/732-abbot-grove-VR/Content/Abbot732/Mesh/SM_Locker_33.uasset" 1711
"E:/Repository/732-abbot-grove-VR/Content/Abbot732/Mesh/SM_Locker_33.uexp" 1712
"E:/Repository/732-abbot-grove-VR/Content/Abbot732/Mesh/SM_LivingRoomTable.ubulk" 1713
"E:/Repository/732-abbot-grove-VR/Content/Abbot732/Mesh/SM_LivingRoomTable.uasset" 1714
"E:/Repository/732-abbot-grove-VR/Content/Abbot732/Mesh/SM_LivingRoomTable.uexp" 1715
"E:/Repository/732-abbot-grove-VR/Content/Abbot732/Mesh/SM_KitchenTable.ubulk" 1716
"E:/Repository/732-abbot-grove-VR/Content/Abbot732/Mesh/SM_KitchenTable.uasset" 1717
"E:/Repository/732-abbot-grove-VR/Content/Abbot732/Mesh/SM_KitchenTable.uexp" 1718
"E:/Repository/732-abbot-grove-VR/Content/Abbot732/Mesh/SM_Halat_01.ubulk" 1719
"E:/Repository/732-abbot-grove-VR/Content/Abbot732/Mesh/SM_Halat_01.uasset" 1720
"E:/Repository/732-abbot-grove-VR/Content/Abbot732/Mesh/SM_Halat_01.uexp" 1721
"E:/Repository/732-abbot-grove-VR/Content/Abbot732/Mesh/SM_EnterDoor_02.ubulk" 1722
"E:/Repository/732-abbot-grove-VR/Content/Abbot732/Mesh/SM_EnterDoor_02.uasset" 1723
"E:/Repository/732-abbot-grove-VR/Content/Abbot732/Mesh/SM_EnterDoor_02.uexp" 1724
"E:/Repository/732-abbot-grove-VR/Content/Abbot732/Mesh/SM_EnterDoor_01.ubulk" 1725
"E:/Repository/732-abbot-grove-VR/Content/Abbot732/Mesh/SM_EnterDoor_01.uasset" 1726
"E:/Repository/732-abbot-grove-VR/Content/Abbot732/Mesh/SM_EnterDoor_01.uexp" 1727
"E:/Repository/732-abbot-grove-VR/Content/Abbot732/Mesh/SM_DoorKitchenLocker.ubulk" 1728
"E:/Repository/732-abbot-grove-VR/Content/Abbot732/Mesh/SM_DoorKitchenLocker.uasset" 1729
"E:/Repository/732-abbot-grove-VR/Content/Abbot732/Mesh/SM_DoorKitchenLocker.uexp" 1730
"E:/Repository/732-abbot-grove-VR/Content/Abbot732/Mesh/SM_Carpet_01.ubulk" 1731
"E:/Repository/732-abbot-grove-VR/Content/Abbot732/Mesh/SM_Carpet_01.uasset" 1732
"E:/Repository/732-abbot-grove-VR/Content/Abbot732/Mesh/SM_Carpet_01.uexp" 1733
"E:/Repository/732-abbot-grove-VR/Content/Abbot732/Mesh/SM_BathroomMarbleWall_02.ubulk" 1734
"E:/Repository/732-abbot-grove-VR/Content/Abbot732/Mesh/SM_BathroomMarbleWall_02.uasset" 1735
"E:/Repository/732-abbot-grove-VR/Content/Abbot732/Mesh/SM_BathroomMarbleWall_02.uexp" 1736
"E:/Repository/732-abbot-grove-VR/Content/Abbot732/Mesh/SM_BathroomMarbleWall_01.ubulk" 1737
"E:/Repository/732-abbot-grove-VR/Content/Abbot732/Mesh/SM_BathroomMarbleWall_01.uasset" 1738
"E:/Repository/732-abbot-grove-VR/Content/Abbot732/Mesh/SM_BathroomMarbleWall_01.uexp" 1739
"../../../Engine/Content/MapTemplates/Sky/Desert_Outer_HDR.uasset" 1740
"../../../Engine/Content/MapTemplates/Sky/Desert_Outer_HDR.uexp" 1741
"E:/Repository/732-abbot-grove-VR/Content/Abbot732/Back/732_360_Panorama.uasset" 1742
"E:/Repository/732-abbot-grove-VR/Content/Abbot732/Back/732_360_Panorama.uexp" 1743
"E:/Repository/732-abbot-grove-VR/Content/FancyApp/Textures/Background/Sequence_Barckground_Panoramic_CineCameraActor_0015.ubulk" 1744
"E:/Repository/732-abbot-grove-VR/Content/FancyApp/Textures/Background/Sequence_Barckground_Panoramic_CineCameraActor_0015.uasset" 1745
"E:/Repository/732-abbot-grove-VR/Content/FancyApp/Textures/Background/Sequence_Barckground_Panoramic_CineCameraActor_0015.uexp" 1746
"E:/Repository/732-abbot-grove-VR/Content/FancyApp/Textures/Background/M_Background.uasset" 1747
"E:/Repository/732-abbot-grove-VR/Content/FancyApp/Textures/Background/M_Background.uexp" 1748
"E:/Repository/732-abbot-grove-VR/Content/FancyApp/Textures/Background/M_Background_Inst3.uasset" 1749
"E:/Repository/732-abbot-grove-VR/Content/FancyApp/Textures/Background/M_Background_Inst3.uexp" 1750
"E:/Repository/732-abbot-grove-VR/Content/FancyApp/Materials/M_UnlitMaterial.uasset" 1751
"E:/Repository/732-abbot-grove-VR/Content/FancyApp/Materials/M_UnlitMaterial.uexp" 1752
"E:/Repository/732-abbot-grove-VR/Content/FancyApp/Materials/M_UnlitMaterial_Inst1.uasset" 1753
"E:/Repository/732-abbot-grove-VR/Content/FancyApp/Materials/M_UnlitMaterial_Inst1.uexp" 1754
"E:/Repository/732-abbot-grove-VR/Content/FancyApp/Textures/MainWalls/T_qj2luvs0_4K_N.ubulk" 1755
"E:/Repository/732-abbot-grove-VR/Content/FancyApp/Textures/MainWalls/T_qj2luvs0_4K_N.uasset" 1756
"E:/Repository/732-abbot-grove-VR/Content/FancyApp/Textures/MainWalls/T_qj2luvs0_4K_N.uexp" 1757
"E:/Repository/732-abbot-grove-VR/Content/FancyApp/Materials/M_SolidANdNormal.uasset" 1758
"E:/Repository/732-abbot-grove-VR/Content/FancyApp/Materials/M_SolidANdNormal.uexp" 1759
"E:/Repository/732-abbot-grove-VR/Content/FancyApp/Materials/M_SolidANdNormal_Inst8.uasset" 1760
"E:/Repository/732-abbot-grove-VR/Content/FancyApp/Materials/M_SolidANdNormal_Inst8.uexp" 1761
"E:/Repository/732-abbot-grove-VR/Content/FancyApp/Materials/M_SolidANdNormal_Inst7.uasset" 1762
"E:/Repository/732-abbot-grove-VR/Content/FancyApp/Materials/M_SolidANdNormal_Inst7.uexp" 1763
"E:/Repository/732-abbot-grove-VR/Content/FancyApp/Materials/M_SolidANdNormal_Inst6.uasset" 1764
"E:/Repository/732-abbot-grove-VR/Content/FancyApp/Materials/M_SolidANdNormal_Inst6.uexp" 1765
"E:/Repository/732-abbot-grove-VR/Content/FancyApp/Materials/M_SolidANdNormal_Inst4.uasset" 1766
"E:/Repository/732-abbot-grove-VR/Content/FancyApp/Materials/M_SolidANdNormal_Inst4.uexp" 1767
"E:/Repository/732-abbot-grove-VR/Content/FancyApp/Materials/M_SolidColor.uasset" 1768
"E:/Repository/732-abbot-grove-VR/Content/FancyApp/Materials/M_SolidColor.uexp" 1769
"E:/Repository/732-abbot-grove-VR/Content/FancyApp/Materials/MI_SolidColor_01.uasset" 1770
"E:/Repository/732-abbot-grove-VR/Content/FancyApp/Materials/MI_SolidColor_01.uexp" 1771
"E:/Repository/732-abbot-grove-VR/Content/FancyApp/Materials/MI_SolidColor_01_Inst1.uasset" 1772
"E:/Repository/732-abbot-grove-VR/Content/FancyApp/Materials/MI_SolidColor_01_Inst1.uexp" 1773
"E:/Repository/732-abbot-grove-VR/Content/Abbot732/Textures/Wooden_n_abbot_01.ubulk" 1774
"E:/Repository/732-abbot-grove-VR/Content/Abbot732/Textures/Wooden_n_abbot_01.uasset" 1775
"E:/Repository/732-abbot-grove-VR/Content/Abbot732/Textures/Wooden_n_abbot_01.uexp" 1776
"E:/Repository/732-abbot-grove-VR/Content/Abbot732/Textures/Wooden_mrao_abbot_01.ubulk" 1777
"E:/Repository/732-abbot-grove-VR/Content/Abbot732/Textures/Wooden_mrao_abbot_01.uasset" 1778
"E:/Repository/732-abbot-grove-VR/Content/Abbot732/Textures/Wooden_mrao_abbot_01.uexp" 1779
"E:/Repository/732-abbot-grove-VR/Content/Abbot732/Textures/Wooden_bc_abbot_01.ubulk" 1780
"E:/Repository/732-abbot-grove-VR/Content/Abbot732/Textures/Wooden_bc_abbot_01.uasset" 1781
"E:/Repository/732-abbot-grove-VR/Content/Abbot732/Textures/Wooden_bc_abbot_01.uexp" 1782
"E:/Repository/732-abbot-grove-VR/Content/FancyApp/Materials/Main/MI_WoodenWall_10.uasset" 1783
"E:/Repository/732-abbot-grove-VR/Content/FancyApp/Materials/Main/MI_WoodenWall_10.uexp" 1784
"E:/Repository/732-abbot-grove-VR/Content/FancyApp/Textures/WoodenWall/WoodFine07_R_6K.ubulk" 1785
"E:/Repository/732-abbot-grove-VR/Content/FancyApp/Textures/WoodenWall/WoodFine07_R_6K.uasset" 1786
"E:/Repository/732-abbot-grove-VR/Content/FancyApp/Textures/WoodenWall/WoodFine07_R_6K.uexp" 1787
"E:/Repository/732-abbot-grove-VR/Content/FancyApp/Textures/WoodenWall/WoodFine07_COL_6K.ubulk" 1788
"E:/Repository/732-abbot-grove-VR/Content/FancyApp/Textures/WoodenWall/WoodFine07_COL_6K.uasset" 1789
"E:/Repository/732-abbot-grove-VR/Content/FancyApp/Textures/WoodenWall/WoodFine07_COL_6K.uexp" 1790
"E:/Repository/732-abbot-grove-VR/Content/FancyApp/Materials/Main/MI_WoodenWall_13.uasset" 1791
"E:/Repository/732-abbot-grove-VR/Content/FancyApp/Materials/Main/MI_WoodenWall_13.uexp" 1792
"E:/Repository/732-abbot-grove-VR/Content/FancyApp/Materials/Main/MI_WoodenWall_14.uasset" 1793
"E:/Repository/732-abbot-grove-VR/Content/FancyApp/Materials/Main/MI_WoodenWall_14.uexp" 1794
"E:/Repository/732-abbot-grove-VR/Content/FancyApp/Materials/Main/MI_WoodenWall_15.uasset" 1795
"E:/Repository/732-abbot-grove-VR/Content/FancyApp/Materials/Main/MI_WoodenWall_15.uexp" 1796
"E:/Repository/732-abbot-grove-VR/Content/Abbot732/Textures/9994.ubulk" 1797
"E:/Repository/732-abbot-grove-VR/Content/Abbot732/Textures/9994.uasset" 1798
"E:/Repository/732-abbot-grove-VR/Content/Abbot732/Textures/9994.uexp" 1799
"E:/Repository/732-abbot-grove-VR/Content/Abbot732/Textures/Untitled00-1.ubulk" 1800
"E:/Repository/732-abbot-grove-VR/Content/Abbot732/Textures/Untitled00-1.uasset" 1801
"E:/Repository/732-abbot-grove-VR/Content/Abbot732/Textures/Untitled00-1.uexp" 1802
"E:/Repository/732-abbot-grove-VR/Content/Abbot732/Textures/NormalMap__34_.ubulk" 1803
"E:/Repository/732-abbot-grove-VR/Content/Abbot732/Textures/NormalMap__34_.uasset" 1804
"E:/Repository/732-abbot-grove-VR/Content/Abbot732/Textures/NormalMap__34_.uexp" 1805
"E:/Repository/732-abbot-grove-VR/Content/FancyApp/Materials/Main/MI_WoodenWall_16.uasset" 1806
"E:/Repository/732-abbot-grove-VR/Content/FancyApp/Materials/Main/MI_WoodenWall_16.uexp" 1807
"E:/Repository/732-abbot-grove-VR/Content/Abbot732/Textures/3d66Model-16629446-files-001.ubulk" 1808
"E:/Repository/732-abbot-grove-VR/Content/Abbot732/Textures/3d66Model-16629446-files-001.uasset" 1809
"E:/Repository/732-abbot-grove-VR/Content/Abbot732/Textures/3d66Model-16629446-files-001.uexp" 1810
"E:/Repository/732-abbot-grove-VR/Content/FancyApp/Materials/Main/MI_WoodenWall_17.uasset" 1811
"E:/Repository/732-abbot-grove-VR/Content/FancyApp/Materials/Main/MI_WoodenWall_17.uexp" 1812
"E:/Repository/732-abbot-grove-VR/Content/Abbot732/Textures/braided-jute-texture_seamless.ubulk" 1813
"E:/Repository/732-abbot-grove-VR/Content/Abbot732/Textures/braided-jute-texture_seamless.uasset" 1814
"E:/Repository/732-abbot-grove-VR/Content/Abbot732/Textures/braided-jute-texture_seamless.uexp" 1815
"E:/Repository/732-abbot-grove-VR/Content/Abbot732/Textures/braided-jute-texture_seamless_NRM.ubulk" 1816
"E:/Repository/732-abbot-grove-VR/Content/Abbot732/Textures/braided-jute-texture_seamless_NRM.uasset" 1817
"E:/Repository/732-abbot-grove-VR/Content/Abbot732/Textures/braided-jute-texture_seamless_NRM.uexp" 1818
"E:/Repository/732-abbot-grove-VR/Content/FancyApp/Materials/Main/MI_WoodenWall_18.uasset" 1819
"E:/Repository/732-abbot-grove-VR/Content/FancyApp/Materials/Main/MI_WoodenWall_18.uexp" 1820
"E:/Repository/732-abbot-grove-VR/Content/FancyApp/Materials/Main/MI_WoodenWall_19.uasset" 1821
"E:/Repository/732-abbot-grove-VR/Content/FancyApp/Materials/Main/MI_WoodenWall_19.uexp" 1822
"E:/Repository/732-abbot-grove-VR/Content/Abbot732/Textures/minimalistic_style_bed_003-002_cgsan_com.ubulk" 1823
"E:/Repository/732-abbot-grove-VR/Content/Abbot732/Textures/minimalistic_style_bed_003-002_cgsan_com.uasset" 1824
"E:/Repository/732-abbot-grove-VR/Content/Abbot732/Textures/minimalistic_style_bed_003-002_cgsan_com.uexp" 1825
"E:/Repository/732-abbot-grove-VR/Content/Abbot732/Textures/3d66Model-22941453-files-045.uasset" 1826
"E:/Repository/732-abbot-grove-VR/Content/Abbot732/Textures/3d66Model-22941453-files-045.uexp" 1827
"E:/Repository/732-abbot-grove-VR/Content/Abbot732/Textures/3d66Model-22941453-files-038.ubulk" 1828
"E:/Repository/732-abbot-grove-VR/Content/Abbot732/Textures/3d66Model-22941453-files-038.uasset" 1829
"E:/Repository/732-abbot-grove-VR/Content/Abbot732/Textures/3d66Model-22941453-files-038.uexp" 1830
"E:/Repository/732-abbot-grove-VR/Content/FancyApp/Materials/Main/MI_WoodenWall_20.uasset" 1831
"E:/Repository/732-abbot-grove-VR/Content/FancyApp/Materials/Main/MI_WoodenWall_20.uexp" 1832
"E:/Repository/732-abbot-grove-VR/Content/FancyApp/Materials/Main/MI_WoodenWall_21.uasset" 1833
"E:/Repository/732-abbot-grove-VR/Content/FancyApp/Materials/Main/MI_WoodenWall_21.uexp" 1834
"E:/Repository/732-abbot-grove-VR/Content/FancyApp/Materials/Main/M_MainMaterial_05.uasset" 1835
"E:/Repository/732-abbot-grove-VR/Content/FancyApp/Materials/Main/M_MainMaterial_05.uexp" 1836
"E:/Repository/732-abbot-grove-VR/Content/FancyApp/Materials/Main/MI_WoodenWall_22.uasset" 1837
"E:/Repository/732-abbot-grove-VR/Content/FancyApp/Materials/Main/MI_WoodenWall_22.uexp" 1838
"E:/Repository/732-abbot-grove-VR/Content/Abbot732/Textures/brushedReflGls.ubulk" 1839
"E:/Repository/732-abbot-grove-VR/Content/Abbot732/Textures/brushedReflGls.uasset" 1840
"E:/Repository/732-abbot-grove-VR/Content/Abbot732/Textures/brushedReflGls.uexp" 1841
"E:/Repository/732-abbot-grove-VR/Content/Abbot732/Textures/mp_reflect.ubulk" 1842
"E:/Repository/732-abbot-grove-VR/Content/Abbot732/Textures/mp_reflect.uasset" 1843
"E:/Repository/732-abbot-grove-VR/Content/Abbot732/Textures/mp_reflect.uexp" 1844
"E:/Repository/732-abbot-grove-VR/Content/FancyApp/Materials/Main/MI_WoodenWall_23.uasset" 1845
"E:/Repository/732-abbot-grove-VR/Content/FancyApp/Materials/Main/MI_WoodenWall_23.uexp" 1846
"E:/Repository/732-abbot-grove-VR/Content/Abbot732/Textures/minimalistic_style_bed_003-006_cgsan_com.ubulk" 1847
"E:/Repository/732-abbot-grove-VR/Content/Abbot732/Textures/minimalistic_style_bed_003-006_cgsan_com.uasset" 1848
"E:/Repository/732-abbot-grove-VR/Content/Abbot732/Textures/minimalistic_style_bed_003-006_cgsan_com.uexp" 1849
"E:/Repository/732-abbot-grove-VR/Content/Abbot732/Textures/minimalistic_style_bed_003-005_cgsan_com.ubulk" 1850
"E:/Repository/732-abbot-grove-VR/Content/Abbot732/Textures/minimalistic_style_bed_003-005_cgsan_com.uasset" 1851
"E:/Repository/732-abbot-grove-VR/Content/Abbot732/Textures/minimalistic_style_bed_003-005_cgsan_com.uexp" 1852
"E:/Repository/732-abbot-grove-VR/Content/FancyApp/Materials/Main/MI_WoodenWall_24.uasset" 1853
"E:/Repository/732-abbot-grove-VR/Content/FancyApp/Materials/Main/MI_WoodenWall_24.uexp" 1854
"E:/Repository/732-abbot-grove-VR/Content/FancyApp/Materials/Main/MI_WoodenWall_25.uasset" 1855
"E:/Repository/732-abbot-grove-VR/Content/FancyApp/Materials/Main/MI_WoodenWall_25.uexp" 1856
"E:/Repository/732-abbot-grove-VR/Content/Abbot732/Textures/prod18150429_E212552635_Ob.uasset" 1857
"E:/Repository/732-abbot-grove-VR/Content/Abbot732/Textures/prod18150429_E212552635_Ob.uexp" 1858
"E:/Repository/732-abbot-grove-VR/Content/Abbot732/Textures/prod18150429_E212552635_O.uasset" 1859
"E:/Repository/732-abbot-grove-VR/Content/Abbot732/Textures/prod18150429_E212552635_O.uexp" 1860
"E:/Repository/732-abbot-grove-VR/Content/FancyApp/Materials/Main/MI_WoodenWall_26.uasset" 1861
"E:/Repository/732-abbot-grove-VR/Content/FancyApp/Materials/Main/MI_WoodenWall_26.uexp" 1862
"E:/Repository/732-abbot-grove-VR/Content/FancyApp/Materials/Main/MI_WoodenWall_27.uasset" 1863
"E:/Repository/732-abbot-grove-VR/Content/FancyApp/Materials/Main/MI_WoodenWall_27.uexp" 1864
"E:/Repository/732-abbot-grove-VR/Content/FancyApp/Materials/Main/MI_WoodenWall_28.uasset" 1865
"E:/Repository/732-abbot-grove-VR/Content/FancyApp/Materials/Main/MI_WoodenWall_28.uexp" 1866
"E:/Repository/732-abbot-grove-VR/Content/Abbot732/Textures/Linen_basecolor.ubulk" 1867
"E:/Repository/732-abbot-grove-VR/Content/Abbot732/Textures/Linen_basecolor.uasset" 1868
"E:/Repository/732-abbot-grove-VR/Content/Abbot732/Textures/Linen_basecolor.uexp" 1869
"E:/Repository/732-abbot-grove-VR/Content/Abbot732/Textures/Linen_n.ubulk" 1870
"E:/Repository/732-abbot-grove-VR/Content/Abbot732/Textures/Linen_n.uasset" 1871
"E:/Repository/732-abbot-grove-VR/Content/Abbot732/Textures/Linen_n.uexp" 1872
"E:/Repository/732-abbot-grove-VR/Content/FancyApp/Materials/Main/MI_WoodenWall_29.uasset" 1873
"E:/Repository/732-abbot-grove-VR/Content/FancyApp/Materials/Main/MI_WoodenWall_29.uexp" 1874
"E:/Repository/732-abbot-grove-VR/Content/FancyApp/Materials/Main/MI_WoodenWall_30.uasset" 1875
"E:/Repository/732-abbot-grove-VR/Content/FancyApp/Materials/Main/MI_WoodenWall_30.uexp" 1876
"E:/Repository/732-abbot-grove-VR/Content/FancyApp/Materials/Main/MI_WoodenWall_31.uasset" 1877
"E:/Repository/732-abbot-grove-VR/Content/FancyApp/Materials/Main/MI_WoodenWall_31.uexp" 1878
"E:/Repository/732-abbot-grove-VR/Content/FancyApp/Materials/Main/MI_WoodenWall_32.uasset" 1879
"E:/Repository/732-abbot-grove-VR/Content/FancyApp/Materials/Main/MI_WoodenWall_32.uexp" 1880
"E:/Repository/732-abbot-grove-VR/Content/Abbot732/Textures/3d66Model-12526513-files-7.ubulk" 1881
"E:/Repository/732-abbot-grove-VR/Content/Abbot732/Textures/3d66Model-12526513-files-7.uasset" 1882
"E:/Repository/732-abbot-grove-VR/Content/Abbot732/Textures/3d66Model-12526513-files-7.uexp" 1883
"E:/Repository/732-abbot-grove-VR/Content/FancyApp/Materials/Main/MI_WoodenWall_33.uasset" 1884
"E:/Repository/732-abbot-grove-VR/Content/FancyApp/Materials/Main/MI_WoodenWall_33.uexp" 1885
"E:/Repository/732-abbot-grove-VR/Content/FancyApp/Materials/Main/MI_WoodenWall_34.uasset" 1886
"E:/Repository/732-abbot-grove-VR/Content/FancyApp/Materials/Main/MI_WoodenWall_34.uexp" 1887
"E:/Repository/732-abbot-grove-VR/Content/FancyApp/Materials/Main/MI_WoodenWall_35.uasset" 1888
"E:/Repository/732-abbot-grove-VR/Content/FancyApp/Materials/Main/MI_WoodenWall_35.uexp" 1889
"E:/Repository/732-abbot-grove-VR/Content/FancyApp/Materials/Main/MI_WoodenWall_36.uasset" 1890
"E:/Repository/732-abbot-grove-VR/Content/FancyApp/Materials/Main/MI_WoodenWall_36.uexp" 1891
"E:/Repository/732-abbot-grove-VR/Content/FancyApp/Materials/Main/MI_WoodenWall_37.uasset" 1892
"E:/Repository/732-abbot-grove-VR/Content/FancyApp/Materials/Main/MI_WoodenWall_37.uexp" 1893
"E:/Repository/732-abbot-grove-VR/Content/FancyApp/Materials/Main/MI_WoodenWall_38.uasset" 1894
"E:/Repository/732-abbot-grove-VR/Content/FancyApp/Materials/Main/MI_WoodenWall_38.uexp" 1895
"E:/Repository/732-abbot-grove-VR/Content/FancyApp/Materials/Main/MI_WoodenWall_42.uasset" 1896
"E:/Repository/732-abbot-grove-VR/Content/FancyApp/Materials/Main/MI_WoodenWall_42.uexp" 1897
"E:/Repository/732-abbot-grove-VR/Content/Abbot732/Textures/marble_abbot_bc_04.ubulk" 1898
"E:/Repository/732-abbot-grove-VR/Content/Abbot732/Textures/marble_abbot_bc_04.uasset" 1899
"E:/Repository/732-abbot-grove-VR/Content/Abbot732/Textures/marble_abbot_bc_04.uexp" 1900
"E:/Repository/732-abbot-grove-VR/Content/FancyApp/Materials/Main/MI_WoodenWall_43.uasset" 1901
"E:/Repository/732-abbot-grove-VR/Content/FancyApp/Materials/Main/MI_WoodenWall_43.uexp" 1902
"E:/Repository/732-abbot-grove-VR/Content/FancyApp/Materials/Main/MI_WoodenWall_44.uasset" 1903
"E:/Repository/732-abbot-grove-VR/Content/FancyApp/Materials/Main/MI_WoodenWall_44.uexp" 1904
"E:/Repository/732-abbot-grove-VR/Content/Abbot732/Textures/Marble11_COL_6K.ubulk" 1905
"E:/Repository/732-abbot-grove-VR/Content/Abbot732/Textures/Marble11_COL_6K.uasset" 1906
"E:/Repository/732-abbot-grove-VR/Content/Abbot732/Textures/Marble11_COL_6K.uexp" 1907
"E:/Repository/732-abbot-grove-VR/Content/FancyApp/Materials/Main/MI_WoodenWall_45.uasset" 1908
"E:/Repository/732-abbot-grove-VR/Content/FancyApp/Materials/Main/MI_WoodenWall_45.uexp" 1909
"E:/Repository/732-abbot-grove-VR/Content/FancyApp/Textures/SphereChairs/T_AI_vol09_01_fabric_03_N.ubulk" 1910
"E:/Repository/732-abbot-grove-VR/Content/FancyApp/Textures/SphereChairs/T_AI_vol09_01_fabric_03_N.uasset" 1911
"E:/Repository/732-abbot-grove-VR/Content/FancyApp/Textures/SphereChairs/T_AI_vol09_01_fabric_03_N.uexp" 1912
"E:/Repository/732-abbot-grove-VR/Content/FancyApp/Textures/SphereChairs/T_AI_vol09_01_fabric_03_M.ubulk" 1913
"E:/Repository/732-abbot-grove-VR/Content/FancyApp/Textures/SphereChairs/T_AI_vol09_01_fabric_03_M.uasset" 1914
"E:/Repository/732-abbot-grove-VR/Content/FancyApp/Textures/SphereChairs/T_AI_vol09_01_fabric_03_M.uexp" 1915
"E:/Repository/732-abbot-grove-VR/Content/FancyApp/Textures/SphereChairs/T_AI_vol09_01_fabric_03_BC.ubulk" 1916
"E:/Repository/732-abbot-grove-VR/Content/FancyApp/Textures/SphereChairs/T_AI_vol09_01_fabric_03_BC.uasset" 1917
"E:/Repository/732-abbot-grove-VR/Content/FancyApp/Textures/SphereChairs/T_AI_vol09_01_fabric_03_BC.uexp" 1918
"E:/Repository/732-abbot-grove-VR/Content/Abbot732/Textures/Gemini_Generated_Image_qdw9duqdw9duqdw9.ubulk" 1919
"E:/Repository/732-abbot-grove-VR/Content/Abbot732/Textures/Gemini_Generated_Image_qdw9duqdw9duqdw9.uasset" 1920
"E:/Repository/732-abbot-grove-VR/Content/Abbot732/Textures/Gemini_Generated_Image_qdw9duqdw9duqdw9.uexp" 1921
"E:/Repository/732-abbot-grove-VR/Content/FancyApp/Materials/Main/MI_WoodenWall_47.uasset" 1922
"E:/Repository/732-abbot-grove-VR/Content/FancyApp/Materials/Main/MI_WoodenWall_47.uexp" 1923
"E:/Repository/732-abbot-grove-VR/Content/Abbot732/Textures/FabricUp2holsteryCordWeave001_COL_VAR3_6K.ubulk" 1924
"E:/Repository/732-abbot-grove-VR/Content/Abbot732/Textures/FabricUp2holsteryCordWeave001_COL_VAR3_6K.uasset" 1925
"E:/Repository/732-abbot-grove-VR/Content/Abbot732/Textures/FabricUp2holsteryCordWeave001_COL_VAR3_6K.uexp" 1926
"E:/Repository/732-abbot-grove-VR/Content/Abbot732/Textures/FabricUpholsteryCordWeave001_COL_VAR3_6K.ubulk" 1927
"E:/Repository/732-abbot-grove-VR/Content/Abbot732/Textures/FabricUpholsteryCordWeave001_COL_VAR3_6K.uasset" 1928
"E:/Repository/732-abbot-grove-VR/Content/Abbot732/Textures/FabricUpholsteryCordWeave001_COL_VAR3_6K.uexp" 1929
"E:/Repository/732-abbot-grove-VR/Content/Abbot732/Textures/NormalMap__36_.ubulk" 1930
"E:/Repository/732-abbot-grove-VR/Content/Abbot732/Textures/NormalMap__36_.uasset" 1931
"E:/Repository/732-abbot-grove-VR/Content/Abbot732/Textures/NormalMap__36_.uexp" 1932
"E:/Repository/732-abbot-grove-VR/Content/FancyApp/Materials/Main/MI_WoodenWall_48.uasset" 1933
"E:/Repository/732-abbot-grove-VR/Content/FancyApp/Materials/Main/MI_WoodenWall_48.uexp" 1934
"E:/Repository/732-abbot-grove-VR/Content/Abbot732/Textures/SM_DeskLamp_01_Material__2147483646_OcclusionRoughnessMetallic.ubulk" 1935
"E:/Repository/732-abbot-grove-VR/Content/Abbot732/Textures/SM_DeskLamp_01_Material__2147483646_OcclusionRoughnessMetallic.uasset" 1936
"E:/Repository/732-abbot-grove-VR/Content/Abbot732/Textures/SM_DeskLamp_01_Material__2147483646_OcclusionRoughnessMetallic.uexp" 1937
"E:/Repository/732-abbot-grove-VR/Content/Abbot732/Textures/SM_DeskLamp_01_Material__2147483646_Normal.ubulk" 1938
"E:/Repository/732-abbot-grove-VR/Content/Abbot732/Textures/SM_DeskLamp_01_Material__2147483646_Normal.uasset" 1939
"E:/Repository/732-abbot-grove-VR/Content/Abbot732/Textures/SM_DeskLamp_01_Material__2147483646_Normal.uexp" 1940
"E:/Repository/732-abbot-grove-VR/Content/Abbot732/Textures/SM_DeskLamp_01_Material__2147483646_BaseColor.ubulk" 1941
"E:/Repository/732-abbot-grove-VR/Content/Abbot732/Textures/SM_DeskLamp_01_Material__2147483646_BaseColor.uasset" 1942
"E:/Repository/732-abbot-grove-VR/Content/Abbot732/Textures/SM_DeskLamp_01_Material__2147483646_BaseColor.uexp" 1943
"E:/Repository/732-abbot-grove-VR/Content/FancyApp/Materials/Main/MI_WoodenWall_49.uasset" 1944
"E:/Repository/732-abbot-grove-VR/Content/FancyApp/Materials/Main/MI_WoodenWall_49.uexp" 1945
"E:/Repository/732-abbot-grove-VR/Content/Abbot732/Textures/SM_Plant01_001_Material__2147483646_BaseColor.ubulk" 1946
"E:/Repository/732-abbot-grove-VR/Content/Abbot732/Textures/SM_Plant01_001_Material__2147483646_BaseColor.uasset" 1947
"E:/Repository/732-abbot-grove-VR/Content/Abbot732/Textures/SM_Plant01_001_Material__2147483646_BaseColor.uexp" 1948
"E:/Repository/732-abbot-grove-VR/Content/Abbot732/Textures/SM_Plant01_001_Material__2147483646_Normal.ubulk" 1949
"E:/Repository/732-abbot-grove-VR/Content/Abbot732/Textures/SM_Plant01_001_Material__2147483646_Normal.uasset" 1950
"E:/Repository/732-abbot-grove-VR/Content/Abbot732/Textures/SM_Plant01_001_Material__2147483646_Normal.uexp" 1951
"E:/Repository/732-abbot-grove-VR/Content/Abbot732/Textures/SM_Plant01_001_Material__2147483646_OcclusionRoughnessMetallic.ubulk" 1952
"E:/Repository/732-abbot-grove-VR/Content/Abbot732/Textures/SM_Plant01_001_Material__2147483646_OcclusionRoughnessMetallic.uasset" 1953
"E:/Repository/732-abbot-grove-VR/Content/Abbot732/Textures/SM_Plant01_001_Material__2147483646_OcclusionRoughnessMetallic.uexp" 1954
"E:/Repository/732-abbot-grove-VR/Content/FancyApp/Materials/Main/MI_WoodenWall_50.uasset" 1955
"E:/Repository/732-abbot-grove-VR/Content/FancyApp/Materials/Main/MI_WoodenWall_50.uexp" 1956
"E:/Repository/732-abbot-grove-VR/Content/Abbot732/Textures/round__ao.ubulk" 1957
"E:/Repository/732-abbot-grove-VR/Content/Abbot732/Textures/round__ao.uasset" 1958
"E:/Repository/732-abbot-grove-VR/Content/Abbot732/Textures/round__ao.uexp" 1959
"E:/Repository/732-abbot-grove-VR/Content/Abbot732/Textures/round__n.ubulk" 1960
"E:/Repository/732-abbot-grove-VR/Content/Abbot732/Textures/round__n.uasset" 1961
"E:/Repository/732-abbot-grove-VR/Content/Abbot732/Textures/round__n.uexp" 1962
"E:/Repository/732-abbot-grove-VR/Content/FancyApp/Materials/Main/MI_WoodenWall_51.uasset" 1963
"E:/Repository/732-abbot-grove-VR/Content/FancyApp/Materials/Main/MI_WoodenWall_51.uexp" 1964
"E:/Repository/732-abbot-grove-VR/Content/Abbot732/Textures/SM_CircleTable_01_DefaultMaterial_Emissive.ubulk" 1965
"E:/Repository/732-abbot-grove-VR/Content/Abbot732/Textures/SM_CircleTable_01_DefaultMaterial_Emissive.uasset" 1966
"E:/Repository/732-abbot-grove-VR/Content/Abbot732/Textures/SM_CircleTable_01_DefaultMaterial_Emissive.uexp" 1967
"E:/Repository/732-abbot-grove-VR/Content/Abbot732/Textures/SM_CircleTable_01_DefaultMaterial_BaseColor.ubulk" 1968
"E:/Repository/732-abbot-grove-VR/Content/Abbot732/Textures/SM_CircleTable_01_DefaultMaterial_BaseColor.uasset" 1969
"E:/Repository/732-abbot-grove-VR/Content/Abbot732/Textures/SM_CircleTable_01_DefaultMaterial_BaseColor.uexp" 1970
"E:/Repository/732-abbot-grove-VR/Content/Abbot732/Textures/SM_CircleTable_01_DefaultMaterial_Normal.ubulk" 1971
"E:/Repository/732-abbot-grove-VR/Content/Abbot732/Textures/SM_CircleTable_01_DefaultMaterial_Normal.uasset" 1972
"E:/Repository/732-abbot-grove-VR/Content/Abbot732/Textures/SM_CircleTable_01_DefaultMaterial_Normal.uexp" 1973
"E:/Repository/732-abbot-grove-VR/Content/Abbot732/Textures/SM_CircleTable_01_DefaultMaterial_OcclusionRoughnessMetallic.ubulk" 1974
"E:/Repository/732-abbot-grove-VR/Content/Abbot732/Textures/SM_CircleTable_01_DefaultMaterial_OcclusionRoughnessMetallic.uasset" 1975
"E:/Repository/732-abbot-grove-VR/Content/Abbot732/Textures/SM_CircleTable_01_DefaultMaterial_OcclusionRoughnessMetallic.uexp" 1976
"E:/Repository/732-abbot-grove-VR/Content/FancyApp/Materials/Main/MI_WoodenWall_54.uasset" 1977
"E:/Repository/732-abbot-grove-VR/Content/FancyApp/Materials/Main/MI_WoodenWall_54.uexp" 1978
"E:/Repository/732-abbot-grove-VR/Content/FancyApp/Materials/Main/M_MainMaterial_04.uasset" 1979
"E:/Repository/732-abbot-grove-VR/Content/FancyApp/Materials/Main/M_MainMaterial_04.uexp" 1980
"E:/Repository/732-abbot-grove-VR/Content/Abbot732/Textures/SM_CircleChair_01_DefaultMaterial_BaseColor.ubulk" 1981
"E:/Repository/732-abbot-grove-VR/Content/Abbot732/Textures/SM_CircleChair_01_DefaultMaterial_BaseColor.uasset" 1982
"E:/Repository/732-abbot-grove-VR/Content/Abbot732/Textures/SM_CircleChair_01_DefaultMaterial_BaseColor.uexp" 1983
"E:/Repository/732-abbot-grove-VR/Content/Abbot732/Textures/SM_CircleChair_01_DefaultMaterial_Normal.ubulk" 1984
"E:/Repository/732-abbot-grove-VR/Content/Abbot732/Textures/SM_CircleChair_01_DefaultMaterial_Normal.uasset" 1985
"E:/Repository/732-abbot-grove-VR/Content/Abbot732/Textures/SM_CircleChair_01_DefaultMaterial_Normal.uexp" 1986
"E:/Repository/732-abbot-grove-VR/Content/Abbot732/Textures/SM_CircleChair_01_DefaultMaterial_OcclusionRoughnessMetallic.ubulk" 1987
"E:/Repository/732-abbot-grove-VR/Content/Abbot732/Textures/SM_CircleChair_01_DefaultMaterial_OcclusionRoughnessMetallic.uasset" 1988
"E:/Repository/732-abbot-grove-VR/Content/Abbot732/Textures/SM_CircleChair_01_DefaultMaterial_OcclusionRoughnessMetallic.uexp" 1989
"E:/Repository/732-abbot-grove-VR/Content/FancyApp/Materials/Main/MI_WoodenWall_55.uasset" 1990
"E:/Repository/732-abbot-grove-VR/Content/FancyApp/Materials/Main/MI_WoodenWall_55.uexp" 1991
"E:/Repository/732-abbot-grove-VR/Content/Abbot732/Textures/SM_CellLamp_2_DefaultMaterial_Emissive.ubulk" 1992
"E:/Repository/732-abbot-grove-VR/Content/Abbot732/Textures/SM_CellLamp_2_DefaultMaterial_Emissive.uasset" 1993
"E:/Repository/732-abbot-grove-VR/Content/Abbot732/Textures/SM_CellLamp_2_DefaultMaterial_Emissive.uexp" 1994
"E:/Repository/732-abbot-grove-VR/Content/Abbot732/Textures/SM_CellLamp_2_DefaultMaterial_OcclusionRoughnessMetallic.ubulk" 1995
"E:/Repository/732-abbot-grove-VR/Content/Abbot732/Textures/SM_CellLamp_2_DefaultMaterial_OcclusionRoughnessMetallic.uasset" 1996
"E:/Repository/732-abbot-grove-VR/Content/Abbot732/Textures/SM_CellLamp_2_DefaultMaterial_OcclusionRoughnessMetallic.uexp" 1997
"E:/Repository/732-abbot-grove-VR/Content/Abbot732/Textures/SM_CellLamp_2_DefaultMaterial_Normal.ubulk" 1998
"E:/Repository/732-abbot-grove-VR/Content/Abbot732/Textures/SM_CellLamp_2_DefaultMaterial_Normal.uasset" 1999
"E:/Repository/732-abbot-grove-VR/Content/Abbot732/Textures/SM_CellLamp_2_DefaultMaterial_Normal.uexp" 2000
"E:/Repository/732-abbot-grove-VR/Content/Abbot732/Textures/SM_CellLamp_2_DefaultMaterial_BaseColor.ubulk" 2001
"E:/Repository/732-abbot-grove-VR/Content/Abbot732/Textures/SM_CellLamp_2_DefaultMaterial_BaseColor.uasset" 2002
"E:/Repository/732-abbot-grove-VR/Content/Abbot732/Textures/SM_CellLamp_2_DefaultMaterial_BaseColor.uexp" 2003
"E:/Repository/732-abbot-grove-VR/Content/FancyApp/Materials/Main/MI_WoodenWall_56.uasset" 2004
"E:/Repository/732-abbot-grove-VR/Content/FancyApp/Materials/Main/MI_WoodenWall_56.uexp" 2005
"E:/Repository/732-abbot-grove-VR/Content/Abbot732/Textures/SM_ChairBed__DefaultMaterial_Normal.ubulk" 2006
"E:/Repository/732-abbot-grove-VR/Content/Abbot732/Textures/SM_ChairBed__DefaultMaterial_Normal.uasset" 2007
"E:/Repository/732-abbot-grove-VR/Content/Abbot732/Textures/SM_ChairBed__DefaultMaterial_Normal.uexp" 2008
"E:/Repository/732-abbot-grove-VR/Content/Abbot732/Textures/SM_ChairBed__DefaultMaterial_OcclusionRoughnessMetallic.ubulk" 2009
"E:/Repository/732-abbot-grove-VR/Content/Abbot732/Textures/SM_ChairBed__DefaultMaterial_OcclusionRoughnessMetallic.uasset" 2010
"E:/Repository/732-abbot-grove-VR/Content/Abbot732/Textures/SM_ChairBed__DefaultMaterial_OcclusionRoughnessMetallic.uexp" 2011
"E:/Repository/732-abbot-grove-VR/Content/Abbot732/Textures/SM_ChairBed__DefaultMaterial_BaseColor.ubulk" 2012
"E:/Repository/732-abbot-grove-VR/Content/Abbot732/Textures/SM_ChairBed__DefaultMaterial_BaseColor.uasset" 2013
"E:/Repository/732-abbot-grove-VR/Content/Abbot732/Textures/SM_ChairBed__DefaultMaterial_BaseColor.uexp" 2014
"E:/Repository/732-abbot-grove-VR/Content/FancyApp/Materials/Main/MI_WoodenWall_57.uasset" 2015
"E:/Repository/732-abbot-grove-VR/Content/FancyApp/Materials/Main/MI_WoodenWall_57.uexp" 2016
"E:/Repository/732-abbot-grove-VR/Content/Abbot732/Textures/SM_PIcture_Material__2147483646_BaseColor.ubulk" 2017
"E:/Repository/732-abbot-grove-VR/Content/Abbot732/Textures/SM_PIcture_Material__2147483646_BaseColor.uasset" 2018
"E:/Repository/732-abbot-grove-VR/Content/Abbot732/Textures/SM_PIcture_Material__2147483646_BaseColor.uexp" 2019
"E:/Repository/732-abbot-grove-VR/Content/Abbot732/Textures/SM_PIcture_Material__2147483646_Normal.ubulk" 2020
"E:/Repository/732-abbot-grove-VR/Content/Abbot732/Textures/SM_PIcture_Material__2147483646_Normal.uasset" 2021
"E:/Repository/732-abbot-grove-VR/Content/Abbot732/Textures/SM_PIcture_Material__2147483646_Normal.uexp" 2022
"E:/Repository/732-abbot-grove-VR/Content/Abbot732/Textures/SM_PIcture_Material__2147483646_OcclusionRoughnessMetallic.ubulk" 2023
"E:/Repository/732-abbot-grove-VR/Content/Abbot732/Textures/SM_PIcture_Material__2147483646_OcclusionRoughnessMetallic.uasset" 2024
"E:/Repository/732-abbot-grove-VR/Content/Abbot732/Textures/SM_PIcture_Material__2147483646_OcclusionRoughnessMetallic.uexp" 2025
"E:/Repository/732-abbot-grove-VR/Content/FancyApp/Materials/Main/MI_WoodenWall_58.uasset" 2026
"E:/Repository/732-abbot-grove-VR/Content/FancyApp/Materials/Main/MI_WoodenWall_58.uexp" 2027
"E:/Repository/732-abbot-grove-VR/Content/Abbot732/Textures/SM_PIcture_Material__2147483647_BaseColor.ubulk" 2028
"E:/Repository/732-abbot-grove-VR/Content/Abbot732/Textures/SM_PIcture_Material__2147483647_BaseColor.uasset" 2029
"E:/Repository/732-abbot-grove-VR/Content/Abbot732/Textures/SM_PIcture_Material__2147483647_BaseColor.uexp" 2030
"E:/Repository/732-abbot-grove-VR/Content/Abbot732/Textures/SM_PIcture_Material__2147483647_OcclusionRoughnessMetallic.ubulk" 2031
"E:/Repository/732-abbot-grove-VR/Content/Abbot732/Textures/SM_PIcture_Material__2147483647_OcclusionRoughnessMetallic.uasset" 2032
"E:/Repository/732-abbot-grove-VR/Content/Abbot732/Textures/SM_PIcture_Material__2147483647_OcclusionRoughnessMetallic.uexp" 2033
"E:/Repository/732-abbot-grove-VR/Content/FancyApp/Materials/Main/MI_WoodenWall_59.uasset" 2034
"E:/Repository/732-abbot-grove-VR/Content/FancyApp/Materials/Main/MI_WoodenWall_59.uexp" 2035
"E:/Repository/732-abbot-grove-VR/Content/Abbot732/Textures/SM_PIct2ure_Material__2147483647_BaseColor.ubulk" 2036
"E:/Repository/732-abbot-grove-VR/Content/Abbot732/Textures/SM_PIct2ure_Material__2147483647_BaseColor.uasset" 2037
"E:/Repository/732-abbot-grove-VR/Content/Abbot732/Textures/SM_PIct2ure_Material__2147483647_BaseColor.uexp" 2038
"E:/Repository/732-abbot-grove-VR/Content/FancyApp/Materials/Main/MI_WoodenWall_60.uasset" 2039
"E:/Repository/732-abbot-grove-VR/Content/FancyApp/Materials/Main/MI_WoodenWall_60.uexp" 2040
"E:/Repository/732-abbot-grove-VR/Content/Abbot732/Textures/9991_DefaultMaterial_BaseColor.ubulk" 2041
"E:/Repository/732-abbot-grove-VR/Content/Abbot732/Textures/9991_DefaultMaterial_BaseColor.uasset" 2042
"E:/Repository/732-abbot-grove-VR/Content/Abbot732/Textures/9991_DefaultMaterial_BaseColor.uexp" 2043
"E:/Repository/732-abbot-grove-VR/Content/Abbot732/Textures/9991_DefaultMaterial_Normal.ubulk" 2044
"E:/Repository/732-abbot-grove-VR/Content/Abbot732/Textures/9991_DefaultMaterial_Normal.uasset" 2045
"E:/Repository/732-abbot-grove-VR/Content/Abbot732/Textures/9991_DefaultMaterial_Normal.uexp" 2046
"E:/Repository/732-abbot-grove-VR/Content/Abbot732/Textures/9991_DefaultMaterial_OcclusionRoughnessMetallic.ubulk" 2047
"E:/Repository/732-abbot-grove-VR/Content/Abbot732/Textures/9991_DefaultMaterial_OcclusionRoughnessMetallic.uasset" 2048
"E:/Repository/732-abbot-grove-VR/Content/Abbot732/Textures/9991_DefaultMaterial_OcclusionRoughnessMetallic.uexp" 2049
"E:/Repository/732-abbot-grove-VR/Content/FancyApp/Materials/Main/MI_WoodenWall_61.uasset" 2050
"E:/Repository/732-abbot-grove-VR/Content/FancyApp/Materials/Main/MI_WoodenWall_61.uexp" 2051
"E:/Repository/732-abbot-grove-VR/Content/Abbot732/Textures/Marble_bc_abbot3.ubulk" 2052
"E:/Repository/732-abbot-grove-VR/Content/Abbot732/Textures/Marble_bc_abbot3.uasset" 2053
"E:/Repository/732-abbot-grove-VR/Content/Abbot732/Textures/Marble_bc_abbot3.uexp" 2054
"E:/Repository/732-abbot-grove-VR/Content/Abbot732/Textures/NormalMap__33_.ubulk" 2055
"E:/Repository/732-abbot-grove-VR/Content/Abbot732/Textures/NormalMap__33_.uasset" 2056
"E:/Repository/732-abbot-grove-VR/Content/Abbot732/Textures/NormalMap__33_.uexp" 2057
"E:/Repository/732-abbot-grove-VR/Content/FancyApp/Materials/Main/MI_WoodenWall_64.uasset" 2058
"E:/Repository/732-abbot-grove-VR/Content/FancyApp/Materials/Main/MI_WoodenWall_64.uexp" 2059
"E:/Repository/732-abbot-grove-VR/Content/FancyApp/Materials/Main/MI_WoodenWall_65.uasset" 2060
"E:/Repository/732-abbot-grove-VR/Content/FancyApp/Materials/Main/MI_WoodenWall_65.uexp" 2061
"E:/Repository/732-abbot-grove-VR/Content/Abbot732/Textures/999114.ubulk" 2062
"E:/Repository/732-abbot-grove-VR/Content/Abbot732/Textures/999114.uasset" 2063
"E:/Repository/732-abbot-grove-VR/Content/Abbot732/Textures/999114.uexp" 2064
"E:/Repository/732-abbot-grove-VR/Content/Abbot732/Textures/Marble_bc_abbot44.ubulk" 2065
"E:/Repository/732-abbot-grove-VR/Content/Abbot732/Textures/Marble_bc_abbot44.uasset" 2066
"E:/Repository/732-abbot-grove-VR/Content/Abbot732/Textures/Marble_bc_abbot44.uexp" 2067
"E:/Repository/732-abbot-grove-VR/Content/Abbot732/Textures/NormalMap__3993_.ubulk" 2068
"E:/Repository/732-abbot-grove-VR/Content/Abbot732/Textures/NormalMap__3993_.uasset" 2069
"E:/Repository/732-abbot-grove-VR/Content/Abbot732/Textures/NormalMap__3993_.uexp" 2070
"E:/Repository/732-abbot-grove-VR/Content/FancyApp/Materials/Main/MI_WoodenWall_66.uasset" 2071
"E:/Repository/732-abbot-grove-VR/Content/FancyApp/Materials/Main/MI_WoodenWall_66.uexp" 2072
"E:/Repository/732-abbot-grove-VR/Content/Abbot732/Textures/1212121kkjkj.ubulk" 2073
"E:/Repository/732-abbot-grove-VR/Content/Abbot732/Textures/1212121kkjkj.uasset" 2074
"E:/Repository/732-abbot-grove-VR/Content/Abbot732/Textures/1212121kkjkj.uexp" 2075
"E:/Repository/732-abbot-grove-VR/Content/Abbot732/Textures/Unti12121221tled-3.ubulk" 2076
"E:/Repository/732-abbot-grove-VR/Content/Abbot732/Textures/Unti12121221tled-3.uasset" 2077
"E:/Repository/732-abbot-grove-VR/Content/Abbot732/Textures/Unti12121221tled-3.uexp" 2078
"E:/Repository/732-abbot-grove-VR/Content/Abbot732/Textures/Untit98989898led-3.ubulk" 2079
"E:/Repository/732-abbot-grove-VR/Content/Abbot732/Textures/Untit98989898led-3.uasset" 2080
"E:/Repository/732-abbot-grove-VR/Content/Abbot732/Textures/Untit98989898led-3.uexp" 2081
"E:/Repository/732-abbot-grove-VR/Content/FancyApp/Materials/Main/MI_WoodenWall_68.uasset" 2082
"E:/Repository/732-abbot-grove-VR/Content/FancyApp/Materials/Main/MI_WoodenWall_68.uexp" 2083
"E:/Repository/732-abbot-grove-VR/Content/FancyApp/Materials/Main/MI_WoodenWall_69.uasset" 2084
"E:/Repository/732-abbot-grove-VR/Content/FancyApp/Materials/Main/MI_WoodenWall_69.uexp" 2085
"E:/Repository/732-abbot-grove-VR/Content/FancyApp/Materials/Main/MI_WoodenWall_70.uasset" 2086
"E:/Repository/732-abbot-grove-VR/Content/FancyApp/Materials/Main/MI_WoodenWall_70.uexp" 2087
"E:/Repository/732-abbot-grove-VR/Content/FancyApp/Materials/Main/MI_WoodenWall_71.uasset" 2088
"E:/Repository/732-abbot-grove-VR/Content/FancyApp/Materials/Main/MI_WoodenWall_71.uexp" 2089
"E:/Repository/732-abbot-grove-VR/Content/FancyApp/Materials/Main/MI_WoodenWall_72.uasset" 2090
"E:/Repository/732-abbot-grove-VR/Content/FancyApp/Materials/Main/MI_WoodenWall_72.uexp" 2091
"E:/Repository/732-abbot-grove-VR/Content/Abbot732/Textures/NormalMap__38_.ubulk" 2092
"E:/Repository/732-abbot-grove-VR/Content/Abbot732/Textures/NormalMap__38_.uasset" 2093
"E:/Repository/732-abbot-grove-VR/Content/Abbot732/Textures/NormalMap__38_.uexp" 2094
"E:/Repository/732-abbot-grove-VR/Content/Abbot732/Textures/tiles000WC_color.ubulk" 2095
"E:/Repository/732-abbot-grove-VR/Content/Abbot732/Textures/tiles000WC_color.uasset" 2096
"E:/Repository/732-abbot-grove-VR/Content/Abbot732/Textures/tiles000WC_color.uexp" 2097
"E:/Repository/732-abbot-grove-VR/Content/FancyApp/Materials/Main/MI_WoodenWall_73.uasset" 2098
"E:/Repository/732-abbot-grove-VR/Content/FancyApp/Materials/Main/MI_WoodenWall_73.uexp" 2099
"E:/Repository/732-abbot-grove-VR/Content/Abbot732/Textures/SM_Window_06_Material__2147483646_OcclusionRoughnessMetallic.ubulk" 2100
"E:/Repository/732-abbot-grove-VR/Content/Abbot732/Textures/SM_Window_06_Material__2147483646_OcclusionRoughnessMetallic.uasset" 2101
"E:/Repository/732-abbot-grove-VR/Content/Abbot732/Textures/SM_Window_06_Material__2147483646_OcclusionRoughnessMetallic.uexp" 2102
"E:/Repository/732-abbot-grove-VR/Content/Abbot732/Textures/SM_Window_06_Material__2147483646_BaseColor.ubulk" 2103
"E:/Repository/732-abbot-grove-VR/Content/Abbot732/Textures/SM_Window_06_Material__2147483646_BaseColor.uasset" 2104
"E:/Repository/732-abbot-grove-VR/Content/Abbot732/Textures/SM_Window_06_Material__2147483646_BaseColor.uexp" 2105
"E:/Repository/732-abbot-grove-VR/Content/FancyApp/Materials/Main/MI_WoodenWall_74.uasset" 2106
"E:/Repository/732-abbot-grove-VR/Content/FancyApp/Materials/Main/MI_WoodenWall_74.uexp" 2107
"E:/Repository/732-abbot-grove-VR/Content/Abbot732/Textures/Untitled001-1.ubulk" 2108
"E:/Repository/732-abbot-grove-VR/Content/Abbot732/Textures/Untitled001-1.uasset" 2109
"E:/Repository/732-abbot-grove-VR/Content/Abbot732/Textures/Untitled001-1.uexp" 2110
"E:/Repository/732-abbot-grove-VR/Content/Abbot732/Textures/Unt333itled-1.ubulk" 2111
"E:/Repository/732-abbot-grove-VR/Content/Abbot732/Textures/Unt333itled-1.uasset" 2112
"E:/Repository/732-abbot-grove-VR/Content/Abbot732/Textures/Unt333itled-1.uexp" 2113
"E:/Repository/732-abbot-grove-VR/Content/FancyApp/Materials/Main/MI_WoodenWall_76.uasset" 2114
"E:/Repository/732-abbot-grove-VR/Content/FancyApp/Materials/Main/MI_WoodenWall_76.uexp" 2115
"E:/Repository/732-abbot-grove-VR/Content/FancyApp/Materials/Main/MI_WoodenWall_77.uasset" 2116
"E:/Repository/732-abbot-grove-VR/Content/FancyApp/Materials/Main/MI_WoodenWall_77.uexp" 2117
"E:/Repository/732-abbot-grove-VR/Content/Abbot732/Textures/SM_Bra2_Material__2147483646_OcclusionRoughnessMetallic.ubulk" 2118
"E:/Repository/732-abbot-grove-VR/Content/Abbot732/Textures/SM_Bra2_Material__2147483646_OcclusionRoughnessMetallic.uasset" 2119
"E:/Repository/732-abbot-grove-VR/Content/Abbot732/Textures/SM_Bra2_Material__2147483646_OcclusionRoughnessMetallic.uexp" 2120
"E:/Repository/732-abbot-grove-VR/Content/Abbot732/Textures/SM_Bra2_Material__2147483646_BaseColor.ubulk" 2121
"E:/Repository/732-abbot-grove-VR/Content/Abbot732/Textures/SM_Bra2_Material__2147483646_BaseColor.uasset" 2122
"E:/Repository/732-abbot-grove-VR/Content/Abbot732/Textures/SM_Bra2_Material__2147483646_BaseColor.uexp" 2123
"E:/Repository/732-abbot-grove-VR/Content/FancyApp/Materials/Main/MI_WoodenWall_81.uasset" 2124
"E:/Repository/732-abbot-grove-VR/Content/FancyApp/Materials/Main/MI_WoodenWall_81.uexp" 2125
"E:/Repository/732-abbot-grove-VR/Content/Abbot732/Textures/SM_Bra_DefaultMaterial_Emissive.ubulk" 2126
"E:/Repository/732-abbot-grove-VR/Content/Abbot732/Textures/SM_Bra_DefaultMaterial_Emissive.uasset" 2127
"E:/Repository/732-abbot-grove-VR/Content/Abbot732/Textures/SM_Bra_DefaultMaterial_Emissive.uexp" 2128
"E:/Repository/732-abbot-grove-VR/Content/FancyApp/Materials/Main/MI_WoodenWall_82.uasset" 2129
"E:/Repository/732-abbot-grove-VR/Content/FancyApp/Materials/Main/MI_WoodenWall_82.uexp" 2130
"E:/Repository/732-abbot-grove-VR/Content/FancyApp/Materials/Main/MI_WoodenWall_83.uasset" 2131
"E:/Repository/732-abbot-grove-VR/Content/FancyApp/Materials/Main/MI_WoodenWall_83.uexp" 2132
"E:/Repository/732-abbot-grove-VR/Content/FancyApp/Materials/Main/MI_WoodenWall_85.uasset" 2133
"E:/Repository/732-abbot-grove-VR/Content/FancyApp/Materials/Main/MI_WoodenWall_85.uexp" 2134
"E:/Repository/732-abbot-grove-VR/Content/FancyApp/Materials/Main/MI_WoodenWall_86.uasset" 2135
"E:/Repository/732-abbot-grove-VR/Content/FancyApp/Materials/Main/MI_WoodenWall_86.uexp" 2136
"E:/Repository/732-abbot-grove-VR/Content/Abbot732/Textures/SM_Bench_01_Material__2147483646_OcclusionRoughnessMetallic.uasset" 2137
"E:/Repository/732-abbot-grove-VR/Content/Abbot732/Textures/SM_Bench_01_Material__2147483646_OcclusionRoughnessMetallic.uexp" 2138
"E:/Repository/732-abbot-grove-VR/Content/Abbot732/Textures/SM_Bench_01_Material__2147483646_Normal.ubulk" 2139
"E:/Repository/732-abbot-grove-VR/Content/Abbot732/Textures/SM_Bench_01_Material__2147483646_Normal.uasset" 2140
"E:/Repository/732-abbot-grove-VR/Content/Abbot732/Textures/SM_Bench_01_Material__2147483646_Normal.uexp" 2141
"E:/Repository/732-abbot-grove-VR/Content/Abbot732/Textures/SM_Bench_01_Material__2147483646_BaseColor.ubulk" 2142
"E:/Repository/732-abbot-grove-VR/Content/Abbot732/Textures/SM_Bench_01_Material__2147483646_BaseColor.uasset" 2143
"E:/Repository/732-abbot-grove-VR/Content/Abbot732/Textures/SM_Bench_01_Material__2147483646_BaseColor.uexp" 2144
"E:/Repository/732-abbot-grove-VR/Content/FancyApp/Materials/Main/MI_WoodenWall_87.uasset" 2145
"E:/Repository/732-abbot-grove-VR/Content/FancyApp/Materials/Main/MI_WoodenWall_87.uexp" 2146
"E:/Repository/732-abbot-grove-VR/Content/Abbot732/Textures/SM_Bench_01_Material__2147483647_OcclusionRoughnessMetallic.ubulk" 2147
"E:/Repository/732-abbot-grove-VR/Content/Abbot732/Textures/SM_Bench_01_Material__2147483647_OcclusionRoughnessMetallic.uasset" 2148
"E:/Repository/732-abbot-grove-VR/Content/Abbot732/Textures/SM_Bench_01_Material__2147483647_OcclusionRoughnessMetallic.uexp" 2149
"E:/Repository/732-abbot-grove-VR/Content/Abbot732/Textures/SM_Bench_01_Material__2147483647_Normal.ubulk" 2150
"E:/Repository/732-abbot-grove-VR/Content/Abbot732/Textures/SM_Bench_01_Material__2147483647_Normal.uasset" 2151
"E:/Repository/732-abbot-grove-VR/Content/Abbot732/Textures/SM_Bench_01_Material__2147483647_Normal.uexp" 2152
"E:/Repository/732-abbot-grove-VR/Content/Abbot732/Textures/SM_Bench_01_Material__2147483647_BaseColor.ubulk" 2153
"E:/Repository/732-abbot-grove-VR/Content/Abbot732/Textures/SM_Bench_01_Material__2147483647_BaseColor.uasset" 2154
"E:/Repository/732-abbot-grove-VR/Content/Abbot732/Textures/SM_Bench_01_Material__2147483647_BaseColor.uexp" 2155
"E:/Repository/732-abbot-grove-VR/Content/FancyApp/Materials/Main/MI_WoodenWall_88.uasset" 2156
"E:/Repository/732-abbot-grove-VR/Content/FancyApp/Materials/Main/MI_WoodenWall_88.uexp" 2157
"E:/Repository/732-abbot-grove-VR/Content/Abbot732/Textures/SM_Bench_01_Material__-2147483625_OcclusionRoughnessMetallic.ubulk" 2158
"E:/Repository/732-abbot-grove-VR/Content/Abbot732/Textures/SM_Bench_01_Material__-2147483625_OcclusionRoughnessMetallic.uasset" 2159
"E:/Repository/732-abbot-grove-VR/Content/Abbot732/Textures/SM_Bench_01_Material__-2147483625_OcclusionRoughnessMetallic.uexp" 2160
"E:/Repository/732-abbot-grove-VR/Content/Abbot732/Textures/SM_Bench_01_Material__-2147483625_BaseColor.ubulk" 2161
"E:/Repository/732-abbot-grove-VR/Content/Abbot732/Textures/SM_Bench_01_Material__-2147483625_BaseColor.uasset" 2162
"E:/Repository/732-abbot-grove-VR/Content/Abbot732/Textures/SM_Bench_01_Material__-2147483625_BaseColor.uexp" 2163
"E:/Repository/732-abbot-grove-VR/Content/FancyApp/Materials/Main/MI_WoodenWall_89.uasset" 2164
"E:/Repository/732-abbot-grove-VR/Content/FancyApp/Materials/Main/MI_WoodenWall_89.uexp" 2165
"E:/Repository/732-abbot-grove-VR/Content/FancyApp/Materials/Main/MI_WoodenWall_90.uasset" 2166
"E:/Repository/732-abbot-grove-VR/Content/FancyApp/Materials/Main/MI_WoodenWall_90.uexp" 2167
"E:/Repository/732-abbot-grove-VR/Content/Abbot732/Mesh/NormalMap__40_.ubulk" 2168
"E:/Repository/732-abbot-grove-VR/Content/Abbot732/Mesh/NormalMap__40_.uasset" 2169
"E:/Repository/732-abbot-grove-VR/Content/Abbot732/Mesh/NormalMap__40_.uexp" 2170
"E:/Repository/732-abbot-grove-VR/Content/Abbot732/Mesh/NormalMap__39_.ubulk" 2171
"E:/Repository/732-abbot-grove-VR/Content/Abbot732/Mesh/NormalMap__39_.uasset" 2172
"E:/Repository/732-abbot-grove-VR/Content/Abbot732/Mesh/NormalMap__39_.uexp" 2173
"E:/Repository/732-abbot-grove-VR/Content/Abbot732/Mesh/jjjf_t.ubulk" 2174
"E:/Repository/732-abbot-grove-VR/Content/Abbot732/Mesh/jjjf_t.uasset" 2175
"E:/Repository/732-abbot-grove-VR/Content/Abbot732/Mesh/jjjf_t.uexp" 2176
"E:/Repository/732-abbot-grove-VR/Content/FancyApp/Materials/Main/MI_WoodenWall_91.uasset" 2177
"E:/Repository/732-abbot-grove-VR/Content/FancyApp/Materials/Main/MI_WoodenWall_91.uexp" 2178
"E:/Repository/732-abbot-grove-VR/Content/Abbot732/Textures/SM_PalmSmall_01_Material__2147483646_OcclusionRoughnessMetallic.ubulk" 2179
"E:/Repository/732-abbot-grove-VR/Content/Abbot732/Textures/SM_PalmSmall_01_Material__2147483646_OcclusionRoughnessMetallic.uasset" 2180
"E:/Repository/732-abbot-grove-VR/Content/Abbot732/Textures/SM_PalmSmall_01_Material__2147483646_OcclusionRoughnessMetallic.uexp" 2181
"E:/Repository/732-abbot-grove-VR/Content/Abbot732/Textures/SM_PalmSmall_01_Material__2147483646_BaseColor.ubulk" 2182
"E:/Repository/732-abbot-grove-VR/Content/Abbot732/Textures/SM_PalmSmall_01_Material__2147483646_BaseColor.uasset" 2183
"E:/Repository/732-abbot-grove-VR/Content/Abbot732/Textures/SM_PalmSmall_01_Material__2147483646_BaseColor.uexp" 2184
"E:/Repository/732-abbot-grove-VR/Content/FancyApp/Materials/Main/MI_WoodenWall_92.uasset" 2185
"E:/Repository/732-abbot-grove-VR/Content/FancyApp/Materials/Main/MI_WoodenWall_92.uexp" 2186
"E:/Repository/732-abbot-grove-VR/Content/FancyApp/Materials/Main/MI_WoodenWall_96.uasset" 2187
"E:/Repository/732-abbot-grove-VR/Content/FancyApp/Materials/Main/MI_WoodenWall_96.uexp" 2188
"E:/Repository/732-abbot-grove-VR/Content/FancyApp/Materials/Main/MI_WoodenWall_97.uasset" 2189
"E:/Repository/732-abbot-grove-VR/Content/FancyApp/Materials/Main/MI_WoodenWall_97.uexp" 2190
"E:/Repository/732-abbot-grove-VR/Content/FancyApp/Materials/Main/MI_WoodenWall_98.uasset" 2191
"E:/Repository/732-abbot-grove-VR/Content/FancyApp/Materials/Main/MI_WoodenWall_98.uexp" 2192
"E:/Repository/732-abbot-grove-VR/Content/Fab/Megascans/Surfaces/Rough_Rock_xbkgbjq/Medium/xbkgbjq_tier_2/Textures/T_xbkgbjq_2K_B.ubulk" 2193
"E:/Repository/732-abbot-grove-VR/Content/Fab/Megascans/Surfaces/Rough_Rock_xbkgbjq/Medium/xbkgbjq_tier_2/Textures/T_xbkgbjq_2K_B.uasset" 2194
"E:/Repository/732-abbot-grove-VR/Content/Fab/Megascans/Surfaces/Rough_Rock_xbkgbjq/Medium/xbkgbjq_tier_2/Textures/T_xbkgbjq_2K_B.uexp" 2195
"E:/Repository/732-abbot-grove-VR/Content/Fab/Megascans/Surfaces/Rough_Rock_xbkgbjq/Medium/xbkgbjq_tier_2/Textures/T_xbkgbjq_2K_N.ubulk" 2196
"E:/Repository/732-abbot-grove-VR/Content/Fab/Megascans/Surfaces/Rough_Rock_xbkgbjq/Medium/xbkgbjq_tier_2/Textures/T_xbkgbjq_2K_N.uasset" 2197
"E:/Repository/732-abbot-grove-VR/Content/Fab/Megascans/Surfaces/Rough_Rock_xbkgbjq/Medium/xbkgbjq_tier_2/Textures/T_xbkgbjq_2K_N.uexp" 2198
"E:/Repository/732-abbot-grove-VR/Content/Fab/Megascans/Surfaces/Rough_Rock_xbkgbjq/Medium/xbkgbjq_tier_2/Textures/T_xbkgbjq_2K_ORM.ubulk" 2199
"E:/Repository/732-abbot-grove-VR/Content/Fab/Megascans/Surfaces/Rough_Rock_xbkgbjq/Medium/xbkgbjq_tier_2/Textures/T_xbkgbjq_2K_ORM.uasset" 2200
"E:/Repository/732-abbot-grove-VR/Content/Fab/Megascans/Surfaces/Rough_Rock_xbkgbjq/Medium/xbkgbjq_tier_2/Textures/T_xbkgbjq_2K_ORM.uexp" 2201
"E:/Repository/732-abbot-grove-VR/Content/FancyApp/Materials/Main/MI_WoodenWall_99.uasset" 2202
"E:/Repository/732-abbot-grove-VR/Content/FancyApp/Materials/Main/MI_WoodenWall_99.uexp" 2203
"E:/Repository/732-abbot-grove-VR/Content/FancyApp/Materials/Main/MI_WoodenWall_100.uasset" 2204
"E:/Repository/732-abbot-grove-VR/Content/FancyApp/Materials/Main/MI_WoodenWall_100.uexp" 2205
"E:/Repository/732-abbot-grove-VR/Content/FancyApp/Materials/Main/MI_WoodenWall_101.uasset" 2206
"E:/Repository/732-abbot-grove-VR/Content/FancyApp/Materials/Main/MI_WoodenWall_101.uexp" 2207
"E:/Repository/732-abbot-grove-VR/Content/Abbot732/Textures/SM_RoomDecor_04_DefaultMaterial_BaseColor.ubulk" 2208
"E:/Repository/732-abbot-grove-VR/Content/Abbot732/Textures/SM_RoomDecor_04_DefaultMaterial_BaseColor.uasset" 2209
"E:/Repository/732-abbot-grove-VR/Content/Abbot732/Textures/SM_RoomDecor_04_DefaultMaterial_BaseColor.uexp" 2210
"E:/Repository/732-abbot-grove-VR/Content/FancyApp/Materials/Main/MI_WoodenWall_102.uasset" 2211
"E:/Repository/732-abbot-grove-VR/Content/FancyApp/Materials/Main/MI_WoodenWall_102.uexp" 2212
"E:/Repository/732-abbot-grove-VR/Content/Abbot732/Textures/3d66Model-18159474-files-049.uasset" 2213
"E:/Repository/732-abbot-grove-VR/Content/Abbot732/Textures/3d66Model-18159474-files-049.uexp" 2214
"E:/Repository/732-abbot-grove-VR/Content/FancyApp/Materials/Main/MI_WoodenWall_103.uasset" 2215
"E:/Repository/732-abbot-grove-VR/Content/FancyApp/Materials/Main/MI_WoodenWall_103.uexp" 2216
"E:/Repository/732-abbot-grove-VR/Content/Abbot732/Textures/3d66Model-18159474-files-051.ubulk" 2217
"E:/Repository/732-abbot-grove-VR/Content/Abbot732/Textures/3d66Model-18159474-files-051.uasset" 2218
"E:/Repository/732-abbot-grove-VR/Content/Abbot732/Textures/3d66Model-18159474-files-051.uexp" 2219
"E:/Repository/732-abbot-grove-VR/Content/FancyApp/Materials/Main/MI_WoodenWall_104.uasset" 2220
"E:/Repository/732-abbot-grove-VR/Content/FancyApp/Materials/Main/MI_WoodenWall_104.uexp" 2221
"E:/Repository/732-abbot-grove-VR/Content/Abbot732/Textures/SM_RoomDecor_02_DefaultMaterial_OcclusionRoughnessMetallic.ubulk" 2222
"E:/Repository/732-abbot-grove-VR/Content/Abbot732/Textures/SM_RoomDecor_02_DefaultMaterial_OcclusionRoughnessMetallic.uasset" 2223
"E:/Repository/732-abbot-grove-VR/Content/Abbot732/Textures/SM_RoomDecor_02_DefaultMaterial_OcclusionRoughnessMetallic.uexp" 2224
"E:/Repository/732-abbot-grove-VR/Content/Abbot732/Textures/SM_RoomDecor_02_DefaultMaterial_BaseColor.ubulk" 2225
"E:/Repository/732-abbot-grove-VR/Content/Abbot732/Textures/SM_RoomDecor_02_DefaultMaterial_BaseColor.uasset" 2226
"E:/Repository/732-abbot-grove-VR/Content/Abbot732/Textures/SM_RoomDecor_02_DefaultMaterial_BaseColor.uexp" 2227
"E:/Repository/732-abbot-grove-VR/Content/FancyApp/Materials/Main/MI_WoodenWall_105.uasset" 2228
"E:/Repository/732-abbot-grove-VR/Content/FancyApp/Materials/Main/MI_WoodenWall_105.uexp" 2229
"E:/Repository/732-abbot-grove-VR/Content/Abbot732/Textures/3d66Model-18159474-files-052.ubulk" 2230
"E:/Repository/732-abbot-grove-VR/Content/Abbot732/Textures/3d66Model-18159474-files-052.uasset" 2231
"E:/Repository/732-abbot-grove-VR/Content/Abbot732/Textures/3d66Model-18159474-files-052.uexp" 2232
"E:/Repository/732-abbot-grove-VR/Content/FancyApp/Materials/Main/MI_WoodenWall_106.uasset" 2233
"E:/Repository/732-abbot-grove-VR/Content/FancyApp/Materials/Main/MI_WoodenWall_106.uexp" 2234
"E:/Repository/732-abbot-grove-VR/Content/FancyApp/Materials/Main/MI_WoodenWall_107.uasset" 2235
"E:/Repository/732-abbot-grove-VR/Content/FancyApp/Materials/Main/MI_WoodenWall_107.uexp" 2236
"E:/Repository/732-abbot-grove-VR/Content/Abbot732/Textures/SM_GlassWaterBoil_02_Material__2147483646_OcclusionRoughnessMetallic.ubulk" 2237
"E:/Repository/732-abbot-grove-VR/Content/Abbot732/Textures/SM_GlassWaterBoil_02_Material__2147483646_OcclusionRoughnessMetallic.uasset" 2238
"E:/Repository/732-abbot-grove-VR/Content/Abbot732/Textures/SM_GlassWaterBoil_02_Material__2147483646_OcclusionRoughnessMetallic.uexp" 2239
"E:/Repository/732-abbot-grove-VR/Content/FancyApp/Materials/Main/MI_WoodenWall_108.uasset" 2240
"E:/Repository/732-abbot-grove-VR/Content/FancyApp/Materials/Main/MI_WoodenWall_108.uexp" 2241
"E:/Repository/732-abbot-grove-VR/Content/Abbot732/Textures/BoxParfume_LOW_DefaultMaterial_Normal.ubulk" 2242
"E:/Repository/732-abbot-grove-VR/Content/Abbot732/Textures/BoxParfume_LOW_DefaultMaterial_Normal.uasset" 2243
"E:/Repository/732-abbot-grove-VR/Content/Abbot732/Textures/BoxParfume_LOW_DefaultMaterial_Normal.uexp" 2244
"E:/Repository/732-abbot-grove-VR/Content/Abbot732/Textures/BoxParfume_LOW_DefaultMaterial_OcclusionRoughnessMetallic.ubulk" 2245
"E:/Repository/732-abbot-grove-VR/Content/Abbot732/Textures/BoxParfume_LOW_DefaultMaterial_OcclusionRoughnessMetallic.uasset" 2246
"E:/Repository/732-abbot-grove-VR/Content/Abbot732/Textures/BoxParfume_LOW_DefaultMaterial_OcclusionRoughnessMetallic.uexp" 2247
"E:/Repository/732-abbot-grove-VR/Content/Abbot732/Textures/BoxParfume_LOW_DefaultMaterial_BaseColor.ubulk" 2248
"E:/Repository/732-abbot-grove-VR/Content/Abbot732/Textures/BoxParfume_LOW_DefaultMaterial_BaseColor.uasset" 2249
"E:/Repository/732-abbot-grove-VR/Content/Abbot732/Textures/BoxParfume_LOW_DefaultMaterial_BaseColor.uexp" 2250
"E:/Repository/732-abbot-grove-VR/Content/FancyApp/Materials/Main/MI_WoodenWall_109.uasset" 2251
"E:/Repository/732-abbot-grove-VR/Content/FancyApp/Materials/Main/MI_WoodenWall_109.uexp" 2252
"E:/Repository/732-abbot-grove-VR/Content/Abbot732/Textures/SM_Book33_01_DefaultMaterial_OcclusionRoughnessMetallic.ubulk" 2253
"E:/Repository/732-abbot-grove-VR/Content/Abbot732/Textures/SM_Book33_01_DefaultMaterial_OcclusionRoughnessMetallic.uasset" 2254
"E:/Repository/732-abbot-grove-VR/Content/Abbot732/Textures/SM_Book33_01_DefaultMaterial_OcclusionRoughnessMetallic.uexp" 2255
"E:/Repository/732-abbot-grove-VR/Content/Abbot732/Textures/SM_Book33_01_DefaultMaterial_BaseColor.ubulk" 2256
"E:/Repository/732-abbot-grove-VR/Content/Abbot732/Textures/SM_Book33_01_DefaultMaterial_BaseColor.uasset" 2257
"E:/Repository/732-abbot-grove-VR/Content/Abbot732/Textures/SM_Book33_01_DefaultMaterial_BaseColor.uexp" 2258
"E:/Repository/732-abbot-grove-VR/Content/FancyApp/Materials/Main/MI_WoodenWall_110.uasset" 2259
"E:/Repository/732-abbot-grove-VR/Content/FancyApp/Materials/Main/MI_WoodenWall_110.uexp" 2260
"E:/Repository/732-abbot-grove-VR/Content/Abbot732/Textures/SM_Book33_04_DefaultMaterial_OcclusionRoughnessMetallic.ubulk" 2261
"E:/Repository/732-abbot-grove-VR/Content/Abbot732/Textures/SM_Book33_04_DefaultMaterial_OcclusionRoughnessMetallic.uasset" 2262
"E:/Repository/732-abbot-grove-VR/Content/Abbot732/Textures/SM_Book33_04_DefaultMaterial_OcclusionRoughnessMetallic.uexp" 2263
"E:/Repository/732-abbot-grove-VR/Content/Abbot732/Textures/SM_Book33_04_DefaultMaterial_Normal.ubulk" 2264
"E:/Repository/732-abbot-grove-VR/Content/Abbot732/Textures/SM_Book33_04_DefaultMaterial_Normal.uasset" 2265
"E:/Repository/732-abbot-grove-VR/Content/Abbot732/Textures/SM_Book33_04_DefaultMaterial_Normal.uexp" 2266
"E:/Repository/732-abbot-grove-VR/Content/Abbot732/Textures/SM_Book33_04_DefaultMaterial_BaseColor.ubulk" 2267
"E:/Repository/732-abbot-grove-VR/Content/Abbot732/Textures/SM_Book33_04_DefaultMaterial_BaseColor.uasset" 2268
"E:/Repository/732-abbot-grove-VR/Content/Abbot732/Textures/SM_Book33_04_DefaultMaterial_BaseColor.uexp" 2269
"E:/Repository/732-abbot-grove-VR/Content/FancyApp/Materials/Main/MI_WoodenWall_111.uasset" 2270
"E:/Repository/732-abbot-grove-VR/Content/FancyApp/Materials/Main/MI_WoodenWall_111.uexp" 2271
"E:/Repository/732-abbot-grove-VR/Content/Abbot732/Textures/SM_Book33_02_DefaultMaterial_OcclusionRoughnessMetallic.ubulk" 2272
"E:/Repository/732-abbot-grove-VR/Content/Abbot732/Textures/SM_Book33_02_DefaultMaterial_OcclusionRoughnessMetallic.uasset" 2273
"E:/Repository/732-abbot-grove-VR/Content/Abbot732/Textures/SM_Book33_02_DefaultMaterial_OcclusionRoughnessMetallic.uexp" 2274
"E:/Repository/732-abbot-grove-VR/Content/Abbot732/Textures/SM_Book33_02_DefaultMaterial_Normal.ubulk" 2275
"E:/Repository/732-abbot-grove-VR/Content/Abbot732/Textures/SM_Book33_02_DefaultMaterial_Normal.uasset" 2276
"E:/Repository/732-abbot-grove-VR/Content/Abbot732/Textures/SM_Book33_02_DefaultMaterial_Normal.uexp" 2277
"E:/Repository/732-abbot-grove-VR/Content/Abbot732/Textures/SM_Book33_02_DefaultMaterial_BaseColor.ubulk" 2278
"E:/Repository/732-abbot-grove-VR/Content/Abbot732/Textures/SM_Book33_02_DefaultMaterial_BaseColor.uasset" 2279
"E:/Repository/732-abbot-grove-VR/Content/Abbot732/Textures/SM_Book33_02_DefaultMaterial_BaseColor.uexp" 2280
"E:/Repository/732-abbot-grove-VR/Content/FancyApp/Materials/Main/MI_WoodenWall_112.uasset" 2281
"E:/Repository/732-abbot-grove-VR/Content/FancyApp/Materials/Main/MI_WoodenWall_112.uexp" 2282
"E:/Repository/732-abbot-grove-VR/Content/Abbot732/Textures/SM_Spheres_01_DefaultMaterial_BaseColor.ubulk" 2283
"E:/Repository/732-abbot-grove-VR/Content/Abbot732/Textures/SM_Spheres_01_DefaultMaterial_BaseColor.uasset" 2284
"E:/Repository/732-abbot-grove-VR/Content/Abbot732/Textures/SM_Spheres_01_DefaultMaterial_BaseColor.uexp" 2285
"E:/Repository/732-abbot-grove-VR/Content/FancyApp/Materials/Main/MI_WoodenWall_113.uasset" 2286
"E:/Repository/732-abbot-grove-VR/Content/FancyApp/Materials/Main/MI_WoodenWall_113.uexp" 2287
"E:/Repository/732-abbot-grove-VR/Content/Abbot732/Textures/SM_WallBooks_01_DefaultMaterial_Normal.ubulk" 2288
"E:/Repository/732-abbot-grove-VR/Content/Abbot732/Textures/SM_WallBooks_01_DefaultMaterial_Normal.uasset" 2289
"E:/Repository/732-abbot-grove-VR/Content/Abbot732/Textures/SM_WallBooks_01_DefaultMaterial_Normal.uexp" 2290
"E:/Repository/732-abbot-grove-VR/Content/Abbot732/Textures/SM_WallBooks_01_DefaultMaterial_BaseColor.ubulk" 2291
"E:/Repository/732-abbot-grove-VR/Content/Abbot732/Textures/SM_WallBooks_01_DefaultMaterial_BaseColor.uasset" 2292
"E:/Repository/732-abbot-grove-VR/Content/Abbot732/Textures/SM_WallBooks_01_DefaultMaterial_BaseColor.uexp" 2293
"E:/Repository/732-abbot-grove-VR/Content/FancyApp/Materials/Main/MI_WoodenWall_115.uasset" 2294
"E:/Repository/732-abbot-grove-VR/Content/FancyApp/Materials/Main/MI_WoodenWall_115.uexp" 2295
"E:/Repository/732-abbot-grove-VR/Content/FancyApp/Materials/Main/MI_WoodenWall_116.uasset" 2296
"E:/Repository/732-abbot-grove-VR/Content/FancyApp/Materials/Main/MI_WoodenWall_116.uexp" 2297
"E:/Repository/732-abbot-grove-VR/Content/Abbot732/Textures/SM_Magazine_02_DefaultMaterial_OcclusionRoughnessMetallic.ubulk" 2298
"E:/Repository/732-abbot-grove-VR/Content/Abbot732/Textures/SM_Magazine_02_DefaultMaterial_OcclusionRoughnessMetallic.uasset" 2299
"E:/Repository/732-abbot-grove-VR/Content/Abbot732/Textures/SM_Magazine_02_DefaultMaterial_OcclusionRoughnessMetallic.uexp" 2300
"E:/Repository/732-abbot-grove-VR/Content/Abbot732/Textures/SM_Magazine_02_DefaultMaterial_BaseColor.ubulk" 2301
"E:/Repository/732-abbot-grove-VR/Content/Abbot732/Textures/SM_Magazine_02_DefaultMaterial_BaseColor.uasset" 2302
"E:/Repository/732-abbot-grove-VR/Content/Abbot732/Textures/SM_Magazine_02_DefaultMaterial_BaseColor.uexp" 2303
"E:/Repository/732-abbot-grove-VR/Content/FancyApp/Materials/Main/MI_WoodenWall_117.uasset" 2304
"E:/Repository/732-abbot-grove-VR/Content/FancyApp/Materials/Main/MI_WoodenWall_117.uexp" 2305
"E:/Repository/732-abbot-grove-VR/Content/Abbot732/Textures/SM_Magazine_01_DefaultMaterial_OcclusionRoughnessMetallic.ubulk" 2306
"E:/Repository/732-abbot-grove-VR/Content/Abbot732/Textures/SM_Magazine_01_DefaultMaterial_OcclusionRoughnessMetallic.uasset" 2307
"E:/Repository/732-abbot-grove-VR/Content/Abbot732/Textures/SM_Magazine_01_DefaultMaterial_OcclusionRoughnessMetallic.uexp" 2308
"E:/Repository/732-abbot-grove-VR/Content/Abbot732/Textures/SM_Magazine_01_DefaultMaterial_BaseColor.ubulk" 2309
"E:/Repository/732-abbot-grove-VR/Content/Abbot732/Textures/SM_Magazine_01_DefaultMaterial_BaseColor.uasset" 2310
"E:/Repository/732-abbot-grove-VR/Content/Abbot732/Textures/SM_Magazine_01_DefaultMaterial_BaseColor.uexp" 2311
"E:/Repository/732-abbot-grove-VR/Content/FancyApp/Materials/Main/MI_WoodenWall_118.uasset" 2312
"E:/Repository/732-abbot-grove-VR/Content/FancyApp/Materials/Main/MI_WoodenWall_118.uexp" 2313
"E:/Repository/732-abbot-grove-VR/Content/Abbot732/Textures/SM_MONET_01_DefaultMaterial_OcclusionRoughnessMetallic.ubulk" 2314
"E:/Repository/732-abbot-grove-VR/Content/Abbot732/Textures/SM_MONET_01_DefaultMaterial_OcclusionRoughnessMetallic.uasset" 2315
"E:/Repository/732-abbot-grove-VR/Content/Abbot732/Textures/SM_MONET_01_DefaultMaterial_OcclusionRoughnessMetallic.uexp" 2316
"E:/Repository/732-abbot-grove-VR/Content/Abbot732/Textures/SM_MONET_01_DefaultMaterial_Normal.ubulk" 2317
"E:/Repository/732-abbot-grove-VR/Content/Abbot732/Textures/SM_MONET_01_DefaultMaterial_Normal.uasset" 2318
"E:/Repository/732-abbot-grove-VR/Content/Abbot732/Textures/SM_MONET_01_DefaultMaterial_Normal.uexp" 2319
"E:/Repository/732-abbot-grove-VR/Content/Abbot732/Textures/SM_MONET_01_DefaultMaterial_BaseColor.ubulk" 2320
"E:/Repository/732-abbot-grove-VR/Content/Abbot732/Textures/SM_MONET_01_DefaultMaterial_BaseColor.uasset" 2321
"E:/Repository/732-abbot-grove-VR/Content/Abbot732/Textures/SM_MONET_01_DefaultMaterial_BaseColor.uexp" 2322
"E:/Repository/732-abbot-grove-VR/Content/FancyApp/Materials/Main/MI_WoodenWall_119.uasset" 2323
"E:/Repository/732-abbot-grove-VR/Content/FancyApp/Materials/Main/MI_WoodenWall_119.uexp" 2324
"E:/Repository/732-abbot-grove-VR/Content/Abbot732/Textures/SM_TableLemons_01_Material__2147483646_BaseColor.ubulk" 2325
"E:/Repository/732-abbot-grove-VR/Content/Abbot732/Textures/SM_TableLemons_01_Material__2147483646_BaseColor.uasset" 2326
"E:/Repository/732-abbot-grove-VR/Content/Abbot732/Textures/SM_TableLemons_01_Material__2147483646_BaseColor.uexp" 2327
"E:/Repository/732-abbot-grove-VR/Content/FancyApp/Materials/Main/MI_WoodenWall_120.uasset" 2328
"E:/Repository/732-abbot-grove-VR/Content/FancyApp/Materials/Main/MI_WoodenWall_120.uexp" 2329
"E:/Repository/732-abbot-grove-VR/Content/Abbot732/Textures/SM_TableLemons_01_Material__2147483647_OcclusionRoughnessMetallic.ubulk" 2330
"E:/Repository/732-abbot-grove-VR/Content/Abbot732/Textures/SM_TableLemons_01_Material__2147483647_OcclusionRoughnessMetallic.uasset" 2331
"E:/Repository/732-abbot-grove-VR/Content/Abbot732/Textures/SM_TableLemons_01_Material__2147483647_OcclusionRoughnessMetallic.uexp" 2332
"E:/Repository/732-abbot-grove-VR/Content/Abbot732/Textures/SM_TableLemons_01_Material__2147483647_Normal.ubulk" 2333
"E:/Repository/732-abbot-grove-VR/Content/Abbot732/Textures/SM_TableLemons_01_Material__2147483647_Normal.uasset" 2334
"E:/Repository/732-abbot-grove-VR/Content/Abbot732/Textures/SM_TableLemons_01_Material__2147483647_Normal.uexp" 2335
"E:/Repository/732-abbot-grove-VR/Content/Abbot732/Textures/SM_TableLemons_01_Material__2147483647_BaseColor.ubulk" 2336
"E:/Repository/732-abbot-grove-VR/Content/Abbot732/Textures/SM_TableLemons_01_Material__2147483647_BaseColor.uasset" 2337
"E:/Repository/732-abbot-grove-VR/Content/Abbot732/Textures/SM_TableLemons_01_Material__2147483647_BaseColor.uexp" 2338
"E:/Repository/732-abbot-grove-VR/Content/FancyApp/Materials/Main/MI_WoodenWall_121.uasset" 2339
"E:/Repository/732-abbot-grove-VR/Content/FancyApp/Materials/Main/MI_WoodenWall_121.uexp" 2340
"E:/Repository/732-abbot-grove-VR/Content/Abbot732/Textures/SM_Books_Center_01_DefaultMaterial_BaseColor.ubulk" 2341
"E:/Repository/732-abbot-grove-VR/Content/Abbot732/Textures/SM_Books_Center_01_DefaultMaterial_BaseColor.uasset" 2342
"E:/Repository/732-abbot-grove-VR/Content/Abbot732/Textures/SM_Books_Center_01_DefaultMaterial_BaseColor.uexp" 2343
"E:/Repository/732-abbot-grove-VR/Content/Abbot732/Textures/SM_Books_Center_01_DefaultMaterial_OcclusionRoughnessMetallic.ubulk" 2344
"E:/Repository/732-abbot-grove-VR/Content/Abbot732/Textures/SM_Books_Center_01_DefaultMaterial_OcclusionRoughnessMetallic.uasset" 2345
"E:/Repository/732-abbot-grove-VR/Content/Abbot732/Textures/SM_Books_Center_01_DefaultMaterial_OcclusionRoughnessMetallic.uexp" 2346
"E:/Repository/732-abbot-grove-VR/Content/FancyApp/Materials/Main/MI_WoodenWall_122.uasset" 2347
"E:/Repository/732-abbot-grove-VR/Content/FancyApp/Materials/Main/MI_WoodenWall_122.uexp" 2348
"E:/Repository/732-abbot-grove-VR/Content/Abbot732/Textures/SM_Napkin_DefaultMaterial_Normal.ubulk" 2349
"E:/Repository/732-abbot-grove-VR/Content/Abbot732/Textures/SM_Napkin_DefaultMaterial_Normal.uasset" 2350
"E:/Repository/732-abbot-grove-VR/Content/Abbot732/Textures/SM_Napkin_DefaultMaterial_Normal.uexp" 2351
"E:/Repository/732-abbot-grove-VR/Content/Abbot732/Textures/SM_Napkin_DefaultMaterial_BaseColor.ubulk" 2352
"E:/Repository/732-abbot-grove-VR/Content/Abbot732/Textures/SM_Napkin_DefaultMaterial_BaseColor.uasset" 2353
"E:/Repository/732-abbot-grove-VR/Content/Abbot732/Textures/SM_Napkin_DefaultMaterial_BaseColor.uexp" 2354
"E:/Repository/732-abbot-grove-VR/Content/FancyApp/Materials/Main/MI_WoodenWall_123.uasset" 2355
"E:/Repository/732-abbot-grove-VR/Content/FancyApp/Materials/Main/MI_WoodenWall_123.uexp" 2356
"E:/Repository/732-abbot-grove-VR/Content/FancyApp/Materials/Main/MI_WoodenWall_124.uasset" 2357
"E:/Repository/732-abbot-grove-VR/Content/FancyApp/Materials/Main/MI_WoodenWall_124.uexp" 2358
"E:/Repository/732-abbot-grove-VR/Content/FancyApp/Materials/Main/MI_WoodenWall_125.uasset" 2359
"E:/Repository/732-abbot-grove-VR/Content/FancyApp/Materials/Main/MI_WoodenWall_125.uexp" 2360
"E:/Repository/732-abbot-grove-VR/Content/Abbot732/Textures/PILLOW_LOW_DefaultMaterial_BaseColor.ubulk" 2361
"E:/Repository/732-abbot-grove-VR/Content/Abbot732/Textures/PILLOW_LOW_DefaultMaterial_BaseColor.uasset" 2362
"E:/Repository/732-abbot-grove-VR/Content/Abbot732/Textures/PILLOW_LOW_DefaultMaterial_BaseColor.uexp" 2363
"E:/Repository/732-abbot-grove-VR/Content/Abbot732/Textures/PILLOW_LOW_DefaultMaterial_Normal.ubulk" 2364
"E:/Repository/732-abbot-grove-VR/Content/Abbot732/Textures/PILLOW_LOW_DefaultMaterial_Normal.uasset" 2365
"E:/Repository/732-abbot-grove-VR/Content/Abbot732/Textures/PILLOW_LOW_DefaultMaterial_Normal.uexp" 2366
"E:/Repository/732-abbot-grove-VR/Content/Abbot732/Textures/PILLOW_LOW_DefaultMaterial_OcclusionRoughnessMetallic.ubulk" 2367
"E:/Repository/732-abbot-grove-VR/Content/Abbot732/Textures/PILLOW_LOW_DefaultMaterial_OcclusionRoughnessMetallic.uasset" 2368
"E:/Repository/732-abbot-grove-VR/Content/Abbot732/Textures/PILLOW_LOW_DefaultMaterial_OcclusionRoughnessMetallic.uexp" 2369
"E:/Repository/732-abbot-grove-VR/Content/FancyApp/Materials/Main/MI_WoodenWall_131.uasset" 2370
"E:/Repository/732-abbot-grove-VR/Content/FancyApp/Materials/Main/MI_WoodenWall_131.uexp" 2371
"E:/Repository/732-abbot-grove-VR/Content/Abbot732/Textures/SM_BedPillars_Material__2147483647_BaseColor.ubulk" 2372
"E:/Repository/732-abbot-grove-VR/Content/Abbot732/Textures/SM_BedPillars_Material__2147483647_BaseColor.uasset" 2373
"E:/Repository/732-abbot-grove-VR/Content/Abbot732/Textures/SM_BedPillars_Material__2147483647_BaseColor.uexp" 2374
"E:/Repository/732-abbot-grove-VR/Content/Abbot732/Textures/SM_BedPillars_Material__2147483647_Normal.ubulk" 2375
"E:/Repository/732-abbot-grove-VR/Content/Abbot732/Textures/SM_BedPillars_Material__2147483647_Normal.uasset" 2376
"E:/Repository/732-abbot-grove-VR/Content/Abbot732/Textures/SM_BedPillars_Material__2147483647_Normal.uexp" 2377
"E:/Repository/732-abbot-grove-VR/Content/Abbot732/Textures/SM_BedPillars_Material__2147483647_OcclusionRoughnessMetallic.ubulk" 2378
"E:/Repository/732-abbot-grove-VR/Content/Abbot732/Textures/SM_BedPillars_Material__2147483647_OcclusionRoughnessMetallic.uasset" 2379
"E:/Repository/732-abbot-grove-VR/Content/Abbot732/Textures/SM_BedPillars_Material__2147483647_OcclusionRoughnessMetallic.uexp" 2380
"E:/Repository/732-abbot-grove-VR/Content/FancyApp/Materials/Main/MI_RoomSphereChairs_11.uasset" 2381
"E:/Repository/732-abbot-grove-VR/Content/FancyApp/Materials/Main/MI_RoomSphereChairs_11.uexp" 2382
"E:/Repository/732-abbot-grove-VR/Content/Abbot732/Textures/SM_MainChair_03_Material__2147483646_BaseColor.ubulk" 2383
"E:/Repository/732-abbot-grove-VR/Content/Abbot732/Textures/SM_MainChair_03_Material__2147483646_BaseColor.uasset" 2384
"E:/Repository/732-abbot-grove-VR/Content/Abbot732/Textures/SM_MainChair_03_Material__2147483646_BaseColor.uexp" 2385
"E:/Repository/732-abbot-grove-VR/Content/Abbot732/Textures/SM_MainChair_03_Material__2147483646_Normal.ubulk" 2386
"E:/Repository/732-abbot-grove-VR/Content/Abbot732/Textures/SM_MainChair_03_Material__2147483646_Normal.uasset" 2387
"E:/Repository/732-abbot-grove-VR/Content/Abbot732/Textures/SM_MainChair_03_Material__2147483646_Normal.uexp" 2388
"E:/Repository/732-abbot-grove-VR/Content/FancyApp/Materials/Main/MI_RoomSphereChairs_12.uasset" 2389
"E:/Repository/732-abbot-grove-VR/Content/FancyApp/Materials/Main/MI_RoomSphereChairs_12.uexp" 2390
"E:/Repository/732-abbot-grove-VR/Content/Abbot732/Textures/SM_BedPillars_Material__2147483646_OcclusionRoughnessMetallic.ubulk" 2391
"E:/Repository/732-abbot-grove-VR/Content/Abbot732/Textures/SM_BedPillars_Material__2147483646_OcclusionRoughnessMetallic.uasset" 2392
"E:/Repository/732-abbot-grove-VR/Content/Abbot732/Textures/SM_BedPillars_Material__2147483646_OcclusionRoughnessMetallic.uexp" 2393
"E:/Repository/732-abbot-grove-VR/Content/Abbot732/Textures/SM_BedPillars_Material__2147483646_Normal.ubulk" 2394
"E:/Repository/732-abbot-grove-VR/Content/Abbot732/Textures/SM_BedPillars_Material__2147483646_Normal.uasset" 2395
"E:/Repository/732-abbot-grove-VR/Content/Abbot732/Textures/SM_BedPillars_Material__2147483646_Normal.uexp" 2396
"E:/Repository/732-abbot-grove-VR/Content/Abbot732/Textures/SM_BedPillars_Material__2147483646_BaseColor.ubulk" 2397
"E:/Repository/732-abbot-grove-VR/Content/Abbot732/Textures/SM_BedPillars_Material__2147483646_BaseColor.uasset" 2398
"E:/Repository/732-abbot-grove-VR/Content/Abbot732/Textures/SM_BedPillars_Material__2147483646_BaseColor.uexp" 2399
"E:/Repository/732-abbot-grove-VR/Content/FancyApp/Materials/Main/MI_RoomSphereChairs_13.uasset" 2400
"E:/Repository/732-abbot-grove-VR/Content/FancyApp/Materials/Main/MI_RoomSphereChairs_13.uexp" 2401
"E:/Repository/732-abbot-grove-VR/Content/FancyApp/Textures/WhiteMarble/T_tgohbdbv_4K_N.ubulk" 2402
"E:/Repository/732-abbot-grove-VR/Content/FancyApp/Textures/WhiteMarble/T_tgohbdbv_4K_N.uasset" 2403
"E:/Repository/732-abbot-grove-VR/Content/FancyApp/Textures/WhiteMarble/T_tgohbdbv_4K_N.uexp" 2404
"E:/Repository/732-abbot-grove-VR/Content/Abbot732/Textures/102_striated_travertine.ubulk" 2405
"E:/Repository/732-abbot-grove-VR/Content/Abbot732/Textures/102_striated_travertine.uasset" 2406
"E:/Repository/732-abbot-grove-VR/Content/Abbot732/Textures/102_striated_travertine.uexp" 2407
"E:/Repository/732-abbot-grove-VR/Content/Abbot732/Textures/459c18db-2f64-41a9-b127-9eb9444194fa-topaz-upscale-2_8x.ubulk" 2408
"E:/Repository/732-abbot-grove-VR/Content/Abbot732/Textures/459c18db-2f64-41a9-b127-9eb9444194fa-topaz-upscale-2_8x.uasset" 2409
"E:/Repository/732-abbot-grove-VR/Content/Abbot732/Textures/459c18db-2f64-41a9-b127-9eb9444194fa-topaz-upscale-2_8x.uexp" 2410
"E:/Repository/732-abbot-grove-VR/Content/FancyApp/Materials/Main/MI_Marble_10.uasset" 2411
"E:/Repository/732-abbot-grove-VR/Content/FancyApp/Materials/Main/MI_Marble_10.uexp" 2412
"E:/Repository/732-abbot-grove-VR/Content/FancyApp/Materials/Main/MI_Marble_11.uasset" 2413
"E:/Repository/732-abbot-grove-VR/Content/FancyApp/Materials/Main/MI_Marble_11.uexp" 2414
"E:/Repository/732-abbot-grove-VR/Content/Abbot732/Textures/SM_CellLight_01_Material__2147483646_Normal.ubulk" 2415
"E:/Repository/732-abbot-grove-VR/Content/Abbot732/Textures/SM_CellLight_01_Material__2147483646_Normal.uasset" 2416
"E:/Repository/732-abbot-grove-VR/Content/Abbot732/Textures/SM_CellLight_01_Material__2147483646_Normal.uexp" 2417
"E:/Repository/732-abbot-grove-VR/Content/Abbot732/Textures/SM_CellLight_01_Material__2147483646_OcclusionRoughnessMetallic.ubulk" 2418
"E:/Repository/732-abbot-grove-VR/Content/Abbot732/Textures/SM_CellLight_01_Material__2147483646_OcclusionRoughnessMetallic.uasset" 2419
"E:/Repository/732-abbot-grove-VR/Content/Abbot732/Textures/SM_CellLight_01_Material__2147483646_OcclusionRoughnessMetallic.uexp" 2420
"E:/Repository/732-abbot-grove-VR/Content/Abbot732/Textures/SM_CellLight_01_Material__2147483646_BaseColor.ubulk" 2421
"E:/Repository/732-abbot-grove-VR/Content/Abbot732/Textures/SM_CellLight_01_Material__2147483646_BaseColor.uasset" 2422
"E:/Repository/732-abbot-grove-VR/Content/Abbot732/Textures/SM_CellLight_01_Material__2147483646_BaseColor.uexp" 2423
"E:/Repository/732-abbot-grove-VR/Content/FancyApp/Materials/Main/MI_Marble_12.uasset" 2424
"E:/Repository/732-abbot-grove-VR/Content/FancyApp/Materials/Main/MI_Marble_12.uexp" 2425
"E:/Repository/732-abbot-grove-VR/Content/Abbot732/Textures/102_striated_travertine_bc.ubulk" 2426
"E:/Repository/732-abbot-grove-VR/Content/Abbot732/Textures/102_striated_travertine_bc.uasset" 2427
"E:/Repository/732-abbot-grove-VR/Content/Abbot732/Textures/102_striated_travertine_bc.uexp" 2428
"E:/Repository/732-abbot-grove-VR/Content/FancyApp/Materials/Main/MI_Marble_15.uasset" 2429
"E:/Repository/732-abbot-grove-VR/Content/FancyApp/Materials/Main/MI_Marble_15.uexp" 2430
"E:/Repository/732-abbot-grove-VR/Content/FancyApp/Materials/Main/MI_Marble_16.uasset" 2431
"E:/Repository/732-abbot-grove-VR/Content/FancyApp/Materials/Main/MI_Marble_16.uexp" 2432
"E:/Repository/732-abbot-grove-VR/Content/FancyApp/Materials/Main/MI_Marble_17.uasset" 2433
"E:/Repository/732-abbot-grove-VR/Content/FancyApp/Materials/Main/MI_Marble_17.uexp" 2434
"E:/Repository/732-abbot-grove-VR/Content/FancyApp/Materials/Main/MI_Marble_09.uasset" 2435
"E:/Repository/732-abbot-grove-VR/Content/FancyApp/Materials/Main/MI_Marble_09.uexp" 2436
"E:/Repository/732-abbot-grove-VR/Content/Abbot732/Textures/SM_KitchenPart_010_Material__-2147483648__1_BaseColor.ubulk" 2437
"E:/Repository/732-abbot-grove-VR/Content/Abbot732/Textures/SM_KitchenPart_010_Material__-2147483648__1_BaseColor.uasset" 2438
"E:/Repository/732-abbot-grove-VR/Content/Abbot732/Textures/SM_KitchenPart_010_Material__-2147483648__1_BaseColor.uexp" 2439
"E:/Repository/732-abbot-grove-VR/Content/Abbot732/Textures/SM_KitchenPEM.ubulk" 2440
"E:/Repository/732-abbot-grove-VR/Content/Abbot732/Textures/SM_KitchenPEM.uasset" 2441
"E:/Repository/732-abbot-grove-VR/Content/Abbot732/Textures/SM_KitchenPEM.uexp" 2442
"E:/Repository/732-abbot-grove-VR/Content/FancyApp/Materials/Main/MI_Marble_07.uasset" 2443
"E:/Repository/732-abbot-grove-VR/Content/FancyApp/Materials/Main/MI_Marble_07.uexp" 2444
"E:/Repository/732-abbot-grove-VR/Content/Abbot732/Textures/marble_bc_abbot2.ubulk" 2445
"E:/Repository/732-abbot-grove-VR/Content/Abbot732/Textures/marble_bc_abbot2.uasset" 2446
"E:/Repository/732-abbot-grove-VR/Content/Abbot732/Textures/marble_bc_abbot2.uexp" 2447
"E:/Repository/732-abbot-grove-VR/Content/FancyApp/Materials/Main/MI_Marble_06.uasset" 2448
"E:/Repository/732-abbot-grove-VR/Content/FancyApp/Materials/Main/MI_Marble_06.uexp" 2449
"E:/Repository/732-abbot-grove-VR/Content/FancyApp/Textures/Leather/T_xjekcey_4K_N.ubulk" 2450
"E:/Repository/732-abbot-grove-VR/Content/FancyApp/Textures/Leather/T_xjekcey_4K_N.uasset" 2451
"E:/Repository/732-abbot-grove-VR/Content/FancyApp/Textures/Leather/T_xjekcey_4K_N.uexp" 2452
"E:/Repository/732-abbot-grove-VR/Content/FancyApp/Textures/Leather/FabricLeatherCowhide001_COL_VAR3_2K.ubulk" 2453
"E:/Repository/732-abbot-grove-VR/Content/FancyApp/Textures/Leather/FabricLeatherCowhide001_COL_VAR3_2K.uasset" 2454
"E:/Repository/732-abbot-grove-VR/Content/FancyApp/Textures/Leather/FabricLeatherCowhide001_COL_VAR3_2K.uexp" 2455
"E:/Repository/732-abbot-grove-VR/Content/FancyApp/Materials/Main/MI_Leather_04.uasset" 2456
"E:/Repository/732-abbot-grove-VR/Content/FancyApp/Materials/Main/MI_Leather_04.uexp" 2457
"E:/Repository/732-abbot-grove-VR/Content/FancyApp/Materials/Main/MI_GlassMaterial_10.uasset" 2458
"E:/Repository/732-abbot-grove-VR/Content/FancyApp/Materials/Main/MI_GlassMaterial_10.uexp" 2459
"E:/Repository/732-abbot-grove-VR/Content/FancyApp/Materials/Main/MI_GlassMaterial_11.uasset" 2460
"E:/Repository/732-abbot-grove-VR/Content/FancyApp/Materials/Main/MI_GlassMaterial_11.uexp" 2461
"E:/Repository/732-abbot-grove-VR/Content/FancyApp/Materials/Main/MI_GlassMaterial_12.uasset" 2462
"E:/Repository/732-abbot-grove-VR/Content/FancyApp/Materials/Main/MI_GlassMaterial_12.uexp" 2463
"E:/Repository/732-abbot-grove-VR/Content/FancyApp/Materials/Main/MI_GlassMaterial_14.uasset" 2464
"E:/Repository/732-abbot-grove-VR/Content/FancyApp/Materials/Main/MI_GlassMaterial_14.uexp" 2465
"E:/Repository/732-abbot-grove-VR/Content/FancyApp/Materials/Main/MI_GlassMaterial_15.uasset" 2466
"E:/Repository/732-abbot-grove-VR/Content/FancyApp/Materials/Main/MI_GlassMaterial_15.uexp" 2467
"E:/Repository/732-abbot-grove-VR/Content/FancyApp/Materials/Main/MI_GlassMaterial_17.uasset" 2468
"E:/Repository/732-abbot-grove-VR/Content/FancyApp/Materials/Main/MI_GlassMaterial_17.uexp" 2469
"E:/Repository/732-abbot-grove-VR/Content/FancyApp/Materials/Main/MI_GlassMaterial_09.uasset" 2470
"E:/Repository/732-abbot-grove-VR/Content/FancyApp/Materials/Main/MI_GlassMaterial_09.uexp" 2471
"E:/Repository/732-abbot-grove-VR/Content/FancyApp/Materials/Main/MI_GlassMaterial_06.uasset" 2472
"E:/Repository/732-abbot-grove-VR/Content/FancyApp/Materials/Main/MI_GlassMaterial_06.uexp" 2473
"E:/Repository/732-abbot-grove-VR/Content/FancyApp/Materials/Main/M_Emissive_01.uasset" 2474
"E:/Repository/732-abbot-grove-VR/Content/FancyApp/Materials/Main/M_Emissive_01.uexp" 2475
"E:/Repository/732-abbot-grove-VR/Content/FancyApp/Materials/Main/MI_Emissive_05.uasset" 2476
"E:/Repository/732-abbot-grove-VR/Content/FancyApp/Materials/Main/MI_Emissive_05.uexp" 2477
"E:/Repository/732-abbot-grove-VR/Content/FancyApp/Materials/Main/MI_Emissive_04.uasset" 2478
"E:/Repository/732-abbot-grove-VR/Content/FancyApp/Materials/Main/MI_Emissive_04.uexp" 2479
"E:/Repository/732-abbot-grove-VR/Content/FancyApp/Materials/Main/MI_Emissive_02.uasset" 2480
"E:/Repository/732-abbot-grove-VR/Content/FancyApp/Materials/Main/MI_Emissive_02.uexp" 2481
"E:/Repository/732-abbot-grove-VR/Content/FancyApp/Textures/Textile_01/FabricUpholsteryRivetPlainWeave001_IDMAP_6K.ubulk" 2482
"E:/Repository/732-abbot-grove-VR/Content/FancyApp/Textures/Textile_01/FabricUpholsteryRivetPlainWeave001_IDMAP_6K.uasset" 2483
"E:/Repository/732-abbot-grove-VR/Content/FancyApp/Textures/Textile_01/FabricUpholsteryRivetPlainWeave001_IDMAP_6K.uexp" 2484
"E:/Repository/732-abbot-grove-VR/Content/FancyApp/Textures/Textile_01/FabricUpholsteryRivetPlainWeave001_COL_VAR2_6K.ubulk" 2485
"E:/Repository/732-abbot-grove-VR/Content/FancyApp/Textures/Textile_01/FabricUpholsteryRivetPlainWeave001_COL_VAR2_6K.uasset" 2486
"E:/Repository/732-abbot-grove-VR/Content/FancyApp/Textures/Textile_01/FabricUpholsteryRivetPlainWeave001_COL_VAR2_6K.uexp" 2487
"E:/Repository/732-abbot-grove-VR/Content/FancyApp/Materials/Main/MI_Curtains_03.uasset" 2488
"E:/Repository/732-abbot-grove-VR/Content/FancyApp/Materials/Main/MI_Curtains_03.uexp" 2489
"E:/Repository/732-abbot-grove-VR/Content/FancyApp/Textures/Textile_01/FabricUpholsteryRivetPlainWeave001_NRM_6K.ubulk" 2490
"E:/Repository/732-abbot-grove-VR/Content/FancyApp/Textures/Textile_01/FabricUpholsteryRivetPlainWeave001_NRM_6K.uasset" 2491
"E:/Repository/732-abbot-grove-VR/Content/FancyApp/Textures/Textile_01/FabricUpholsteryRivetPlainWeave001_NRM_6K.uexp" 2492
"E:/Repository/732-abbot-grove-VR/Content/FancyApp/Materials/Main/MI_Curtains_02.uasset" 2493
"E:/Repository/732-abbot-grove-VR/Content/FancyApp/Materials/Main/MI_Curtains_02.uexp" 2494
"E:/Repository/732-abbot-grove-VR/Content/Abbot732/Mesh/Single/SM__ShowerITEM_.ubulk" 2495
"E:/Repository/732-abbot-grove-VR/Content/Abbot732/Mesh/Single/SM__ShowerITEM_.uasset" 2496
"E:/Repository/732-abbot-grove-VR/Content/Abbot732/Mesh/Single/SM__ShowerITEM_.uexp" 2497
"E:/Repository/732-abbot-grove-VR/Content/Abbot732/Mesh/Single/SM_WC_Cleaner.ubulk" 2498
"E:/Repository/732-abbot-grove-VR/Content/Abbot732/Mesh/Single/SM_WC_Cleaner.uasset" 2499
"E:/Repository/732-abbot-grove-VR/Content/Abbot732/Mesh/Single/SM_WC_Cleaner.uexp" 2500
"E:/Repository/732-abbot-grove-VR/Content/Abbot732/Mesh/Single/SM_WC_Button.ubulk" 2501
"E:/Repository/732-abbot-grove-VR/Content/Abbot732/Mesh/Single/SM_WC_Button.uasset" 2502
"E:/Repository/732-abbot-grove-VR/Content/Abbot732/Mesh/Single/SM_WC_Button.uexp" 2503
"E:/Repository/732-abbot-grove-VR/Content/Abbot732/Mesh/Single/SM_WC_01.ubulk" 2504
"E:/Repository/732-abbot-grove-VR/Content/Abbot732/Mesh/Single/SM_WC_01.uasset" 2505
"E:/Repository/732-abbot-grove-VR/Content/Abbot732/Mesh/Single/SM_WC_01.uexp" 2506
"E:/Repository/732-abbot-grove-VR/Content/Abbot732/Textures/SM_ToilerPaper_01_DefaultMaterial_OcclusionRoughnessMetallic.ubulk" 2507
"E:/Repository/732-abbot-grove-VR/Content/Abbot732/Textures/SM_ToilerPaper_01_DefaultMaterial_OcclusionRoughnessMetallic.uasset" 2508
"E:/Repository/732-abbot-grove-VR/Content/Abbot732/Textures/SM_ToilerPaper_01_DefaultMaterial_OcclusionRoughnessMetallic.uexp" 2509
"E:/Repository/732-abbot-grove-VR/Content/Abbot732/Textures/SM_ToilerPaper_01_DefaultMaterial_Normal.ubulk" 2510
"E:/Repository/732-abbot-grove-VR/Content/Abbot732/Textures/SM_ToilerPaper_01_DefaultMaterial_Normal.uasset" 2511
"E:/Repository/732-abbot-grove-VR/Content/Abbot732/Textures/SM_ToilerPaper_01_DefaultMaterial_Normal.uexp" 2512
"E:/Repository/732-abbot-grove-VR/Content/Abbot732/Textures/SM_ToilerPaper_01_DefaultMaterial_BaseColor.ubulk" 2513
"E:/Repository/732-abbot-grove-VR/Content/Abbot732/Textures/SM_ToilerPaper_01_DefaultMaterial_BaseColor.uasset" 2514
"E:/Repository/732-abbot-grove-VR/Content/Abbot732/Textures/SM_ToilerPaper_01_DefaultMaterial_BaseColor.uexp" 2515
"E:/Repository/732-abbot-grove-VR/Content/FancyApp/Materials/Main/MI_WoodenWall_67.uasset" 2516
"E:/Repository/732-abbot-grove-VR/Content/FancyApp/Materials/Main/MI_WoodenWall_67.uexp" 2517
"E:/Repository/732-abbot-grove-VR/Content/Abbot732/Mesh/Single/SM_ToilerPaper_01.ubulk" 2518
"E:/Repository/732-abbot-grove-VR/Content/Abbot732/Mesh/Single/SM_ToilerPaper_01.uasset" 2519
"E:/Repository/732-abbot-grove-VR/Content/Abbot732/Mesh/Single/SM_ToilerPaper_01.uexp" 2520
"E:/Repository/732-abbot-grove-VR/Content/Abbot732/Mesh/Single/SM_StoolShower_01.ubulk" 2521
"E:/Repository/732-abbot-grove-VR/Content/Abbot732/Mesh/Single/SM_StoolShower_01.uasset" 2522
"E:/Repository/732-abbot-grove-VR/Content/Abbot732/Mesh/Single/SM_StoolShower_01.uexp" 2523
"E:/Repository/732-abbot-grove-VR/Content/Abbot732/Mesh/Single/Material__2147483646.uasset" 2524
"E:/Repository/732-abbot-grove-VR/Content/Abbot732/Mesh/Single/Material__2147483646.uexp" 2525
"E:/Repository/732-abbot-grove-VR/Content/Abbot732/Mesh/Single/Material__-2147483625.uasset" 2526
"E:/Repository/732-abbot-grove-VR/Content/Abbot732/Mesh/Single/Material__-2147483625.uexp" 2527
"E:/Repository/732-abbot-grove-VR/Content/Abbot732/Mesh/Single/Material__2147483647.uasset" 2528
"E:/Repository/732-abbot-grove-VR/Content/Abbot732/Mesh/Single/Material__2147483647.uexp" 2529
"E:/Repository/732-abbot-grove-VR/Content/Abbot732/Mesh/Single/SM_Sink.ubulk" 2530
"E:/Repository/732-abbot-grove-VR/Content/Abbot732/Mesh/Single/SM_Sink.uasset" 2531
"E:/Repository/732-abbot-grove-VR/Content/Abbot732/Mesh/Single/SM_Sink.uexp" 2532
"E:/Repository/732-abbot-grove-VR/Content/Abbot732/Mesh/Single/SM_ShowerWall_01.ubulk" 2533
"E:/Repository/732-abbot-grove-VR/Content/Abbot732/Mesh/Single/SM_ShowerWall_01.uasset" 2534
"E:/Repository/732-abbot-grove-VR/Content/Abbot732/Mesh/Single/SM_ShowerWall_01.uexp" 2535
"E:/Repository/732-abbot-grove-VR/Content/Abbot732/Mesh/Single/SM_ShowerTable_02.ubulk" 2536
"E:/Repository/732-abbot-grove-VR/Content/Abbot732/Mesh/Single/SM_ShowerTable_02.uasset" 2537
"E:/Repository/732-abbot-grove-VR/Content/Abbot732/Mesh/Single/SM_ShowerTable_02.uexp" 2538
"E:/Repository/732-abbot-grove-VR/Content/Abbot732/Mesh/Single/SM_ShowerTable_01.ubulk" 2539
"E:/Repository/732-abbot-grove-VR/Content/Abbot732/Mesh/Single/SM_ShowerTable_01.uasset" 2540
"E:/Repository/732-abbot-grove-VR/Content/Abbot732/Mesh/Single/SM_ShowerTable_01.uexp" 2541
"E:/Repository/732-abbot-grove-VR/Content/Abbot732/Mesh/Single/SM_ShowerDoush_.ubulk" 2542
"E:/Repository/732-abbot-grove-VR/Content/Abbot732/Mesh/Single/SM_ShowerDoush_.uasset" 2543
"E:/Repository/732-abbot-grove-VR/Content/Abbot732/Mesh/Single/SM_ShowerDoush_.uexp" 2544
"E:/Repository/732-abbot-grove-VR/Content/Abbot732/Mesh/Single/SM_Rozetked.ubulk" 2545
"E:/Repository/732-abbot-grove-VR/Content/Abbot732/Mesh/Single/SM_Rozetked.uasset" 2546
"E:/Repository/732-abbot-grove-VR/Content/Abbot732/Mesh/Single/SM_Rozetked.uexp" 2547
"E:/Repository/732-abbot-grove-VR/Content/Abbot732/Mesh/Single/SM_RoomTable_01.ubulk" 2548
"E:/Repository/732-abbot-grove-VR/Content/Abbot732/Mesh/Single/SM_RoomTable_01.uasset" 2549
"E:/Repository/732-abbot-grove-VR/Content/Abbot732/Mesh/Single/SM_RoomTable_01.uexp" 2550
"E:/Repository/732-abbot-grove-VR/Content/Abbot732/Mesh/Single/SM_Plant02_.ubulk" 2551
"E:/Repository/732-abbot-grove-VR/Content/Abbot732/Mesh/Single/SM_Plant02_.uasset" 2552
"E:/Repository/732-abbot-grove-VR/Content/Abbot732/Mesh/Single/SM_Plant02_.uexp" 2553
"E:/Repository/732-abbot-grove-VR/Content/Abbot732/Mesh/Single/SM_Plant01_.ubulk" 2554
"E:/Repository/732-abbot-grove-VR/Content/Abbot732/Mesh/Single/SM_Plant01_.uasset" 2555
"E:/Repository/732-abbot-grove-VR/Content/Abbot732/Mesh/Single/SM_Plant01_.uexp" 2556
"E:/Repository/732-abbot-grove-VR/Content/Abbot732/Mesh/Single/SM_PIcture.ubulk" 2557
"E:/Repository/732-abbot-grove-VR/Content/Abbot732/Mesh/Single/SM_PIcture.uasset" 2558
"E:/Repository/732-abbot-grove-VR/Content/Abbot732/Mesh/Single/SM_PIcture.uexp" 2559
"E:/Repository/732-abbot-grove-VR/Content/Abbot732/Mesh/Single/SM_MIrror_01.ubulk" 2560
"E:/Repository/732-abbot-grove-VR/Content/Abbot732/Mesh/Single/SM_MIrror_01.uasset" 2561
"E:/Repository/732-abbot-grove-VR/Content/Abbot732/Mesh/Single/SM_MIrror_01.uexp" 2562
"E:/Repository/732-abbot-grove-VR/Content/Abbot732/Mesh/Single/SM_Microwave_Text_02.ubulk" 2563
"E:/Repository/732-abbot-grove-VR/Content/Abbot732/Mesh/Single/SM_Microwave_Text_02.uasset" 2564
"E:/Repository/732-abbot-grove-VR/Content/Abbot732/Mesh/Single/SM_Microwave_Text_02.uexp" 2565
"E:/Repository/732-abbot-grove-VR/Content/Abbot732/Mesh/Single/SM_Microwave_Text_01.ubulk" 2566
"E:/Repository/732-abbot-grove-VR/Content/Abbot732/Mesh/Single/SM_Microwave_Text_01.uasset" 2567
"E:/Repository/732-abbot-grove-VR/Content/Abbot732/Mesh/Single/SM_Microwave_Text_01.uexp" 2568
"E:/Repository/732-abbot-grove-VR/Content/Abbot732/Mesh/Single/SM_MIcrowave.ubulk" 2569
"E:/Repository/732-abbot-grove-VR/Content/Abbot732/Mesh/Single/SM_MIcrowave.uasset" 2570
"E:/Repository/732-abbot-grove-VR/Content/Abbot732/Mesh/Single/SM_MIcrowave.uexp" 2571
"E:/Repository/732-abbot-grove-VR/Content/Abbot732/Mesh/Single/SM_LampCell_01.ubulk" 2572
"E:/Repository/732-abbot-grove-VR/Content/Abbot732/Mesh/Single/SM_LampCell_01.uasset" 2573
"E:/Repository/732-abbot-grove-VR/Content/Abbot732/Mesh/Single/SM_LampCell_01.uexp" 2574
"E:/Repository/732-abbot-grove-VR/Content/Abbot732/Mesh/Single/SM_Jalouse_01.ubulk" 2575
"E:/Repository/732-abbot-grove-VR/Content/Abbot732/Mesh/Single/SM_Jalouse_01.uasset" 2576
"E:/Repository/732-abbot-grove-VR/Content/Abbot732/Mesh/Single/SM_Jalouse_01.uexp" 2577
"E:/Repository/732-abbot-grove-VR/Content/Abbot732/Mesh/Single/SM_HandWasher.ubulk" 2578
"E:/Repository/732-abbot-grove-VR/Content/Abbot732/Mesh/Single/SM_HandWasher.uasset" 2579
"E:/Repository/732-abbot-grove-VR/Content/Abbot732/Mesh/Single/SM_HandWasher.uexp" 2580
"E:/Repository/732-abbot-grove-VR/Content/Abbot732/Mesh/Single/SM_Dush_03.ubulk" 2581
"E:/Repository/732-abbot-grove-VR/Content/Abbot732/Mesh/Single/SM_Dush_03.uasset" 2582
"E:/Repository/732-abbot-grove-VR/Content/Abbot732/Mesh/Single/SM_Dush_03.uexp" 2583
"E:/Repository/732-abbot-grove-VR/Content/Abbot732/Mesh/Single/SM_Dush_02.ubulk" 2584
"E:/Repository/732-abbot-grove-VR/Content/Abbot732/Mesh/Single/SM_Dush_02.uasset" 2585
"E:/Repository/732-abbot-grove-VR/Content/Abbot732/Mesh/Single/SM_Dush_02.uexp" 2586
"E:/Repository/732-abbot-grove-VR/Content/Abbot732/Mesh/Single/SM_Dush_01.ubulk" 2587
"E:/Repository/732-abbot-grove-VR/Content/Abbot732/Mesh/Single/SM_Dush_01.uasset" 2588
"E:/Repository/732-abbot-grove-VR/Content/Abbot732/Mesh/Single/SM_Dush_01.uexp" 2589
"E:/Repository/732-abbot-grove-VR/Content/Abbot732/Mesh/Single/SM_Doorway_.ubulk" 2590
"E:/Repository/732-abbot-grove-VR/Content/Abbot732/Mesh/Single/SM_Doorway_.uasset" 2591
"E:/Repository/732-abbot-grove-VR/Content/Abbot732/Mesh/Single/SM_Doorway_.uexp" 2592
"E:/Repository/732-abbot-grove-VR/Content/Abbot732/Mesh/Single/SM_DeskLamp_01.ubulk" 2593
"E:/Repository/732-abbot-grove-VR/Content/Abbot732/Mesh/Single/SM_DeskLamp_01.uasset" 2594
"E:/Repository/732-abbot-grove-VR/Content/Abbot732/Mesh/Single/SM_DeskLamp_01.uexp" 2595
"E:/Repository/732-abbot-grove-VR/Content/Abbot732/Mesh/Single/SM_DecorWall.ubulk" 2596
"E:/Repository/732-abbot-grove-VR/Content/Abbot732/Mesh/Single/SM_DecorWall.uasset" 2597
"E:/Repository/732-abbot-grove-VR/Content/Abbot732/Mesh/Single/SM_DecorWall.uexp" 2598
"E:/Repository/732-abbot-grove-VR/Content/Abbot732/Mesh/Single/SM_CircleTable_01.ubulk" 2599
"E:/Repository/732-abbot-grove-VR/Content/Abbot732/Mesh/Single/SM_CircleTable_01.uasset" 2600
"E:/Repository/732-abbot-grove-VR/Content/Abbot732/Mesh/Single/SM_CircleTable_01.uexp" 2601
"E:/Repository/732-abbot-grove-VR/Content/Abbot732/Mesh/Single/SM_CircleChair_01.ubulk" 2602
"E:/Repository/732-abbot-grove-VR/Content/Abbot732/Mesh/Single/SM_CircleChair_01.uasset" 2603
"E:/Repository/732-abbot-grove-VR/Content/Abbot732/Mesh/Single/SM_CircleChair_01.uexp" 2604
"E:/Repository/732-abbot-grove-VR/Content/Abbot732/Mesh/Single/SM_ChairBed_.ubulk" 2605
"E:/Repository/732-abbot-grove-VR/Content/Abbot732/Mesh/Single/SM_ChairBed_.uasset" 2606
"E:/Repository/732-abbot-grove-VR/Content/Abbot732/Mesh/Single/SM_ChairBed_.uexp" 2607
"E:/Repository/732-abbot-grove-VR/Content/Abbot732/Mesh/Single/SM_CellLight_01_01.ubulk" 2608
"E:/Repository/732-abbot-grove-VR/Content/Abbot732/Mesh/Single/SM_CellLight_01_01.uasset" 2609
"E:/Repository/732-abbot-grove-VR/Content/Abbot732/Mesh/Single/SM_CellLight_01_01.uexp" 2610
"E:/Repository/732-abbot-grove-VR/Content/Abbot732/Mesh/Single/SM_CellLight_01.ubulk" 2611
"E:/Repository/732-abbot-grove-VR/Content/Abbot732/Mesh/Single/SM_CellLight_01.uasset" 2612
"E:/Repository/732-abbot-grove-VR/Content/Abbot732/Mesh/Single/SM_CellLight_01.uexp" 2613
"E:/Repository/732-abbot-grove-VR/Content/Abbot732/Mesh/Single/SM_CellLamp_2.ubulk" 2614
"E:/Repository/732-abbot-grove-VR/Content/Abbot732/Mesh/Single/SM_CellLamp_2.uasset" 2615
"E:/Repository/732-abbot-grove-VR/Content/Abbot732/Mesh/Single/SM_CellLamp_2.uexp" 2616
"E:/Repository/732-abbot-grove-VR/Content/Abbot732/Mesh/Single/SM_Bra2_01.ubulk" 2617
"E:/Repository/732-abbot-grove-VR/Content/Abbot732/Mesh/Single/SM_Bra2_01.uasset" 2618
"E:/Repository/732-abbot-grove-VR/Content/Abbot732/Mesh/Single/SM_Bra2_01.uexp" 2619
"E:/Repository/732-abbot-grove-VR/Content/Abbot732/Mesh/Single/SM_Bra2.ubulk" 2620
"E:/Repository/732-abbot-grove-VR/Content/Abbot732/Mesh/Single/SM_Bra2.uasset" 2621
"E:/Repository/732-abbot-grove-VR/Content/Abbot732/Mesh/Single/SM_Bra2.uexp" 2622
"E:/Repository/732-abbot-grove-VR/Content/Abbot732/Mesh/Single/SM_Bench_01.ubulk" 2623
"E:/Repository/732-abbot-grove-VR/Content/Abbot732/Mesh/Single/SM_Bench_01.uasset" 2624
"E:/Repository/732-abbot-grove-VR/Content/Abbot732/Mesh/Single/SM_Bench_01.uexp" 2625
"E:/Repository/732-abbot-grove-VR/Content/Abbot732/Mesh/Single/SM_Bench.ubulk" 2626
"E:/Repository/732-abbot-grove-VR/Content/Abbot732/Mesh/Single/SM_Bench.uasset" 2627
"E:/Repository/732-abbot-grove-VR/Content/Abbot732/Mesh/Single/SM_Bench.uexp" 2628
"E:/Repository/732-abbot-grove-VR/Content/Abbot732/Mesh/Single/SM_BedThrow.ubulk" 2629
"E:/Repository/732-abbot-grove-VR/Content/Abbot732/Mesh/Single/SM_BedThrow.uasset" 2630
"E:/Repository/732-abbot-grove-VR/Content/Abbot732/Mesh/Single/SM_BedThrow.uexp" 2631
"E:/Repository/732-abbot-grove-VR/Content/FancyApp/Materials/Main/MI_RoomSphereChairs_04.uasset" 2632
"E:/Repository/732-abbot-grove-VR/Content/FancyApp/Materials/Main/MI_RoomSphereChairs_04.uexp" 2633
"E:/Repository/732-abbot-grove-VR/Content/Abbot732/Mesh/Single/SM_BedPillars.ubulk" 2634
"E:/Repository/732-abbot-grove-VR/Content/Abbot732/Mesh/Single/SM_BedPillars.uasset" 2635
"E:/Repository/732-abbot-grove-VR/Content/Abbot732/Mesh/Single/SM_BedPillars.uexp" 2636
"E:/Repository/732-abbot-grove-VR/Content/Abbot732/Mesh/Single/SM_BedMain.ubulk" 2637
"E:/Repository/732-abbot-grove-VR/Content/Abbot732/Mesh/Single/SM_BedMain.uasset" 2638
"E:/Repository/732-abbot-grove-VR/Content/Abbot732/Mesh/Single/SM_BedMain.uexp" 2639
"E:/Repository/732-abbot-grove-VR/Content/Abbot732/Mesh/Single/SM_BedBody.ubulk" 2640
"E:/Repository/732-abbot-grove-VR/Content/Abbot732/Mesh/Single/SM_BedBody.uasset" 2641
"E:/Repository/732-abbot-grove-VR/Content/Abbot732/Mesh/Single/SM_BedBody.uexp" 2642
"E:/Repository/732-abbot-grove-VR/Content/Abbot732/Mesh/Single/2/SM_WallBooks_02.ubulk" 2643
"E:/Repository/732-abbot-grove-VR/Content/Abbot732/Mesh/Single/2/SM_WallBooks_02.uasset" 2644
"E:/Repository/732-abbot-grove-VR/Content/Abbot732/Mesh/Single/2/SM_WallBooks_02.uexp" 2645
"E:/Repository/732-abbot-grove-VR/Content/Abbot732/Mesh/Single/2/SM_WallBooks_01.ubulk" 2646
"E:/Repository/732-abbot-grove-VR/Content/Abbot732/Mesh/Single/2/SM_WallBooks_01.uasset" 2647
"E:/Repository/732-abbot-grove-VR/Content/Abbot732/Mesh/Single/2/SM_WallBooks_01.uexp" 2648
"E:/Repository/732-abbot-grove-VR/Content/Abbot732/Mesh/Single/2/SM_Vase_36.ubulk" 2649
"E:/Repository/732-abbot-grove-VR/Content/Abbot732/Mesh/Single/2/SM_Vase_36.uasset" 2650
"E:/Repository/732-abbot-grove-VR/Content/Abbot732/Mesh/Single/2/SM_Vase_36.uexp" 2651
"E:/Repository/732-abbot-grove-VR/Content/Abbot732/Mesh/Single/2/SM_VaseGlassWall_01.ubulk" 2652
"E:/Repository/732-abbot-grove-VR/Content/Abbot732/Mesh/Single/2/SM_VaseGlassWall_01.uasset" 2653
"E:/Repository/732-abbot-grove-VR/Content/Abbot732/Mesh/Single/2/SM_VaseGlassWall_01.uexp" 2654
"E:/Repository/732-abbot-grove-VR/Content/Abbot732/Mesh/Single/2/Material__2147483647.uasset" 2655
"E:/Repository/732-abbot-grove-VR/Content/Abbot732/Mesh/Single/2/Material__2147483647.uexp" 2656
"E:/Repository/732-abbot-grove-VR/Content/Abbot732/Mesh/Single/2/Material__2147483646.uasset" 2657
"E:/Repository/732-abbot-grove-VR/Content/Abbot732/Mesh/Single/2/Material__2147483646.uexp" 2658
"E:/Repository/732-abbot-grove-VR/Content/Abbot732/Mesh/Single/2/SM_TableLemons_01.ubulk" 2659
"E:/Repository/732-abbot-grove-VR/Content/Abbot732/Mesh/Single/2/SM_TableLemons_01.uasset" 2660
"E:/Repository/732-abbot-grove-VR/Content/Abbot732/Mesh/Single/2/SM_TableLemons_01.uexp" 2661
"E:/Repository/732-abbot-grove-VR/Content/Abbot732/Mesh/Single/2/SM_Spheres_02.ubulk" 2662
"E:/Repository/732-abbot-grove-VR/Content/Abbot732/Mesh/Single/2/SM_Spheres_02.uasset" 2663
"E:/Repository/732-abbot-grove-VR/Content/Abbot732/Mesh/Single/2/SM_Spheres_02.uexp" 2664
"E:/Repository/732-abbot-grove-VR/Content/Abbot732/Mesh/Single/2/SM_Spheres_01.ubulk" 2665
"E:/Repository/732-abbot-grove-VR/Content/Abbot732/Mesh/Single/2/SM_Spheres_01.uasset" 2666
"E:/Repository/732-abbot-grove-VR/Content/Abbot732/Mesh/Single/2/SM_Spheres_01.uexp" 2667
"E:/Repository/732-abbot-grove-VR/Content/Abbot732/Mesh/Single/2/SM_MONET_02.ubulk" 2668
"E:/Repository/732-abbot-grove-VR/Content/Abbot732/Mesh/Single/2/SM_MONET_02.uasset" 2669
"E:/Repository/732-abbot-grove-VR/Content/Abbot732/Mesh/Single/2/SM_MONET_02.uexp" 2670
"E:/Repository/732-abbot-grove-VR/Content/Abbot732/Mesh/Single/2/SM_MONET_01.ubulk" 2671
"E:/Repository/732-abbot-grove-VR/Content/Abbot732/Mesh/Single/2/SM_MONET_01.uasset" 2672
"E:/Repository/732-abbot-grove-VR/Content/Abbot732/Mesh/Single/2/SM_MONET_01.uexp" 2673
"E:/Repository/732-abbot-grove-VR/Content/Abbot732/Mesh/Single/2/SM_Magazine_02.ubulk" 2674
"E:/Repository/732-abbot-grove-VR/Content/Abbot732/Mesh/Single/2/SM_Magazine_02.uasset" 2675
"E:/Repository/732-abbot-grove-VR/Content/Abbot732/Mesh/Single/2/SM_Magazine_02.uexp" 2676
"E:/Repository/732-abbot-grove-VR/Content/Abbot732/Mesh/Single/2/SM_Magazine_01.ubulk" 2677
"E:/Repository/732-abbot-grove-VR/Content/Abbot732/Mesh/Single/2/SM_Magazine_01.uasset" 2678
"E:/Repository/732-abbot-grove-VR/Content/Abbot732/Mesh/Single/2/SM_Magazine_01.uexp" 2679
"E:/Repository/732-abbot-grove-VR/Content/Abbot732/Mesh/Single/2/SM_KitchenAsset_01.ubulk" 2680
"E:/Repository/732-abbot-grove-VR/Content/Abbot732/Mesh/Single/2/SM_KitchenAsset_01.uasset" 2681
"E:/Repository/732-abbot-grove-VR/Content/Abbot732/Mesh/Single/2/SM_KitchenAsset_01.uexp" 2682
"E:/Repository/732-abbot-grove-VR/Content/Abbot732/Mesh/Single/2/SM_GraniteMortar.ubulk" 2683
"E:/Repository/732-abbot-grove-VR/Content/Abbot732/Mesh/Single/2/SM_GraniteMortar.uasset" 2684
"E:/Repository/732-abbot-grove-VR/Content/Abbot732/Mesh/Single/2/SM_GraniteMortar.uexp" 2685
"E:/Repository/732-abbot-grove-VR/Content/Abbot732/Mesh/Single/2/SM_Books_Center_01.ubulk" 2686
"E:/Repository/732-abbot-grove-VR/Content/Abbot732/Mesh/Single/2/SM_Books_Center_01.uasset" 2687
"E:/Repository/732-abbot-grove-VR/Content/Abbot732/Mesh/Single/2/SM_Books_Center_01.uexp" 2688
"E:/Repository/732-abbot-grove-VR/Content/Abbot732/Mesh/Single/2/SM_Book33_04.ubulk" 2689
"E:/Repository/732-abbot-grove-VR/Content/Abbot732/Mesh/Single/2/SM_Book33_04.uasset" 2690
"E:/Repository/732-abbot-grove-VR/Content/Abbot732/Mesh/Single/2/SM_Book33_04.uexp" 2691
"E:/Repository/732-abbot-grove-VR/Content/Abbot732/Mesh/Single/2/SM_Book33_03.ubulk" 2692
"E:/Repository/732-abbot-grove-VR/Content/Abbot732/Mesh/Single/2/SM_Book33_03.uasset" 2693
"E:/Repository/732-abbot-grove-VR/Content/Abbot732/Mesh/Single/2/SM_Book33_03.uexp" 2694
"E:/Repository/732-abbot-grove-VR/Content/Abbot732/Mesh/Single/2/SM_Book33_02.ubulk" 2695
"E:/Repository/732-abbot-grove-VR/Content/Abbot732/Mesh/Single/2/SM_Book33_02.uasset" 2696
"E:/Repository/732-abbot-grove-VR/Content/Abbot732/Mesh/Single/2/SM_Book33_02.uexp" 2697
"E:/Repository/732-abbot-grove-VR/Content/Abbot732/Mesh/Single/2/SM_Book33_01.ubulk" 2698
"E:/Repository/732-abbot-grove-VR/Content/Abbot732/Mesh/Single/2/SM_Book33_01.uasset" 2699
"E:/Repository/732-abbot-grove-VR/Content/Abbot732/Mesh/Single/2/SM_Book33_01.uexp" 2700
"E:/Repository/732-abbot-grove-VR/Content/Abbot732/Mesh/Single/2/BoxParfume_LOW.ubulk" 2701
"E:/Repository/732-abbot-grove-VR/Content/Abbot732/Mesh/Single/2/BoxParfume_LOW.uasset" 2702
"E:/Repository/732-abbot-grove-VR/Content/Abbot732/Mesh/Single/2/BoxParfume_LOW.uexp" 2703
"E:/Repository/732-abbot-grove-VR/Content/Abbot732/Mesh/Single/1/SM_Vasee_02.ubulk" 2704
"E:/Repository/732-abbot-grove-VR/Content/Abbot732/Mesh/Single/1/SM_Vasee_02.uasset" 2705
"E:/Repository/732-abbot-grove-VR/Content/Abbot732/Mesh/Single/1/SM_Vasee_02.uexp" 2706
"E:/Repository/732-abbot-grove-VR/Content/Abbot732/Mesh/Single/1/SM_Vasee_01.ubulk" 2707
"E:/Repository/732-abbot-grove-VR/Content/Abbot732/Mesh/Single/1/SM_Vasee_01.uasset" 2708
"E:/Repository/732-abbot-grove-VR/Content/Abbot732/Mesh/Single/1/SM_Vasee_01.uexp" 2709
"E:/Repository/732-abbot-grove-VR/Content/Abbot732/Mesh/Single/1/SM_Vase.ubulk" 2710
"E:/Repository/732-abbot-grove-VR/Content/Abbot732/Mesh/Single/1/SM_Vase.uasset" 2711
"E:/Repository/732-abbot-grove-VR/Content/Abbot732/Mesh/Single/1/SM_Vase.uexp" 2712
"E:/Repository/732-abbot-grove-VR/Content/Abbot732/Mesh/Single/1/Material__2147483647.uasset" 2713
"E:/Repository/732-abbot-grove-VR/Content/Abbot732/Mesh/Single/1/Material__2147483647.uexp" 2714
"E:/Repository/732-abbot-grove-VR/Content/Abbot732/Mesh/Single/1/Material__2147483646.uasset" 2715
"E:/Repository/732-abbot-grove-VR/Content/Abbot732/Mesh/Single/1/Material__2147483646.uexp" 2716
"E:/Repository/732-abbot-grove-VR/Content/Abbot732/Mesh/Single/1/SM_Statue_03.ubulk" 2717
"E:/Repository/732-abbot-grove-VR/Content/Abbot732/Mesh/Single/1/SM_Statue_03.uasset" 2718
"E:/Repository/732-abbot-grove-VR/Content/Abbot732/Mesh/Single/1/SM_Statue_03.uexp" 2719
"E:/Repository/732-abbot-grove-VR/Content/Abbot732/Mesh/Single/1/SM_Statue_02.ubulk" 2720
"E:/Repository/732-abbot-grove-VR/Content/Abbot732/Mesh/Single/1/SM_Statue_02.uasset" 2721
"E:/Repository/732-abbot-grove-VR/Content/Abbot732/Mesh/Single/1/SM_Statue_02.uexp" 2722
"E:/Repository/732-abbot-grove-VR/Content/Abbot732/Mesh/Single/1/SM_Statue_01.ubulk" 2723
"E:/Repository/732-abbot-grove-VR/Content/Abbot732/Mesh/Single/1/SM_Statue_01.uasset" 2724
"E:/Repository/732-abbot-grove-VR/Content/Abbot732/Mesh/Single/1/SM_Statue_01.uexp" 2725
"E:/Repository/732-abbot-grove-VR/Content/Abbot732/Mesh/Single/1/SM_MainChair_04.ubulk" 2726
"E:/Repository/732-abbot-grove-VR/Content/Abbot732/Mesh/Single/1/SM_MainChair_04.uasset" 2727
"E:/Repository/732-abbot-grove-VR/Content/Abbot732/Mesh/Single/1/SM_MainChair_04.uexp" 2728
"E:/Repository/732-abbot-grove-VR/Content/Abbot732/Mesh/Single/1/SM_MainChair_03.ubulk" 2729
"E:/Repository/732-abbot-grove-VR/Content/Abbot732/Mesh/Single/1/SM_MainChair_03.uasset" 2730
"E:/Repository/732-abbot-grove-VR/Content/Abbot732/Mesh/Single/1/SM_MainChair_03.uexp" 2731
"E:/Repository/732-abbot-grove-VR/Content/Abbot732/Mesh/Single/1/SM_MainChair_02.ubulk" 2732
"E:/Repository/732-abbot-grove-VR/Content/Abbot732/Mesh/Single/1/SM_MainChair_02.uasset" 2733
"E:/Repository/732-abbot-grove-VR/Content/Abbot732/Mesh/Single/1/SM_MainChair_02.uexp" 2734
"E:/Repository/732-abbot-grove-VR/Content/Abbot732/Mesh/Single/1/SM_MainChair_01.ubulk" 2735
"E:/Repository/732-abbot-grove-VR/Content/Abbot732/Mesh/Single/1/SM_MainChair_01.uasset" 2736
"E:/Repository/732-abbot-grove-VR/Content/Abbot732/Mesh/Single/1/SM_MainChair_01.uexp" 2737
"E:/Repository/732-abbot-grove-VR/Content/Abbot732/Mesh/Main/SM_WoodenWallVertical001.ubulk" 2738
"E:/Repository/732-abbot-grove-VR/Content/Abbot732/Mesh/Main/SM_WoodenWallVertical001.uasset" 2739
"E:/Repository/732-abbot-grove-VR/Content/Abbot732/Mesh/Main/SM_WoodenWallVertical001.uexp" 2740
"E:/Repository/732-abbot-grove-VR/Content/Abbot732/Mesh/Main/SM_WoodenWallVertical.ubulk" 2741
"E:/Repository/732-abbot-grove-VR/Content/Abbot732/Mesh/Main/SM_WoodenWallVertical.uasset" 2742
"E:/Repository/732-abbot-grove-VR/Content/Abbot732/Mesh/Main/SM_WoodenWallVertical.uexp" 2743
"E:/Repository/732-abbot-grove-VR/Content/Abbot732/Mesh/Main/SM_WoodenWallCell_02.ubulk" 2744
"E:/Repository/732-abbot-grove-VR/Content/Abbot732/Mesh/Main/SM_WoodenWallCell_02.uasset" 2745
"E:/Repository/732-abbot-grove-VR/Content/Abbot732/Mesh/Main/SM_WoodenWallCell_02.uexp" 2746
"E:/Repository/732-abbot-grove-VR/Content/Abbot732/Mesh/Main/Material__2147483646.uasset" 2747
"E:/Repository/732-abbot-grove-VR/Content/Abbot732/Mesh/Main/Material__2147483646.uexp" 2748
"E:/Repository/732-abbot-grove-VR/Content/Abbot732/Mesh/Main/Material__2147483647.uasset" 2749
"E:/Repository/732-abbot-grove-VR/Content/Abbot732/Mesh/Main/Material__2147483647.uexp" 2750
"E:/Repository/732-abbot-grove-VR/Content/Abbot732/Mesh/Main/SM_WoodenWallCell_01.ubulk" 2751
"E:/Repository/732-abbot-grove-VR/Content/Abbot732/Mesh/Main/SM_WoodenWallCell_01.uasset" 2752
"E:/Repository/732-abbot-grove-VR/Content/Abbot732/Mesh/Main/SM_WoodenWallCell_01.uexp" 2753
"E:/Repository/732-abbot-grove-VR/Content/Abbot732/Mesh/Main/SM_WALL_CAP.ubulk" 2754
"E:/Repository/732-abbot-grove-VR/Content/Abbot732/Mesh/Main/SM_WALL_CAP.uasset" 2755
"E:/Repository/732-abbot-grove-VR/Content/Abbot732/Mesh/Main/SM_WALL_CAP.uexp" 2756
"E:/Repository/732-abbot-grove-VR/Content/Abbot732/Mesh/Main/SM_Wall_09.ubulk" 2757
"E:/Repository/732-abbot-grove-VR/Content/Abbot732/Mesh/Main/SM_Wall_09.uasset" 2758
"E:/Repository/732-abbot-grove-VR/Content/Abbot732/Mesh/Main/SM_Wall_09.uexp" 2759
"E:/Repository/732-abbot-grove-VR/Content/Abbot732/Mesh/Main/SM_Wall_07.ubulk" 2760
"E:/Repository/732-abbot-grove-VR/Content/Abbot732/Mesh/Main/SM_Wall_07.uasset" 2761
"E:/Repository/732-abbot-grove-VR/Content/Abbot732/Mesh/Main/SM_Wall_07.uexp" 2762
"E:/Repository/732-abbot-grove-VR/Content/Abbot732/Mesh/Main/SM_Wall_06.ubulk" 2763
"E:/Repository/732-abbot-grove-VR/Content/Abbot732/Mesh/Main/SM_Wall_06.uasset" 2764
"E:/Repository/732-abbot-grove-VR/Content/Abbot732/Mesh/Main/SM_Wall_06.uexp" 2765
"E:/Repository/732-abbot-grove-VR/Content/Abbot732/Mesh/Main/SM_Wall_05.ubulk" 2766
"E:/Repository/732-abbot-grove-VR/Content/Abbot732/Mesh/Main/SM_Wall_05.uasset" 2767
"E:/Repository/732-abbot-grove-VR/Content/Abbot732/Mesh/Main/SM_Wall_05.uexp" 2768
"E:/Repository/732-abbot-grove-VR/Content/Abbot732/Mesh/Main/SM_Wall_043.ubulk" 2769
"E:/Repository/732-abbot-grove-VR/Content/Abbot732/Mesh/Main/SM_Wall_043.uasset" 2770
"E:/Repository/732-abbot-grove-VR/Content/Abbot732/Mesh/Main/SM_Wall_043.uexp" 2771
"E:/Repository/732-abbot-grove-VR/Content/Abbot732/Mesh/Main/SM_Wall_042.ubulk" 2772
"E:/Repository/732-abbot-grove-VR/Content/Abbot732/Mesh/Main/SM_Wall_042.uasset" 2773
"E:/Repository/732-abbot-grove-VR/Content/Abbot732/Mesh/Main/SM_Wall_042.uexp" 2774
"E:/Repository/732-abbot-grove-VR/Content/Abbot732/Mesh/Main/SM_Wall_041.ubulk" 2775
"E:/Repository/732-abbot-grove-VR/Content/Abbot732/Mesh/Main/SM_Wall_041.uasset" 2776
"E:/Repository/732-abbot-grove-VR/Content/Abbot732/Mesh/Main/SM_Wall_041.uexp" 2777
"E:/Repository/732-abbot-grove-VR/Content/Abbot732/Mesh/Main/SM_Wall_040.ubulk" 2778
"E:/Repository/732-abbot-grove-VR/Content/Abbot732/Mesh/Main/SM_Wall_040.uasset" 2779
"E:/Repository/732-abbot-grove-VR/Content/Abbot732/Mesh/Main/SM_Wall_040.uexp" 2780
"E:/Repository/732-abbot-grove-VR/Content/Abbot732/Mesh/Main/SM_Wall_04.ubulk" 2781
"E:/Repository/732-abbot-grove-VR/Content/Abbot732/Mesh/Main/SM_Wall_04.uasset" 2782
"E:/Repository/732-abbot-grove-VR/Content/Abbot732/Mesh/Main/SM_Wall_04.uexp" 2783
"E:/Repository/732-abbot-grove-VR/Content/Abbot732/Mesh/Main/SM_Wall_035.ubulk" 2784
"E:/Repository/732-abbot-grove-VR/Content/Abbot732/Mesh/Main/SM_Wall_035.uasset" 2785
"E:/Repository/732-abbot-grove-VR/Content/Abbot732/Mesh/Main/SM_Wall_035.uexp" 2786
"E:/Repository/732-abbot-grove-VR/Content/Abbot732/Mesh/Main/SM_Wall_034.ubulk" 2787
"E:/Repository/732-abbot-grove-VR/Content/Abbot732/Mesh/Main/SM_Wall_034.uasset" 2788
"E:/Repository/732-abbot-grove-VR/Content/Abbot732/Mesh/Main/SM_Wall_034.uexp" 2789
"E:/Repository/732-abbot-grove-VR/Content/Abbot732/Mesh/Main/SM_Wall_033.ubulk" 2790
"E:/Repository/732-abbot-grove-VR/Content/Abbot732/Mesh/Main/SM_Wall_033.uasset" 2791
"E:/Repository/732-abbot-grove-VR/Content/Abbot732/Mesh/Main/SM_Wall_033.uexp" 2792
"E:/Repository/732-abbot-grove-VR/Content/Abbot732/Mesh/Main/SM_Wall_032.ubulk" 2793
"E:/Repository/732-abbot-grove-VR/Content/Abbot732/Mesh/Main/SM_Wall_032.uasset" 2794
"E:/Repository/732-abbot-grove-VR/Content/Abbot732/Mesh/Main/SM_Wall_032.uexp" 2795
"E:/Repository/732-abbot-grove-VR/Content/Abbot732/Mesh/Main/SM_Wall_031.ubulk" 2796
"E:/Repository/732-abbot-grove-VR/Content/Abbot732/Mesh/Main/SM_Wall_031.uasset" 2797
"E:/Repository/732-abbot-grove-VR/Content/Abbot732/Mesh/Main/SM_Wall_031.uexp" 2798
"E:/Repository/732-abbot-grove-VR/Content/Abbot732/Mesh/Main/SM_Wall_030.ubulk" 2799
"E:/Repository/732-abbot-grove-VR/Content/Abbot732/Mesh/Main/SM_Wall_030.uasset" 2800
"E:/Repository/732-abbot-grove-VR/Content/Abbot732/Mesh/Main/SM_Wall_030.uexp" 2801
"E:/Repository/732-abbot-grove-VR/Content/Abbot732/Mesh/Main/SM_Wall_03.ubulk" 2802
"E:/Repository/732-abbot-grove-VR/Content/Abbot732/Mesh/Main/SM_Wall_03.uasset" 2803
"E:/Repository/732-abbot-grove-VR/Content/Abbot732/Mesh/Main/SM_Wall_03.uexp" 2804
"E:/Repository/732-abbot-grove-VR/Content/Abbot732/Mesh/Main/SM_Wall_029.ubulk" 2805
"E:/Repository/732-abbot-grove-VR/Content/Abbot732/Mesh/Main/SM_Wall_029.uasset" 2806
"E:/Repository/732-abbot-grove-VR/Content/Abbot732/Mesh/Main/SM_Wall_029.uexp" 2807
"E:/Repository/732-abbot-grove-VR/Content/Abbot732/Mesh/Main/SM_Wall_028.ubulk" 2808
"E:/Repository/732-abbot-grove-VR/Content/Abbot732/Mesh/Main/SM_Wall_028.uasset" 2809
"E:/Repository/732-abbot-grove-VR/Content/Abbot732/Mesh/Main/SM_Wall_028.uexp" 2810
"E:/Repository/732-abbot-grove-VR/Content/Abbot732/Mesh/Main/SM_Wall_027.ubulk" 2811
"E:/Repository/732-abbot-grove-VR/Content/Abbot732/Mesh/Main/SM_Wall_027.uasset" 2812
"E:/Repository/732-abbot-grove-VR/Content/Abbot732/Mesh/Main/SM_Wall_027.uexp" 2813
"E:/Repository/732-abbot-grove-VR/Content/Abbot732/Mesh/Main/SM_Wall_026.ubulk" 2814
"E:/Repository/732-abbot-grove-VR/Content/Abbot732/Mesh/Main/SM_Wall_026.uasset" 2815
"E:/Repository/732-abbot-grove-VR/Content/Abbot732/Mesh/Main/SM_Wall_026.uexp" 2816
"E:/Repository/732-abbot-grove-VR/Content/Abbot732/Mesh/Main/SM_Wall_025.ubulk" 2817
"E:/Repository/732-abbot-grove-VR/Content/Abbot732/Mesh/Main/SM_Wall_025.uasset" 2818
"E:/Repository/732-abbot-grove-VR/Content/Abbot732/Mesh/Main/SM_Wall_025.uexp" 2819
"E:/Repository/732-abbot-grove-VR/Content/Abbot732/Mesh/Main/SM_Wall_024.ubulk" 2820
"E:/Repository/732-abbot-grove-VR/Content/Abbot732/Mesh/Main/SM_Wall_024.uasset" 2821
"E:/Repository/732-abbot-grove-VR/Content/Abbot732/Mesh/Main/SM_Wall_024.uexp" 2822
"E:/Repository/732-abbot-grove-VR/Content/Abbot732/Mesh/Main/SM_Wall_023.ubulk" 2823
"E:/Repository/732-abbot-grove-VR/Content/Abbot732/Mesh/Main/SM_Wall_023.uasset" 2824
"E:/Repository/732-abbot-grove-VR/Content/Abbot732/Mesh/Main/SM_Wall_023.uexp" 2825
"E:/Repository/732-abbot-grove-VR/Content/Abbot732/Mesh/Main/SM_Wall_022.ubulk" 2826
"E:/Repository/732-abbot-grove-VR/Content/Abbot732/Mesh/Main/SM_Wall_022.uasset" 2827
"E:/Repository/732-abbot-grove-VR/Content/Abbot732/Mesh/Main/SM_Wall_022.uexp" 2828
"E:/Repository/732-abbot-grove-VR/Content/Abbot732/Mesh/Main/SM_Wall_021.ubulk" 2829
"E:/Repository/732-abbot-grove-VR/Content/Abbot732/Mesh/Main/SM_Wall_021.uasset" 2830
"E:/Repository/732-abbot-grove-VR/Content/Abbot732/Mesh/Main/SM_Wall_021.uexp" 2831
"E:/Repository/732-abbot-grove-VR/Content/Abbot732/Mesh/Main/SM_Wall_020.ubulk" 2832
"E:/Repository/732-abbot-grove-VR/Content/Abbot732/Mesh/Main/SM_Wall_020.uasset" 2833
"E:/Repository/732-abbot-grove-VR/Content/Abbot732/Mesh/Main/SM_Wall_020.uexp" 2834
"E:/Repository/732-abbot-grove-VR/Content/Abbot732/Mesh/Main/SM_Wall_02.ubulk" 2835
"E:/Repository/732-abbot-grove-VR/Content/Abbot732/Mesh/Main/SM_Wall_02.uasset" 2836
"E:/Repository/732-abbot-grove-VR/Content/Abbot732/Mesh/Main/SM_Wall_02.uexp" 2837
"E:/Repository/732-abbot-grove-VR/Content/Abbot732/Mesh/Main/SM_Wall_019.ubulk" 2838
"E:/Repository/732-abbot-grove-VR/Content/Abbot732/Mesh/Main/SM_Wall_019.uasset" 2839
"E:/Repository/732-abbot-grove-VR/Content/Abbot732/Mesh/Main/SM_Wall_019.uexp" 2840
"E:/Repository/732-abbot-grove-VR/Content/Abbot732/Mesh/Main/SM_Wall_018.ubulk" 2841
"E:/Repository/732-abbot-grove-VR/Content/Abbot732/Mesh/Main/SM_Wall_018.uasset" 2842
"E:/Repository/732-abbot-grove-VR/Content/Abbot732/Mesh/Main/SM_Wall_018.uexp" 2843
"E:/Repository/732-abbot-grove-VR/Content/Abbot732/Mesh/Main/SM_Wall_017.ubulk" 2844
"E:/Repository/732-abbot-grove-VR/Content/Abbot732/Mesh/Main/SM_Wall_017.uasset" 2845
"E:/Repository/732-abbot-grove-VR/Content/Abbot732/Mesh/Main/SM_Wall_017.uexp" 2846
"E:/Repository/732-abbot-grove-VR/Content/Abbot732/Mesh/Main/SM_Wall_08.ubulk" 2847
"E:/Repository/732-abbot-grove-VR/Content/Abbot732/Mesh/Main/SM_Wall_08.uasset" 2848
"E:/Repository/732-abbot-grove-VR/Content/Abbot732/Mesh/Main/SM_Wall_08.uexp" 2849
"E:/Repository/732-abbot-grove-VR/Content/Abbot732/Mesh/Main/SM_Wall_016.ubulk" 2850
"E:/Repository/732-abbot-grove-VR/Content/Abbot732/Mesh/Main/SM_Wall_016.uasset" 2851
"E:/Repository/732-abbot-grove-VR/Content/Abbot732/Mesh/Main/SM_Wall_016.uexp" 2852
"E:/Repository/732-abbot-grove-VR/Content/Abbot732/Mesh/Main/SM_Wall_015.ubulk" 2853
"E:/Repository/732-abbot-grove-VR/Content/Abbot732/Mesh/Main/SM_Wall_015.uasset" 2854
"E:/Repository/732-abbot-grove-VR/Content/Abbot732/Mesh/Main/SM_Wall_015.uexp" 2855
"E:/Repository/732-abbot-grove-VR/Content/Abbot732/Mesh/Main/SM_Wall_014.ubulk" 2856
"E:/Repository/732-abbot-grove-VR/Content/Abbot732/Mesh/Main/SM_Wall_014.uasset" 2857
"E:/Repository/732-abbot-grove-VR/Content/Abbot732/Mesh/Main/SM_Wall_014.uexp" 2858
"E:/Repository/732-abbot-grove-VR/Content/Abbot732/Mesh/Main/SM_Wall_013.ubulk" 2859
"E:/Repository/732-abbot-grove-VR/Content/Abbot732/Mesh/Main/SM_Wall_013.uasset" 2860
"E:/Repository/732-abbot-grove-VR/Content/Abbot732/Mesh/Main/SM_Wall_013.uexp" 2861
"E:/Repository/732-abbot-grove-VR/Content/Abbot732/Mesh/Main/SM_Wall_012.ubulk" 2862
"E:/Repository/732-abbot-grove-VR/Content/Abbot732/Mesh/Main/SM_Wall_012.uasset" 2863
"E:/Repository/732-abbot-grove-VR/Content/Abbot732/Mesh/Main/SM_Wall_012.uexp" 2864
"E:/Repository/732-abbot-grove-VR/Content/Abbot732/Mesh/Main/SM_Wall_011.ubulk" 2865
"E:/Repository/732-abbot-grove-VR/Content/Abbot732/Mesh/Main/SM_Wall_011.uasset" 2866
"E:/Repository/732-abbot-grove-VR/Content/Abbot732/Mesh/Main/SM_Wall_011.uexp" 2867
"E:/Repository/732-abbot-grove-VR/Content/Abbot732/Mesh/Main/SM_Wall_010.ubulk" 2868
"E:/Repository/732-abbot-grove-VR/Content/Abbot732/Mesh/Main/SM_Wall_010.uasset" 2869
"E:/Repository/732-abbot-grove-VR/Content/Abbot732/Mesh/Main/SM_Wall_010.uexp" 2870
"E:/Repository/732-abbot-grove-VR/Content/Abbot732/Mesh/Main/SM_Wall_01.ubulk" 2871
"E:/Repository/732-abbot-grove-VR/Content/Abbot732/Mesh/Main/SM_Wall_01.uasset" 2872
"E:/Repository/732-abbot-grove-VR/Content/Abbot732/Mesh/Main/SM_Wall_01.uexp" 2873
"E:/Repository/732-abbot-grove-VR/Content/Abbot732/Mesh/Main/SM_WallWC_03.ubulk" 2874
"E:/Repository/732-abbot-grove-VR/Content/Abbot732/Mesh/Main/SM_WallWC_03.uasset" 2875
"E:/Repository/732-abbot-grove-VR/Content/Abbot732/Mesh/Main/SM_WallWC_03.uexp" 2876
"E:/Repository/732-abbot-grove-VR/Content/Abbot732/Mesh/Main/SM_WallWC_02.ubulk" 2877
"E:/Repository/732-abbot-grove-VR/Content/Abbot732/Mesh/Main/SM_WallWC_02.uasset" 2878
"E:/Repository/732-abbot-grove-VR/Content/Abbot732/Mesh/Main/SM_WallWC_02.uexp" 2879
"E:/Repository/732-abbot-grove-VR/Content/Abbot732/Mesh/Main/SM_WallWC_01.ubulk" 2880
"E:/Repository/732-abbot-grove-VR/Content/Abbot732/Mesh/Main/SM_WallWC_01.uasset" 2881
"E:/Repository/732-abbot-grove-VR/Content/Abbot732/Mesh/Main/SM_WallWC_01.uexp" 2882
"E:/Repository/732-abbot-grove-VR/Content/Abbot732/Mesh/Main/SM_Thumb_35.ubulk" 2883
"E:/Repository/732-abbot-grove-VR/Content/Abbot732/Mesh/Main/SM_Thumb_35.uasset" 2884
"E:/Repository/732-abbot-grove-VR/Content/Abbot732/Mesh/Main/SM_Thumb_35.uexp" 2885
"E:/Repository/732-abbot-grove-VR/Content/Abbot732/Mesh/Main/SM_Thumb_36.ubulk" 2886
"E:/Repository/732-abbot-grove-VR/Content/Abbot732/Mesh/Main/SM_Thumb_36.uasset" 2887
"E:/Repository/732-abbot-grove-VR/Content/Abbot732/Mesh/Main/SM_Thumb_36.uexp" 2888
"E:/Repository/732-abbot-grove-VR/Content/Abbot732/Mesh/Main/SM_Thumb_37.ubulk" 2889
"E:/Repository/732-abbot-grove-VR/Content/Abbot732/Mesh/Main/SM_Thumb_37.uasset" 2890
"E:/Repository/732-abbot-grove-VR/Content/Abbot732/Mesh/Main/SM_Thumb_37.uexp" 2891
"E:/Repository/732-abbot-grove-VR/Content/Abbot732/Mesh/Main/SM_Thumb_40.ubulk" 2892
"E:/Repository/732-abbot-grove-VR/Content/Abbot732/Mesh/Main/SM_Thumb_40.uasset" 2893
"E:/Repository/732-abbot-grove-VR/Content/Abbot732/Mesh/Main/SM_Thumb_40.uexp" 2894
"E:/Repository/732-abbot-grove-VR/Content/Abbot732/Mesh/Main/SM_Thumb_42.ubulk" 2895
"E:/Repository/732-abbot-grove-VR/Content/Abbot732/Mesh/Main/SM_Thumb_42.uasset" 2896
"E:/Repository/732-abbot-grove-VR/Content/Abbot732/Mesh/Main/SM_Thumb_42.uexp" 2897
"E:/Repository/732-abbot-grove-VR/Content/Abbot732/Mesh/Main/SM_Thumb_44.ubulk" 2898
"E:/Repository/732-abbot-grove-VR/Content/Abbot732/Mesh/Main/SM_Thumb_44.uasset" 2899
"E:/Repository/732-abbot-grove-VR/Content/Abbot732/Mesh/Main/SM_Thumb_44.uexp" 2900
"E:/Repository/732-abbot-grove-VR/Content/Abbot732/Mesh/Main/SM_Thumb_45.ubulk" 2901
"E:/Repository/732-abbot-grove-VR/Content/Abbot732/Mesh/Main/SM_Thumb_45.uasset" 2902
"E:/Repository/732-abbot-grove-VR/Content/Abbot732/Mesh/Main/SM_Thumb_45.uexp" 2903
"E:/Repository/732-abbot-grove-VR/Content/Abbot732/Mesh/Main/SM_Thumb_46.ubulk" 2904
"E:/Repository/732-abbot-grove-VR/Content/Abbot732/Mesh/Main/SM_Thumb_46.uasset" 2905
"E:/Repository/732-abbot-grove-VR/Content/Abbot732/Mesh/Main/SM_Thumb_46.uexp" 2906
"E:/Repository/732-abbot-grove-VR/Content/Abbot732/Mesh/Main/SM_TerraceWall_02.ubulk" 2907
"E:/Repository/732-abbot-grove-VR/Content/Abbot732/Mesh/Main/SM_TerraceWall_02.uasset" 2908
"E:/Repository/732-abbot-grove-VR/Content/Abbot732/Mesh/Main/SM_TerraceWall_02.uexp" 2909
"E:/Repository/732-abbot-grove-VR/Content/Abbot732/Mesh/Main/SM_TerraceWall_01.ubulk" 2910
"E:/Repository/732-abbot-grove-VR/Content/Abbot732/Mesh/Main/SM_TerraceWall_01.uasset" 2911
"E:/Repository/732-abbot-grove-VR/Content/Abbot732/Mesh/Main/SM_TerraceWall_01.uexp" 2912
"E:/Repository/732-abbot-grove-VR/Content/Abbot732/Mesh/Main/SM_TerraceFloor_04.ubulk" 2913
"E:/Repository/732-abbot-grove-VR/Content/Abbot732/Mesh/Main/SM_TerraceFloor_04.uasset" 2914
"E:/Repository/732-abbot-grove-VR/Content/Abbot732/Mesh/Main/SM_TerraceFloor_04.uexp" 2915
"E:/Repository/732-abbot-grove-VR/Content/Abbot732/Mesh/Main/SM_TerraceFloor_03.ubulk" 2916
"E:/Repository/732-abbot-grove-VR/Content/Abbot732/Mesh/Main/SM_TerraceFloor_03.uasset" 2917
"E:/Repository/732-abbot-grove-VR/Content/Abbot732/Mesh/Main/SM_TerraceFloor_03.uexp" 2918
"E:/Repository/732-abbot-grove-VR/Content/Abbot732/Mesh/Main/SM_TerraceFloor_02.ubulk" 2919
"E:/Repository/732-abbot-grove-VR/Content/Abbot732/Mesh/Main/SM_TerraceFloor_02.uasset" 2920
"E:/Repository/732-abbot-grove-VR/Content/Abbot732/Mesh/Main/SM_TerraceFloor_02.uexp" 2921
"E:/Repository/732-abbot-grove-VR/Content/Abbot732/Mesh/Main/SM_TerraceFloor_01.ubulk" 2922
"E:/Repository/732-abbot-grove-VR/Content/Abbot732/Mesh/Main/SM_TerraceFloor_01.uasset" 2923
"E:/Repository/732-abbot-grove-VR/Content/Abbot732/Mesh/Main/SM_TerraceFloor_01.uexp" 2924
"E:/Repository/732-abbot-grove-VR/Content/Abbot732/Mesh/Main/SM_StreetPart_Pillars_03.ubulk" 2925
"E:/Repository/732-abbot-grove-VR/Content/Abbot732/Mesh/Main/SM_StreetPart_Pillars_03.uasset" 2926
"E:/Repository/732-abbot-grove-VR/Content/Abbot732/Mesh/Main/SM_StreetPart_Pillars_03.uexp" 2927
"E:/Repository/732-abbot-grove-VR/Content/Abbot732/Mesh/Main/SM_StreetPart_Pillars_02.ubulk" 2928
"E:/Repository/732-abbot-grove-VR/Content/Abbot732/Mesh/Main/SM_StreetPart_Pillars_02.uasset" 2929
"E:/Repository/732-abbot-grove-VR/Content/Abbot732/Mesh/Main/SM_StreetPart_Pillars_02.uexp" 2930
"E:/Repository/732-abbot-grove-VR/Content/Abbot732/Mesh/Main/SM_StreetPart_Pillars_01.ubulk" 2931
"E:/Repository/732-abbot-grove-VR/Content/Abbot732/Mesh/Main/SM_StreetPart_Pillars_01.uasset" 2932
"E:/Repository/732-abbot-grove-VR/Content/Abbot732/Mesh/Main/SM_StreetPart_Pillars_01.uexp" 2933
"E:/Repository/732-abbot-grove-VR/Content/Abbot732/Mesh/Main/SM_StreetPart_04.ubulk" 2934
"E:/Repository/732-abbot-grove-VR/Content/Abbot732/Mesh/Main/SM_StreetPart_04.uasset" 2935
"E:/Repository/732-abbot-grove-VR/Content/Abbot732/Mesh/Main/SM_StreetPart_04.uexp" 2936
"E:/Repository/732-abbot-grove-VR/Content/Abbot732/Mesh/Main/SM_StreetPart_02.ubulk" 2937
"E:/Repository/732-abbot-grove-VR/Content/Abbot732/Mesh/Main/SM_StreetPart_02.uasset" 2938
"E:/Repository/732-abbot-grove-VR/Content/Abbot732/Mesh/Main/SM_StreetPart_02.uexp" 2939
"E:/Repository/732-abbot-grove-VR/Content/Abbot732/Mesh/Main/SM_StreetPart_01.ubulk" 2940
"E:/Repository/732-abbot-grove-VR/Content/Abbot732/Mesh/Main/SM_StreetPart_01.uasset" 2941
"E:/Repository/732-abbot-grove-VR/Content/Abbot732/Mesh/Main/SM_StreetPart_01.uexp" 2942
"E:/Repository/732-abbot-grove-VR/Content/Abbot732/Mesh/Main/SM_SmallRoomThumb_02.ubulk" 2943
"E:/Repository/732-abbot-grove-VR/Content/Abbot732/Mesh/Main/SM_SmallRoomThumb_02.uasset" 2944
"E:/Repository/732-abbot-grove-VR/Content/Abbot732/Mesh/Main/SM_SmallRoomThumb_02.uexp" 2945
"E:/Repository/732-abbot-grove-VR/Content/Abbot732/Mesh/Main/SM_SmallRoomThumb_01.ubulk" 2946
"E:/Repository/732-abbot-grove-VR/Content/Abbot732/Mesh/Main/SM_SmallRoomThumb_01.uasset" 2947
"E:/Repository/732-abbot-grove-VR/Content/Abbot732/Mesh/Main/SM_SmallRoomThumb_01.uexp" 2948
"E:/Repository/732-abbot-grove-VR/Content/Abbot732/Mesh/Main/SM_Roof_08.ubulk" 2949
"E:/Repository/732-abbot-grove-VR/Content/Abbot732/Mesh/Main/SM_Roof_08.uasset" 2950
"E:/Repository/732-abbot-grove-VR/Content/Abbot732/Mesh/Main/SM_Roof_08.uexp" 2951
"E:/Repository/732-abbot-grove-VR/Content/Abbot732/Mesh/Main/SM_Roof_07.ubulk" 2952
"E:/Repository/732-abbot-grove-VR/Content/Abbot732/Mesh/Main/SM_Roof_07.uasset" 2953
"E:/Repository/732-abbot-grove-VR/Content/Abbot732/Mesh/Main/SM_Roof_07.uexp" 2954
"E:/Repository/732-abbot-grove-VR/Content/Abbot732/Mesh/Main/SM_Roof_06.ubulk" 2955
"E:/Repository/732-abbot-grove-VR/Content/Abbot732/Mesh/Main/SM_Roof_06.uasset" 2956
"E:/Repository/732-abbot-grove-VR/Content/Abbot732/Mesh/Main/SM_Roof_06.uexp" 2957
"E:/Repository/732-abbot-grove-VR/Content/Abbot732/Mesh/Main/SM_Roof_05.ubulk" 2958
"E:/Repository/732-abbot-grove-VR/Content/Abbot732/Mesh/Main/SM_Roof_05.uasset" 2959
"E:/Repository/732-abbot-grove-VR/Content/Abbot732/Mesh/Main/SM_Roof_05.uexp" 2960
"E:/Repository/732-abbot-grove-VR/Content/Abbot732/Mesh/Main/SM_Roof_04.ubulk" 2961
"E:/Repository/732-abbot-grove-VR/Content/Abbot732/Mesh/Main/SM_Roof_04.uasset" 2962
"E:/Repository/732-abbot-grove-VR/Content/Abbot732/Mesh/Main/SM_Roof_04.uexp" 2963
"E:/Repository/732-abbot-grove-VR/Content/Abbot732/Mesh/Main/SM_Roof_03.ubulk" 2964
"E:/Repository/732-abbot-grove-VR/Content/Abbot732/Mesh/Main/SM_Roof_03.uasset" 2965
"E:/Repository/732-abbot-grove-VR/Content/Abbot732/Mesh/Main/SM_Roof_03.uexp" 2966
"E:/Repository/732-abbot-grove-VR/Content/Abbot732/Mesh/Main/SM_Roof_02.ubulk" 2967
"E:/Repository/732-abbot-grove-VR/Content/Abbot732/Mesh/Main/SM_Roof_02.uasset" 2968
"E:/Repository/732-abbot-grove-VR/Content/Abbot732/Mesh/Main/SM_Roof_02.uexp" 2969
"E:/Repository/732-abbot-grove-VR/Content/Abbot732/Mesh/Main/SM_Roof_01.ubulk" 2970
"E:/Repository/732-abbot-grove-VR/Content/Abbot732/Mesh/Main/SM_Roof_01.uasset" 2971
"E:/Repository/732-abbot-grove-VR/Content/Abbot732/Mesh/Main/SM_Roof_01.uexp" 2972
"E:/Repository/732-abbot-grove-VR/Content/Abbot732/Mesh/Main/SM_PlushBottomWall_02.ubulk" 2973
"E:/Repository/732-abbot-grove-VR/Content/Abbot732/Mesh/Main/SM_PlushBottomWall_02.uasset" 2974
"E:/Repository/732-abbot-grove-VR/Content/Abbot732/Mesh/Main/SM_PlushBottomWall_02.uexp" 2975
"E:/Repository/732-abbot-grove-VR/Content/Abbot732/Mesh/Main/SM_PlushBottomWall_01.ubulk" 2976
"E:/Repository/732-abbot-grove-VR/Content/Abbot732/Mesh/Main/SM_PlushBottomWall_01.uasset" 2977
"E:/Repository/732-abbot-grove-VR/Content/Abbot732/Mesh/Main/SM_PlushBottomWall_01.uexp" 2978
"E:/Repository/732-abbot-grove-VR/Content/Abbot732/Mesh/Main/SM_PalmSmall_01.ubulk" 2979
"E:/Repository/732-abbot-grove-VR/Content/Abbot732/Mesh/Main/SM_PalmSmall_01.uasset" 2980
"E:/Repository/732-abbot-grove-VR/Content/Abbot732/Mesh/Main/SM_PalmSmall_01.uexp" 2981
"E:/Repository/732-abbot-grove-VR/Content/Abbot732/Mesh/Main/SM_OuterWall_06.ubulk" 2982
"E:/Repository/732-abbot-grove-VR/Content/Abbot732/Mesh/Main/SM_OuterWall_06.uasset" 2983
"E:/Repository/732-abbot-grove-VR/Content/Abbot732/Mesh/Main/SM_OuterWall_06.uexp" 2984
"E:/Repository/732-abbot-grove-VR/Content/Abbot732/Mesh/Main/SM_OuterWall_05.ubulk" 2985
"E:/Repository/732-abbot-grove-VR/Content/Abbot732/Mesh/Main/SM_OuterWall_05.uasset" 2986
"E:/Repository/732-abbot-grove-VR/Content/Abbot732/Mesh/Main/SM_OuterWall_05.uexp" 2987
"E:/Repository/732-abbot-grove-VR/Content/Abbot732/Mesh/Main/SM_OuterWall_04.ubulk" 2988
"E:/Repository/732-abbot-grove-VR/Content/Abbot732/Mesh/Main/SM_OuterWall_04.uasset" 2989
"E:/Repository/732-abbot-grove-VR/Content/Abbot732/Mesh/Main/SM_OuterWall_04.uexp" 2990
"E:/Repository/732-abbot-grove-VR/Content/Abbot732/Mesh/Main/SM_OuterWall_03.ubulk" 2991
"E:/Repository/732-abbot-grove-VR/Content/Abbot732/Mesh/Main/SM_OuterWall_03.uasset" 2992
"E:/Repository/732-abbot-grove-VR/Content/Abbot732/Mesh/Main/SM_OuterWall_03.uexp" 2993
"E:/Repository/732-abbot-grove-VR/Content/Abbot732/Mesh/Main/SM_OuterWall_02.ubulk" 2994
"E:/Repository/732-abbot-grove-VR/Content/Abbot732/Mesh/Main/SM_OuterWall_02.uasset" 2995
"E:/Repository/732-abbot-grove-VR/Content/Abbot732/Mesh/Main/SM_OuterWall_02.uexp" 2996
"E:/Repository/732-abbot-grove-VR/Content/Abbot732/Mesh/Main/SM_OuterWall_01.ubulk" 2997
"E:/Repository/732-abbot-grove-VR/Content/Abbot732/Mesh/Main/SM_OuterWall_01.uasset" 2998
"E:/Repository/732-abbot-grove-VR/Content/Abbot732/Mesh/Main/SM_OuterWall_01.uexp" 2999
"E:/Repository/732-abbot-grove-VR/Content/Abbot732/Mesh/Main/SM_LightCatcher_01.ubulk" 3000
"E:/Repository/732-abbot-grove-VR/Content/Abbot732/Mesh/Main/SM_LightCatcher_01.uasset" 3001
"E:/Repository/732-abbot-grove-VR/Content/Abbot732/Mesh/Main/SM_LightCatcher_01.uexp" 3002
"E:/Repository/732-abbot-grove-VR/Content/Abbot732/Mesh/Main/SM_KitchenHandler.ubulk" 3003
"E:/Repository/732-abbot-grove-VR/Content/Abbot732/Mesh/Main/SM_KitchenHandler.uasset" 3004
"E:/Repository/732-abbot-grove-VR/Content/Abbot732/Mesh/Main/SM_KitchenHandler.uexp" 3005
"E:/Repository/732-abbot-grove-VR/Content/Abbot732/Mesh/Main/SM_Floor_09.ubulk" 3006
"E:/Repository/732-abbot-grove-VR/Content/Abbot732/Mesh/Main/SM_Floor_09.uasset" 3007
"E:/Repository/732-abbot-grove-VR/Content/Abbot732/Mesh/Main/SM_Floor_09.uexp" 3008
"E:/Repository/732-abbot-grove-VR/Content/Abbot732/Mesh/Main/SM_Floor_08.ubulk" 3009
"E:/Repository/732-abbot-grove-VR/Content/Abbot732/Mesh/Main/SM_Floor_08.uasset" 3010
"E:/Repository/732-abbot-grove-VR/Content/Abbot732/Mesh/Main/SM_Floor_08.uexp" 3011
"E:/Repository/732-abbot-grove-VR/Content/Abbot732/Mesh/Main/SM_Floor_07.ubulk" 3012
"E:/Repository/732-abbot-grove-VR/Content/Abbot732/Mesh/Main/SM_Floor_07.uasset" 3013
"E:/Repository/732-abbot-grove-VR/Content/Abbot732/Mesh/Main/SM_Floor_07.uexp" 3014
"E:/Repository/732-abbot-grove-VR/Content/Abbot732/Mesh/Main/SM_Floor_06.ubulk" 3015
"E:/Repository/732-abbot-grove-VR/Content/Abbot732/Mesh/Main/SM_Floor_06.uasset" 3016
"E:/Repository/732-abbot-grove-VR/Content/Abbot732/Mesh/Main/SM_Floor_06.uexp" 3017
"E:/Repository/732-abbot-grove-VR/Content/Abbot732/Mesh/Main/SM_Floor_05.ubulk" 3018
"E:/Repository/732-abbot-grove-VR/Content/Abbot732/Mesh/Main/SM_Floor_05.uasset" 3019
"E:/Repository/732-abbot-grove-VR/Content/Abbot732/Mesh/Main/SM_Floor_05.uexp" 3020
"E:/Repository/732-abbot-grove-VR/Content/Abbot732/Mesh/Main/SM_Floor_04.ubulk" 3021
"E:/Repository/732-abbot-grove-VR/Content/Abbot732/Mesh/Main/SM_Floor_04.uasset" 3022
"E:/Repository/732-abbot-grove-VR/Content/Abbot732/Mesh/Main/SM_Floor_04.uexp" 3023
"E:/Repository/732-abbot-grove-VR/Content/Abbot732/Mesh/Main/SM_Floor_03.ubulk" 3024
"E:/Repository/732-abbot-grove-VR/Content/Abbot732/Mesh/Main/SM_Floor_03.uasset" 3025
"E:/Repository/732-abbot-grove-VR/Content/Abbot732/Mesh/Main/SM_Floor_03.uexp" 3026
"E:/Repository/732-abbot-grove-VR/Content/Abbot732/Mesh/Main/SM_Floor_02.ubulk" 3027
"E:/Repository/732-abbot-grove-VR/Content/Abbot732/Mesh/Main/SM_Floor_02.uasset" 3028
"E:/Repository/732-abbot-grove-VR/Content/Abbot732/Mesh/Main/SM_Floor_02.uexp" 3029
"E:/Repository/732-abbot-grove-VR/Content/Abbot732/Mesh/Main/SM_Floor_01.ubulk" 3030
"E:/Repository/732-abbot-grove-VR/Content/Abbot732/Mesh/Main/SM_Floor_01.uasset" 3031
"E:/Repository/732-abbot-grove-VR/Content/Abbot732/Mesh/Main/SM_Floor_01.uexp" 3032
"E:/Repository/732-abbot-grove-VR/Content/Abbot732/Mesh/Main/SM_DoorWays_09.ubulk" 3033
"E:/Repository/732-abbot-grove-VR/Content/Abbot732/Mesh/Main/SM_DoorWays_09.uasset" 3034
"E:/Repository/732-abbot-grove-VR/Content/Abbot732/Mesh/Main/SM_DoorWays_09.uexp" 3035
"E:/Repository/732-abbot-grove-VR/Content/Abbot732/Mesh/Main/SM_DoorWays_08.ubulk" 3036
"E:/Repository/732-abbot-grove-VR/Content/Abbot732/Mesh/Main/SM_DoorWays_08.uasset" 3037
"E:/Repository/732-abbot-grove-VR/Content/Abbot732/Mesh/Main/SM_DoorWays_08.uexp" 3038
"E:/Repository/732-abbot-grove-VR/Content/Abbot732/Mesh/Main/SM_DoorWays_07.ubulk" 3039
"E:/Repository/732-abbot-grove-VR/Content/Abbot732/Mesh/Main/SM_DoorWays_07.uasset" 3040
"E:/Repository/732-abbot-grove-VR/Content/Abbot732/Mesh/Main/SM_DoorWays_07.uexp" 3041
"E:/Repository/732-abbot-grove-VR/Content/Abbot732/Mesh/Main/SM_DoorWays_06.ubulk" 3042
"E:/Repository/732-abbot-grove-VR/Content/Abbot732/Mesh/Main/SM_DoorWays_06.uasset" 3043
"E:/Repository/732-abbot-grove-VR/Content/Abbot732/Mesh/Main/SM_DoorWays_06.uexp" 3044
"E:/Repository/732-abbot-grove-VR/Content/Abbot732/Mesh/Main/SM_DoorWays_05.ubulk" 3045
"E:/Repository/732-abbot-grove-VR/Content/Abbot732/Mesh/Main/SM_DoorWays_05.uasset" 3046
"E:/Repository/732-abbot-grove-VR/Content/Abbot732/Mesh/Main/SM_DoorWays_05.uexp" 3047
"E:/Repository/732-abbot-grove-VR/Content/Abbot732/Mesh/Main/SM_DoorWays_04.ubulk" 3048
"E:/Repository/732-abbot-grove-VR/Content/Abbot732/Mesh/Main/SM_DoorWays_04.uasset" 3049
"E:/Repository/732-abbot-grove-VR/Content/Abbot732/Mesh/Main/SM_DoorWays_04.uexp" 3050
"E:/Repository/732-abbot-grove-VR/Content/Abbot732/Mesh/Main/SM_DoorWays_03.ubulk" 3051
"E:/Repository/732-abbot-grove-VR/Content/Abbot732/Mesh/Main/SM_DoorWays_03.uasset" 3052
"E:/Repository/732-abbot-grove-VR/Content/Abbot732/Mesh/Main/SM_DoorWays_03.uexp" 3053
"E:/Repository/732-abbot-grove-VR/Content/Abbot732/Mesh/Main/SM_DoorWays_02.ubulk" 3054
"E:/Repository/732-abbot-grove-VR/Content/Abbot732/Mesh/Main/SM_DoorWays_02.uasset" 3055
"E:/Repository/732-abbot-grove-VR/Content/Abbot732/Mesh/Main/SM_DoorWays_02.uexp" 3056
"E:/Repository/732-abbot-grove-VR/Content/Abbot732/Mesh/Main/SM_DoorWays_012.ubulk" 3057
"E:/Repository/732-abbot-grove-VR/Content/Abbot732/Mesh/Main/SM_DoorWays_012.uasset" 3058
"E:/Repository/732-abbot-grove-VR/Content/Abbot732/Mesh/Main/SM_DoorWays_012.uexp" 3059
"E:/Repository/732-abbot-grove-VR/Content/Abbot732/Mesh/Main/SM_DoorWays_011.ubulk" 3060
"E:/Repository/732-abbot-grove-VR/Content/Abbot732/Mesh/Main/SM_DoorWays_011.uasset" 3061
"E:/Repository/732-abbot-grove-VR/Content/Abbot732/Mesh/Main/SM_DoorWays_011.uexp" 3062
"E:/Repository/732-abbot-grove-VR/Content/Abbot732/Mesh/Main/SM_DoorWays_010.ubulk" 3063
"E:/Repository/732-abbot-grove-VR/Content/Abbot732/Mesh/Main/SM_DoorWays_010.uasset" 3064
"E:/Repository/732-abbot-grove-VR/Content/Abbot732/Mesh/Main/SM_DoorWays_010.uexp" 3065
"E:/Repository/732-abbot-grove-VR/Content/Abbot732/Mesh/Main/SM_DoorWays_01.ubulk" 3066
"E:/Repository/732-abbot-grove-VR/Content/Abbot732/Mesh/Main/SM_DoorWays_01.uasset" 3067
"E:/Repository/732-abbot-grove-VR/Content/Abbot732/Mesh/Main/SM_DoorWays_01.uexp" 3068
"E:/Repository/732-abbot-grove-VR/Content/Abbot732/Mesh/Main/SM_Carpet_03.ubulk" 3069
"E:/Repository/732-abbot-grove-VR/Content/Abbot732/Mesh/Main/SM_Carpet_03.uasset" 3070
"E:/Repository/732-abbot-grove-VR/Content/Abbot732/Mesh/Main/SM_Carpet_03.uexp" 3071
"E:/Repository/732-abbot-grove-VR/Content/Abbot732/Mesh/Main/SM_Carpet_02.ubulk" 3072
"E:/Repository/732-abbot-grove-VR/Content/Abbot732/Mesh/Main/SM_Carpet_02.uasset" 3073
"E:/Repository/732-abbot-grove-VR/Content/Abbot732/Mesh/Main/SM_Carpet_02.uexp" 3074
"E:/Repository/732-abbot-grove-VR/Content/Abbot732/Mesh/Main/SM_BottomWall_01.ubulk" 3075
"E:/Repository/732-abbot-grove-VR/Content/Abbot732/Mesh/Main/SM_BottomWall_01.uasset" 3076
"E:/Repository/732-abbot-grove-VR/Content/Abbot732/Mesh/Main/SM_BottomWall_01.uexp" 3077
"E:/Repository/732-abbot-grove-VR/Content/Abbot732/Mesh/Main/SM_BottomWallsBlack_01.ubulk" 3078
"E:/Repository/732-abbot-grove-VR/Content/Abbot732/Mesh/Main/SM_BottomWallsBlack_01.uasset" 3079
"E:/Repository/732-abbot-grove-VR/Content/Abbot732/Mesh/Main/SM_BottomWallsBlack_01.uexp" 3080
"E:/Repository/732-abbot-grove-VR/Content/Abbot732/Mesh/Main/Wind/Material__2147483646.uasset" 3081
"E:/Repository/732-abbot-grove-VR/Content/Abbot732/Mesh/Main/Wind/Material__2147483646.uexp" 3082
"E:/Repository/732-abbot-grove-VR/Content/Abbot732/Mesh/Main/Wind/SM_Window_06.ubulk" 3083
"E:/Repository/732-abbot-grove-VR/Content/Abbot732/Mesh/Main/Wind/SM_Window_06.uasset" 3084
"E:/Repository/732-abbot-grove-VR/Content/Abbot732/Mesh/Main/Wind/SM_Window_06.uexp" 3085
"E:/Repository/732-abbot-grove-VR/Content/Abbot732/Mesh/Main/Wind/SM_Window_05.ubulk" 3086
"E:/Repository/732-abbot-grove-VR/Content/Abbot732/Mesh/Main/Wind/SM_Window_05.uasset" 3087
"E:/Repository/732-abbot-grove-VR/Content/Abbot732/Mesh/Main/Wind/SM_Window_05.uexp" 3088
"E:/Repository/732-abbot-grove-VR/Content/Abbot732/Mesh/Main/Wind/SM_Window_04.ubulk" 3089
"E:/Repository/732-abbot-grove-VR/Content/Abbot732/Mesh/Main/Wind/SM_Window_04.uasset" 3090
"E:/Repository/732-abbot-grove-VR/Content/Abbot732/Mesh/Main/Wind/SM_Window_04.uexp" 3091
"E:/Repository/732-abbot-grove-VR/Content/Abbot732/Mesh/Main/Wind/SM_Window_03.ubulk" 3092
"E:/Repository/732-abbot-grove-VR/Content/Abbot732/Mesh/Main/Wind/SM_Window_03.uasset" 3093
"E:/Repository/732-abbot-grove-VR/Content/Abbot732/Mesh/Main/Wind/SM_Window_03.uexp" 3094
"E:/Repository/732-abbot-grove-VR/Content/Abbot732/Mesh/Main/Wind/SM_Window_02.ubulk" 3095
"E:/Repository/732-abbot-grove-VR/Content/Abbot732/Mesh/Main/Wind/SM_Window_02.uasset" 3096
"E:/Repository/732-abbot-grove-VR/Content/Abbot732/Mesh/Main/Wind/SM_Window_02.uexp" 3097
"E:/Repository/732-abbot-grove-VR/Content/Abbot732/Mesh/Main/Wind/SM_Window_01.ubulk" 3098
"E:/Repository/732-abbot-grove-VR/Content/Abbot732/Mesh/Main/Wind/SM_Window_01.uasset" 3099
"E:/Repository/732-abbot-grove-VR/Content/Abbot732/Mesh/Main/Wind/SM_Window_01.uexp" 3100
"E:/Repository/732-abbot-grove-VR/Content/Abbot732/Mesh/Main/Wind/Material__2147483647.uasset" 3101
"E:/Repository/732-abbot-grove-VR/Content/Abbot732/Mesh/Main/Wind/Material__2147483647.uexp" 3102
"E:/Repository/732-abbot-grove-VR/Content/Abbot732/Mesh/Main/Wind/SM_Glasses_06.ubulk" 3103
"E:/Repository/732-abbot-grove-VR/Content/Abbot732/Mesh/Main/Wind/SM_Glasses_06.uasset" 3104
"E:/Repository/732-abbot-grove-VR/Content/Abbot732/Mesh/Main/Wind/SM_Glasses_06.uexp" 3105
"E:/Repository/732-abbot-grove-VR/Content/Abbot732/Mesh/Main/Wind/SM_Glasses_05.ubulk" 3106
"E:/Repository/732-abbot-grove-VR/Content/Abbot732/Mesh/Main/Wind/SM_Glasses_05.uasset" 3107
"E:/Repository/732-abbot-grove-VR/Content/Abbot732/Mesh/Main/Wind/SM_Glasses_05.uexp" 3108
"E:/Repository/732-abbot-grove-VR/Content/Abbot732/Mesh/Main/Wind/SM_Glasses_04.ubulk" 3109
"E:/Repository/732-abbot-grove-VR/Content/Abbot732/Mesh/Main/Wind/SM_Glasses_04.uasset" 3110
"E:/Repository/732-abbot-grove-VR/Content/Abbot732/Mesh/Main/Wind/SM_Glasses_04.uexp" 3111
"E:/Repository/732-abbot-grove-VR/Content/Abbot732/Mesh/Main/Wind/SM_Glasses_03.ubulk" 3112
"E:/Repository/732-abbot-grove-VR/Content/Abbot732/Mesh/Main/Wind/SM_Glasses_03.uasset" 3113
"E:/Repository/732-abbot-grove-VR/Content/Abbot732/Mesh/Main/Wind/SM_Glasses_03.uexp" 3114
"E:/Repository/732-abbot-grove-VR/Content/Abbot732/Mesh/Main/Wind/SM_Glasses_02.ubulk" 3115
"E:/Repository/732-abbot-grove-VR/Content/Abbot732/Mesh/Main/Wind/SM_Glasses_02.uasset" 3116
"E:/Repository/732-abbot-grove-VR/Content/Abbot732/Mesh/Main/Wind/SM_Glasses_02.uexp" 3117
"E:/Repository/732-abbot-grove-VR/Content/Abbot732/Mesh/Main/Wind/SM_Glasses_01.ubulk" 3118
"E:/Repository/732-abbot-grove-VR/Content/Abbot732/Mesh/Main/Wind/SM_Glasses_01.uasset" 3119
"E:/Repository/732-abbot-grove-VR/Content/Abbot732/Mesh/Main/Wind/SM_Glasses_01.uexp" 3120
"E:/Repository/732-abbot-grove-VR/Content/Abbot732/Mesh/Main/UpperLight/SM_PointLightUP_005.ubulk" 3121
"E:/Repository/732-abbot-grove-VR/Content/Abbot732/Mesh/Main/UpperLight/SM_PointLightUP_005.uasset" 3122
"E:/Repository/732-abbot-grove-VR/Content/Abbot732/Mesh/Main/UpperLight/SM_PointLightUP_005.uexp" 3123
"E:/Repository/732-abbot-grove-VR/Content/Abbot732/Mesh/Main/UpperLight/SM_PointLightUP_004.ubulk" 3124
"E:/Repository/732-abbot-grove-VR/Content/Abbot732/Mesh/Main/UpperLight/SM_PointLightUP_004.uasset" 3125
"E:/Repository/732-abbot-grove-VR/Content/Abbot732/Mesh/Main/UpperLight/SM_PointLightUP_004.uexp" 3126
"E:/Repository/732-abbot-grove-VR/Content/Abbot732/Mesh/Main/UpperLight/SM_PointLightUP_003.ubulk" 3127
"E:/Repository/732-abbot-grove-VR/Content/Abbot732/Mesh/Main/UpperLight/SM_PointLightUP_003.uasset" 3128
"E:/Repository/732-abbot-grove-VR/Content/Abbot732/Mesh/Main/UpperLight/SM_PointLightUP_003.uexp" 3129
"E:/Repository/732-abbot-grove-VR/Content/Abbot732/Mesh/Main/UpperLight/SM_PointLightUP_002.ubulk" 3130
"E:/Repository/732-abbot-grove-VR/Content/Abbot732/Mesh/Main/UpperLight/SM_PointLightUP_002.uasset" 3131
"E:/Repository/732-abbot-grove-VR/Content/Abbot732/Mesh/Main/UpperLight/SM_PointLightUP_002.uexp" 3132
"E:/Repository/732-abbot-grove-VR/Content/Abbot732/Mesh/Main/UpperLight/SM_PointLightUP_001.ubulk" 3133
"E:/Repository/732-abbot-grove-VR/Content/Abbot732/Mesh/Main/UpperLight/SM_PointLightUP_001.uasset" 3134
"E:/Repository/732-abbot-grove-VR/Content/Abbot732/Mesh/Main/UpperLight/SM_PointLightUP_001.uexp" 3135
"E:/Repository/732-abbot-grove-VR/Content/Abbot732/Mesh/Main/Kitchen/SM_KitchenPart_Glass.ubulk" 3136
"E:/Repository/732-abbot-grove-VR/Content/Abbot732/Mesh/Main/Kitchen/SM_KitchenPart_Glass.uasset" 3137
"E:/Repository/732-abbot-grove-VR/Content/Abbot732/Mesh/Main/Kitchen/SM_KitchenPart_Glass.uexp" 3138
"E:/Repository/732-abbot-grove-VR/Content/Abbot732/Mesh/Main/Kitchen/Material__2147483646.uasset" 3139
"E:/Repository/732-abbot-grove-VR/Content/Abbot732/Mesh/Main/Kitchen/Material__2147483646.uexp" 3140
"E:/Repository/732-abbot-grove-VR/Content/Abbot732/Mesh/Main/Kitchen/Material__-2147483625.uasset" 3141
"E:/Repository/732-abbot-grove-VR/Content/Abbot732/Mesh/Main/Kitchen/Material__-2147483625.uexp" 3142
"E:/Repository/732-abbot-grove-VR/Content/Abbot732/Mesh/Main/Kitchen/Material__-2147483626__1.uasset" 3143
"E:/Repository/732-abbot-grove-VR/Content/Abbot732/Mesh/Main/Kitchen/Material__-2147483626__1.uexp" 3144
"E:/Repository/732-abbot-grove-VR/Content/Abbot732/Mesh/Main/Kitchen/Material__-2147483635.uasset" 3145
"E:/Repository/732-abbot-grove-VR/Content/Abbot732/Mesh/Main/Kitchen/Material__-2147483635.uexp" 3146
"E:/Repository/732-abbot-grove-VR/Content/Abbot732/Mesh/Main/Kitchen/Material__2147483647.uasset" 3147
"E:/Repository/732-abbot-grove-VR/Content/Abbot732/Mesh/Main/Kitchen/Material__2147483647.uexp" 3148
"E:/Repository/732-abbot-grove-VR/Content/Abbot732/Mesh/Main/Kitchen/SM_KitchenPart_09.ubulk" 3149
"E:/Repository/732-abbot-grove-VR/Content/Abbot732/Mesh/Main/Kitchen/SM_KitchenPart_09.uasset" 3150
"E:/Repository/732-abbot-grove-VR/Content/Abbot732/Mesh/Main/Kitchen/SM_KitchenPart_09.uexp" 3151
"E:/Repository/732-abbot-grove-VR/Content/Abbot732/Mesh/Main/Kitchen/SM_KitchenPart_06.ubulk" 3152
"E:/Repository/732-abbot-grove-VR/Content/Abbot732/Mesh/Main/Kitchen/SM_KitchenPart_06.uasset" 3153
"E:/Repository/732-abbot-grove-VR/Content/Abbot732/Mesh/Main/Kitchen/SM_KitchenPart_06.uexp" 3154
"E:/Repository/732-abbot-grove-VR/Content/Abbot732/Mesh/Main/Kitchen/SM_KitchenPart_05.ubulk" 3155
"E:/Repository/732-abbot-grove-VR/Content/Abbot732/Mesh/Main/Kitchen/SM_KitchenPart_05.uasset" 3156
"E:/Repository/732-abbot-grove-VR/Content/Abbot732/Mesh/Main/Kitchen/SM_KitchenPart_05.uexp" 3157
"E:/Repository/732-abbot-grove-VR/Content/Abbot732/Mesh/Main/Kitchen/SM_KitchenPart_04.ubulk" 3158
"E:/Repository/732-abbot-grove-VR/Content/Abbot732/Mesh/Main/Kitchen/SM_KitchenPart_04.uasset" 3159
"E:/Repository/732-abbot-grove-VR/Content/Abbot732/Mesh/Main/Kitchen/SM_KitchenPart_04.uexp" 3160
"E:/Repository/732-abbot-grove-VR/Content/Abbot732/Mesh/Main/Kitchen/SM_KitchenPart_03.ubulk" 3161
"E:/Repository/732-abbot-grove-VR/Content/Abbot732/Mesh/Main/Kitchen/SM_KitchenPart_03.uasset" 3162
"E:/Repository/732-abbot-grove-VR/Content/Abbot732/Mesh/Main/Kitchen/SM_KitchenPart_03.uexp" 3163
"E:/Repository/732-abbot-grove-VR/Content/Abbot732/Mesh/Main/Kitchen/SM_KitchenPart_02.ubulk" 3164
"E:/Repository/732-abbot-grove-VR/Content/Abbot732/Mesh/Main/Kitchen/SM_KitchenPart_02.uasset" 3165
"E:/Repository/732-abbot-grove-VR/Content/Abbot732/Mesh/Main/Kitchen/SM_KitchenPart_02.uexp" 3166
"E:/Repository/732-abbot-grove-VR/Content/Abbot732/Mesh/Main/Kitchen/SM_KitchenPart_011.ubulk" 3167
"E:/Repository/732-abbot-grove-VR/Content/Abbot732/Mesh/Main/Kitchen/SM_KitchenPart_011.uasset" 3168
"E:/Repository/732-abbot-grove-VR/Content/Abbot732/Mesh/Main/Kitchen/SM_KitchenPart_011.uexp" 3169
"E:/Repository/732-abbot-grove-VR/Content/Abbot732/Mesh/Main/Kitchen/SM_KitchenPart_010.ubulk" 3170
"E:/Repository/732-abbot-grove-VR/Content/Abbot732/Mesh/Main/Kitchen/SM_KitchenPart_010.uasset" 3171
"E:/Repository/732-abbot-grove-VR/Content/Abbot732/Mesh/Main/Kitchen/SM_KitchenPart_010.uexp" 3172
"E:/Repository/732-abbot-grove-VR/Content/Abbot732/Mesh/Main/Kitchen/SM_KitchenPart_01.ubulk" 3173
"E:/Repository/732-abbot-grove-VR/Content/Abbot732/Mesh/Main/Kitchen/SM_KitchenPart_01.uasset" 3174
"E:/Repository/732-abbot-grove-VR/Content/Abbot732/Mesh/Main/Kitchen/SM_KitchenPart_01.uexp" 3175
"E:/Repository/732-abbot-grove-VR/Content/Abbot732/Mesh/Main/1/SM_Wall_039.ubulk" 3176
"E:/Repository/732-abbot-grove-VR/Content/Abbot732/Mesh/Main/1/SM_Wall_039.uasset" 3177
"E:/Repository/732-abbot-grove-VR/Content/Abbot732/Mesh/Main/1/SM_Wall_039.uexp" 3178
"E:/Repository/732-abbot-grove-VR/Content/Abbot732/Mesh/Main/1/SM_Wall_038.ubulk" 3179
"E:/Repository/732-abbot-grove-VR/Content/Abbot732/Mesh/Main/1/SM_Wall_038.uasset" 3180
"E:/Repository/732-abbot-grove-VR/Content/Abbot732/Mesh/Main/1/SM_Wall_038.uexp" 3181
"E:/Repository/732-abbot-grove-VR/Content/Abbot732/Mesh/Main/1/SM_Wall_037.ubulk" 3182
"E:/Repository/732-abbot-grove-VR/Content/Abbot732/Mesh/Main/1/SM_Wall_037.uasset" 3183
"E:/Repository/732-abbot-grove-VR/Content/Abbot732/Mesh/Main/1/SM_Wall_037.uexp" 3184
"E:/Repository/732-abbot-grove-VR/Content/Abbot732/Mesh/Main/1/SM_Wall_036.ubulk" 3185
"E:/Repository/732-abbot-grove-VR/Content/Abbot732/Mesh/Main/1/SM_Wall_036.uasset" 3186
"E:/Repository/732-abbot-grove-VR/Content/Abbot732/Mesh/Main/1/SM_Wall_036.uexp" 3187
"E:/Repository/732-abbot-grove-VR/Content/Abbot732/Mesh/Main/1/SM_ShoverOutWater_01.ubulk" 3188
"E:/Repository/732-abbot-grove-VR/Content/Abbot732/Mesh/Main/1/SM_ShoverOutWater_01.uasset" 3189
"E:/Repository/732-abbot-grove-VR/Content/Abbot732/Mesh/Main/1/SM_ShoverOutWater_01.uexp" 3190
"E:/Repository/732-abbot-grove-VR/Content/Abbot732/Mesh/Main/1/Material__2147483647.uasset" 3191
"E:/Repository/732-abbot-grove-VR/Content/Abbot732/Mesh/Main/1/Material__2147483647.uexp" 3192
"E:/Repository/732-abbot-grove-VR/Content/Abbot732/Mesh/Main/1/Material__2147483646.uasset" 3193
"E:/Repository/732-abbot-grove-VR/Content/Abbot732/Mesh/Main/1/Material__2147483646.uexp" 3194
"E:/Repository/732-abbot-grove-VR/Content/Abbot732/Mesh/Main/1/Material__-2147483625.uasset" 3195
"E:/Repository/732-abbot-grove-VR/Content/Abbot732/Mesh/Main/1/Material__-2147483625.uexp" 3196
"E:/Repository/732-abbot-grove-VR/Content/Abbot732/Mesh/Main/1/SM_SecondWC_04.ubulk" 3197
"E:/Repository/732-abbot-grove-VR/Content/Abbot732/Mesh/Main/1/SM_SecondWC_04.uasset" 3198
"E:/Repository/732-abbot-grove-VR/Content/Abbot732/Mesh/Main/1/SM_SecondWC_04.uexp" 3199
"E:/Repository/732-abbot-grove-VR/Content/Abbot732/Mesh/Main/1/SM_SecondWC_03.ubulk" 3200
"E:/Repository/732-abbot-grove-VR/Content/Abbot732/Mesh/Main/1/SM_SecondWC_03.uasset" 3201
"E:/Repository/732-abbot-grove-VR/Content/Abbot732/Mesh/Main/1/SM_SecondWC_03.uexp" 3202
"E:/Repository/732-abbot-grove-VR/Content/Abbot732/Mesh/Main/1/SM_SecondWC_0233.ubulk" 3203
"E:/Repository/732-abbot-grove-VR/Content/Abbot732/Mesh/Main/1/SM_SecondWC_0233.uasset" 3204
"E:/Repository/732-abbot-grove-VR/Content/Abbot732/Mesh/Main/1/SM_SecondWC_0233.uexp" 3205
"E:/Repository/732-abbot-grove-VR/Content/Abbot732/Mesh/Main/1/SM_SecondWC_013333.ubulk" 3206
"E:/Repository/732-abbot-grove-VR/Content/Abbot732/Mesh/Main/1/SM_SecondWC_013333.uasset" 3207
"E:/Repository/732-abbot-grove-VR/Content/Abbot732/Mesh/Main/1/SM_SecondWC_013333.uexp" 3208
"E:/Repository/732-abbot-grove-VR/Content/Abbot732/Mesh/Doors/SM_InnerDoor_01.ubulk" 3209
"E:/Repository/732-abbot-grove-VR/Content/Abbot732/Mesh/Doors/SM_InnerDoor_01.uasset" 3210
"E:/Repository/732-abbot-grove-VR/Content/Abbot732/Mesh/Doors/SM_InnerDoor_01.uexp" 3211
"E:/Repository/732-abbot-grove-VR/Content/Abbot732/Mesh/2/SM_RoomDecor_06.ubulk" 3212
"E:/Repository/732-abbot-grove-VR/Content/Abbot732/Mesh/2/SM_RoomDecor_06.uasset" 3213
"E:/Repository/732-abbot-grove-VR/Content/Abbot732/Mesh/2/SM_RoomDecor_06.uexp" 3214
"E:/Repository/732-abbot-grove-VR/Content/Abbot732/Mesh/2/SM_RoomDecor_05.ubulk" 3215
"E:/Repository/732-abbot-grove-VR/Content/Abbot732/Mesh/2/SM_RoomDecor_05.uasset" 3216
"E:/Repository/732-abbot-grove-VR/Content/Abbot732/Mesh/2/SM_RoomDecor_05.uexp" 3217
"E:/Repository/732-abbot-grove-VR/Content/Abbot732/Mesh/2/SM_RoomDecor_04.ubulk" 3218
"E:/Repository/732-abbot-grove-VR/Content/Abbot732/Mesh/2/SM_RoomDecor_04.uasset" 3219
"E:/Repository/732-abbot-grove-VR/Content/Abbot732/Mesh/2/SM_RoomDecor_04.uexp" 3220
"E:/Repository/732-abbot-grove-VR/Content/Abbot732/Mesh/2/Material__2147483646.uasset" 3221
"E:/Repository/732-abbot-grove-VR/Content/Abbot732/Mesh/2/Material__2147483646.uexp" 3222
"E:/Repository/732-abbot-grove-VR/Content/Abbot732/Mesh/2/Material__-2147483637__1.uasset" 3223
"E:/Repository/732-abbot-grove-VR/Content/Abbot732/Mesh/2/Material__-2147483637__1.uexp" 3224
"E:/Repository/732-abbot-grove-VR/Content/Abbot732/Mesh/2/SM_RoomDecor_03.ubulk" 3225
"E:/Repository/732-abbot-grove-VR/Content/Abbot732/Mesh/2/SM_RoomDecor_03.uasset" 3226
"E:/Repository/732-abbot-grove-VR/Content/Abbot732/Mesh/2/SM_RoomDecor_03.uexp" 3227
"E:/Repository/732-abbot-grove-VR/Content/Abbot732/Mesh/2/SM_RoomDecor_02.ubulk" 3228
"E:/Repository/732-abbot-grove-VR/Content/Abbot732/Mesh/2/SM_RoomDecor_02.uasset" 3229
"E:/Repository/732-abbot-grove-VR/Content/Abbot732/Mesh/2/SM_RoomDecor_02.uexp" 3230
"E:/Repository/732-abbot-grove-VR/Content/Abbot732/Mesh/2/SM_RoomDecor_01.ubulk" 3231
"E:/Repository/732-abbot-grove-VR/Content/Abbot732/Mesh/2/SM_RoomDecor_01.uasset" 3232
"E:/Repository/732-abbot-grove-VR/Content/Abbot732/Mesh/2/SM_RoomDecor_01.uexp" 3233
"E:/Repository/732-abbot-grove-VR/Content/Abbot732/Mesh/2/SM_PepperMill_02.ubulk" 3234
"E:/Repository/732-abbot-grove-VR/Content/Abbot732/Mesh/2/SM_PepperMill_02.uasset" 3235
"E:/Repository/732-abbot-grove-VR/Content/Abbot732/Mesh/2/SM_PepperMill_02.uexp" 3236
"E:/Repository/732-abbot-grove-VR/Content/Abbot732/Mesh/2/SM_PepperMill_01.ubulk" 3237
"E:/Repository/732-abbot-grove-VR/Content/Abbot732/Mesh/2/SM_PepperMill_01.uasset" 3238
"E:/Repository/732-abbot-grove-VR/Content/Abbot732/Mesh/2/SM_PepperMill_01.uexp" 3239
"E:/Repository/732-abbot-grove-VR/Content/Abbot732/Mesh/2/SM_Napkin.ubulk" 3240
"E:/Repository/732-abbot-grove-VR/Content/Abbot732/Mesh/2/SM_Napkin.uasset" 3241
"E:/Repository/732-abbot-grove-VR/Content/Abbot732/Mesh/2/SM_Napkin.uexp" 3242
"E:/Repository/732-abbot-grove-VR/Content/Abbot732/Mesh/2/SM_GlassWaterBoil_03.ubulk" 3243
"E:/Repository/732-abbot-grove-VR/Content/Abbot732/Mesh/2/SM_GlassWaterBoil_03.uasset" 3244
"E:/Repository/732-abbot-grove-VR/Content/Abbot732/Mesh/2/SM_GlassWaterBoil_03.uexp" 3245
"E:/Repository/732-abbot-grove-VR/Content/Abbot732/Mesh/2/Material__2147483647.uasset" 3246
"E:/Repository/732-abbot-grove-VR/Content/Abbot732/Mesh/2/Material__2147483647.uexp" 3247
"E:/Repository/732-abbot-grove-VR/Content/Abbot732/Mesh/2/SM_GlassWaterBoil_02.ubulk" 3248
"E:/Repository/732-abbot-grove-VR/Content/Abbot732/Mesh/2/SM_GlassWaterBoil_02.uasset" 3249
"E:/Repository/732-abbot-grove-VR/Content/Abbot732/Mesh/2/SM_GlassWaterBoil_02.uexp" 3250
"E:/Repository/732-abbot-grove-VR/Content/Abbot732/Mesh/2/Material__-2147483625.uasset" 3251
"E:/Repository/732-abbot-grove-VR/Content/Abbot732/Mesh/2/Material__-2147483625.uexp" 3252
"E:/Repository/732-abbot-grove-VR/Content/Abbot732/Mesh/2/SM_GlassWaterBoil_01.ubulk" 3253
"E:/Repository/732-abbot-grove-VR/Content/Abbot732/Mesh/2/SM_GlassWaterBoil_01.uasset" 3254
"E:/Repository/732-abbot-grove-VR/Content/Abbot732/Mesh/2/SM_GlassWaterBoil_01.uexp" 3255
"E:/Repository/732-abbot-grove-VR/Content/Abbot732/Mesh/2/SM_Bag_01.ubulk" 3256
"E:/Repository/732-abbot-grove-VR/Content/Abbot732/Mesh/2/SM_Bag_01.uasset" 3257
"E:/Repository/732-abbot-grove-VR/Content/Abbot732/Mesh/2/SM_Bag_01.uexp" 3258
"E:/Repository/732-abbot-grove-VR/Content/Abbot732/Maps/_GENERATED/ahbvs/Rectangle_9DAFC66F.ubulk" 3259
"E:/Repository/732-abbot-grove-VR/Content/Abbot732/Maps/_GENERATED/ahbvs/Rectangle_9DAFC66F.uasset" 3260
"E:/Repository/732-abbot-grove-VR/Content/Abbot732/Maps/_GENERATED/ahbvs/Rectangle_9DAFC66F.uexp" 3261
"E:/Repository/732-abbot-grove-VR/Content/Abbot732/Maps/_GENERATED/ahbvs/Rectangle_01CBE3E9.ubulk" 3262
"E:/Repository/732-abbot-grove-VR/Content/Abbot732/Maps/_GENERATED/ahbvs/Rectangle_01CBE3E9.uasset" 3263
"E:/Repository/732-abbot-grove-VR/Content/Abbot732/Maps/_GENERATED/ahbvs/Rectangle_01CBE3E9.uexp" 3264
"E:/Repository/732-abbot-grove-VR/Content/Abbot732/Maps/_GENERATED/ahbvs/Box_56072C70.ubulk" 3265
"E:/Repository/732-abbot-grove-VR/Content/Abbot732/Maps/_GENERATED/ahbvs/Box_56072C70.uasset" 3266
"E:/Repository/732-abbot-grove-VR/Content/Abbot732/Maps/_GENERATED/ahbvs/Box_56072C70.uexp" 3267
"E:/Repository/732-abbot-grove-VR/Content/Abbot732/Maps/_GENERATED/ahbvs/Box_0FBE43F6.ubulk" 3268
"E:/Repository/732-abbot-grove-VR/Content/Abbot732/Maps/_GENERATED/ahbvs/Box_0FBE43F6.uasset" 3269
"E:/Repository/732-abbot-grove-VR/Content/Abbot732/Maps/_GENERATED/ahbvs/Box_0FBE43F6.uexp" 3270
"../../../Engine/Content/Functions/Engine_MaterialFunctions02/Utility/Swizzle.uasset" 3271
"../../../Engine/Content/Functions/Engine_MaterialFunctions02/Utility/Swizzle.uexp" 3272
"../../../Engine/Content/Functions/Engine_MaterialFunctions01/Cubemaps/InteriorCubemap.uasset" 3273
"../../../Engine/Content/Functions/Engine_MaterialFunctions01/Cubemaps/InteriorCubemap.uexp" 3274
"E:/Repository/732-abbot-grove-VR/Content/Abbot732/Blueprints/1/CRT_Mirror_Tex.uasset" 3275
"E:/Repository/732-abbot-grove-VR/Content/Abbot732/Blueprints/1/CRT_Mirror_Tex.uexp" 3276
"E:/Repository/732-abbot-grove-VR/Content/Abbot732/Blueprints/1/CRT_Mirror_Tex_Mat1.uasset" 3277
"E:/Repository/732-abbot-grove-VR/Content/Abbot732/Blueprints/1/CRT_Mirror_Tex_Mat1.uexp" 3278
"E:/Repository/732-abbot-grove-VR/Content/Abbot732/Blueprints/1/CRT_Mirror_Tex3.uasset" 3279
"E:/Repository/732-abbot-grove-VR/Content/Abbot732/Blueprints/1/CRT_Mirror_Tex3.uexp" 3280
"E:/Repository/732-abbot-grove-VR/Content/Abbot732/Blueprints/1/CRT_Mirror_Tex_Mat1_Inst.uasset" 3281
"E:/Repository/732-abbot-grove-VR/Content/Abbot732/Blueprints/1/CRT_Mirror_Tex_Mat1_Inst.uexp" 3282
"E:/Repository/732-abbot-grove-VR/Content/Abbot732/Blueprints/1/CRT_Mirror2.uasset" 3283
"E:/Repository/732-abbot-grove-VR/Content/Abbot732/Blueprints/1/CRT_Mirror2.uexp" 3284
"E:/Repository/732-abbot-grove-VR/Content/Abbot732/Blueprints/1/CRT_Mirror.uasset" 3285
"E:/Repository/732-abbot-grove-VR/Content/Abbot732/Blueprints/1/CRT_Mirror.uexp" 3286
"E:/Repository/732-abbot-grove-VR/Content/Abbot732/Blueprints/1/CRT_Mirror3.uasset" 3287
"E:/Repository/732-abbot-grove-VR/Content/Abbot732/Blueprints/1/CRT_Mirror3.uexp" 3288
"E:/Repository/732-abbot-grove-VR/Content/FancyApp/Blueprints/BP_GameInstance.uasset" 3289
"E:/Repository/732-abbot-grove-VR/Content/FancyApp/Blueprints/BP_GameInstance.uexp" 3290
"E:/Repository/732-abbot-grove-VR/Content/VRTemplate/Blueprints/VRGameMode.uasset" 3291
"E:/Repository/732-abbot-grove-VR/Content/VRTemplate/Blueprints/VRGameMode.uexp" 3292
"E:/Repository/732-abbot-grove-VR/Content/FancyApp/Textures/WoodFine/WoodFine14_COL_VAR1_HIRES.ubulk" 3293
"E:/Repository/732-abbot-grove-VR/Content/FancyApp/Textures/WoodFine/WoodFine14_COL_VAR1_HIRES.uasset" 3294
"E:/Repository/732-abbot-grove-VR/Content/FancyApp/Textures/WoodFine/WoodFine14_COL_VAR1_HIRES.uexp" 3295
"E:/Repository/732-abbot-grove-VR/Content/FancyApp/Materials/Main/MI_WoodenWall_52.uasset" 3296
"E:/Repository/732-abbot-grove-VR/Content/FancyApp/Materials/Main/MI_WoodenWall_52.uexp" 3297
"E:/Repository/732-abbot-grove-VR/Content/FancyApp/Materials/Main/MI_RoomSphereChairs_08.uasset" 3298
"E:/Repository/732-abbot-grove-VR/Content/FancyApp/Materials/Main/MI_RoomSphereChairs_08.uexp" 3299
"E:/Repository/732-abbot-grove-VR/Content/Abbot732/Merge/SM_MERGED_StaticMeshActor_40.ubulk" 3300
"E:/Repository/732-abbot-grove-VR/Content/Abbot732/Merge/SM_MERGED_StaticMeshActor_40.uasset" 3301
"E:/Repository/732-abbot-grove-VR/Content/Abbot732/Merge/SM_MERGED_StaticMeshActor_40.uexp" 3302
"E:/Repository/732-abbot-grove-VR/Content/Abbot732/Textures/SM_BarStool_DefaultMaterial_BaseColor.ubulk" 3303
"E:/Repository/732-abbot-grove-VR/Content/Abbot732/Textures/SM_BarStool_DefaultMaterial_BaseColor.uasset" 3304
"E:/Repository/732-abbot-grove-VR/Content/Abbot732/Textures/SM_BarStool_DefaultMaterial_BaseColor.uexp" 3305
"E:/Repository/732-abbot-grove-VR/Content/Abbot732/Textures/SM_BarStool_DefaultMaterial_Normal.ubulk" 3306
"E:/Repository/732-abbot-grove-VR/Content/Abbot732/Textures/SM_BarStool_DefaultMaterial_Normal.uasset" 3307
"E:/Repository/732-abbot-grove-VR/Content/Abbot732/Textures/SM_BarStool_DefaultMaterial_Normal.uexp" 3308
"E:/Repository/732-abbot-grove-VR/Content/Abbot732/Textures/SM_BarStool_DefaultMaterial_OcclusionRoughnessMetallic.ubulk" 3309
"E:/Repository/732-abbot-grove-VR/Content/Abbot732/Textures/SM_BarStool_DefaultMaterial_OcclusionRoughnessMetallic.uasset" 3310
"E:/Repository/732-abbot-grove-VR/Content/Abbot732/Textures/SM_BarStool_DefaultMaterial_OcclusionRoughnessMetallic.uexp" 3311
"E:/Repository/732-abbot-grove-VR/Content/FancyApp/Materials/Main/MI_WoodenWall_53.uasset" 3312
"E:/Repository/732-abbot-grove-VR/Content/FancyApp/Materials/Main/MI_WoodenWall_53.uexp" 3313
"E:/Repository/732-abbot-grove-VR/Content/Abbot732/Merge/SM_MERGED_StaticMeshActor_46.ubulk" 3314
"E:/Repository/732-abbot-grove-VR/Content/Abbot732/Merge/SM_MERGED_StaticMeshActor_46.uasset" 3315
"E:/Repository/732-abbot-grove-VR/Content/Abbot732/Merge/SM_MERGED_StaticMeshActor_46.uexp" 3316
"E:/Repository/732-abbot-grove-VR/Content/Abbot732/Textures/SM_Bra_DefaultMaterial_OcclusionRoughnessMetallic.ubulk" 3317
"E:/Repository/732-abbot-grove-VR/Content/Abbot732/Textures/SM_Bra_DefaultMaterial_OcclusionRoughnessMetallic.uasset" 3318
"E:/Repository/732-abbot-grove-VR/Content/Abbot732/Textures/SM_Bra_DefaultMaterial_OcclusionRoughnessMetallic.uexp" 3319
"E:/Repository/732-abbot-grove-VR/Content/Abbot732/Textures/SM_Bra_DefaultMaterial_Normal.ubulk" 3320
"E:/Repository/732-abbot-grove-VR/Content/Abbot732/Textures/SM_Bra_DefaultMaterial_Normal.uasset" 3321
"E:/Repository/732-abbot-grove-VR/Content/Abbot732/Textures/SM_Bra_DefaultMaterial_Normal.uexp" 3322
"E:/Repository/732-abbot-grove-VR/Content/Abbot732/Textures/SM_Bra_DefaultMaterial_BaseColor.ubulk" 3323
"E:/Repository/732-abbot-grove-VR/Content/Abbot732/Textures/SM_Bra_DefaultMaterial_BaseColor.uasset" 3324
"E:/Repository/732-abbot-grove-VR/Content/Abbot732/Textures/SM_Bra_DefaultMaterial_BaseColor.uexp" 3325
"E:/Repository/732-abbot-grove-VR/Content/FancyApp/Materials/Main/MI_WoodenWall_78.uasset" 3326
"E:/Repository/732-abbot-grove-VR/Content/FancyApp/Materials/Main/MI_WoodenWall_78.uexp" 3327
"E:/Repository/732-abbot-grove-VR/Content/Abbot732/Merge/SM_MERGED_StaticMeshActor_53.ubulk" 3328
"E:/Repository/732-abbot-grove-VR/Content/Abbot732/Merge/SM_MERGED_StaticMeshActor_53.uasset" 3329
"E:/Repository/732-abbot-grove-VR/Content/Abbot732/Merge/SM_MERGED_StaticMeshActor_53.uexp" 3330
"E:/Repository/732-abbot-grove-VR/Content/Abbot732/Merge/SM_MERGED_StaticMeshActor_55.ubulk" 3331
"E:/Repository/732-abbot-grove-VR/Content/Abbot732/Merge/SM_MERGED_StaticMeshActor_55.uasset" 3332
"E:/Repository/732-abbot-grove-VR/Content/Abbot732/Merge/SM_MERGED_StaticMeshActor_55.uexp" 3333
"E:/Repository/732-abbot-grove-VR/Content/Abbot732/Merge/SM_MERGED_StaticMeshActor_314.ubulk" 3334
"E:/Repository/732-abbot-grove-VR/Content/Abbot732/Merge/SM_MERGED_StaticMeshActor_314.uasset" 3335
"E:/Repository/732-abbot-grove-VR/Content/Abbot732/Merge/SM_MERGED_StaticMeshActor_314.uexp" 3336
"E:/Repository/732-abbot-grove-VR/Content/FancyApp/Materials/Main/MI_WoodenWall_95.uasset" 3337
"E:/Repository/732-abbot-grove-VR/Content/FancyApp/Materials/Main/MI_WoodenWall_95.uexp" 3338
"E:/Repository/732-abbot-grove-VR/Content/Abbot732/Textures/SM_Plates_0001_.ubulk" 3339
"E:/Repository/732-abbot-grove-VR/Content/Abbot732/Textures/SM_Plates_0001_.uasset" 3340
"E:/Repository/732-abbot-grove-VR/Content/Abbot732/Textures/SM_Plates_0001_.uexp" 3341
"E:/Repository/732-abbot-grove-VR/Content/FancyApp/Materials/Main/MI_WoodenWall_126.uasset" 3342
"E:/Repository/732-abbot-grove-VR/Content/FancyApp/Materials/Main/MI_WoodenWall_126.uexp" 3343
"E:/Repository/732-abbot-grove-VR/Content/Abbot732/Textures/SM_Plates_0002_.ubulk" 3344
"E:/Repository/732-abbot-grove-VR/Content/Abbot732/Textures/SM_Plates_0002_.uasset" 3345
"E:/Repository/732-abbot-grove-VR/Content/Abbot732/Textures/SM_Plates_0002_.uexp" 3346
"E:/Repository/732-abbot-grove-VR/Content/FancyApp/Materials/Main/MI_WoodenWall_127.uasset" 3347
"E:/Repository/732-abbot-grove-VR/Content/FancyApp/Materials/Main/MI_WoodenWall_127.uexp" 3348
"E:/Repository/732-abbot-grove-VR/Content/Abbot732/Textures/SM_Plates_0003_.ubulk" 3349
"E:/Repository/732-abbot-grove-VR/Content/Abbot732/Textures/SM_Plates_0003_.uasset" 3350
"E:/Repository/732-abbot-grove-VR/Content/Abbot732/Textures/SM_Plates_0003_.uexp" 3351
"E:/Repository/732-abbot-grove-VR/Content/FancyApp/Materials/Main/MI_WoodenWall_128.uasset" 3352
"E:/Repository/732-abbot-grove-VR/Content/FancyApp/Materials/Main/MI_WoodenWall_128.uexp" 3353
"E:/Repository/732-abbot-grove-VR/Content/Abbot732/Textures/SM_Plates_0004_.ubulk" 3354
"E:/Repository/732-abbot-grove-VR/Content/Abbot732/Textures/SM_Plates_0004_.uasset" 3355
"E:/Repository/732-abbot-grove-VR/Content/Abbot732/Textures/SM_Plates_0004_.uexp" 3356
"E:/Repository/732-abbot-grove-VR/Content/FancyApp/Materials/Main/MI_WoodenWall_129.uasset" 3357
"E:/Repository/732-abbot-grove-VR/Content/FancyApp/Materials/Main/MI_WoodenWall_129.uexp" 3358
"E:/Repository/732-abbot-grove-VR/Content/Abbot732/Textures/SM_Plates_0005_.ubulk" 3359
"E:/Repository/732-abbot-grove-VR/Content/Abbot732/Textures/SM_Plates_0005_.uasset" 3360
"E:/Repository/732-abbot-grove-VR/Content/Abbot732/Textures/SM_Plates_0005_.uexp" 3361
"E:/Repository/732-abbot-grove-VR/Content/FancyApp/Materials/Main/MI_WoodenWall_130.uasset" 3362
"E:/Repository/732-abbot-grove-VR/Content/FancyApp/Materials/Main/MI_WoodenWall_130.uexp" 3363
"E:/Repository/732-abbot-grove-VR/Content/Abbot732/Merge/SM_MERGED_StaticMeshActor_316.ubulk" 3364
"E:/Repository/732-abbot-grove-VR/Content/Abbot732/Merge/SM_MERGED_StaticMeshActor_316.uasset" 3365
"E:/Repository/732-abbot-grove-VR/Content/Abbot732/Merge/SM_MERGED_StaticMeshActor_316.uexp" 3366
"E:/Repository/732-abbot-grove-VR/Content/Abbot732/Maps/Abbot732_Level_BuiltData.ubulk" 3367
"E:/Repository/732-abbot-grove-VR/Content/Abbot732/Maps/Abbot732_Level_BuiltData.uasset" 3368
"E:/Repository/732-abbot-grove-VR/Content/Abbot732/Maps/Abbot732_Level_BuiltData.uexp" 3369
"E:/Repository/732-abbot-grove-VR/Content/FancyApp/Blueprints/BP_KitchenLOD.uasset" 3370
"E:/Repository/732-abbot-grove-VR/Content/FancyApp/Blueprints/BP_KitchenLOD.uexp" 3371
"E:/Repository/732-abbot-grove-VR/Content/Abbot732/Mesh/Main/UpperLight/SM_PointLightUP_006.ubulk" 3372
"E:/Repository/732-abbot-grove-VR/Content/Abbot732/Mesh/Main/UpperLight/SM_PointLightUP_006.uasset" 3373
"E:/Repository/732-abbot-grove-VR/Content/Abbot732/Mesh/Main/UpperLight/SM_PointLightUP_006.uexp" 3374
"E:/Repository/732-abbot-grove-VR/Content/Abbot732/Mesh/Main/NewFolder/SM_ThumbFix_061.ubulk" 3375
"E:/Repository/732-abbot-grove-VR/Content/Abbot732/Mesh/Main/NewFolder/SM_ThumbFix_061.uasset" 3376
"E:/Repository/732-abbot-grove-VR/Content/Abbot732/Mesh/Main/NewFolder/SM_ThumbFix_061.uexp" 3377
"E:/Repository/732-abbot-grove-VR/Content/Abbot732/Mesh/Main/NewFolder/SM_ThumbFix_062.ubulk" 3378
"E:/Repository/732-abbot-grove-VR/Content/Abbot732/Mesh/Main/NewFolder/SM_ThumbFix_062.uasset" 3379
"E:/Repository/732-abbot-grove-VR/Content/Abbot732/Mesh/Main/NewFolder/SM_ThumbFix_062.uexp" 3380
"E:/Repository/732-abbot-grove-VR/Content/Abbot732/Mesh/Main/NewFolder/SM_ThumbFix_063.ubulk" 3381
"E:/Repository/732-abbot-grove-VR/Content/Abbot732/Mesh/Main/NewFolder/SM_ThumbFix_063.uasset" 3382
"E:/Repository/732-abbot-grove-VR/Content/Abbot732/Mesh/Main/NewFolder/SM_ThumbFix_063.uexp" 3383
"E:/Repository/732-abbot-grove-VR/Content/Abbot732/Mesh/Main/NewFolder/SM_ThumbFix_064.ubulk" 3384
"E:/Repository/732-abbot-grove-VR/Content/Abbot732/Mesh/Main/NewFolder/SM_ThumbFix_064.uasset" 3385
"E:/Repository/732-abbot-grove-VR/Content/Abbot732/Mesh/Main/NewFolder/SM_ThumbFix_064.uexp" 3386
"E:/Repository/732-abbot-grove-VR/Content/Abbot732/Mesh/Main/NewFolder/SM_ThumbFix_065.ubulk" 3387
"E:/Repository/732-abbot-grove-VR/Content/Abbot732/Mesh/Main/NewFolder/SM_ThumbFix_065.uasset" 3388
"E:/Repository/732-abbot-grove-VR/Content/Abbot732/Mesh/Main/NewFolder/SM_ThumbFix_065.uexp" 3389
"E:/Repository/732-abbot-grove-VR/Content/Abbot732/Mesh/Main/NewFolder/SM_ThumbFix_066.ubulk" 3390
"E:/Repository/732-abbot-grove-VR/Content/Abbot732/Mesh/Main/NewFolder/SM_ThumbFix_066.uasset" 3391
"E:/Repository/732-abbot-grove-VR/Content/Abbot732/Mesh/Main/NewFolder/SM_ThumbFix_066.uexp" 3392
"E:/Repository/732-abbot-grove-VR/Content/Abbot732/Mesh/Main/NewFolder/SM_ThumbFix_067.ubulk" 3393
"E:/Repository/732-abbot-grove-VR/Content/Abbot732/Mesh/Main/NewFolder/SM_ThumbFix_067.uasset" 3394
"E:/Repository/732-abbot-grove-VR/Content/Abbot732/Mesh/Main/NewFolder/SM_ThumbFix_067.uexp" 3395
"E:/Repository/732-abbot-grove-VR/Content/Abbot732/Mesh/Main/NewFolder/SM_ThumbFix_068.ubulk" 3396
"E:/Repository/732-abbot-grove-VR/Content/Abbot732/Mesh/Main/NewFolder/SM_ThumbFix_068.uasset" 3397
"E:/Repository/732-abbot-grove-VR/Content/Abbot732/Mesh/Main/NewFolder/SM_ThumbFix_068.uexp" 3398
"E:/Repository/732-abbot-grove-VR/Content/Abbot732/Mesh/Main/NewFolder/SM_ThumbFix_069.ubulk" 3399
"E:/Repository/732-abbot-grove-VR/Content/Abbot732/Mesh/Main/NewFolder/SM_ThumbFix_069.uasset" 3400
"E:/Repository/732-abbot-grove-VR/Content/Abbot732/Mesh/Main/NewFolder/SM_ThumbFix_069.uexp" 3401
"E:/Repository/732-abbot-grove-VR/Content/Abbot732/Maps/Abbot732_Level.uexp" 3402
"E:/Repository/732-abbot-grove-VR/Content/Abbot732/Maps/Abbot732_Level.umap" 3403
"E:/Repository/732-abbot-grove-VR/Content/Movies/MP_Trailer.uasset" 3404
"E:/Repository/732-abbot-grove-VR/Content/Movies/MP_Trailer.uexp" 3405
"../../../Engine/Content/Functions/Engine_MaterialFunctions01/Gradient/LinearGradient.uasset" 3406
"../../../Engine/Content/Functions/Engine_MaterialFunctions01/Gradient/LinearGradient.uexp" 3407
"../../../Engine/Content/Functions/Engine_MaterialFunctions01/ImageAdjustment/CheapContrast.uasset" 3408
"../../../Engine/Content/Functions/Engine_MaterialFunctions01/ImageAdjustment/CheapContrast.uexp" 3409
"E:/Repository/732-abbot-grove-VR/Content/LevelPrototyping/Textures/T_GridChecker_A.ubulk" 3410
"E:/Repository/732-abbot-grove-VR/Content/LevelPrototyping/Textures/T_GridChecker_A.uasset" 3411
"E:/Repository/732-abbot-grove-VR/Content/LevelPrototyping/Textures/T_GridChecker_A.uexp" 3412
"E:/Repository/732-abbot-grove-VR/Content/LevelPrototyping/Materials/MF_ProcGrid.uasset" 3413
"E:/Repository/732-abbot-grove-VR/Content/LevelPrototyping/Materials/MF_ProcGrid.uexp" 3414
"E:/Repository/732-abbot-grove-VR/Content/LevelPrototyping/Materials/M_PrototypeGrid.uasset" 3415
"E:/Repository/732-abbot-grove-VR/Content/LevelPrototyping/Materials/M_PrototypeGrid.uexp" 3416
"E:/Repository/732-abbot-grove-VR/Content/LevelPrototyping/Materials/MI_PrototypeGrid_Gray.uasset" 3417
"E:/Repository/732-abbot-grove-VR/Content/LevelPrototyping/Materials/MI_PrototypeGrid_Gray.uexp" 3418
"E:/Repository/732-abbot-grove-VR/Content/LevelPrototyping/Meshes/SM_Cube1.ubulk" 3419
"E:/Repository/732-abbot-grove-VR/Content/LevelPrototyping/Meshes/SM_Cube1.uasset" 3420
"E:/Repository/732-abbot-grove-VR/Content/LevelPrototyping/Meshes/SM_Cube1.uexp" 3421
"E:/Repository/732-abbot-grove-VR/Content/FancyApp/Textures/HDRI/qwantani_dusk_2_puresky_4k.uasset" 3422
"E:/Repository/732-abbot-grove-VR/Content/FancyApp/Textures/HDRI/qwantani_dusk_2_puresky_4k.uexp" 3423
"E:/Repository/732-abbot-grove-VR/Content/VRTemplate/Textures/T_Grid.ubulk" 3424
"E:/Repository/732-abbot-grove-VR/Content/VRTemplate/Textures/T_Grid.uasset" 3425
"E:/Repository/732-abbot-grove-VR/Content/VRTemplate/Textures/T_Grid.uexp" 3426
"E:/Repository/732-abbot-grove-VR/Content/FancyApp/Textures/Background/3232323.ubulk" 3427
"E:/Repository/732-abbot-grove-VR/Content/FancyApp/Textures/Background/3232323.uasset" 3428
"E:/Repository/732-abbot-grove-VR/Content/FancyApp/Textures/Background/3232323.uexp" 3429
"E:/Repository/732-abbot-grove-VR/Content/FancyApp/Textures/Background/NewMaterial2.uasset" 3430
"E:/Repository/732-abbot-grove-VR/Content/FancyApp/Textures/Background/NewMaterial2.uexp" 3431
"E:/Repository/732-abbot-grove-VR/Content/FancyApp/Textures/Background/NewMaterial2_Inst.uasset" 3432
"E:/Repository/732-abbot-grove-VR/Content/FancyApp/Textures/Background/NewMaterial2_Inst.uexp" 3433
"E:/Repository/732-abbot-grove-VR/Content/FancyApp/Textures/Background/qwantani_dusk_2_puresky_4k.ubulk" 3434
"E:/Repository/732-abbot-grove-VR/Content/FancyApp/Textures/Background/qwantani_dusk_2_puresky_4k.uasset" 3435
"E:/Repository/732-abbot-grove-VR/Content/FancyApp/Textures/Background/qwantani_dusk_2_puresky_4k.uexp" 3436
"E:/Repository/732-abbot-grove-VR/Content/FancyApp/Textures/Background/M_Background_Inst4.uasset" 3437
"E:/Repository/732-abbot-grove-VR/Content/FancyApp/Textures/Background/M_Background_Inst4.uexp" 3438
"E:/Repository/732-abbot-grove-VR/Content/FancyApp/Menu/Quest3Controllers_arrow2.ubulk" 3439
"E:/Repository/732-abbot-grove-VR/Content/FancyApp/Menu/Quest3Controllers_arrow2.uasset" 3440
"E:/Repository/732-abbot-grove-VR/Content/FancyApp/Menu/Quest3Controllers_arrow2.uexp" 3441
"E:/Repository/732-abbot-grove-VR/Content/FancyApp/Menu/Quest3Controllers_arrow.ubulk" 3442
"E:/Repository/732-abbot-grove-VR/Content/FancyApp/Menu/Quest3Controllers_arrow.uasset" 3443
"E:/Repository/732-abbot-grove-VR/Content/FancyApp/Menu/Quest3Controllers_arrow.uexp" 3444
"E:/Repository/732-abbot-grove-VR/Content/FancyApp/Menu/Quest3Controllers.ubulk" 3445
"E:/Repository/732-abbot-grove-VR/Content/FancyApp/Menu/Quest3Controllers.uasset" 3446
"E:/Repository/732-abbot-grove-VR/Content/FancyApp/Menu/Quest3Controllers.uexp" 3447
"E:/Repository/732-abbot-grove-VR/Content/FancyApp/Menu/WBP_Help.uasset" 3448
"E:/Repository/732-abbot-grove-VR/Content/FancyApp/Menu/WBP_Help.uexp" 3449
"E:/Repository/732-abbot-grove-VR/Content/FancyApp/Menu/BP_Menu3d1.uasset" 3450
"E:/Repository/732-abbot-grove-VR/Content/FancyApp/Menu/BP_Menu3d1.uexp" 3451
"E:/Repository/732-abbot-grove-VR/Content/FancyApp/Menu/VR_MenuHover.ubulk" 3452
"E:/Repository/732-abbot-grove-VR/Content/FancyApp/Menu/VR_MenuHover.uasset" 3453
"E:/Repository/732-abbot-grove-VR/Content/FancyApp/Menu/VR_MenuHover.uexp" 3454
"E:/Repository/732-abbot-grove-VR/Content/FancyApp/Menu/VR_Menu.ubulk" 3455
"E:/Repository/732-abbot-grove-VR/Content/FancyApp/Menu/VR_Menu.uasset" 3456
"E:/Repository/732-abbot-grove-VR/Content/FancyApp/Menu/VR_Menu.uexp" 3457
"E:/Repository/732-abbot-grove-VR/Content/FancyApp/Menu/WBP_MainMenu_01.uasset" 3458
"E:/Repository/732-abbot-grove-VR/Content/FancyApp/Menu/WBP_MainMenu_01.uexp" 3459
"E:/Repository/732-abbot-grove-VR/Content/FancyApp/Menu/BP_Menu3d.uasset" 3460
"E:/Repository/732-abbot-grove-VR/Content/FancyApp/Menu/BP_Menu3d.uexp" 3461
"E:/Repository/732-abbot-grove-VR/Content/FancyApp/Maps/MainMenu_Level_BuiltData.uasset" 3462
"E:/Repository/732-abbot-grove-VR/Content/FancyApp/Maps/MainMenu_Level_BuiltData.uexp" 3463
"E:/Repository/732-abbot-grove-VR/Content/FancyApp/Maps/MainMenu_Level.uexp" 3464
"E:/Repository/732-abbot-grove-VR/Content/FancyApp/Maps/MainMenu_Level.umap" 3465
