"E:/Repository/732-abbot-grove-VR/AbbotGrove732.uproject" 1
"../../../Engine/Plugins/AudioGameplay/AudioGameplay.uplugin" 2
"../../../Engine/Plugins/AudioGameplayVolume/AudioGameplayVolume.uplugin" 3
"../../../Engine/Plugins/ChaosClothAsset/ChaosClothAsset.uplugin" 4
"../../../Engine/Plugins/AudioInsights/AudioInsights.uplugin" 5
"../../../Engine/Plugins/ChaosCloth/ChaosCloth.uplugin" 6
"../../../Engine/Plugins/BlueprintFileUtils/BlueprintFileUtils.uplugin" 7
"../../../Engine/Plugins/ChaosClothAssetEditor/ChaosClothAssetEditor.uplugin" 8
"../../../Engine/Plugins/CmdLinkServer/CmdLinkServer.uplugin" 9
"../../../Engine/Plugins/Chooser/Chooser.uplugin" 10
"../../../Engine/Plugins/ChaosVD/ChaosVD.uplugin" 11
"../../../Engine/Plugins/DiscoveryBeaconReceiver/DiscoveryBeaconReceiver.uplugin" 12
"../../../Engine/Plugins/ChaosInsights/ChaosInsights.uplugin" 13
"../../../Engine/Plugins/EnhancedInput/EnhancedInput.uplugin" 14
"../../../Engine/Plugins/FastBuildController/FastBuildController.uplugin" 15
"../../../Engine/Plugins/IoStoreInsights/IoStoreInsights.uplugin" 16
"../../../Engine/Plugins/JsonBlueprintUtilities/JsonBlueprintUtilities.uplugin" 17
"../../../Engine/Plugins/LightWeightInstancesEditor/LightWeightInstancesEditor.uplugin" 18
"../../../Engine/Plugins/MemoryUsageQueries/MemoryUsageQueries.uplugin" 19
"../../../Engine/Plugins/MassInsights/MassInsights.uplugin" 20
"../../../Engine/Plugins/Mutable/Mutable.uplugin" 21
"../../../Engine/Plugins/MeshPainting/MeshPainting.uplugin" 22
"../../../Engine/Plugins/PCG/PCG.uplugin" 23
"../../../Engine/Plugins/RenderGraphInsights/RenderGraphInsights.uplugin" 24
"../../../Engine/Plugins/ScriptPlugin/ScriptPlugin.uplugin" 25
"../../../Engine/Plugins/TraceUtilities/TraceUtilities.uplugin" 26
"../../../Engine/Plugins/UbaController/UbaController.uplugin" 27
"../../../Engine/Plugins/WorldMetrics/WorldMetrics.uplugin" 28
"../../../Engine/Plugins/XGEController/XGEController.uplugin" 29
"../../../Engine/Plugins/Enterprise/AxFImporter/AxFImporter.uplugin" 30
"../../../Engine/Plugins/Enterprise/DataprepEditor/DataprepEditor.uplugin" 31
"../../../Engine/Plugins/TextureGraph/TextureGraph.uplugin" 32
"../../../Engine/Plugins/Enterprise/DatasmithC4DImporter/DatasmithC4DImporter.uplugin" 33
"../../../Engine/Plugins/Enterprise/DatasmithCADImporter/DatasmithCADImporter.uplugin" 34
"../../../Engine/Plugins/Enterprise/DatasmithContent/DatasmithContent.uplugin" 35
"../../../Engine/Plugins/Enterprise/DatasmithFBXImporter/DatasmithFBXImporter.uplugin" 36
"../../../Engine/Plugins/Enterprise/DatasmithImporter/DatasmithImporter.uplugin" 37
"../../../Engine/Plugins/Enterprise/GLTFExporter/GLTFExporter.uplugin" 38
"../../../Engine/Plugins/Enterprise/LidarPointCloud/LidarPointCloud.uplugin" 39
"../../../Engine/Plugins/Enterprise/MDLImporter/MDLImporter.uplugin" 40
"../../../Engine/Plugins/Enterprise/VariantManager/VariantManager.uplugin" 41
"../../../Engine/Plugins/Enterprise/VariantManagerContent/VariantManagerContent.uplugin" 42
"../../../Engine/Plugins/FX/Cascade/Cascade.uplugin" 43
"../../../Engine/Plugins/FX/ExampleCustomDataInterface/ExampleCustomDataInterface.uplugin" 44
"../../../Engine/Plugins/FX/CascadeToNiagaraConverter/CascadeToNiagaraConverter.uplugin" 45
"../../../Engine/Plugins/FX/Niagara/Niagara.uplugin" 46
"../../../Engine/Plugins/FX/NiagaraMRQ/NiagaraMRQ.uplugin" 47
"../../../Engine/Plugins/FX/NiagaraFluids/NiagaraFluids.uplugin" 48
"../../../Engine/Plugins/Interchange/Assets/InterchangeAssets.uplugin" 49
"../../../Engine/Plugins/Interchange/Editor/InterchangeEditor.uplugin" 50
"../../../Engine/Plugins/Marketplace/MetaXR/OculusXR.uplugin" 51
"../../../Engine/Plugins/Media/AndroidCamera/AndroidCamera.uplugin" 52
"../../../Engine/Plugins/Media/AjaMedia/AjaMedia.uplugin" 53
"../../../Engine/Plugins/Media/AndroidMedia/AndroidMedia.uplugin" 54
"../../../Engine/Plugins/Interchange/Runtime/Interchange.uplugin" 55
"../../../Engine/Plugins/FX/NiagaraSimCaching/NiagaraSimCaching.uplugin" 56
"../../../Engine/Plugins/Media/AppleProResMedia/AppleProResMedia.uplugin" 57
"../../../Engine/Plugins/Media/AppleProResDecoderElectra/AppleProResDecoderElectra.uplugin" 58
"../../../Engine/Plugins/Media/AvfMedia/AvfMedia.uplugin" 59
"../../../Engine/Plugins/Media/D3D12VideoDecodersElectra/D3D12VideoDecodersElectra.uplugin" 60
"../../../Engine/Plugins/Media/AudioCaptureTimecodeProvider/AudioCaptureTimecodeProvider.uplugin" 61
"../../../Engine/Plugins/Media/AvidDNxHDDecoderElectra/AvidDNxHDDecoderElectra.uplugin" 62
"../../../Engine/Plugins/Media/ElectraCDM/ElectraCDM.uplugin" 63
"../../../Engine/Plugins/Media/AvidDNxMedia/AvidDNxMedia.uplugin" 64
"../../../Engine/Plugins/Media/ElectraCodecs/ElectraCodecs.uplugin" 65
"../../../Engine/Plugins/Media/BinkMedia/BinkMedia.uplugin" 66
"../../../Engine/Plugins/Media/ElectraPlayer/ElectraPlayer.uplugin" 67
"../../../Engine/Plugins/Media/ElectraSubtitles/ElectraSubtitles.uplugin" 68
"../../../Engine/Plugins/Media/ElectraUtil/ElectraUtil.uplugin" 69
"../../../Engine/Plugins/Media/BlackmagicMedia/BlackmagicMedia.uplugin" 70
"../../../Engine/Plugins/Media/FlacDecoderElectra/FlacDecoderElectra.uplugin" 71
"../../../Engine/Plugins/Media/HAPMedia/HAPMedia.uplugin" 72
"../../../Engine/Plugins/Media/HAPDecoderElectra/HAPDecoderElectra.uplugin" 73
"../../../Engine/Plugins/Media/HardwareEncoders/HardwareEncoders.uplugin" 74
"../../../Engine/Plugins/Media/ImgMedia/ImgMedia.uplugin" 75
"../../../Engine/Plugins/Media/LinearTimecode/LinearTimecode.uplugin" 76
"../../../Engine/Plugins/Media/MediaCompositing/MediaCompositing.uplugin" 77
"../../../Engine/Plugins/Media/MediaFrameworkUtilities/MediaFrameworkUtilities.uplugin" 78
"../../../Engine/Plugins/Media/MediaIOFramework/MediaIOFramework.uplugin" 79
"../../../Engine/Plugins/Media/MediaPlayerEditor/MediaPlayerEditor.uplugin" 80
"../../../Engine/Plugins/Media/MediaMovieStreamer/MediaMovieStreamer.uplugin" 81
"../../../Engine/Plugins/Media/MediaPlate/MediaPlate.uplugin" 82
"../../../Engine/Plugins/Media/MfMedia/MfMedia.uplugin" 83
"../../../Engine/Plugins/Media/NDIMedia/NDIMedia.uplugin" 84
"../../../Engine/Plugins/Media/OpusDecoderElectra/OpusDecoderElectra.uplugin" 85
"../../../Engine/Plugins/Media/PixelCapture/PixelCapture.uplugin" 86
"../../../Engine/Plugins/Media/PixelStreaming/PixelStreaming.uplugin" 87
"../../../Engine/Plugins/Media/PixelStreaming2/PixelStreaming2.uplugin" 88
"../../../Engine/Plugins/Media/TimecodeSynchronizer/TimecodeSynchronizer.uplugin" 89
"../../../Engine/Plugins/Media/VPxDecoderElectra/VPxDecoderElectra.uplugin" 90
"../../../Engine/Plugins/Media/WmfMedia/WmfMedia.uplugin" 91
"../../../Engine/Plugins/Media/WebMMedia/WebMMedia.uplugin" 92
"../../../Engine/Plugins/MetaHuman/MetaHumanAnimator/MetaHuman.uplugin" 93
"../../../Engine/Plugins/MetaHuman/MetaHumanCalibrationProcessing/MetaHumanCalibrationProcessing.uplugin" 94
"../../../Engine/Plugins/MetaHuman/MetaHumanCharacter/MetaHumanCharacter.uplugin" 95
"../../../Engine/Plugins/MetaHuman/MetaHumanCoreTechLib/MetaHumanCoreTech.uplugin" 96
"../../../Engine/Plugins/MetaHuman/MetaHumanLiveLink/MetaHumanLiveLink.uplugin" 97
"../../../Engine/Plugins/NNE/NNEDenoiser/NNEDenoiser.uplugin" 98
"../../../Engine/Plugins/NNE/NNERuntimeORT/NNERuntimeORT.uplugin" 99
"../../../Engine/Plugins/Performance/PerformanceMonitor/PerformanceMonitor.uplugin" 100
"../../../Engine/Plugins/Performance/AutomatedPerfTesting/AutomatedPerfTesting.uplugin" 101
"../../../Engine/Plugins/Tests/AutomationDriverTests/AutomationDriverTests.uplugin" 102
"../../../Engine/Plugins/Tests/CQTest/CQTest.uplugin" 103
"../../../Engine/Plugins/Tests/CQTestEnhancedInput/CQTestEnhancedInput.uplugin" 104
"../../../Engine/Plugins/Tests/FunctionalTestingEditor/FunctionalTestingEditor.uplugin" 105
"../../../Engine/Plugins/Tests/EditorTests/EditorTests.uplugin" 106
"../../../Engine/Plugins/Tests/RHITests/RHITests.uplugin" 107
"../../../Engine/Plugins/Tests/FbxAutomationTestBuilder/FbxAutomationTestBuilder.uplugin" 108
"../../../Engine/Plugins/Tests/PythonAutomationTest/PythonAutomationTest.uplugin" 109
"../../../Engine/Plugins/Tests/InterchangeTests/InterchangeTests.uplugin" 110
"../../../Engine/Plugins/Tests/RuntimeTests/RuntimeTests.uplugin" 111
"../../../Engine/Plugins/Tests/TestSamples/TestSamples.uplugin" 112
"../../../Engine/Plugins/Tests/WidgetAutomationTests/WidgetAutomationTests.uplugin" 113
"../../../Engine/Plugins/2D/Paper2D/Paper2D.uplugin" 114
"../../../Engine/Plugins/Tests/TestFramework/TestFramework.uplugin" 115
"../../../Engine/Plugins/AI/EnvironmentQueryEditor/EnvironmentQueryEditor.uplugin" 116
"../../../Engine/Plugins/AI/AISupport/AISupport.uplugin" 117
"../../../Engine/Plugins/AI/MassAI/MassAI.uplugin" 118
"../../../Engine/Plugins/AI/MLAdapter/MLAdapter.uplugin" 119
"../../../Engine/Plugins/AI/MassCrowd/MassCrowd.uplugin" 120
"../../../Engine/Plugins/Web/HttpBlueprint/HttpBlueprint.uplugin" 121
"../../../Engine/Plugins/Animation/ACLPlugin/ACLPlugin.uplugin" 122
"../../../Engine/Plugins/AI/HTNPlanner/HTNPlanner.uplugin" 123
"../../../Engine/Plugins/Animation/AnimatorKit/AnimatorKit.uplugin" 124
"../../../Engine/Plugins/Animation/BlendSpaceMotionAnalysis/BlendSpaceMotionAnalysis.uplugin" 125
"../../../Engine/Plugins/Animation/AnimationLocomotionLibrary/AnimationLocomotionLibrary.uplugin" 126
"../../../Engine/Plugins/MetaHuman/MetaHumanSDK/MetaHumanSDK.uplugin" 127
"../../../Engine/Plugins/Animation/BlendStack/BlendStack.uplugin" 128
"../../../Engine/Plugins/Animation/ControlRigModules/ControlRigModules.uplugin" 129
"../../../Engine/Plugins/Animation/ControlRig/ControlRig.uplugin" 130
"../../../Engine/Plugins/Animation/AnimationWarping/AnimationWarping.uplugin" 131
"../../../Engine/Plugins/Animation/DeformerGraph/DeformerGraph.uplugin" 132
"../../../Engine/Plugins/Animation/GameplayInsights/GameplayInsights.uplugin" 133
"../../../Engine/Plugins/Animation/AnimationModifierLibrary/AnimationModifierLibrary.uplugin" 134
"../../../Engine/Plugins/Animation/GeneSplicer/GeneSplicer.uplugin" 135
"../../../Engine/Plugins/Animation/AnimationData/AnimationData.uplugin" 136
"../../../Engine/Plugins/Animation/IKRig/IKRig.uplugin" 137
"../../../Engine/Plugins/Animation/DNACalib/DNACalib.uplugin" 138
"../../../Engine/Plugins/Animation/ControlRigSpline/ControlRigSpline.uplugin" 139
"../../../Engine/Plugins/Animation/LiveLink/LiveLink.uplugin" 140
"../../../Engine/Plugins/Animation/LiveLinkDevice/LiveLinkDevice.uplugin" 141
"../../../Engine/Plugins/Animation/LiveLinkHub/LiveLinkHub.uplugin" 142
"../../../Engine/Plugins/Animation/MotionWarping/MotionWarping.uplugin" 143
"../../../Engine/Plugins/Animation/PoseSearch/PoseSearch.uplugin" 144
"../../../Engine/Plugins/Animation/RigLogic/RigLogic.uplugin" 145
"../../../Engine/Plugins/Animation/LiveLinkExampleDevice/LiveLinkExampleDevice.uplugin" 146
"../../../Engine/Plugins/Animation/LiveLinkCurveDebugUI/LiveLinkCurveDebugUI.uplugin" 147
"../../../Engine/Plugins/Cameras/CameraShakePreviewer/CameraShakePreviewer.uplugin" 148
"../../../Engine/Plugins/Animation/PerformanceCaptureCore/PerformanceCaptureCore.uplugin" 149
"../../../Engine/Plugins/Animation/TweeningUtils/TweeningUtils.uplugin" 150
"../../../Engine/Plugins/Animation/SkeletalMeshModelingTools/SkeletalMeshModelingTools.uplugin" 151
"../../../Engine/Plugins/Cameras/EngineCameras/EngineCameras.uplugin" 152
"../../../Engine/Plugins/Cameras/GameplayCameras/GameplayCameras.uplugin" 153
"../../../Engine/Plugins/Compositing/Composure/Composure.uplugin" 154
"../../../Engine/Plugins/Compositing/LensDistortion/LensDistortion.uplugin" 155
"../../../Engine/Plugins/Compression/OodleNetwork/OodleNetwork.uplugin" 156
"../../../Engine/Plugins/Compositing/OpenColorIO/OpenColorIO.uplugin" 157
"../../../Engine/Plugins/Compositing/OpenCVLensDistortion/OpenCVLensDistortion.uplugin" 158
"../../../Engine/Plugins/Developer/AnimationSharing/AnimationSharing.uplugin" 159
"../../../Engine/Plugins/Developer/BlankPlugin/BlankPlugin.uplugin" 160
"../../../Engine/Plugins/Developer/CLionSourceCodeAccess/CLionSourceCodeAccess.uplugin" 161
"../../../Engine/Plugins/Developer/CodeLiteSourceCodeAccess/CodeLiteSourceCodeAccess.uplugin" 162
"../../../Engine/Plugins/Developer/DirectoryPlaceholder/DirectoryPlaceholder.uplugin" 163
"../../../Engine/Plugins/Developer/FieldNotificationTrace/FieldNotificationTrace.uplugin" 164
"../../../Engine/Plugins/Developer/DumpGPUServices/DumpGPUServices.uplugin" 165
"../../../Engine/Plugins/Developer/GitSourceControl/GitSourceControl.uplugin" 166
"../../../Engine/Plugins/Developer/KDevelopSourceCodeAccess/KDevelopSourceCodeAccess.uplugin" 167
"../../../Engine/Plugins/Developer/N10XSourceCodeAccess/N10XSourceCodeAccess.uplugin" 168
"../../../Engine/Plugins/Developer/NamingTokens/NamingTokens.uplugin" 169
"../../../Engine/Plugins/Developer/NullSourceCodeAccess/NullSourceCodeAccess.uplugin" 170
"../../../Engine/Plugins/Developer/OneSkyLocalizationService/OneSkyLocalizationService.uplugin" 171
"../../../Engine/Plugins/Developer/PerforceSourceControl/PerforceSourceControl.uplugin" 172
"../../../Engine/Plugins/Developer/PixWinPlugin/PixWinPlugin.uplugin" 173
"../../../Engine/Plugins/Developer/ProjectLauncher/ProjectLauncher.uplugin" 174
"../../../Engine/Plugins/Developer/PlasticSourceControl/PlasticSourceControl.uplugin" 175
"../../../Engine/Plugins/Developer/PropertyAccessNode/PropertyAccessNode.uplugin" 176
"../../../Engine/Plugins/Developer/PluginUtils/PluginUtils.uplugin" 177
"../../../Engine/Plugins/Developer/RenderDocPlugin/RenderDocPlugin.uplugin" 178
"../../../Engine/Plugins/Developer/RiderSourceCodeAccess/RiderSourceCodeAccess.uplugin" 179
"../../../Engine/Plugins/Developer/SubversionSourceControl/SubversionSourceControl.uplugin" 180
"../../../Engine/Plugins/Developer/TraceSourceFiltering/TraceSourceFilters.uplugin" 181
"../../../Engine/Plugins/Developer/UObjectPlugin/UObjectPlugin.uplugin" 182
"../../../Engine/Plugins/Developer/TextureFormatOodle/TextureFormatOodle.uplugin" 183
"../../../Engine/Plugins/Developer/TraceDataFiltering/TraceDataFilters.uplugin" 184
"../../../Engine/Plugins/Developer/VisualStudioSourceCodeAccess/VisualStudioSourceCodeAccess.uplugin" 185
"../../../Engine/Plugins/Developer/XcodeGPUDebuggerPlugin/XcodeGPUDebuggerPlugin.uplugin" 186
"../../../Engine/Plugins/Developer/XCodeSourceCodeAccess/XCodeSourceCodeAccess.uplugin" 187
"../../../Engine/Plugins/Editor/AssetManagerEditor/AssetManagerEditor.uplugin" 188
"../../../Engine/Plugins/Developer/VisualStudioCodeSourceCodeAccess/VisualStudioCodeSourceCodeAccess.uplugin" 189
"../../../Engine/Plugins/Editor/AssetReferenceRestrictions/AssetReferenceRestrictions.uplugin" 190
"../../../Engine/Plugins/Editor/AssetRegistryExport/AssetRegistryExport.uplugin" 191
"../../../Engine/Plugins/Editor/AssetSearch/AssetSearch.uplugin" 192
"../../../Engine/Plugins/Editor/BlueprintMaterialTextureNodes/BlueprintMaterialTextureNodes.uplugin" 193
"../../../Engine/Plugins/Editor/ColorGrading/ColorGrading.uplugin" 194
"../../../Engine/Plugins/Editor/ChangelistReview/ChangelistReview.uplugin" 195
"../../../Engine/Plugins/Editor/ConsoleVariablesEditor/ConsoleVariables.uplugin" 196
"../../../Engine/Plugins/Editor/BlueprintHeaderView/BlueprintHeaderView.uplugin" 197
"../../../Engine/Plugins/Editor/CryptoKeys/CryptoKeys.uplugin" 198
"../../../Engine/Plugins/Editor/DataValidation/DataValidation.uplugin" 199
"../../../Engine/Plugins/Editor/CurveEditorTools/CurveEditorTools.uplugin" 200
"../../../Engine/Plugins/Editor/DisplayClusterLaunch/DisplayClusterLaunch.uplugin" 201
"../../../Engine/Plugins/Editor/EditorSysConfigAssistant/EditorSysConfigAssistant.uplugin" 202
"../../../Engine/Plugins/Editor/EngineAssetDefinitions/EngineAssetDefinitions.uplugin" 203
"../../../Engine/Plugins/Editor/EditorScriptingUtilities/EditorScriptingUtilities.uplugin" 204
"../../../Engine/Plugins/Editor/GameplayTagsEditor/GameplayTagsEditor.uplugin" 205
"../../../Engine/Plugins/Editor/EditorDebugTools/EditorDebugTools.uplugin" 206
"../../../Engine/Plugins/Editor/FacialAnimation/FacialAnimation.uplugin" 207
"../../../Engine/Plugins/Editor/MacGraphicsSwitching/MacGraphicsSwitching.uplugin" 208
"../../../Engine/Plugins/Editor/LiveUpdateForSlate/LiveUpdateForSlate.uplugin" 209
"../../../Engine/Plugins/Editor/GeometryMode/GeometryMode.uplugin" 210
"../../../Engine/Plugins/Editor/GuidedTutorials/GuidedTutorials.uplugin" 211
"../../../Engine/Plugins/Editor/MaterialAnalyzer/MaterialAnalyzer.uplugin" 212
"../../../Engine/Plugins/Editor/MobileLauncherProfileWizard/MobileLauncherProfileWizard.uplugin" 213
"../../../Engine/Plugins/Editor/SequencerAnimTools/SequencerAnimTools.uplugin" 214
"../../../Engine/Plugins/Editor/MeshLODToolset/MeshLODToolset.uplugin" 215
"../../../Engine/Plugins/Editor/MakeCookedEditorAsDLC/MakeCookedEditorAsDLC.uplugin" 216
"../../../Engine/Plugins/Editor/ModelViewViewModelPreview/ModelViewViewModelPreview.uplugin" 217
"../../../Engine/Plugins/Editor/SampleToolsEditorMode/SampleToolsEditorMode.uplugin" 218
"../../../Engine/Plugins/Editor/PluginBrowser/PluginBrowser.uplugin" 219
"../../../Engine/Plugins/Editor/ProxyLODPlugin/ProxyLODPlugin.uplugin" 220
"../../../Engine/Plugins/Editor/ModelingToolsEditorMode/ModelingToolsEditorMode.uplugin" 221
"../../../Engine/Plugins/Editor/StaticMeshEditorModeling/StaticMeshEditorModeling.uplugin" 222
"../../../Engine/Plugins/Editor/ScriptableToolsEditorMode/ScriptableToolsEditorMode.uplugin" 223
"../../../Engine/Plugins/Editor/StylusInput/StylusInput.uplugin" 224
"../../../Engine/Plugins/Editor/UMGWidgetPreview/UMGWidgetPreview.uplugin" 225
"../../../Engine/Plugins/Editor/WaveformEditor/WaveformEditor.uplugin" 226
"../../../Engine/Plugins/Editor/UVEditor/UVEditor.uplugin" 227
"../../../Engine/Plugins/Editor/WorldPartitionHLODUtilities/WorldPartitionHLODUtilities.uplugin" 228
"../../../Engine/Plugins/Experimental/AbilitySystemGameFeatureActions/AbilitySystemGameFeatureActions.uplugin" 229
"../../../Engine/Plugins/Experimental/ActorPalette/ActorPalette.uplugin" 230
"../../../Engine/Plugins/Experimental/AdvancedRenamer/AdvancedRenamer.uplugin" 231
"../../../Engine/Plugins/Experimental/AnimNext/AnimNext.uplugin" 232
"../../../Engine/Plugins/Experimental/AnimNextChooser/AnimNextChooser.uplugin" 233
"../../../Engine/Plugins/Experimental/AnimNextAnimGraph/AnimNextAnimGraph.uplugin" 234
"../../../Engine/Plugins/Experimental/AnimNextControlRig/AnimNextControlRig.uplugin" 235
"../../../Engine/Plugins/Experimental/AnimNextPoseSearch/AnimNextPoseSearch.uplugin" 236
"../../../Engine/Plugins/Experimental/AnimNextStateTree/AnimNextStateTree.uplugin" 237
"../../../Engine/Plugins/Experimental/AnimNextWarping/AnimNextWarping.uplugin" 238
"../../../Engine/Plugins/Experimental/AnimToTexture/AnimToTexture.uplugin" 239
"../../../Engine/Plugins/Experimental/AsyncMessageSystem/AsyncMessageSystem.uplugin" 240
"../../../Engine/Plugins/Experimental/AsyncMessageSystemTests/AsyncMessageSystemTests.uplugin" 241
"../../../Engine/Plugins/Experimental/AutomationUtils/AutomationUtils.uplugin" 242
"../../../Engine/Plugins/Experimental/BlueprintSnapNodes/BlueprintSnapNodes.uplugin" 243
"../../../Engine/Plugins/Experimental/AvalancheDataLink/AvalancheDataLink.uplugin" 244
"../../../Engine/Plugins/Experimental/BackChannel/BackChannel.uplugin" 245
"../../../Engine/Plugins/Experimental/AvalancheDisplayCluster/AvalancheDisplayCluster.uplugin" 246
"../../../Engine/Plugins/Experimental/BlueprintStats/BlueprintStats.uplugin" 247
"../../../Engine/Plugins/Experimental/Buoyancy/Buoyancy.uplugin" 248
"../../../Engine/Plugins/Experimental/CelestialVault/CelestialVault.uplugin" 249
"../../../Engine/Plugins/Experimental/ChaosCaching/ChaosCaching.uplugin" 250
"../../../Engine/Plugins/Experimental/AvalancheSceneState/AvalancheSceneState.uplugin" 251
"../../../Engine/Plugins/Editor/SpeedTreeImporter/SpeedTreeImporter.uplugin" 252
"../../../Engine/Plugins/Experimental/ChaosEditor/ChaosEditor.uplugin" 253
"../../../Engine/Plugins/Experimental/AvalancheSequenceNavigator/AvalancheSequenceNavigator.uplugin" 254
"../../../Engine/Plugins/Experimental/ChaosFlesh/ChaosFlesh.uplugin" 255
"../../../Engine/Plugins/Experimental/ChaosMover/ChaosMover.uplugin" 256
"../../../Engine/Plugins/Experimental/ChaosModularVehicle/ChaosModularVehicle.uplugin" 257
"../../../Engine/Plugins/Experimental/ChaosModularVehicleExamples/ChaosModularVehicleExamples.uplugin" 258
"../../../Engine/Plugins/Experimental/ChaosOutfitAsset/ChaosOutfitAsset.uplugin" 259
"../../../Engine/Plugins/Experimental/ChaosSolverPlugin/ChaosSolverPlugin.uplugin" 260
"../../../Engine/Plugins/Experimental/ChaosUserDataPT/ChaosUserDataPT.uplugin" 261
"../../../Engine/Plugins/Experimental/ChaosVehiclesPlugin/ChaosVehiclesPlugin.uplugin" 262
"../../../Engine/Plugins/Experimental/CharacterAI/CharacterAI.uplugin" 263
"../../../Engine/Plugins/Experimental/CineCameraRigs/CineCameraRigs.uplugin" 264
"../../../Engine/Plugins/Experimental/CineCameraSceneCapture/CineCameraSceneCapture.uplugin" 265
"../../../Engine/Plugins/Experimental/CodeEditor/CodeEditor.uplugin" 266
"../../../Engine/Plugins/Experimental/CinematicPrestreaming/CinematicPrestreaming.uplugin" 267
"../../../Engine/Plugins/Experimental/CodeView/CodeView.uplugin" 268
"../../../Engine/Plugins/Experimental/ColorCorrectRegions/ColorCorrectRegions.uplugin" 269
"../../../Engine/Plugins/Experimental/CommonConversation/CommonConversation.uplugin" 270
"../../../Engine/Plugins/Experimental/ControlFlows/ControlFlows.uplugin" 271
"../../../Engine/Plugins/Experimental/Dataflow/Dataflow.uplugin" 272
"../../../Engine/Plugins/Experimental/DataLinkOAuth/DataLinkOAuth.uplugin" 273
"../../../Engine/Plugins/Experimental/DaySequence/DaySequence.uplugin" 274
"../../../Engine/Plugins/Experimental/DataLink/DataLink.uplugin" 275
"../../../Engine/Plugins/Experimental/DefaultInstallBundleManager/DefaultInstallBundleManager.uplugin" 276
"../../../Engine/Plugins/Experimental/DynamicMaterialMediaStreamBridge/DynamicMaterialMediaStreamBridge.uplugin" 277
"../../../Engine/Plugins/Experimental/EditorDataStorageFeatures/EditorDataStorageFeatures.uplugin" 278
"../../../Engine/Plugins/Experimental/EditorDataStorage/EditorDataStorage.uplugin" 279
"../../../Engine/Plugins/Experimental/EditorTelemetry/EditorTelemetry.uplugin" 280
"../../../Engine/Plugins/Experimental/EditorPerformance/EditorPerformance.uplugin" 281
"../../../Engine/Plugins/Experimental/EvaluationNotifies/EvaluationNotifies.uplugin" 282
"../../../Engine/Plugins/Experimental/FastGeoStreaming/FastGeoStreaming.uplugin" 283
"../../../Engine/Plugins/Experimental/FloatingProperties/FloatingProperties.uplugin" 284
"../../../Engine/Plugins/Experimental/FieldSystemPlugin/FieldSystemPlugin.uplugin" 285
"../../../Engine/Plugins/Experimental/Fracture/Fracture.uplugin" 286
"../../../Engine/Plugins/Experimental/FullBodyIK/FullBodyIK.uplugin" 287
"../../../Engine/Plugins/Experimental/GameInputWindows/GameInputWindows.uplugin" 288
"../../../Engine/Plugins/Experimental/GameplayBehaviors/GameplayBehaviors.uplugin" 289
"../../../Engine/Plugins/Experimental/GameplayGraph/GameplayGraph.uplugin" 290
"../../../Engine/Plugins/Experimental/Gauntlet/Gauntlet.uplugin" 291
"../../../Engine/Plugins/Experimental/GameplayTargetingSystem/TargetingSystem.uplugin" 292
"../../../Engine/Plugins/Experimental/GeometryCacheAbcFile/GeometryCacheAbcFile.uplugin" 293
"../../../Engine/Plugins/Experimental/GeometryCacheLevelSequenceBaker/GeometryCacheLevelSequenceBaker.uplugin" 294
"../../../Engine/Plugins/Experimental/GeometryDataflow/GeometryDataflow.uplugin" 295
"../../../Engine/Plugins/Experimental/ChaosCachingUSD/ChaosCachingUSD.uplugin" 296
"../../../Engine/Plugins/Experimental/ChaosClothEditor/ChaosClothEditor.uplugin" 297
"../../../Engine/Plugins/Experimental/GeometryCollectionPlugin/GeometryCollectionPlugin.uplugin" 298
"../../../Engine/Plugins/Experimental/GeometryFlow/GeometryFlow.uplugin" 299
"../../../Engine/Plugins/Experimental/GizmoEdMode/GizmoEdMode.uplugin" 300
"../../../Engine/Plugins/Experimental/GPULightmass/GPULightmass.uplugin" 301
"../../../Engine/Plugins/Experimental/HairCardGenerator/HairCardGenerator.uplugin" 302
"../../../Engine/Plugins/Experimental/HairStrandsMutable/HairStrandsMutable.uplugin" 303
"../../../Engine/Plugins/Experimental/ImagePlate/ImagePlate.uplugin" 304
"../../../Engine/Plugins/Experimental/ImageWidgets/ImageWidgets.uplugin" 305
"../../../Engine/Plugins/Experimental/HairModelingToolset/HairModelingToolset.uplugin" 306
"../../../Engine/Plugins/Experimental/InlineMaterialInstance/InlineMaterialInstance.uplugin" 307
"../../../Engine/Plugins/Experimental/ImpostorBaker/ImpostorBaker.uplugin" 308
"../../../Engine/Plugins/Experimental/ChaosNiagara/ChaosNiagara.uplugin" 309
"../../../Engine/Plugins/Experimental/GizmoFramework/GizmoFramework.uplugin" 310
"../../../Engine/Plugins/Experimental/InstanceDataObjectFixupTool/InstanceDataObjectFixupTool.uplugin" 311
"../../../Engine/Plugins/Experimental/Iris/Iris.uplugin" 312
"../../../Engine/Plugins/Experimental/Landmass/Landmass.uplugin" 313
"../../../Engine/Plugins/Experimental/JWT/JWT.uplugin" 314
"../../../Engine/Plugins/Experimental/LearningAgents/LearningAgents.uplugin" 315
"../../../Engine/Plugins/Experimental/LandscapePatch/LandscapePatch.uplugin" 316
"../../../Engine/Plugins/Experimental/LevelSequenceNavigatorBridge/LevelSequenceNavigatorBridge.uplugin" 317
"../../../Engine/Plugins/Experimental/LiveLinkFaceImporter/LiveLinkFaceImporter.uplugin" 318
"../../../Engine/Plugins/Experimental/LiveLinkControlRig/LiveLinkControlRig.uplugin" 319
"../../../Engine/Plugins/Experimental/LocalizableMessage/LocalizableMessage.uplugin" 320
"../../../Engine/Plugins/Experimental/LiveLinkOpenVR/LiveLinkOpenVR.uplugin" 321
"../../../Engine/Plugins/Experimental/MediaStream/MediaStream.uplugin" 322
"../../../Engine/Plugins/Experimental/LowLevelNetTrace/LowLevelNetTrace.uplugin" 323
"../../../Engine/Plugins/Experimental/MediaViewer/MediaViewer.uplugin" 324
"../../../Engine/Plugins/Experimental/MeshModelingToolsetExp/MeshModelingToolsetExp.uplugin" 325
"../../../Engine/Plugins/Experimental/MeshResizing/MeshResizing.uplugin" 326
"../../../Engine/Plugins/Experimental/MotorSimOutputMotoSynth/MotorSimOutputMotoSynth.uplugin" 327
"../../../Engine/Plugins/Experimental/MLflow/MLflow.uplugin" 328
"../../../Engine/Plugins/Experimental/Mover/Mover.uplugin" 329
"../../../Engine/Plugins/Experimental/MotoSynth/MotoSynth.uplugin" 330
"../../../Engine/Plugins/Experimental/MetasoundExperimental/MetasoundExperimental.uplugin" 331
"../../../Engine/Plugins/Experimental/MoverAnimNext/MoverAnimNext.uplugin" 332
"../../../Engine/Plugins/Experimental/MoverIntegrations/MoverIntegrations.uplugin" 333
"../../../Engine/Plugins/Experimental/MoverExamples/MoverExamples.uplugin" 334
"../../../Engine/Plugins/Experimental/InteractionInterface/InteractionInterface.uplugin" 335
"../../../Engine/Plugins/Experimental/NaniteDisplacedMesh/NaniteDisplacedMesh.uplugin" 336
"../../../Engine/Plugins/Experimental/MoverTests/MoverTests.uplugin" 337
"../../../Engine/Plugins/Experimental/MovieScenePoseSearchTracks/MovieScenePoseSearchTracks.uplugin" 338
"../../../Engine/Plugins/Experimental/NFORDenoise/NFORDenoise.uplugin" 339
"../../../Engine/Plugins/Experimental/MutablePopulation/MutablePopulation.uplugin" 340
"../../../Engine/Plugins/Experimental/MovieSceneAnimMixer/MovieSceneAnimMixer.uplugin" 341
"../../../Engine/Plugins/Experimental/NeuralRendering/NeuralRendering.uplugin" 342
"../../../Engine/Plugins/Experimental/NNERuntimeCoreML/NNERuntimeCoreML.uplugin" 343
"../../../Engine/Plugins/Experimental/NNERuntimeIREE/NNERuntimeIREE.uplugin" 344
"../../../Engine/Plugins/Experimental/NNERuntimeBasicCpu/NNERuntimeBasicCpu.uplugin" 345
"../../../Engine/Plugins/Experimental/PCGBiomeSample/PCGBiomeSample.uplugin" 346
"../../../Engine/Plugins/Experimental/MutableClothing/MutableClothing.uplugin" 347
"../../../Engine/Plugins/Experimental/PhysicsControl/PhysicsControl.uplugin" 348
"../../../Engine/Plugins/Experimental/OptiXDenoise/OptiXDenoise.uplugin" 349
"../../../Engine/Plugins/Experimental/PixelStreamingPlayer/PixelStreamingPlayer.uplugin" 350
"../../../Engine/Plugins/Experimental/NNERuntimeRDG/NNERuntimeRDG.uplugin" 351
"../../../Engine/Plugins/Experimental/PlainProps/PlainProps.uplugin" 352
"../../../Engine/Plugins/Experimental/PanoramicCapture/PanoramicCapture.uplugin" 353
"../../../Engine/Plugins/Experimental/PCGBiomeCore/PCGBiomeCore.uplugin" 354
"../../../Engine/Plugins/Experimental/OpenImageDenoise/OpenImageDenoise.uplugin" 355
"../../../Engine/Plugins/Experimental/PlainPropsUObject/PlainPropsUObject.uplugin" 356
"../../../Engine/Plugins/Experimental/PlanarCutPlugin/PlanarCut.uplugin" 357
"../../../Engine/Plugins/Experimental/PluginAudit/PluginAudit.uplugin" 358
"../../../Engine/Plugins/Experimental/PlatformCrypto/PlatformCrypto.uplugin" 359
"../../../Engine/Plugins/Experimental/PluginReferenceViewer/PluginReferenceViewer.uplugin" 360
"../../../Engine/Plugins/Experimental/PluginTemplateTool/PluginTemplateTool.uplugin" 361
"../../../Engine/Plugins/Experimental/PostProcessMaterialChainGraph/PostProcessMaterialChainGraph.uplugin" 362
"../../../Engine/Plugins/Experimental/PSDImporterMaterialDesignerBridge/PSDImporterMaterialDesignerBridge.uplugin" 363
"../../../Engine/Plugins/Experimental/PythonFoundationPackages/PythonFoundationPackages.uplugin" 364
"../../../Engine/Plugins/Experimental/PSDImporter/PSDImporter.uplugin" 365
"../../../Engine/Plugins/Experimental/PythonScriptPlugin/PythonScriptPlugin.uplugin" 366
"../../../Engine/Plugins/Experimental/QuicMessaging/QuicMessaging.uplugin" 367
"../../../Engine/Plugins/Experimental/RawInput/RawInput.uplugin" 368
"../../../Engine/Plugins/Experimental/RemoteControlComponents/RemoteControlComponents.uplugin" 369
"../../../Engine/Plugins/Experimental/RenderGrid/RenderGrid.uplugin" 370
"../../../Engine/Plugins/Experimental/RemoteSession/RemoteSession.uplugin" 371
"../../../Engine/Plugins/Experimental/RigLogicAnimNext/RigLogicAnimNext.uplugin" 372
"../../../Engine/Plugins/Experimental/RigLogicMutable/RigLogicMutable.uplugin" 373
"../../../Engine/Plugins/Experimental/RuntimeTelemetry/RuntimeTelemetry.uplugin" 374
"../../../Engine/Plugins/Experimental/SceneState/SceneState.uplugin" 375
"../../../Engine/Plugins/Experimental/ScreenReader/ScreenReader.uplugin" 376
"../../../Engine/Plugins/Experimental/SequenceNavigator/SequenceNavigator.uplugin" 377
"../../../Engine/Plugins/Experimental/SerializationUtils/SerializationUtils.uplugin" 378
"../../../Engine/Plugins/Experimental/Shotgrid/Shotgrid.uplugin" 379
"../../../Engine/Plugins/Experimental/SecuritySandbox/SecuritySandbox.uplugin" 380
"../../../Engine/Plugins/Experimental/SimpleHMD/SimpleHMD.uplugin" 381
"../../../Engine/Plugins/Experimental/SkeletalReduction/SkeletalReduction.uplugin" 382
"../../../Engine/Plugins/Experimental/SlateModelViewViewModel/SlateModelViewViewModel.uplugin" 383
"../../../Engine/Plugins/Experimental/SlateIM/SlateIM.uplugin" 384
"../../../Engine/Plugins/Experimental/SlateScreenReader/SlateScreenReader.uplugin" 385
"../../../Engine/Plugins/Experimental/SpatialReadiness/SpatialReadiness.uplugin" 386
"../../../Engine/Plugins/Experimental/StructUtils/StructUtils.uplugin" 387
"../../../Engine/Plugins/Experimental/StateGraph/StateGraph.uplugin" 388
"../../../Engine/Plugins/Experimental/SubtitlesAndClosedCaptions/SubtitlesAndClosedCaptions.uplugin" 389
"../../../Engine/Plugins/Experimental/SurfaceEffects/SurfaceEffects.uplugin" 390
"../../../Engine/Plugins/Experimental/SVGImporter/SVGImporter.uplugin" 391
"../../../Engine/Plugins/Experimental/SubmitToolEditor/SubmitToolEditor.uplugin" 392
"../../../Engine/Plugins/Experimental/Tensorboard/Tensorboard.uplugin" 393
"../../../Engine/Plugins/Experimental/TetMeshing/TetMeshing.uplugin" 394
"../../../Engine/Plugins/Experimental/Text3D/Text3D.uplugin" 395
"../../../Engine/Plugins/Experimental/RazerChromaDevices/RazerChromaDevices.uplugin" 396
"../../../Engine/Plugins/Experimental/TechAudioTools/TechAudioTools.uplugin" 397
"../../../Engine/Plugins/Experimental/TargetDeviceServicesScripting/TargetDeviceServicesScripting.uplugin" 398
"../../../Engine/Plugins/Experimental/UIFramework/UIFramework.uplugin" 399
"../../../Engine/Plugins/Experimental/TextureMediaPlayer/TextureMediaPlayer.uplugin" 400
"../../../Engine/Plugins/Experimental/ToolPresets/ToolPresets.uplugin" 401
"../../../Engine/Plugins/Experimental/UserToolBoxBasicCommand/UserToolBoxBasicCommand.uplugin" 402
"../../../Engine/Plugins/Experimental/UserToolBoxCore/UserToolBoxCore.uplugin" 403
"../../../Engine/Plugins/Experimental/Volumetrics/Volumetrics.uplugin" 404
"../../../Engine/Plugins/Experimental/VirtualHeightfieldMesh/VirtualHeightfieldMesh.uplugin" 405
"../../../Engine/Plugins/Experimental/VirtualProductionUtilities/VirtualProductionUtilities.uplugin" 406
"../../../Engine/Plugins/Experimental/WaterExtras/WaterExtras.uplugin" 407
"../../../Engine/Plugins/Experimental/WaterAdvanced/WaterAdvanced.uplugin" 408
"../../../Engine/Plugins/Experimental/Water/Water.uplugin" 409
"../../../Engine/Plugins/Experimental/XRCreativeFramework/XRCreativeFramework.uplugin" 410
"../../../Engine/Plugins/Experimental/WaveFunctionCollapse/WaveFunctionCollapse.uplugin" 411
"../../../Engine/Plugins/Experimental/WebSocketMessaging/WebSocketMessaging.uplugin" 412
"../../../Engine/Plugins/Experimental/TextToSpeech/TextToSpeech.uplugin" 413
"../../../Engine/Plugins/Experimental/WebSocketNetworking/WebSocketNetworking.uplugin" 414
"../../../Engine/Plugins/Importers/USDMultiUser/USDMultiUser.uplugin" 415
"../../../Engine/Plugins/Experimental/Workspace/Workspace.uplugin" 416
"../../../Engine/Plugins/Importers/USDImporterMDL/USDImporterMDL.uplugin" 417
"../../../Engine/Plugins/Messaging/MessagingDebugger/MessagingDebugger.uplugin" 418
"../../../Engine/Plugins/Messaging/UdpMessaging/UdpMessaging.uplugin" 419
"../../../Engine/Plugins/Experimental/WidgetEditorToolPalette/WidgetEditorToolPalette.uplugin" 420
"../../../Engine/Plugins/MovieScene/ActorSequence/ActorSequence.uplugin" 421
"../../../Engine/Plugins/MovieScene/CustomizableSequencerTracks/CustomizableSequencerTracks.uplugin" 422
"../../../Engine/Plugins/MovieScene/LevelSequenceEditor/LevelSequenceEditor.uplugin" 423
"../../../Engine/Plugins/MovieScene/MovieRenderPipeline/MovieRenderPipeline.uplugin" 424
"../../../Engine/Plugins/MovieScene/MoviePipelineMaskRenderPass/MoviePipelineMaskRenderPass.uplugin" 425
"../../../Engine/Plugins/MovieScene/MovieSceneTextTrack/MovieSceneTextTrack.uplugin" 426
"../../../Engine/Plugins/MovieScene/ReplayTracks/ReplayTracks.uplugin" 427
"../../../Engine/Plugins/MovieScene/SequencerScripting/SequencerScripting.uplugin" 428
"../../../Engine/Plugins/Online/EOSShared/EOSShared.uplugin" 429
"../../../Engine/Plugins/NetcodeUnitTest/NetcodeUnitTest/NetcodeUnitTest.uplugin" 430
"../../../Engine/Plugins/MovieScene/TemplateSequence/TemplateSequence.uplugin" 431
"../../../Engine/Plugins/NetcodeUnitTest/NUTUnrealEngine/NUTUnrealEngine.uplugin" 432
"../../../Engine/Plugins/Messaging/TcpMessaging/TcpMessaging.uplugin" 433
"../../../Engine/Plugins/Importers/AlembicHairImporter/AlembicHairImporter.uplugin" 434
"../../../Engine/Plugins/Online/OnlineBase/OnlineBase.uplugin" 435
"../../../Engine/Plugins/Importers/USDImporter/USDImporter.uplugin" 436
"../../../Engine/Plugins/Online/EOSOverlayInputProvider/EOSOverlayInputProvider.uplugin" 437
"../../../Engine/Plugins/Online/OnlineFramework/OnlineFramework.uplugin" 438
"../../../Engine/Plugins/Online/OnlineServicesEOSGS/OnlineServicesEOSGS.uplugin" 439
"../../../Engine/Plugins/Online/OnlineServices/OnlineServices.uplugin" 440
"../../../Engine/Plugins/Online/OnlineServicesEpicCommon/OnlineServicesEpicCommon.uplugin" 441
"../../../Engine/Plugins/Online/OnlineServicesOSSAdapter/OnlineServicesOSSAdapter.uplugin" 442
"../../../Engine/Plugins/Online/OnlineSubsystem/OnlineSubsystem.uplugin" 443
"../../../Engine/Plugins/Online/OnlineSubsystemApple/OnlineSubsystemApple.uplugin" 444
"../../../Engine/Plugins/Online/OnlineSubsystemAmazon/OnlineSubsystemAmazon.uplugin" 445
"../../../Engine/Plugins/Online/OnlineServicesNull/OnlineServicesNull.uplugin" 446
"../../../Engine/Plugins/Online/OnlineSubsystemFacebook/OnlineSubsystemFacebook.uplugin" 447
"../../../Engine/Plugins/Online/OnlineSubsystemGoogle/OnlineSubsystemGoogle.uplugin" 448
"../../../Engine/Plugins/Online/OnlineSubsystemEOS/OnlineSubsystemEOS.uplugin" 449
"../../../Engine/Plugins/Online/OnlineSubsystemNull/OnlineSubsystemNull.uplugin" 450
"../../../Engine/Plugins/Online/OnlineSubsystemSteam/OnlineSubsystemSteam.uplugin" 451
"../../../Engine/Plugins/Online/SocketSubsystemEOS/SocketSubsystemEOS.uplugin" 452
"../../../Engine/Plugins/Online/OnlineSubsystemUtils/OnlineSubsystemUtils.uplugin" 453
"../../../Engine/Plugins/Online/WebAuth/WebAuth.uplugin" 454
"../../../Engine/Plugins/Online/SocketSubsystemSteamIP/SocketSubsystemSteamIP.uplugin" 455
"../../../Engine/Plugins/Portal/LauncherChunkInstaller/LauncherChunkInstaller.uplugin" 456
"../../../Engine/Plugins/PCGInterops/PCGExternalDataInterop/PCGExternalDataInterop.uplugin" 457
"../../../Engine/Plugins/PCGInterops/PCGGeometryScriptInterop/PCGGeometryScriptInterop.uplugin" 458
"../../../Engine/Plugins/Protocols/MQTT/MQTT.uplugin" 459
"../../../Engine/Plugins/Runtime/ActorLayerUtilities/ActorLayerUtilities.uplugin" 460
"../../../Engine/Plugins/Runtime/ADM/ADM.uplugin" 461
"../../../Engine/Plugins/Runtime/AndroidPermission/AndroidPermission.uplugin" 462
"../../../Engine/Plugins/Runtime/AndroidMoviePlayer/AndroidMoviePlayer.uplugin" 463
"../../../Engine/Plugins/Runtime/AnimationBudgetAllocator/AnimationBudgetAllocator.uplugin" 464
"../../../Engine/Plugins/Runtime/ApexDestruction/ApexDestruction.uplugin" 465
"../../../Engine/Plugins/Runtime/AppleImageUtils/AppleImageUtils.uplugin" 466
"../../../Engine/Plugins/Runtime/AppleMoviePlayer/AppleMoviePlayer.uplugin" 467
"../../../Engine/Plugins/Runtime/AndroidFileServer/AndroidFileServer.uplugin" 468
"../../../Engine/Plugins/Runtime/ArchVisCharacter/ArchVisCharacter.uplugin" 469
"../../../Engine/Plugins/Runtime/AssetTags/AssetTags.uplugin" 470
"../../../Engine/Plugins/Online/OnlineSubsystemTencent/OnlineSubsystemTencent.uplugin" 471
"../../../Engine/Plugins/Runtime/AudioCapture/AudioCapture.uplugin" 472
"../../../Engine/Plugins/Online/OnlineServicesEOS/OnlineServicesEOS.uplugin" 473
"../../../Engine/Plugins/Runtime/AndroidDeviceProfileSelector/AndroidDeviceProfileSelector.uplugin" 474
"../../../Engine/Plugins/Runtime/AudioSynesthesia/AudioSynesthesia.uplugin" 475
"../../../Engine/Plugins/Runtime/AudioWidgets/AudioWidgets.uplugin" 476
"../../../Engine/Plugins/Runtime/CableComponent/CableComponent.uplugin" 477
"../../../Engine/Plugins/Runtime/ChunkDownloader/ChunkDownloader.uplugin" 478
"../../../Engine/Plugins/Runtime/CommonUI/CommonUI.uplugin" 479
"../../../Engine/Plugins/Runtime/ComputeFramework/ComputeFramework.uplugin" 480
"../../../Engine/Plugins/Runtime/DataRegistry/DataRegistry.uplugin" 481
"../../../Engine/Plugins/Runtime/CustomMeshComponent/CustomMeshComponent.uplugin" 482
"../../../Engine/Plugins/Runtime/ExampleDeviceProfileSelector/ExampleDeviceProfileSelector.uplugin" 483
"../../../Engine/Plugins/Runtime/Firebase/Firebase.uplugin" 484
"../../../Engine/Plugins/Runtime/GameFeatures/GameFeatures.uplugin" 485
"../../../Engine/Plugins/Runtime/AudioMotorSim/AudioMotorSim.uplugin" 486
"../../../Engine/Plugins/Runtime/GameplayAbilities/GameplayAbilities.uplugin" 487
"../../../Engine/Plugins/Runtime/GameInput/GameInput.uplugin" 488
"../../../Engine/Plugins/Runtime/GameplayInteractions/GameplayInteractions.uplugin" 489
"../../../Engine/Plugins/Runtime/GameplayBehaviorSmartObjects/GameplayBehaviorSmartObjects.uplugin" 490
"../../../Engine/Plugins/Runtime/GameplayStateTree/GameplayStateTree.uplugin" 491
"../../../Engine/Plugins/Runtime/GeometryProcessing/GeometryProcessing.uplugin" 492
"../../../Engine/Plugins/Runtime/GoogleCloudMessaging/GoogleCloudMessaging.uplugin" 493
"../../../Engine/Plugins/Runtime/GeoReferencing/GeoReferencing.uplugin" 494
"../../../Engine/Plugins/Runtime/GeometryScripting/GeometryScripting.uplugin" 495
"../../../Engine/Plugins/Runtime/GooglePAD/GooglePAD.uplugin" 496
"../../../Engine/Plugins/Runtime/HairStrands/HairStrands.uplugin" 497
"../../../Engine/Plugins/Runtime/HDRIBackdrop/HDRIBackdrop.uplugin" 498
"../../../Engine/Plugins/Runtime/HPMotionController/HPMotionController.uplugin" 499
"../../../Engine/Plugins/Runtime/Harmonix/Harmonix.uplugin" 500
"../../../Engine/Plugins/Runtime/LevelStreamingPersistence/LevelStreamingPersistence.uplugin" 501
"../../../Engine/Plugins/Runtime/GeometryCache/GeometryCache.uplugin" 502
"../../../Engine/Plugins/Runtime/HTTPChunkInstaller/HTTPChunkInstaller.uplugin" 503
"../../../Engine/Plugins/Runtime/InputDebugging/InputDebugging.uplugin" 504
"../../../Engine/Plugins/Runtime/InstancedActors/InstancedActors.uplugin" 505
"../../../Engine/Plugins/Runtime/LocationServicesAndroidImpl/LocationServicesAndroidImpl.uplugin" 506
"../../../Engine/Plugins/Runtime/IOSDeviceProfileSelector/IOSDeviceProfileSelector.uplugin" 507
"../../../Engine/Plugins/Runtime/LocationServicesIOSImpl/LocationServicesIOSImpl.uplugin" 508
"../../../Engine/Plugins/Runtime/IOSReplayKit/IOSReplayKit.uplugin" 509
"../../../Engine/Plugins/Runtime/MassGameplay/MassGameplay.uplugin" 510
"../../../Engine/Plugins/Runtime/MeshModelingToolset/MeshModelingToolset.uplugin" 511
"../../../Engine/Plugins/Runtime/Metasound/Metasound.uplugin" 512
"../../../Engine/Plugins/Runtime/MicrosoftSpatialAudio/MicroSoftSpatialSound.uplugin" 513
"../../../Engine/Plugins/Runtime/LinuxDeviceProfileSelector/LinuxDeviceProfileSelector.uplugin" 514
"../../../Engine/Plugins/Runtime/MIDIDevice/MIDIDevice.uplugin" 515
"../../../Engine/Plugins/Importers/AlembicImporter/AlembicImporter.uplugin" 516
"../../../Engine/Plugins/Runtime/MixedRealityCaptureFramework/MixedRealityCaptureFramework.uplugin" 517
"../../../Engine/Plugins/Runtime/MobileFSR/MobileFSR.uplugin" 518
"../../../Engine/Plugins/Runtime/MobilePatchingUtils/MobilePatchingUtils.uplugin" 519
"../../../Engine/Plugins/Runtime/AndroidBackgroundService/AndroidBackgroundService.uplugin" 520
"../../../Engine/Plugins/Runtime/ModelViewViewModel/ModelViewViewModel.uplugin" 521
"../../../Engine/Plugins/Runtime/ModularGameplay/ModularGameplay.uplugin" 522
"../../../Engine/Plugins/Runtime/AudioModulation/AudioModulation.uplugin" 523
"../../../Engine/Plugins/Runtime/MultiServerReplication/MultiServerReplication.uplugin" 524
"../../../Engine/Plugins/Runtime/MsQuic/MsQuic.uplugin" 525
"../../../Engine/Plugins/Runtime/NavCorridor/NavCorridor.uplugin" 526
"../../../Engine/Plugins/Runtime/nDisplayModularFeatures/nDisplayModularFeatures.uplugin" 527
"../../../Engine/Plugins/Runtime/MusicEnvironment/MusicEnvironment.uplugin" 528
"../../../Engine/Plugins/Runtime/LocationServicesBPLibrary/LocationServicesBPLibrary.uplugin" 529
"../../../Engine/Plugins/Runtime/NetworkPrediction/NetworkPrediction.uplugin" 530
"../../../Engine/Plugins/Runtime/NetworkPredictionInsights/NetworkPredictionInsights.uplugin" 531
"../../../Engine/Plugins/Runtime/NetworkPredictionExtras/NetworkPredictionExtras.uplugin" 532
"../../../Engine/Plugins/Runtime/OpenXRHandTracking/OpenXRHandTracking.uplugin" 533
"../../../Engine/Plugins/Runtime/OpenXR/OpenXR.uplugin" 534
"../../../Engine/Plugins/Runtime/OpenXREyeTracker/OpenXREyeTracker.uplugin" 535
"../../../Engine/Plugins/Runtime/OpenXRViveTracker/OpenXRViveTracker.uplugin" 536
"../../../Engine/Plugins/Runtime/OpenXRMsftHandInteraction/OpenXRMsftHandInteraction.uplugin" 537
"../../../Engine/Plugins/Runtime/OpenCV/OpenCV.uplugin" 538
"../../../Engine/Plugins/Runtime/OptionalMobileFeaturesBPLibrary/OptionalMobileFeaturesBPLibrary.uplugin" 539
"../../../Engine/Plugins/Runtime/PreLoadScreenMoviePlayer/PreLoadScreenMoviePlayer.uplugin" 540
"../../../Engine/Plugins/Runtime/ProceduralMeshComponent/ProceduralMeshComponent.uplugin" 541
"../../../Engine/Plugins/Runtime/RenderTrace/RenderTrace.uplugin" 542
"../../../Engine/Plugins/Runtime/PropertyAccess/PropertyAccessEditor.uplugin" 543
"../../../Engine/Plugins/Runtime/ReplicationGraph/ReplicationGraph.uplugin" 544
"../../../Engine/Plugins/Runtime/nDisplay/nDisplay.uplugin" 545
"../../../Engine/Plugins/Runtime/ScriptableToolsFramework/ScriptableToolsFramework.uplugin" 546
"../../../Engine/Plugins/Runtime/PropertyBindingUtils/PropertyBindingUtils.uplugin" 547
"../../../Engine/Plugins/Runtime/OSC/OSC.uplugin" 548
"../../../Engine/Plugins/Runtime/SignificanceManager/SignificanceManager.uplugin" 549
"../../../Engine/Plugins/Runtime/MassEntity/MassEntity.uplugin" 550
"../../../Engine/Plugins/Runtime/SkeletalMerging/SkeletalMerging.uplugin" 551
"../../../Engine/Plugins/Runtime/SoundCueTemplates/SoundCueTemplates.uplugin" 552
"../../../Engine/Plugins/Runtime/SoundFields/SoundFields.uplugin" 553
"../../../Engine/Plugins/Runtime/SmartObjects/SmartObjects.uplugin" 554
"../../../Engine/Plugins/Runtime/Soundscape/Soundscape.uplugin" 555
"../../../Engine/Plugins/Runtime/SoundUtilities/SoundUtilities.uplugin" 556
"../../../Engine/Plugins/Runtime/Spatialization/Spatialization.uplugin" 557
"../../../Engine/Plugins/Runtime/StateTree/StateTree.uplugin" 558
"../../../Engine/Plugins/Runtime/SunPosition/SunPosition.uplugin" 559
"../../../Engine/Plugins/Runtime/SoundMod/SoundMod.uplugin" 560
"../../../Engine/Plugins/Runtime/Synthesis/Synthesis.uplugin" 561
"../../../Engine/Plugins/Runtime/WaveTable/WaveTable.uplugin" 562
"../../../Engine/Plugins/Runtime/USDCore/USDCore.uplugin" 563
"../../../Engine/Plugins/Runtime/WebBrowserNativeProxy/WebBrowserNativeProxy.uplugin" 564
"../../../Engine/Plugins/Runtime/WebBrowserWidget/WebBrowserWidget.uplugin" 565
"../../../Engine/Plugins/Runtime/WindowsDeviceProfileSelector/WindowsDeviceProfileSelector.uplugin" 566
"../../../Engine/Plugins/Runtime/WarpUtils/WarpUtils.uplugin" 567
"../../../Engine/Plugins/Runtime/WebMMoviePlayer/WebMMoviePlayer.uplugin" 568
"../../../Engine/Plugins/Runtime/WorldConditions/WorldConditions.uplugin" 569
"../../../Engine/Plugins/Runtime/RigVM/RigVM.uplugin" 570
"../../../Engine/Plugins/Runtime/XRBase/XRBase.uplugin" 571
"../../../Engine/Plugins/Runtime/LiveLinkOvernDisplay/LiveLinkOverNDisplay.uplugin" 572
"../../../Engine/Plugins/Runtime/ZoneGraph/ZoneGraph.uplugin" 573
"../../../Engine/Plugins/Slate/SlateInsights/SlateInsights.uplugin" 574
"../../../Engine/Plugins/Runtime/ZoneGraphAnnotations/ZoneGraphAnnotations.uplugin" 575
"../../../Engine/Plugins/Slate/SlateScripting/SlateScripting.uplugin" 576
"../../../Engine/Plugins/Runtime/ResonanceAudio/ResonanceAudio.uplugin" 577
"../../../Engine/Plugins/VirtualProduction/ActorModifier/ActorModifier.uplugin" 578
"../../../Engine/Plugins/VirtualProduction/CameraCalibration/CameraCalibration.uplugin" 579
"../../../Engine/Plugins/VirtualProduction/ActorModifierCore/ActorModifierCore.uplugin" 580
"../../../Engine/Plugins/VirtualProduction/Avalanche/Avalanche.uplugin" 581
"../../../Engine/Plugins/VirtualProduction/CaptureData/CaptureData.uplugin" 582
"../../../Engine/Plugins/VirtualProduction/CameraCalibrationML/CameraCalibrationML.uplugin" 583
"../../../Engine/Plugins/VirtualProduction/CameraCalibrationCore/CameraCalibrationCore.uplugin" 584
"../../../Engine/Plugins/VirtualProduction/ClonerEffector/ClonerEffector.uplugin" 585
"../../../Engine/Plugins/VirtualProduction/CinematicAssemblyTools/CinematicAssemblyTools.uplugin" 586
"../../../Engine/Plugins/VirtualProduction/CompositePlane/CompositePlane.uplugin" 587
"../../../Engine/Plugins/VirtualProduction/DataCharts/DataCharts.uplugin" 588
"../../../Engine/Plugins/VirtualProduction/CustomDetailsView/CustomDetailsView.uplugin" 589
"../../../Engine/Plugins/VirtualProduction/ICVFX/ICVFX.uplugin" 590
"../../../Engine/Plugins/VirtualProduction/EpicStageApp/EpicStageApp.uplugin" 591
"../../../Engine/Plugins/VirtualProduction/DynamicMaterial/DynamicMaterial.uplugin" 592
"../../../Engine/Plugins/VirtualProduction/ICVFXTesting/ICVFXTesting.uplugin" 593
"../../../Engine/Plugins/VirtualProduction/LiveLinkCamera/LiveLinkCamera.uplugin" 594
"../../../Engine/Plugins/VirtualProduction/GeometryMask/GeometryMask.uplugin" 595
"../../../Engine/Plugins/VirtualProduction/LensComponent/LensComponent.uplugin" 596
"../../../Engine/Plugins/VirtualProduction/LiveLinkInputDevice/LiveLinkInputDevice.uplugin" 597
"../../../Engine/Plugins/VirtualProduction/LevelSnapshots/LevelSnapshots.uplugin" 598
"../../../Engine/Plugins/VirtualProduction/LiveLinkLens/LiveLinkLens.uplugin" 599
"../../../Engine/Plugins/VirtualProduction/LiveLinkMasterLockit/LiveLinkMasterLockit.uplugin" 600
"../../../Engine/Plugins/VirtualProduction/LiveLinkOpenTrackIO/LiveLinkOpenTrackIO.uplugin" 601
"../../../Engine/Plugins/VirtualProduction/LiveLinkPrestonMDR/LiveLinkPrestonMDR.uplugin" 602
"../../../Engine/Plugins/VirtualProduction/LiveLinkVRPN/LiveLinkVRPN.uplugin" 603
"../../../Engine/Plugins/VirtualProduction/MultiUserTakes/MultiUserTakes.uplugin" 604
"../../../Engine/Plugins/VirtualProduction/LiveLinkXR/LiveLinkXR.uplugin" 605
"../../../Engine/Plugins/VirtualProduction/OperatorStack/OperatorStack.uplugin" 606
"../../../Engine/Plugins/VirtualProduction/PerformanceCaptureWorkflow/PerformanceCaptureWorkflow.uplugin" 607
"../../../Engine/Plugins/VirtualProduction/RemoteControl/RemoteControl.uplugin" 608
"../../../Engine/Plugins/VirtualProduction/RemoteControlInterception/RemoteControlInterception.uplugin" 609
"../../../Engine/Plugins/VirtualProduction/PropertyAnimatorCore/PropertyAnimatorCore.uplugin" 610
"../../../Engine/Plugins/VirtualProduction/PropertyAnimator/PropertyAnimator.uplugin" 611
"../../../Engine/Plugins/VirtualProduction/RemoteControlProtocolMIDI/RemoteControlProtocolMIDI.uplugin" 612
"../../../Engine/Plugins/VirtualProduction/RemoteControlProtocolDMX/RemoteControlProtocolDMX.uplugin" 613
"../../../Engine/Plugins/VirtualProduction/RemoteControlProtocolOSC/RemoteControlProtocolOSC.uplugin" 614
"../../../Engine/Plugins/VirtualProduction/RemoteControlWebInterface/RemoteControlWebInterface.uplugin" 615
"../../../Engine/Plugins/VirtualProduction/StageMonitoring/StageMonitoring.uplugin" 616
"../../../Engine/Plugins/VirtualProduction/StormSync/StormSync.uplugin" 617
"../../../Engine/Plugins/VirtualProduction/StormSyncAvalancheBridge/StormSyncAvalancheBridge.uplugin" 618
"../../../Engine/Plugins/VirtualProduction/SequencerPlaylists/SequencerPlaylists.uplugin" 619
"../../../Engine/Plugins/VirtualProduction/Switchboard/Switchboard.uplugin" 620
"../../../Engine/Plugins/VirtualProduction/TextureShare/TextureShare.uplugin" 621
"../../../Engine/Plugins/VirtualProduction/Takes/Takes.uplugin" 622
"../../../Engine/Plugins/VirtualProduction/TimedDataMonitor/TimedDataMonitor.uplugin" 623
"../../../Engine/Plugins/VirtualProduction/VirtualCamera/VirtualCamera.uplugin" 624
"../../../Engine/Plugins/VirtualProduction/VirtualScouting/VirtualScouting.uplugin" 625
"../../../Engine/Plugins/Runtime/ReplicationSystemTestPlugin/ReplicationSystemTestPlugin.uplugin" 626
"../../../Engine/Plugins/Runtime/WindowsMoviePlayer/WindowsMoviePlayer.uplugin" 627
"../../../Engine/Plugins/Experimental/CharacterFXEditor/BaseCharacterFXEditor/BaseCharacterFXEditor.uplugin" 628
"../../../Engine/Plugins/Editor/Localization/PortableObjectFileDataSource/PortableObjectFileDataSource.uplugin" 629
"../../../Engine/Plugins/Experimental/Compositing/HoldoutComposite/HoldoutComposite.uplugin" 630
"../../../Engine/Plugins/Experimental/CharacterFXEditor/ExampleCharacterFXEditor/ExampleCharacterFXEditor.uplugin" 631
"../../../Engine/Plugins/Experimental/Compositing/CompositeCore/CompositeCore.uplugin" 632
"../../../Engine/Plugins/Experimental/Enterprise/DataprepGeometryOperations/DataprepGeometryOperations.uplugin" 633
"../../../Engine/Plugins/Experimental/Enterprise/DatasmithRuntime/DatasmithRuntime.uplugin" 634
"../../../Engine/Plugins/Experimental/Enterprise/DatasmithInterchange/DatasmithInterchange.uplugin" 635
"../../../Engine/Plugins/Experimental/PCGInterops/PCGWaterInterop/PCGWaterInterop.uplugin" 636
"../../../Engine/Plugins/VirtualProduction/VirtualCameraCore/VirtualCameraCore.uplugin" 637
"../../../Engine/Plugins/Runtime/Nvidia/GeForceNOWWrapper/GeForceNOWWrapper.uplugin" 638
"../../../Engine/Plugins/Experimental/PCGInterops/PCGInstancedActorsInterop/PCGInstancedActorsInterop.uplugin" 639
"../../../Engine/Plugins/Runtime/Nvidia/Reflex/Reflex.uplugin" 640
"../../../Engine/Plugins/VirtualProduction/DMX/DMXControlConsole/DMXControlConsole.uplugin" 641
"../../../Engine/Plugins/Online/IOS/OnlineSubsystemIOS/OnlineSubsystemIOS.uplugin" 642
"../../../Engine/Plugins/VirtualProduction/DMX/DatasmithMVR/DatasmithMVR.uplugin" 643
"../../../Engine/Plugins/VirtualProduction/DMX/DMXDisplayCluster/DMXDisplayCluster.uplugin" 644
"../../../Engine/Plugins/VirtualProduction/DMX/DMXEngine/DMXEngine.uplugin" 645
"../../../Engine/Plugins/VirtualProduction/DMX/DMXGDTF/DMXGDTF.uplugin" 646
"../../../Engine/Plugins/VirtualProduction/DMX/DMXModularFeatures/DMXModularFeatures.uplugin" 647
"../../../Engine/Plugins/VirtualProduction/DMX/DMXPixelMapping/DMXPixelMapping.uplugin" 648
"../../../Engine/Plugins/VirtualProduction/DMX/DMXFixtures/DMXFixtures.uplugin" 649
"../../../Engine/Plugins/Interchange/Extensions/OpenUSD/InterchangeOpenUSD.uplugin" 650
"../../../Engine/Plugins/VirtualProduction/DMX/DMXProtocol/DMXProtocol.uplugin" 651
"../../../Engine/Plugins/Interchange/Extensions/OpenVDB/InterchangeOpenVDB.uplugin" 652
"../../../Engine/Plugins/Editor/ContentBrowser/ContentBrowserAliasDataSource/ContentBrowserAliasDataSource.uplugin" 653
"../../../Engine/Plugins/Experimental/PCGInterops/PCGNiagaraInterop/PCGNiagaraInterop.uplugin" 654
"../../../Engine/Plugins/Experimental/AVCodecs/AMFCodecs/AMFCodecs.uplugin" 655
"../../../Engine/Plugins/Editor/ContentBrowser/ContentBrowserAssetDataSource/ContentBrowserAssetDataSource.uplugin" 656
"../../../Engine/Plugins/Editor/ContentBrowser/ContentBrowserFileDataSource/ContentBrowserFileDataSource.uplugin" 657
"../../../Engine/Plugins/Editor/ContentBrowser/ContentBrowserClassDataSource/ContentBrowserClassDataSource.uplugin" 658
"../../../Engine/Plugins/Editor/ObjectMixer/LightMixer/LightMixer.uplugin" 659
"../../../Engine/Plugins/Experimental/AVCodecs/NVCodecs/NVCodecs.uplugin" 660
"../../../Engine/Plugins/Experimental/AVCodecs/AVCodecsCore/AVCodecsCore.uplugin" 661
"../../../Engine/Plugins/VirtualProduction/LiveLinkFreeD/LiveLinkFreeD.uplugin" 662
"../../../Engine/Plugins/Experimental/AVCodecs/WMFCodecs/WMFCodecs.uplugin" 663
"../../../Engine/Plugins/Editor/ObjectMixer/ObjectMixer/ObjectMixer.uplugin" 664
"../../../Engine/Plugins/Online/Android/AndroidFetchBackgroundDownload/AndroidFetchBackgroundDownload.uplugin" 665
"../../../Engine/Plugins/Runtime/Advertising/IOSTapJoy/IOSTapJoy.uplugin" 666
"../../../Engine/Plugins/Experimental/AVCodecs/VTCodecs/VTCodecs.uplugin" 667
"../../../Engine/Plugins/Experimental/AVCodecs/LibVpxCodecs/LibVpxCodecs.uplugin" 668
"../../../Engine/Plugins/Runtime/MeshReconstruction/DummyMeshReconstructor/DummyMeshReconstructor.uplugin" 669
"../../../Engine/Plugins/Online/Android/OnlineSubsystemGooglePlay/OnlineSubsystemGooglePlay.uplugin" 670
"../../../Engine/Plugins/VirtualProduction/CaptureManager/CaptureManagerApp/CaptureManagerApp.uplugin" 671
"../../../Engine/Plugins/VirtualProduction/CaptureManager/CaptureManagerCore/CaptureManagerCore.uplugin" 672
"../../../Engine/Plugins/VirtualProduction/CaptureManager/CaptureManagerDevices/CaptureManagerDevices.uplugin" 673
"../../../Engine/Plugins/Experimental/Animation/ContextualAnimation/ContextualAnimation.uplugin" 674
"../../../Engine/Plugins/Experimental/Animation/HierarchyTable/HierarchyTable.uplugin" 675
"../../../Engine/Plugins/VirtualProduction/CaptureManager/CaptureManagerEditor/CaptureManagerEditor.uplugin" 676
"../../../Engine/Plugins/Experimental/Animation/Locomotor/Locomotor.uplugin" 677
"../../../Engine/Plugins/Experimental/Animation/MotionTrajectory/MotionTrajectory.uplugin" 678
"../../../Engine/Plugins/Experimental/Animation/HierarchyTableAnimation/HierarchyTableAnimation.uplugin" 679
"../../../Engine/Plugins/Experimental/Animation/CurveExpression/CurveExpression.uplugin" 680
"../../../Engine/Plugins/Experimental/Animation/RigMapper/RigMapper.uplugin" 681
"../../../Engine/Plugins/Experimental/Animation/SkeletonTemplateFramework/SkeletonTemplateFramework.uplugin" 682
"../../../Engine/Plugins/Experimental/Animation/TrajectoryTools/TrajectoryTools.uplugin" 683
"../../../Engine/Plugins/Experimental/Animation/SkeletalMeshMorphTargetEditingTools/SkeletalMeshMorphTargetEditingTools.uplugin" 684
"../../../Engine/Plugins/Runtime/PacketHandlers/AESGCMHandlerComponent/AESGCMHandlerComponent.uplugin" 685
"../../../Engine/Plugins/Experimental/MetaHuman/MetaHumanRuntime/MetaHumanRuntime.uplugin" 686
"../../../Engine/Plugins/Experimental/VirtualProduction/VPRoles/VPRoles.uplugin" 687
"../../../Engine/Plugins/Runtime/PacketHandlers/DTLSHandlerComponent/DTLSHandlerComponent.uplugin" 688
"../../../Engine/Plugins/Runtime/Analytics/Adjust/Adjust.uplugin" 689
"../../../Engine/Plugins/Experimental/VirtualProduction/LedWallCalibration/LedWallCalibration.uplugin" 690
"../../../Engine/Plugins/Runtime/PacketHandlers/AESHandlerComponent/AESHandlerComponent.uplugin" 691
"../../../Engine/Plugins/Experimental/VirtualProduction/VPSettings/VPSettings.uplugin" 692
"../../../Engine/Plugins/Experimental/Animation/PackedAttributes/PackedAttributes.uplugin" 693
"../../../Engine/Plugins/Runtime/Analytics/FileLogging/FileLogging.uplugin" 694
"../../../Engine/Plugins/Runtime/AR/ARUtilities/ARUtilities.uplugin" 695
"../../../Engine/Plugins/Runtime/Analytics/AnalyticsBlueprintLibrary/AnalyticsBlueprintLibrary.uplugin" 696
"../../../Engine/Plugins/Runtime/Windows/WinDualShock/WinDualShock.uplugin" 697
"../../../Engine/Plugins/Runtime/Analytics/AnalyticsMulticast/AnalyticsMulticast.uplugin" 698
"../../../Engine/Plugins/Experimental/Web/WebAPI/WebAPI.uplugin" 699
"../../../Engine/Plugins/Experimental/Animation/Optimus/Optimus.uplugin" 700
"../../../Engine/Plugins/Runtime/Windows/XInputDevice/XInputDevice.uplugin" 701
"../../../Engine/Plugins/Online/VoiceChat/VoiceChat/VoiceChat.uplugin" 702
"../../../Engine/Plugins/Runtime/Database/ADOSupport/ADOSupport.uplugin" 703
"../../../Engine/Plugins/Runtime/Database/RemoteDatabaseSupport/RemoteDatabaseSupport.uplugin" 704
"../../../Engine/Plugins/Runtime/Database/SQLiteSupport/SQLiteSupport.uplugin" 705
"../../../Engine/Plugins/Runtime/Database/DatabaseSupport/DatabaseSupport.uplugin" 706
"../../../Engine/Plugins/Animation/MLDeformer/ChaosClothGenerator/ChaosClothGenerator.uplugin" 707
"../../../Engine/Plugins/Animation/MLDeformer/ChaosFleshGenerator/ChaosFleshGenerator.uplugin" 708
"../../../Engine/Plugins/Animation/MLDeformer/NeuralMorphModel/NeuralMorphModel.uplugin" 709
"../../../Engine/Plugins/Animation/MLDeformer/MLDeformerFramework/MLDeformerFramework.uplugin" 710
"../../../Engine/Plugins/Animation/MLDeformer/NearestNeighborModel/NearestNeighborModel.uplugin" 711
"../../../Engine/Plugins/Developer/Concert/ConcertMain/ConcertMain.uplugin" 712
"../../../Engine/Plugins/Animation/MLDeformer/VertexDeltaModel/VertexDeltaModel.uplugin" 713
"../../../Engine/Plugins/Online/VoiceChat/EOSVoiceChat/EOSVoiceChat.uplugin" 714
"../../../Engine/Plugins/Runtime/Steam/SteamShared/SteamShared.uplugin" 715
"../../../Engine/Plugins/Runtime/Steam/SteamController/SteamController.uplugin" 716
"../../../Engine/Plugins/Runtime/Database/SQLiteCore/SQLiteCore.uplugin" 717
"../../../Engine/Plugins/Runtime/XR/XRScribe/XRScribe.uplugin" 718
"../../../Engine/Plugins/Runtime/Steam/SteamAudio/SteamAudio.uplugin" 719
"../../../Engine/Plugins/Runtime/Steam/SteamSockets/SteamSockets.uplugin" 720
"../../../Engine/Plugins/Runtime/XR/XRVisualization/XRVisualization.uplugin" 721
"../../../Engine/Plugins/VirtualProduction/Rivermax/RivermaxCore/RivermaxCore.uplugin" 722
"../../../Engine/Plugins/VirtualProduction/Rivermax/RivermaxMedia/RivermaxMedia.uplugin" 723
"../../../Engine/Plugins/VirtualProduction/Rivermax/RivermaxSync/RivermaxSync.uplugin" 724
"../../../Engine/Plugins/Runtime/AR/Google/GoogleARCore/GoogleARCore.uplugin" 725
"../../../Engine/Plugins/Runtime/AR/Google/GoogleARCoreServices/GoogleARCoreServices.uplugin" 726
"../../../Engine/Plugins/Experimental/Animation/MLDeformer/DetailPoseModel/DetailPoseModel.uplugin" 727
"../../../Engine/Plugins/Developer/Concert/ConcertScripting/ConcertReplicationScripting/ConcertReplicationScripting.uplugin" 728
"../../../Engine/Plugins/Developer/Concert/ConcertInsights/ConcertInsightsClient/ConcertInsightsClient.uplugin" 729
"../../../Engine/Plugins/Developer/Concert/ConcertInsights/ConcertInsightsServer/ConcertInsightsServer.uplugin" 730
"../../../Engine/Plugins/Developer/Concert/ConcertInsights/ConcertInsightsCore/ConcertInsightsCore.uplugin" 731
"../../../Engine/Plugins/Developer/Concert/ConcertApp/MultiUserClient/MultiUserClient.uplugin" 732
"../../../Engine/Plugins/Developer/Concert/ConcertApp/MultiUserServer/MultiUserServer.uplugin" 733
"../../../Engine/Plugins/Developer/Concert/ConcertApp/DisasterRecoveryClient/DisasterRecoveryClient.uplugin" 734
"../../../Engine/Plugins/Developer/Concert/ConcertSync/ConcertSyncClient/ConcertSyncClient.uplugin" 735
"../../../Engine/Plugins/Developer/Concert/ConcertInsights/ConcertInsightsVisualizer/ConcertInsightsVisualizer.uplugin" 736
"../../../Engine/Plugins/Developer/Concert/ConcertSync/ConcertSyncCore/ConcertSyncCore.uplugin" 737
"../../../Engine/Plugins/Developer/Concert/ConcertSync/ConcertSyncServer/ConcertSyncServer.uplugin" 738
"../../../Engine/Plugins/Runtime/AR/AppleAR/AppleARKitFaceSupport/AppleARKitFaceSupport.uplugin" 739
"../../../Engine/Plugins/Developer/Concert/ConcertUI/ConcertSharedSlate/ConcertSharedSlate.uplugin" 740
"../../../Engine/Plugins/Developer/Concert/ConcertUI/ConcertClientSharedSlate/ConcertClientSharedSlate.uplugin" 741
"../../../Engine/Plugins/Runtime/AR/AppleAR/AppleARKit/AppleARKit.uplugin" 742
"../../../Engine/Plugins/Developer/Concert/ConcertSync/ConcertSyncTest/ConcertSyncTest.uplugin" 743
"../../../Engine/Platforms/Android/Plugins/RigLogic/RigLogic_Android.uplugin" 744
"../../../Engine/Platforms/Android/Plugins/Animation/ACLPlugin/ACLPlugin_Android.uplugin" 745
"../../../Engine/Platforms/IOS/Plugins/RigLogic/RigLogic_IOS.uplugin" 746
"../../../Engine/Content/Internationalization/icudt64l/cnvalias.icu" 747
"../../../Engine/Content/Internationalization/icudt64l/res_index.res" 748
"../../../Engine/Content/Internationalization/icudt64l/plurals.res" 749
"../../../Engine/Content/Internationalization/icudt64l/lang/ru.res" 750
"../../../Engine/Content/Internationalization/icudt64l/lang/pool.res" 751
"../../../Engine/Content/Internationalization/icudt64l/lang/root.res" 752
"../../../Engine/Content/Internationalization/icudt64l/region/ru_UA.res" 753
"../../../Engine/Content/Internationalization/icudt64l/region/pool.res" 754
"../../../Engine/Content/Internationalization/icudt64l/region/ru.res" 755
"../../../Engine/Content/Internationalization/icudt64l/region/root.res" 756
"../../../Engine/Content/Internationalization/icudt64l/lang/en.res" 757
"../../../Engine/Content/Internationalization/icudt64l/region/en.res" 758
"../../../Engine/Content/Internationalization/icudt64l/windowsZones.res" 759
"../../../Engine/Content/Internationalization/icudt64l/zoneinfo64.res" 760
"../../../Engine/Content/Internationalization/icudt64l/keyTypeData.res" 761
"../../../Engine/Content/Internationalization/icudt64l/timezoneTypes.res" 762
"../../../Engine/Content/Internationalization/icudt64l/likelySubtags.res" 763
"../../../Engine/Content/Internationalization/icudt64l/ru_RU.res" 764
"../../../Engine/Content/Internationalization/icudt64l/pool.res" 765
"../../../Engine/Content/Internationalization/icudt64l/ru.res" 766
"../../../Engine/Content/Internationalization/icudt64l/root.res" 767
"../../../Engine/Content/Internationalization/icudt64l/supplementalData.res" 768
"../../../Engine/Config/ConfigRedirects.ini" 769
"C:/Users/ahbvs/AppData/Local/UnrealEngine/5.6/Saved/Config/WindowsEditor/Manifest.ini" 770
"../../../Engine/Config/BaseEngine.ini" 771
"../../../Engine/Config/Windows/BaseWindowsEngine.ini" 772
"../../../../../Repository/732-abbot-grove-VR/Config/DefaultEngine.ini" 773
"C:/Users/ahbvs/AppData/Local/Unreal Engine/Engine/Config/UserEngine.ini" 774
"../../../Engine/Config/BaseGame.ini" 775
"../../../../../Repository/732-abbot-grove-VR/Config/DefaultGame.ini" 776
"../../../Engine/Config/Windows/WindowsGame.ini" 777
"E:/Repository/732-abbot-grove-VR/Saved/Config/WindowsEditor/Game.ini" 778
"../../../Engine/Config/BaseInput.ini" 779
"../../../Engine/Config/Windows/BaseWindowsInput.ini" 780
"../../../../../Repository/732-abbot-grove-VR/Config/DefaultInput.ini" 781
"../../../Engine/Config/Windows/WindowsInput.ini" 782
"../../../Engine/Config/BaseDeviceProfiles.ini" 783
"../../../../../Repository/732-abbot-grove-VR/Config/DefaultDeviceProfiles.ini" 784
"../../../Engine/Config/BaseGameUserSettings.ini" 785
"E:/Repository/732-abbot-grove-VR/Saved/Config/WindowsEditor/GameUserSettings.ini" 786
"../../../Engine/Config/BaseScalability.ini" 787
"../../../Engine/Config/BaseRuntimeOptions.ini" 788
"../../../Engine/Config/BaseInstallBundle.ini" 789
"../../../Engine/Config/BaseHardware.ini" 790
"../../../Engine/Config/BaseCompat.ini" 791
"../../../Engine/Config/BaseLightmass.ini" 792
"../../../Engine/Config/BaseEditor.ini" 793
"../../../../../Repository/732-abbot-grove-VR/Config/DefaultEditor.ini" 794
"E:/Repository/732-abbot-grove-VR/Saved/Config/WindowsEditor/Editor.ini" 795
"../../../Engine/Config/BaseMaterialExpressions.ini" 796
"../../../Engine/Config/BaseEditorPerProjectUserSettings.ini" 797
"../../../../../Repository/732-abbot-grove-VR/Config/DefaultEditorPerProjectUserSettings.ini" 798
"../../../Engine/Config/Windows/WindowsEditorPerProjectUserSettings.ini" 799
"E:/Repository/732-abbot-grove-VR/Saved/Config/WindowsEditor/EditorPerProjectUserSettings.ini" 800
"../../../Engine/Config/BaseEditorSettings.ini" 801
"../../../Engine/Config/Windows/WindowsEditorSettings.ini" 802
"C:/Users/ahbvs/AppData/Local/UnrealEngine/5.6/Saved/Config/WindowsEditor/EditorSettings.ini" 803
"../../../Engine/Config/BaseEditorKeyBindings.ini" 804
"C:/Users/ahbvs/AppData/Local/UnrealEngine/5.6/Saved/Config/WindowsEditor/EditorLayout.ini" 805
"../../../Engine/Binaries/Win64/BootstrapPackagedGame-Win64-Shipping.target" 806
"../../../Engine/Binaries/Win64/BuildPatchTool-Win64-Shipping.target" 807
"../../../Engine/Binaries/Win64/CrashReportClient-Win64-Shipping.target" 808
"../../../Engine/Binaries/Win64/CrashReportClientEditor-Win64-Shipping.target" 809
"../../../Engine/Config/IOS/BaseIOSEngine.ini" 810
"../../../Engine/Config/Mac/BaseMacEngine.ini" 811
"../../../Engine/Config/Android/BaseAndroidEngine.ini" 812
"../../../Engine/Config/Linux/BaseLinuxEngine.ini" 813
"../../../Engine/Platforms/VisionOS/Config/BaseVisionOSEngine.ini" 814
"../../../../../Repository/732-abbot-grove-VR/Config/Mac/MacEngine.ini" 815
"../../../Engine/Binaries/Win64/DatasmithCADWorker.target" 816
"../../../Engine/Config/TVOS/TVOSEngine.ini" 817
"../../../Engine/Config/Android/AndroidEngine.ini" 818
"../../../Engine/Binaries/Win64/EpicWebHelper-Win64-Shipping.target" 819
"../../../Engine/Platforms/VisionOS/Config/VisionOSEngine.ini" 820
"../../../Engine/Binaries/Win64/InterchangeWorker.target" 821
"../../../../../Repository/732-abbot-grove-VR/Config/VisionOS/VisionOSEngine.ini" 822
"../../../Engine/Binaries/Win64/LiveCodingConsole.target" 823
"../../../Engine/Config/Unix/UnixEngine.ini" 824
"../../../Engine/Config/Linux/LinuxEngine.ini" 825
"../../../Engine/Binaries/Win64/LiveLinkHub.target" 826
"../../../Engine/Config/IOS/BaseIOSGame.ini" 827
"../../../Engine/Config/Mac/MacGame.ini" 828
"../../../Engine/Config/Android/BaseAndroidGame.ini" 829
"../../../Engine/Config/IOS/IOSGame.ini" 830
"../../../Engine/Config/Mac/BaseMacInput.ini" 831
"../../../Engine/Config/Linux/LinuxGame.ini" 832
"../../../Engine/Config/Android/BaseAndroidInput.ini" 833
"../../../Engine/Config/IOS/BaseIOSInput.ini" 834
"../../../Engine/Config/Android/AndroidScalability.ini" 835
"../../../Engine/Config/IOS/IOSScalability.ini" 836
"../../../Engine/Config/Android/BaseAndroidInstallBundle.ini" 837
"../../../Engine/Config/IOS/BaseIOSInstallBundle.ini" 838
"../../../Engine/Binaries/Win64/ShaderCompileWorker.target" 839
"../../../Engine/Binaries/Win64/SwitchboardListener.target" 840
"../../../Engine/Binaries/Win64/SwitchboardListenerHelper.target" 841
"../../../Engine/Binaries/Win64/UnrealEditor-Win64-DebugGame.target" 842
"../../../Engine/Binaries/Win64/UnrealEditor.target" 843
"../../../Engine/Config/PluginBase.ini" 844
"../../../Engine/Plugins/ChaosVD/Config/DefaultChaosVD.ini" 845
"../../../Engine/Plugins/EnhancedInput/Config/BaseEnhancedInput.ini" 846
"../../../Engine/Plugins/PCG/Config/BasePCG.ini" 847
"../../../Engine/Plugins/TraceUtilities/Config/BaseTraceUtilities.ini" 848
"../../../Engine/Plugins/Enterprise/DatasmithContent/Config/BaseDatasmithContent.ini" 849
"../../../Engine/Plugins/Enterprise/GLTFExporter/Config/BaseGLTFExporter.ini" 850
"../../../Engine/Plugins/Enterprise/GLTFExporter/Config/DefaultGLTFExporter.ini" 851
"../../../Engine/Plugins/Enterprise/VariantManagerContent/Config/BaseVariantManagerContent.ini" 852
"../../../Engine/Plugins/FX/Niagara/Config/BaseNiagara.ini" 853
"E:/Repository/732-abbot-grove-VR/Saved/Config/WindowsEditor/Niagara.ini" 854
"../../../Engine/Plugins/Interchange/Assets/Config/BaseInterchangeAssets.ini" 855
"../../../Engine/Plugins/Interchange/Runtime/Config/BaseInterchange.ini" 856
"../../../Engine/Plugins/Marketplace/MetaXR/Config/BaseOculusXR.ini" 857
"../../../Engine/Plugins/2D/Paper2D/Config/BasePaper2D.ini" 858
"../../../Engine/Plugins/MetaHuman/MetaHumanSDK/Config/BaseMetaHumanSDK.ini" 859
"../../../Engine/Plugins/Animation/ControlRig/Config/BaseControlRig.ini" 860
"../../../Engine/Plugins/Animation/DeformerGraph/Config/BaseDeformerGraph.ini" 861
"../../../Engine/Plugins/Animation/IKRig/Config/BaseIKRig.ini" 862
"../../../Engine/Plugins/Animation/LiveLink/Config/BaseLiveLink.ini" 863
"../../../Engine/Plugins/Cameras/GameplayCameras/Config/BaseGameplayCameras.ini" 864
"../../../Engine/Plugins/Compositing/OpenColorIO/Config/BaseOpenColorIO.ini" 865
"../../../Engine/Plugins/Editor/ConsoleVariablesEditor/Config/BaseConsoleVariables.ini" 866
"../../../Engine/Plugins/Editor/EditorScriptingUtilities/Config/BaseEditorScriptingUtilities.ini" 867
"../../../Engine/Plugins/Experimental/FullBodyIK/Config/BaseFullBodyIK.ini" 868
"../../../Engine/Plugins/Experimental/ToolPresets/Config/BaseToolPresets.ini" 869
"../../../Engine/Plugins/MovieScene/MovieRenderPipeline/Config/BaseMovieRenderPipeline.ini" 870
"../../../Engine/Plugins/PCGInterops/PCGGeometryScriptInterop/Config/BasePCGGeometryScriptInterop.ini" 871
"../../../Engine/Plugins/Runtime/HairStrands/Config/BaseHairStrands.ini" 872
"../../../Engine/Plugins/Runtime/Metasound/Config/BaseMetasound.ini" 873
"../../../Engine/Plugins/Runtime/Metasound/Config/DefaultMetasound.ini" 874
"../../../Engine/Plugins/Runtime/PropertyBindingUtils/Config/BasePropertyBindingUtils.ini" 875
"../../../Engine/Plugins/Runtime/RigVM/Config/BaseRigVM.ini" 876
"../../../Engine/Plugins/Runtime/StateTree/Config/BaseStateTree.ini" 877
"../../../Engine/Plugins/Runtime/Synthesis/Config/BaseSynthesis.ini" 878
"../../../Engine/Plugins/VirtualProduction/CameraCalibrationCore/Config/BaseCameraCalibrationCore.ini" 879
"../../../Engine/Plugins/VirtualProduction/Takes/Config/BaseTakes.ini" 880
"../../../Engine/Plugins/Experimental/Compositing/CompositeCore/Config/BaseCompositeCore.ini" 881
"../../../Engine/Plugins/Developer/Concert/ConcertSync/ConcertSyncCore/Config/BaseConcertSyncCore.ini" 882
"../../../Engine/Plugins/ChaosVD/Config/Engine.ini" 883
"../../../Engine/Plugins/Runtime/OpenXR/Config/Engine.ini" 884
"../../../Engine/Plugins/EnhancedInput/Config/Input.ini" 885
"../../../Engine/Plugins/Runtime/InputDebugging/Config/Input.ini" 886
"../../../Engine/Plugins/Runtime/Windows/XInputDevice/Config/Input.ini" 887
"../../../Engine/Plugins/PCG/Config/EditorPerProjectUserSettings.ini" 888
"../../../Engine/Plugins/NNE/NNEDenoiser/Config/Game.ini" 889
"../../../Engine/Plugins/Online/OnlineSubsystemUtils/Config/Editor.ini" 890
"../../../Engine/Plugins/Runtime/RigVM/Config/Editor.ini" 891
"../../../Engine/Plugins/Runtime/OpenXR/Binaries/Win64/UnrealEditor.modules" 892
"../../../Engine/Plugins/Runtime/XRBase/Binaries/Win64/UnrealEditor.modules" 893
"../../../Engine/Plugins/EnhancedInput/Binaries/Win64/UnrealEditor.modules" 894
"../../../Engine/Plugins/Editor/DataValidation/Binaries/Win64/UnrealEditor.modules" 895
"../../../Engine/Plugins/Runtime/OpenXREyeTracker/Binaries/Win64/UnrealEditor.modules" 896
"../../../Engine/Plugins/Runtime/OpenXRHandTracking/Binaries/Win64/UnrealEditor.modules" 897
"../../../Engine/Plugins/Animation/LiveLink/Binaries/Win64/UnrealEditor.modules" 898
"../../../Engine/Plugins/VirtualProduction/Takes/Binaries/Win64/UnrealEditor.modules" 899
"../../../Engine/Plugins/Editor/ContentBrowser/ContentBrowserAssetDataSource/Binaries/Win64/UnrealEditor.modules" 900
"../../../Engine/Plugins/Runtime/AudioCapture/Binaries/Win64/UnrealEditor.modules" 901
"../../../Engine/Plugins/MovieScene/LevelSequenceEditor/Binaries/Win64/UnrealEditor.modules" 902
"../../../Engine/Plugins/Developer/NamingTokens/Binaries/Win64/UnrealEditor.modules" 903
"../../../Engine/Plugins/MovieScene/SequencerScripting/Binaries/Win64/UnrealEditor.modules" 904
"../../../Engine/Plugins/Editor/EngineAssetDefinitions/Binaries/Win64/UnrealEditor.modules" 905
"../../../Engine/Plugins/Experimental/PythonScriptPlugin/Binaries/Win64/UnrealEditor.modules" 906
"../../../Engine/Plugins/Editor/ContentBrowser/ContentBrowserFileDataSource/Binaries/Win64/UnrealEditor.modules" 907
"../../../Engine/Plugins/Experimental/GPULightmass/Binaries/Win64/UnrealEditor.modules" 908
"../../../Engine/Plugins/PCG/Binaries/Win64/UnrealEditor.modules" 909
"../../../Engine/Plugins/Editor/EditorScriptingUtilities/Binaries/Win64/UnrealEditor.modules" 910
"../../../Engine/Plugins/Runtime/ComputeFramework/Binaries/Win64/UnrealEditor.modules" 911
"../../../Engine/Plugins/PCGInterops/PCGExternalDataInterop/Binaries/Win64/UnrealEditor.modules" 912
"../../../Engine/Plugins/Importers/AlembicImporter/Binaries/Win64/UnrealEditor.modules" 913
"../../../Engine/Plugins/Runtime/GeometryCache/Binaries/Win64/UnrealEditor.modules" 914
"../../../Engine/Plugins/FX/Niagara/Binaries/Win64/UnrealEditor.modules" 915
"../../../Engine/Plugins/PCGInterops/PCGGeometryScriptInterop/Binaries/Win64/UnrealEditor.modules" 916
"../../../Engine/Plugins/Runtime/GeometryScripting/Binaries/Win64/UnrealEditor.modules" 917
"../../../Engine/Plugins/Runtime/GeometryProcessing/Binaries/Win64/UnrealEditor.modules" 918
"../../../Engine/Plugins/Runtime/MeshModelingToolset/Binaries/Win64/UnrealEditor.modules" 919
"../../../Engine/Plugins/Experimental/PlanarCutPlugin/Binaries/Win64/UnrealEditor.modules" 920
"../../../Engine/Plugins/Editor/ProxyLODPlugin/Binaries/Win64/UnrealEditor.modules" 921
"../../../Engine/Plugins/MovieScene/MoviePipelineMaskRenderPass/Binaries/Win64/UnrealEditor.modules" 922
"../../../Engine/Plugins/MovieScene/MovieRenderPipeline/Binaries/Win64/UnrealEditor.modules" 923
"../../../Engine/Plugins/Runtime/ActorLayerUtilities/Binaries/Win64/UnrealEditor.modules" 924
"../../../Engine/Plugins/Editor/ConsoleVariablesEditor/Binaries/Win64/UnrealEditor.modules" 925
"../../../Engine/Plugins/Compositing/OpenColorIO/Binaries/Win64/UnrealEditor.modules" 926
"../../../Engine/Plugins/ChaosClothAsset/Binaries/Win64/UnrealEditor.modules" 927
"../../../Engine/Plugins/Developer/Concert/ConcertSync/ConcertSyncClient/Binaries/Win64/UnrealEditor.modules" 928
"../../../Engine/Plugins/Developer/Concert/ConcertSync/ConcertSyncCore/Binaries/Win64/UnrealEditor.modules" 929
"../../../Engine/Plugins/Developer/Concert/ConcertMain/Binaries/Win64/UnrealEditor.modules" 930
"../../../Engine/Plugins/Developer/Concert/ConcertUI/ConcertSharedSlate/Binaries/Win64/UnrealEditor.modules" 931
"../../../Engine/Plugins/ChaosCloth/Binaries/Win64/UnrealEditor.modules" 932
"../../../Engine/Plugins/Experimental/Dataflow/Binaries/Win64/UnrealEditor.modules" 933
"../../../Engine/Plugins/Runtime/Database/SQLiteCore/Binaries/Win64/UnrealEditor.modules" 934
"../../../Engine/Plugins/Experimental/ChaosCaching/Binaries/Win64/UnrealEditor.modules" 935
"../../../Engine/Plugins/Experimental/CharacterFXEditor/BaseCharacterFXEditor/Binaries/Win64/UnrealEditor.modules" 936
"../../../Engine/Plugins/Runtime/ProceduralMeshComponent/Binaries/Win64/UnrealEditor.modules" 937
"../../../Engine/Plugins/Experimental/MeshModelingToolsetExp/Binaries/Win64/UnrealEditor.modules" 938
"../../../Engine/Plugins/Experimental/EditorDataStorage/Binaries/Win64/UnrealEditor.modules" 939
"../../../Engine/Plugins/Experimental/EditorDataStorageFeatures/Binaries/Win64/UnrealEditor.modules" 940
"../../../Engine/Plugins/Marketplace/MetaXR/Binaries/Win64/UnrealEditor.modules" 941
"../../../Engine/Plugins/Runtime/AndroidPermission/Binaries/Win64/UnrealEditor.modules" 942
"../../../Engine/Plugins/Editor/PluginBrowser/Binaries/Win64/UnrealEditor.modules" 943
"../../../Engine/Plugins/Developer/PluginUtils/Binaries/Win64/UnrealEditor.modules" 944
"../../../Engine/Plugins/ChaosInsights/Binaries/Win64/UnrealEditor.modules" 945
"../../../Engine/Plugins/ChaosVD/Binaries/Win64/UnrealEditor.modules" 946
"../../../Engine/Plugins/CmdLinkServer/Binaries/Win64/UnrealEditor.modules" 947
"../../../Engine/Plugins/FastBuildController/Binaries/Win64/UnrealEditor.modules" 948
"../../../Engine/Plugins/IoStoreInsights/Binaries/Win64/UnrealEditor.modules" 949
"../../../Engine/Plugins/MassInsights/Binaries/Win64/UnrealEditor.modules" 950
"../../../Engine/Plugins/MeshPainting/Binaries/Win64/UnrealEditor.modules" 951
"../../../Engine/Plugins/Interchange/Editor/Binaries/Win64/UnrealEditor.modules" 952
"../../../Engine/Plugins/Interchange/Runtime/Binaries/Win64/UnrealEditor.modules" 953
"../../../Engine/Plugins/Enterprise/VariantManagerContent/Binaries/Win64/UnrealEditor.modules" 954
"../../../Engine/Plugins/Enterprise/VariantManager/Binaries/Win64/UnrealEditor.modules" 955
"../../../Engine/Plugins/Interchange/Assets/Binaries/Win64/UnrealEditor.modules" 956
"../../../Engine/Plugins/RenderGraphInsights/Binaries/Win64/UnrealEditor.modules" 957
"../../../Engine/Plugins/TraceUtilities/Binaries/Win64/UnrealEditor.modules" 958
"../../../Engine/Plugins/UbaController/Binaries/Win64/UnrealEditor.modules" 959
"../../../Engine/Plugins/WorldMetrics/Binaries/Win64/UnrealEditor.modules" 960
"../../../Engine/Plugins/XGEController/Binaries/Win64/UnrealEditor.modules" 961
"../../../Engine/Plugins/Enterprise/DatasmithContent/Binaries/Win64/UnrealEditor.modules" 962
"../../../Engine/Plugins/Enterprise/GLTFExporter/Binaries/Win64/UnrealEditor.modules" 963
"../../../Engine/Plugins/FX/Cascade/Binaries/Win64/UnrealEditor.modules" 964
"../../../Engine/Plugins/FX/NiagaraSimCaching/Binaries/Win64/UnrealEditor.modules" 965
"../../../Engine/Plugins/Media/AndroidMedia/Binaries/Win64/UnrealEditor.modules" 966
"../../../Engine/Plugins/Media/AvfMedia/Binaries/Win64/UnrealEditor.modules" 967
"../../../Engine/Plugins/Media/ImgMedia/Binaries/Win64/UnrealEditor.modules" 968
"../../../Engine/Plugins/Media/MediaPlayerEditor/Binaries/Win64/UnrealEditor.modules" 969
"../../../Engine/Plugins/Media/MediaCompositing/Binaries/Win64/UnrealEditor.modules" 970
"../../../Engine/Plugins/Media/MediaPlate/Binaries/Win64/UnrealEditor.modules" 971
"../../../Engine/Plugins/Experimental/Compositing/CompositeCore/Binaries/Win64/UnrealEditor.modules" 972
"../../../Engine/Plugins/Media/WmfMedia/Binaries/Win64/UnrealEditor.modules" 973
"../../../Engine/Plugins/NNE/NNEDenoiser/Binaries/Win64/UnrealEditor.modules" 974
"../../../Engine/Plugins/NNE/NNERuntimeORT/Binaries/Win64/UnrealEditor.modules" 975
"../../../Engine/Plugins/Tests/InterchangeTests/Binaries/Win64/UnrealEditor.modules" 976
"../../../Engine/Plugins/2D/Paper2D/Binaries/Win64/UnrealEditor.modules" 977
"../../../Engine/Plugins/AI/AISupport/Binaries/Win64/UnrealEditor.modules" 978
"../../../Engine/Plugins/AI/EnvironmentQueryEditor/Binaries/Win64/UnrealEditor.modules" 979
"../../../Engine/Plugins/Animation/ACLPlugin/Binaries/Win64/UnrealEditor.modules" 980
"../../../Engine/Plugins/Animation/AnimationData/Binaries/Win64/UnrealEditor.modules" 981
"../../../Engine/Plugins/Animation/ControlRig/Binaries/Win64/UnrealEditor.modules" 982
"../../../Engine/Plugins/Runtime/RigVM/Binaries/Win64/UnrealEditor.modules" 983
"../../../Engine/Plugins/Runtime/PropertyAccess/Binaries/Win64/UnrealEditor.modules" 984
"../../../Engine/Plugins/Animation/TweeningUtils/Binaries/Win64/UnrealEditor.modules" 985
"../../../Engine/Plugins/Animation/AnimationModifierLibrary/Binaries/Win64/UnrealEditor.modules" 986
"../../../Engine/Plugins/MetaHuman/MetaHumanSDK/Binaries/Win64/UnrealEditor.modules" 987
"../../../Engine/Plugins/Runtime/HairStrands/Binaries/Win64/UnrealEditor.modules" 988
"../../../Engine/Plugins/Animation/RigLogic/Binaries/Win64/UnrealEditor.modules" 989
"../../../Engine/Plugins/Online/EOSShared/Binaries/Win64/UnrealEditor.modules" 990
"../../../Engine/Plugins/Animation/DeformerGraph/Binaries/Win64/UnrealEditor.modules" 991
"../../../Engine/Plugins/Animation/BlendSpaceMotionAnalysis/Binaries/Win64/UnrealEditor.modules" 992
"../../../Engine/Plugins/Animation/ControlRigSpline/Binaries/Win64/UnrealEditor.modules" 993
"../../../Engine/Plugins/Animation/IKRig/Binaries/Win64/UnrealEditor.modules" 994
"../../../Engine/Plugins/Experimental/FullBodyIK/Binaries/Win64/UnrealEditor.modules" 995
"../../../Engine/Plugins/Cameras/CameraShakePreviewer/Binaries/Win64/UnrealEditor.modules" 996
"../../../Engine/Plugins/Cameras/GameplayCameras/Binaries/Win64/UnrealEditor.modules" 997
"../../../Engine/Plugins/VirtualProduction/CameraCalibrationCore/Binaries/Win64/UnrealEditor.modules" 998
"../../../Engine/Plugins/Runtime/StateTree/Binaries/Win64/UnrealEditor.modules" 999
"../../../Engine/Plugins/MovieScene/TemplateSequence/Binaries/Win64/UnrealEditor.modules" 1000
"../../../Engine/Plugins/Animation/GameplayInsights/Binaries/Win64/UnrealEditor.modules" 1001
"../../../Engine/Plugins/Runtime/PropertyBindingUtils/Binaries/Win64/UnrealEditor.modules" 1002
"../../../Engine/Plugins/Animation/SkeletalMeshModelingTools/Binaries/Win64/UnrealEditor.modules" 1003
"../../../Engine/Plugins/Editor/ModelingToolsEditorMode/Binaries/Win64/UnrealEditor.modules" 1004
"../../../Engine/Plugins/Editor/MeshLODToolset/Binaries/Win64/UnrealEditor.modules" 1005
"../../../Engine/Plugins/Experimental/ToolPresets/Binaries/Win64/UnrealEditor.modules" 1006
"../../../Engine/Plugins/Editor/StylusInput/Binaries/Win64/UnrealEditor.modules" 1007
"../../../Engine/Plugins/Experimental/GeometryFlow/Binaries/Win64/UnrealEditor.modules" 1008
"../../../Engine/Plugins/Cameras/EngineCameras/Binaries/Win64/UnrealEditor.modules" 1009
"../../../Engine/Plugins/Compression/OodleNetwork/Binaries/Win64/UnrealEditor.modules" 1010
"../../../Engine/Plugins/Developer/AnimationSharing/Binaries/Win64/UnrealEditor.modules" 1011
"../../../Engine/Plugins/Runtime/SignificanceManager/Binaries/Win64/UnrealEditor.modules" 1012
"../../../Engine/Plugins/Developer/CLionSourceCodeAccess/Binaries/Win64/UnrealEditor.modules" 1013
"../../../Engine/Plugins/Developer/DumpGPUServices/Binaries/Win64/UnrealEditor.modules" 1014
"../../../Engine/Plugins/Developer/GitSourceControl/Binaries/Win64/UnrealEditor.modules" 1015
"../../../Engine/Plugins/Developer/N10XSourceCodeAccess/Binaries/Win64/UnrealEditor.modules" 1016
"../../../Engine/Plugins/Developer/PerforceSourceControl/Binaries/Win64/UnrealEditor.modules" 1017
"../../../Engine/Plugins/Developer/PixWinPlugin/Binaries/Win64/UnrealEditor.modules" 1018
"../../../Engine/Plugins/Developer/ProjectLauncher/Binaries/Win64/UnrealEditor.modules" 1019
"../../../Engine/Plugins/Developer/PlasticSourceControl/Binaries/Win64/UnrealEditor.modules" 1020
"../../../Engine/Plugins/Developer/PropertyAccessNode/Binaries/Win64/UnrealEditor.modules" 1021
"../../../Engine/Plugins/Developer/RenderDocPlugin/Binaries/Win64/UnrealEditor.modules" 1022
"../../../Engine/Plugins/Developer/RiderSourceCodeAccess/Binaries/Win64/UnrealEditor.modules" 1023
"../../../Engine/Plugins/Developer/SubversionSourceControl/Binaries/Win64/UnrealEditor.modules" 1024
"../../../Engine/Plugins/Developer/TextureFormatOodle/Binaries/Win64/UnrealEditor.modules" 1025
"../../../Engine/Plugins/Developer/UObjectPlugin/Binaries/Win64/UnrealEditor.modules" 1026
"../../../Engine/Plugins/Developer/VisualStudioSourceCodeAccess/Binaries/Win64/UnrealEditor.modules" 1027
"../../../Engine/Plugins/Developer/VisualStudioCodeSourceCodeAccess/Binaries/Win64/UnrealEditor.modules" 1028
"../../../Engine/Plugins/Editor/AssetManagerEditor/Binaries/Win64/UnrealEditor.modules" 1029
"../../../Engine/Plugins/Editor/BlueprintHeaderView/Binaries/Win64/UnrealEditor.modules" 1030
"../../../Engine/Plugins/Editor/ColorGrading/Binaries/Win64/UnrealEditor.modules" 1031
"../../../Engine/Plugins/Editor/ObjectMixer/ObjectMixer/Binaries/Win64/UnrealEditor.modules" 1032
"../../../Engine/Plugins/Editor/ChangelistReview/Binaries/Win64/UnrealEditor.modules" 1033
"../../../Engine/Plugins/Editor/CryptoKeys/Binaries/Win64/UnrealEditor.modules" 1034
"../../../Engine/Plugins/Editor/CurveEditorTools/Binaries/Win64/UnrealEditor.modules" 1035
"../../../Engine/Plugins/Editor/EditorDebugTools/Binaries/Win64/UnrealEditor.modules" 1036
"../../../Engine/Plugins/Editor/GameplayTagsEditor/Binaries/Win64/UnrealEditor.modules" 1037
"../../../Engine/Plugins/Editor/FacialAnimation/Binaries/Win64/UnrealEditor.modules" 1038
"../../../Engine/Plugins/Editor/GeometryMode/Binaries/Win64/UnrealEditor.modules" 1039
"../../../Engine/Plugins/Editor/MaterialAnalyzer/Binaries/Win64/UnrealEditor.modules" 1040
"../../../Engine/Plugins/Editor/MobileLauncherProfileWizard/Binaries/Win64/UnrealEditor.modules" 1041
"../../../Engine/Plugins/Editor/SequencerAnimTools/Binaries/Win64/UnrealEditor.modules" 1042
"../../../Engine/Plugins/Editor/SpeedTreeImporter/Binaries/Win64/UnrealEditor.modules" 1043
"../../../Engine/Plugins/Editor/UMGWidgetPreview/Binaries/Win64/UnrealEditor.modules" 1044
"../../../Engine/Plugins/Editor/UVEditor/Binaries/Win64/UnrealEditor.modules" 1045
"../../../Engine/Plugins/Editor/WorldPartitionHLODUtilities/Binaries/Win64/UnrealEditor.modules" 1046
"../../../Engine/Plugins/Experimental/AdvancedRenamer/Binaries/Win64/UnrealEditor.modules" 1047
"../../../Engine/Plugins/Experimental/AutomationUtils/Binaries/Win64/UnrealEditor.modules" 1048
"../../../Engine/Plugins/Experimental/BackChannel/Binaries/Win64/UnrealEditor.modules" 1049
"../../../Engine/Plugins/Experimental/ChaosEditor/Binaries/Win64/UnrealEditor.modules" 1050
"../../../Engine/Plugins/Experimental/GeometryCollectionPlugin/Binaries/Win64/UnrealEditor.modules" 1051
"../../../Engine/Plugins/Experimental/Fracture/Binaries/Win64/UnrealEditor.modules" 1052
"../../../Engine/Plugins/Experimental/ChaosSolverPlugin/Binaries/Win64/UnrealEditor.modules" 1053
"../../../Engine/Plugins/Experimental/GeometryDataflow/Binaries/Win64/UnrealEditor.modules" 1054
"../../../Engine/Plugins/Experimental/ChaosUserDataPT/Binaries/Win64/UnrealEditor.modules" 1055
"../../../Engine/Plugins/Experimental/CharacterAI/Binaries/Win64/UnrealEditor.modules" 1056
"../../../Engine/Plugins/Experimental/EditorPerformance/Binaries/Win64/UnrealEditor.modules" 1057
"../../../Engine/Plugins/Experimental/EditorTelemetry/Binaries/Win64/UnrealEditor.modules" 1058
"../../../Engine/Plugins/Experimental/ChaosNiagara/Binaries/Win64/UnrealEditor.modules" 1059
"../../../Engine/Plugins/Experimental/LevelSequenceNavigatorBridge/Binaries/Win64/UnrealEditor.modules" 1060
"../../../Engine/Plugins/Experimental/SequenceNavigator/Binaries/Win64/UnrealEditor.modules" 1061
"../../../Engine/Plugins/Experimental/LocalizableMessage/Binaries/Win64/UnrealEditor.modules" 1062
"../../../Engine/Plugins/Experimental/NFORDenoise/Binaries/Win64/UnrealEditor.modules" 1063
"../../../Engine/Plugins/Experimental/PlatformCrypto/Binaries/Win64/UnrealEditor.modules" 1064
"../../../Engine/Plugins/Experimental/RuntimeTelemetry/Binaries/Win64/UnrealEditor.modules" 1065
"../../../Engine/Plugins/Experimental/SkeletalReduction/Binaries/Win64/UnrealEditor.modules" 1066
"../../../Engine/Plugins/Messaging/TcpMessaging/Binaries/Win64/UnrealEditor.modules" 1067
"../../../Engine/Plugins/Messaging/UdpMessaging/Binaries/Win64/UnrealEditor.modules" 1068
"../../../Engine/Plugins/MovieScene/ActorSequence/Binaries/Win64/UnrealEditor.modules" 1069
"../../../Engine/Plugins/Online/OnlineBase/Binaries/Win64/UnrealEditor.modules" 1070
"../../../Engine/Plugins/Online/OnlineSubsystem/Binaries/Win64/UnrealEditor.modules" 1071
"../../../Engine/Plugins/Online/OnlineSubsystemNull/Binaries/Win64/UnrealEditor.modules" 1072
"../../../Engine/Plugins/Online/OnlineSubsystemUtils/Binaries/Win64/UnrealEditor.modules" 1073
"../../../Engine/Plugins/Online/OnlineServices/Binaries/Win64/UnrealEditor.modules" 1074
"../../../Engine/Plugins/Portal/LauncherChunkInstaller/Binaries/Win64/UnrealEditor.modules" 1075
"../../../Engine/Plugins/Runtime/AndroidDeviceProfileSelector/Binaries/Win64/UnrealEditor.modules" 1076
"../../../Engine/Plugins/Runtime/AppleImageUtils/Binaries/Win64/UnrealEditor.modules" 1077
"../../../Engine/Plugins/Runtime/AndroidFileServer/Binaries/Win64/UnrealEditor.modules" 1078
"../../../Engine/Plugins/Runtime/ArchVisCharacter/Binaries/Win64/UnrealEditor.modules" 1079
"../../../Engine/Plugins/Runtime/AssetTags/Binaries/Win64/UnrealEditor.modules" 1080
"../../../Engine/Plugins/Runtime/CableComponent/Binaries/Win64/UnrealEditor.modules" 1081
"../../../Engine/Plugins/Runtime/ChunkDownloader/Binaries/Win64/UnrealEditor.modules" 1082
"../../../Engine/Plugins/Runtime/CustomMeshComponent/Binaries/Win64/UnrealEditor.modules" 1083
"../../../Engine/Plugins/Runtime/ExampleDeviceProfileSelector/Binaries/Win64/UnrealEditor.modules" 1084
"../../../Engine/Plugins/Runtime/GooglePAD/Binaries/Win64/UnrealEditor.modules" 1085
"../../../Engine/Plugins/Runtime/InputDebugging/Binaries/Win64/UnrealEditor.modules" 1086
"../../../Engine/Plugins/Runtime/LocationServicesBPLibrary/Binaries/Win64/UnrealEditor.modules" 1087
"../../../Engine/Plugins/Runtime/Metasound/Binaries/Win64/UnrealEditor.modules" 1088
"../../../Engine/Plugins/Runtime/AudioWidgets/Binaries/Win64/UnrealEditor.modules" 1089
"../../../Engine/Plugins/Runtime/AudioSynesthesia/Binaries/Win64/UnrealEditor.modules" 1090
"../../../Engine/Plugins/Runtime/WaveTable/Binaries/Win64/UnrealEditor.modules" 1091
"../../../Engine/Plugins/Runtime/MobilePatchingUtils/Binaries/Win64/UnrealEditor.modules" 1092
"../../../Engine/Plugins/Runtime/MsQuic/Binaries/Win64/UnrealEditor.modules" 1093
"../../../Engine/Plugins/Runtime/ResonanceAudio/Binaries/Win64/UnrealEditor.modules" 1094
"../../../Engine/Plugins/Runtime/SoundFields/Binaries/Win64/UnrealEditor.modules" 1095
"../../../Engine/Plugins/Runtime/Synthesis/Binaries/Win64/UnrealEditor.modules" 1096
"../../../Engine/Plugins/Runtime/WindowsDeviceProfileSelector/Binaries/Win64/UnrealEditor.modules" 1097
"../../../Engine/Plugins/Runtime/WebMMoviePlayer/Binaries/Win64/UnrealEditor.modules" 1098
"../../../Engine/Plugins/Media/WebMMedia/Binaries/Win64/UnrealEditor.modules" 1099
"../../../Engine/Plugins/Runtime/WindowsMoviePlayer/Binaries/Win64/UnrealEditor.modules" 1100
"../../../Engine/Plugins/Editor/Localization/PortableObjectFileDataSource/Binaries/Win64/UnrealEditor.modules" 1101
"../../../Engine/Plugins/Editor/ContentBrowser/ContentBrowserClassDataSource/Binaries/Win64/UnrealEditor.modules" 1102
"../../../Engine/Plugins/Editor/ObjectMixer/LightMixer/Binaries/Win64/UnrealEditor.modules" 1103
"../../../Engine/Plugins/Runtime/Windows/XInputDevice/Binaries/Win64/UnrealEditor.modules" 1104
"../../../Engine/Config/BaseSourceControlSettings.ini" 1105
"../../../Engine/Content/Internationalization/icudt64l/coll/ucadata.icu" 1106
"../../../Engine/Content/Internationalization/icudt64l/coll/ru.res" 1107
"../../../Engine/Content/Internationalization/icudt64l/coll/root.res" 1108
"../../../Engine/Content/Certificates/ThirdParty/cacert.pem" 1109
"../../../Engine/Config/ConsoleVariables.ini" 1110
"../../../Engine/Binaries/Win64/Android/UnrealEditor.modules" 1111
"../../../Engine/Binaries/Win64/IOS/UnrealEditor.modules" 1112
"../../../Engine/Binaries/Win64/Linux/UnrealEditor.modules" 1113
"../../../Engine/Content/Localization/Editor/en/Editor.locres" 1114
"../../../Engine/Content/Localization/EditorTutorials/en/EditorTutorials.locres" 1115
"../../../Engine/Content/Localization/Keywords/en/Keywords.locres" 1116
"../../../Engine/Content/Localization/Category/en/Category.locres" 1117
"../../../Engine/Content/Localization/ToolTips/en/ToolTips.locres" 1118
"../../../Engine/Content/Localization/PropertyNames/en/PropertyNames.locres" 1119
"../../../Engine/Content/Localization/Engine/en/Engine.locres" 1120
"../../../Engine/Plugins/MetaHuman/MetaHumanSDK/Content/Localization/MetaHumanSDK/en/MetaHumanSDK.locres" 1121
"../../../Engine/Plugins/Online/OnlineSubsystem/Content/Localization/OnlineSubsystem/en/OnlineSubsystem.locres" 1122
"../../../Engine/Plugins/Online/OnlineSubsystemUtils/Content/Localization/OnlineSubsystemUtils/en/OnlineSubsystemUtils.locres" 1123
"../../../Engine/Plugins/Online/IOS/OnlineSubsystemIOS/Content/Localization/OnlineSubsystemIOS/en/OnlineSubsystemIOS.locres" 1124
"../../../Engine/Plugins/Online/Android/OnlineSubsystemGooglePlay/Content/Localization/OnlineSubsystemGooglePlay/en/OnlineSubsystemGooglePlay.locres" 1125
"../../../Engine/Content/Internationalization/icudt64l/ru_UA.res" 1126
"../../../Engine/Content/Internationalization/icudt64l/numberingSystems.res" 1127
"../../../Engine/Content/Internationalization/icudt64l/curr/supplementalData.res" 1128
"../../../Engine/Content/Internationalization/icudt64l/curr/ru.res" 1129
"../../../Engine/Content/Internationalization/icudt64l/curr/pool.res" 1130
"../../../Engine/Content/Internationalization/icudt64l/curr/root.res" 1131
"../../../Engine/Content/Internationalization/icudt64l/lang/af.res" 1132
"../../../Engine/Content/Internationalization/icudt64l/region/af.res" 1133
"../../../Engine/Content/Internationalization/icudt64l/lang/agq.res" 1134
"../../../Engine/Content/Internationalization/icudt64l/region/agq.res" 1135
"../../../Engine/Content/Internationalization/icudt64l/lang/ak.res" 1136
"../../../Engine/Content/Internationalization/icudt64l/region/ak.res" 1137
"../../../Engine/Content/Internationalization/icudt64l/lang/am.res" 1138
"../../../Engine/Content/Internationalization/icudt64l/region/am.res" 1139
"../../../Engine/Content/Internationalization/icudt64l/lang/ar.res" 1140
"../../../Engine/Content/Internationalization/icudt64l/region/ar.res" 1141
"../../../Engine/Content/Internationalization/icudt64l/region/ar_AE.res" 1142
"../../../Engine/Content/Internationalization/icudt64l/lang/ar_EG.res" 1143
"../../../Engine/Content/Internationalization/icudt64l/lang/ar_LY.res" 1144
"../../../Engine/Content/Internationalization/icudt64l/region/ar_LY.res" 1145
"../../../Engine/Content/Internationalization/icudt64l/lang/ar_SA.res" 1146
"../../../Engine/Content/Internationalization/icudt64l/region/ar_SA.res" 1147
"../../../Engine/Content/Internationalization/icudt64l/lang/as.res" 1148
"../../../Engine/Content/Internationalization/icudt64l/region/as.res" 1149
"../../../Engine/Content/Internationalization/icudt64l/lang/asa.res" 1150
"../../../Engine/Content/Internationalization/icudt64l/region/asa.res" 1151
"../../../Engine/Content/Internationalization/icudt64l/lang/ast.res" 1152
"../../../Engine/Content/Internationalization/icudt64l/region/ast.res" 1153
"../../../Engine/Content/Internationalization/icudt64l/lang/az.res" 1154
"../../../Engine/Content/Internationalization/icudt64l/lang/az_Cyrl.res" 1155
"../../../Engine/Content/Internationalization/icudt64l/lang/az_AZ.res" 1156
"../../../Engine/Content/Internationalization/icudt64l/lang/az_Latn_AZ.res" 1157
"../../../Engine/Content/Internationalization/icudt64l/lang/az_Latn.res" 1158
"../../../Engine/Content/Internationalization/icudt64l/region/az_AZ.res" 1159
"../../../Engine/Content/Internationalization/icudt64l/region/az_Latn_AZ.res" 1160
"../../../Engine/Content/Internationalization/icudt64l/region/az_Latn.res" 1161
"../../../Engine/Content/Internationalization/icudt64l/region/az.res" 1162
"../../../Engine/Content/Internationalization/icudt64l/region/az_Cyrl.res" 1163
"../../../Engine/Content/Internationalization/icudt64l/lang/bas.res" 1164
"../../../Engine/Content/Internationalization/icudt64l/region/bas.res" 1165
"../../../Engine/Content/Internationalization/icudt64l/lang/be.res" 1166
"../../../Engine/Content/Internationalization/icudt64l/region/be.res" 1167
"../../../Engine/Content/Internationalization/icudt64l/lang/bem.res" 1168
"../../../Engine/Content/Internationalization/icudt64l/region/bem.res" 1169
"../../../Engine/Content/Internationalization/icudt64l/lang/bez.res" 1170
"../../../Engine/Content/Internationalization/icudt64l/region/bez.res" 1171
"../../../Engine/Content/Internationalization/icudt64l/lang/bg.res" 1172
"../../../Engine/Content/Internationalization/icudt64l/region/bg.res" 1173
"../../../Engine/Content/Internationalization/icudt64l/lang/bm.res" 1174
"../../../Engine/Content/Internationalization/icudt64l/region/bm.res" 1175
"../../../Engine/Content/Internationalization/icudt64l/lang/bn.res" 1176
"../../../Engine/Content/Internationalization/icudt64l/region/bn.res" 1177
"../../../Engine/Content/Internationalization/icudt64l/lang/bn_IN.res" 1178
"../../../Engine/Content/Internationalization/icudt64l/region/bn_IN.res" 1179
"../../../Engine/Content/Internationalization/icudt64l/lang/bo.res" 1180
"../../../Engine/Content/Internationalization/icudt64l/region/bo.res" 1181
"../../../Engine/Content/Internationalization/icudt64l/region/bo_IN.res" 1182
"../../../Engine/Content/Internationalization/icudt64l/lang/br.res" 1183
"../../../Engine/Content/Internationalization/icudt64l/region/br.res" 1184
"../../../Engine/Content/Internationalization/icudt64l/lang/brx.res" 1185
"../../../Engine/Content/Internationalization/icudt64l/region/brx.res" 1186
"../../../Engine/Content/Internationalization/icudt64l/lang/bs.res" 1187
"../../../Engine/Content/Internationalization/icudt64l/lang/bs_Cyrl.res" 1188
"../../../Engine/Content/Internationalization/icudt64l/lang/bs_BA.res" 1189
"../../../Engine/Content/Internationalization/icudt64l/lang/bs_Latn_BA.res" 1190
"../../../Engine/Content/Internationalization/icudt64l/lang/bs_Latn.res" 1191
"../../../Engine/Content/Internationalization/icudt64l/region/bs_BA.res" 1192
"../../../Engine/Content/Internationalization/icudt64l/region/bs_Latn_BA.res" 1193
"../../../Engine/Content/Internationalization/icudt64l/region/bs_Latn.res" 1194
"../../../Engine/Content/Internationalization/icudt64l/region/bs.res" 1195
"../../../Engine/Content/Internationalization/icudt64l/region/bs_Cyrl.res" 1196
"../../../Engine/Content/Internationalization/icudt64l/lang/ca.res" 1197
"../../../Engine/Content/Internationalization/icudt64l/region/ca.res" 1198
"../../../Engine/Content/Internationalization/icudt64l/lang/ccp.res" 1199
"../../../Engine/Content/Internationalization/icudt64l/region/ccp.res" 1200
"../../../Engine/Content/Internationalization/icudt64l/lang/ce.res" 1201
"../../../Engine/Content/Internationalization/icudt64l/region/ce.res" 1202
"../../../Engine/Content/Internationalization/icudt64l/lang/ceb.res" 1203
"../../../Engine/Content/Internationalization/icudt64l/region/ceb.res" 1204
"../../../Engine/Content/Internationalization/icudt64l/lang/cgg.res" 1205
"../../../Engine/Content/Internationalization/icudt64l/region/cgg.res" 1206
"../../../Engine/Content/Internationalization/icudt64l/lang/chr.res" 1207
"../../../Engine/Content/Internationalization/icudt64l/region/chr.res" 1208
"../../../Engine/Content/Internationalization/icudt64l/lang/ckb.res" 1209
"../../../Engine/Content/Internationalization/icudt64l/region/ckb.res" 1210
"../../../Engine/Content/Internationalization/icudt64l/lang/cs.res" 1211
"../../../Engine/Content/Internationalization/icudt64l/region/cs.res" 1212
"../../../Engine/Content/Internationalization/icudt64l/lang/cy.res" 1213
"../../../Engine/Content/Internationalization/icudt64l/region/cy.res" 1214
"../../../Engine/Content/Internationalization/icudt64l/lang/da.res" 1215
"../../../Engine/Content/Internationalization/icudt64l/region/da.res" 1216
"../../../Engine/Content/Internationalization/icudt64l/lang/dav.res" 1217
"../../../Engine/Content/Internationalization/icudt64l/region/dav.res" 1218
"../../../Engine/Content/Internationalization/icudt64l/lang/de.res" 1219
"../../../Engine/Content/Internationalization/icudt64l/lang/de_AT.res" 1220
"../../../Engine/Content/Internationalization/icudt64l/region/de_AT.res" 1221
"../../../Engine/Content/Internationalization/icudt64l/region/de.res" 1222
"../../../Engine/Content/Internationalization/icudt64l/lang/de_CH.res" 1223
"../../../Engine/Content/Internationalization/icudt64l/region/de_CH.res" 1224
"../../../Engine/Content/Internationalization/icudt64l/lang/de_LU.res" 1225
"../../../Engine/Content/Internationalization/icudt64l/lang/dje.res" 1226
"../../../Engine/Content/Internationalization/icudt64l/region/dje.res" 1227
"../../../Engine/Content/Internationalization/icudt64l/lang/dsb.res" 1228
"../../../Engine/Content/Internationalization/icudt64l/region/dsb.res" 1229
"../../../Engine/Content/Internationalization/icudt64l/lang/dua.res" 1230
"../../../Engine/Content/Internationalization/icudt64l/region/dua.res" 1231
"../../../Engine/Content/Internationalization/icudt64l/lang/dyo.res" 1232
"../../../Engine/Content/Internationalization/icudt64l/region/dyo.res" 1233
"../../../Engine/Content/Internationalization/icudt64l/lang/dz.res" 1234
"../../../Engine/Content/Internationalization/icudt64l/region/dz.res" 1235
"../../../Engine/Content/Internationalization/icudt64l/lang/ebu.res" 1236
"../../../Engine/Content/Internationalization/icudt64l/region/ebu.res" 1237
"../../../Engine/Content/Internationalization/icudt64l/lang/ee.res" 1238
"../../../Engine/Content/Internationalization/icudt64l/region/ee.res" 1239
"../../../Engine/Content/Internationalization/icudt64l/lang/el.res" 1240
"../../../Engine/Content/Internationalization/icudt64l/region/el.res" 1241
"../../../Engine/Content/Internationalization/icudt64l/lang/en_001.res" 1242
"../../../Engine/Content/Internationalization/icudt64l/lang/en_150.res" 1243
"../../../Engine/Content/Internationalization/icudt64l/region/en_150.res" 1244
"../../../Engine/Content/Internationalization/icudt64l/lang/en_AG.res" 1245
"../../../Engine/Content/Internationalization/icudt64l/region/en_AG.res" 1246
"../../../Engine/Content/Internationalization/icudt64l/lang/en_AI.res" 1247
"../../../Engine/Content/Internationalization/icudt64l/region/en_AI.res" 1248
"../../../Engine/Content/Internationalization/icudt64l/lang/en_AT.res" 1249
"../../../Engine/Content/Internationalization/icudt64l/region/en_AT.res" 1250
"../../../Engine/Content/Internationalization/icudt64l/lang/en_AU.res" 1251
"../../../Engine/Content/Internationalization/icudt64l/region/en_AU.res" 1252
"../../../Engine/Content/Internationalization/icudt64l/lang/en_BB.res" 1253
"../../../Engine/Content/Internationalization/icudt64l/region/en_BB.res" 1254
"../../../Engine/Content/Internationalization/icudt64l/lang/en_BE.res" 1255
"../../../Engine/Content/Internationalization/icudt64l/region/en_BE.res" 1256
"../../../Engine/Content/Internationalization/icudt64l/lang/en_BM.res" 1257
"../../../Engine/Content/Internationalization/icudt64l/region/en_BM.res" 1258
"../../../Engine/Content/Internationalization/icudt64l/lang/en_BS.res" 1259
"../../../Engine/Content/Internationalization/icudt64l/region/en_BS.res" 1260
"../../../Engine/Content/Internationalization/icudt64l/lang/en_BW.res" 1261
"../../../Engine/Content/Internationalization/icudt64l/region/en_BW.res" 1262
"../../../Engine/Content/Internationalization/icudt64l/lang/en_BZ.res" 1263
"../../../Engine/Content/Internationalization/icudt64l/region/en_BZ.res" 1264
"../../../Engine/Content/Internationalization/icudt64l/lang/en_CA.res" 1265
"../../../Engine/Content/Internationalization/icudt64l/region/en_CA.res" 1266
"../../../Engine/Content/Internationalization/icudt64l/lang/en_CC.res" 1267
"../../../Engine/Content/Internationalization/icudt64l/region/en_CC.res" 1268
"../../../Engine/Content/Internationalization/icudt64l/lang/en_CH.res" 1269
"../../../Engine/Content/Internationalization/icudt64l/region/en_CH.res" 1270
"../../../Engine/Content/Internationalization/icudt64l/lang/en_CK.res" 1271
"../../../Engine/Content/Internationalization/icudt64l/region/en_CK.res" 1272
"../../../Engine/Content/Internationalization/icudt64l/lang/en_CM.res" 1273
"../../../Engine/Content/Internationalization/icudt64l/region/en_CM.res" 1274
"../../../Engine/Content/Internationalization/icudt64l/lang/en_CX.res" 1275
"../../../Engine/Content/Internationalization/icudt64l/region/en_CX.res" 1276
"../../../Engine/Content/Internationalization/icudt64l/lang/en_CY.res" 1277
"../../../Engine/Content/Internationalization/icudt64l/region/en_CY.res" 1278
"../../../Engine/Content/Internationalization/icudt64l/lang/en_DE.res" 1279
"../../../Engine/Content/Internationalization/icudt64l/region/en_DE.res" 1280
"../../../Engine/Content/Internationalization/icudt64l/lang/en_DG.res" 1281
"../../../Engine/Content/Internationalization/icudt64l/region/en_DG.res" 1282
"../../../Engine/Content/Internationalization/icudt64l/lang/en_DK.res" 1283
"../../../Engine/Content/Internationalization/icudt64l/region/en_DK.res" 1284
"../../../Engine/Content/Internationalization/icudt64l/lang/en_DM.res" 1285
"../../../Engine/Content/Internationalization/icudt64l/region/en_DM.res" 1286
"../../../Engine/Content/Internationalization/icudt64l/lang/en_ER.res" 1287
"../../../Engine/Content/Internationalization/icudt64l/region/en_ER.res" 1288
"../../../Engine/Content/Internationalization/icudt64l/lang/en_FI.res" 1289
"../../../Engine/Content/Internationalization/icudt64l/region/en_FI.res" 1290
"../../../Engine/Content/Internationalization/icudt64l/lang/en_FJ.res" 1291
"../../../Engine/Content/Internationalization/icudt64l/region/en_FJ.res" 1292
"../../../Engine/Content/Internationalization/icudt64l/lang/en_FK.res" 1293
"../../../Engine/Content/Internationalization/icudt64l/region/en_FK.res" 1294
"../../../Engine/Content/Internationalization/icudt64l/lang/en_FM.res" 1295
"../../../Engine/Content/Internationalization/icudt64l/region/en_FM.res" 1296
"../../../Engine/Content/Internationalization/icudt64l/lang/en_GB.res" 1297
"../../../Engine/Content/Internationalization/icudt64l/region/en_GB.res" 1298
"../../../Engine/Content/Internationalization/icudt64l/lang/en_GD.res" 1299
"../../../Engine/Content/Internationalization/icudt64l/region/en_GD.res" 1300
"../../../Engine/Content/Internationalization/icudt64l/lang/en_GG.res" 1301
"../../../Engine/Content/Internationalization/icudt64l/region/en_GG.res" 1302
"../../../Engine/Content/Internationalization/icudt64l/lang/en_GH.res" 1303
"../../../Engine/Content/Internationalization/icudt64l/region/en_GH.res" 1304
"../../../Engine/Content/Internationalization/icudt64l/lang/en_GI.res" 1305
"../../../Engine/Content/Internationalization/icudt64l/region/en_GI.res" 1306
"../../../Engine/Content/Internationalization/icudt64l/lang/en_GM.res" 1307
"../../../Engine/Content/Internationalization/icudt64l/region/en_GM.res" 1308
"../../../Engine/Content/Internationalization/icudt64l/lang/en_GY.res" 1309
"../../../Engine/Content/Internationalization/icudt64l/region/en_GY.res" 1310
"../../../Engine/Content/Internationalization/icudt64l/lang/en_HK.res" 1311
"../../../Engine/Content/Internationalization/icudt64l/region/en_HK.res" 1312
"../../../Engine/Content/Internationalization/icudt64l/lang/en_IE.res" 1313
"../../../Engine/Content/Internationalization/icudt64l/region/en_IE.res" 1314
"../../../Engine/Content/Internationalization/icudt64l/lang/en_IL.res" 1315
"../../../Engine/Content/Internationalization/icudt64l/region/en_IL.res" 1316
"../../../Engine/Content/Internationalization/icudt64l/lang/en_IM.res" 1317
"../../../Engine/Content/Internationalization/icudt64l/region/en_IM.res" 1318
"../../../Engine/Content/Internationalization/icudt64l/lang/en_IN.res" 1319
"../../../Engine/Content/Internationalization/icudt64l/region/en_IN.res" 1320
"../../../Engine/Content/Internationalization/icudt64l/lang/en_IO.res" 1321
"../../../Engine/Content/Internationalization/icudt64l/region/en_IO.res" 1322
"../../../Engine/Content/Internationalization/icudt64l/lang/en_JE.res" 1323
"../../../Engine/Content/Internationalization/icudt64l/region/en_JE.res" 1324
"../../../Engine/Content/Internationalization/icudt64l/lang/en_JM.res" 1325
"../../../Engine/Content/Internationalization/icudt64l/region/en_JM.res" 1326
"../../../Engine/Content/Internationalization/icudt64l/lang/en_KE.res" 1327
"../../../Engine/Content/Internationalization/icudt64l/region/en_KE.res" 1328
"../../../Engine/Content/Internationalization/icudt64l/lang/en_KI.res" 1329
"../../../Engine/Content/Internationalization/icudt64l/region/en_KI.res" 1330
"../../../Engine/Content/Internationalization/icudt64l/lang/en_KN.res" 1331
"../../../Engine/Content/Internationalization/icudt64l/region/en_KN.res" 1332
"../../../Engine/Content/Internationalization/icudt64l/lang/en_KY.res" 1333
"../../../Engine/Content/Internationalization/icudt64l/region/en_KY.res" 1334
"../../../Engine/Content/Internationalization/icudt64l/lang/en_LC.res" 1335
"../../../Engine/Content/Internationalization/icudt64l/region/en_LC.res" 1336
"../../../Engine/Content/Internationalization/icudt64l/lang/en_LR.res" 1337
"../../../Engine/Content/Internationalization/icudt64l/region/en_LR.res" 1338
"../../../Engine/Content/Internationalization/icudt64l/lang/en_LS.res" 1339
"../../../Engine/Content/Internationalization/icudt64l/region/en_LS.res" 1340
"../../../Engine/Content/Internationalization/icudt64l/lang/en_MG.res" 1341
"../../../Engine/Content/Internationalization/icudt64l/region/en_MG.res" 1342
"../../../Engine/Content/Internationalization/icudt64l/lang/en_MO.res" 1343
"../../../Engine/Content/Internationalization/icudt64l/region/en_MO.res" 1344
"../../../Engine/Content/Internationalization/icudt64l/lang/en_MS.res" 1345
"../../../Engine/Content/Internationalization/icudt64l/region/en_MS.res" 1346
"../../../Engine/Content/Internationalization/icudt64l/lang/en_MT.res" 1347
"../../../Engine/Content/Internationalization/icudt64l/region/en_MT.res" 1348
"../../../Engine/Content/Internationalization/icudt64l/lang/en_MU.res" 1349
"../../../Engine/Content/Internationalization/icudt64l/region/en_MU.res" 1350
"../../../Engine/Content/Internationalization/icudt64l/lang/en_MW.res" 1351
"../../../Engine/Content/Internationalization/icudt64l/region/en_MW.res" 1352
"../../../Engine/Content/Internationalization/icudt64l/lang/en_MY.res" 1353
"../../../Engine/Content/Internationalization/icudt64l/region/en_MY.res" 1354
"../../../Engine/Content/Internationalization/icudt64l/lang/en_NA.res" 1355
"../../../Engine/Content/Internationalization/icudt64l/region/en_NA.res" 1356
"../../../Engine/Content/Internationalization/icudt64l/lang/en_NF.res" 1357
"../../../Engine/Content/Internationalization/icudt64l/region/en_NF.res" 1358
"../../../Engine/Content/Internationalization/icudt64l/lang/en_NG.res" 1359
"../../../Engine/Content/Internationalization/icudt64l/region/en_NG.res" 1360
"../../../Engine/Content/Internationalization/icudt64l/lang/en_NL.res" 1361
"../../../Engine/Content/Internationalization/icudt64l/region/en_NL.res" 1362
"../../../Engine/Content/Internationalization/icudt64l/lang/en_NR.res" 1363
"../../../Engine/Content/Internationalization/icudt64l/region/en_NR.res" 1364
"../../../Engine/Content/Internationalization/icudt64l/lang/en_NU.res" 1365
"../../../Engine/Content/Internationalization/icudt64l/region/en_NU.res" 1366
"../../../Engine/Content/Internationalization/icudt64l/lang/en_NZ.res" 1367
"../../../Engine/Content/Internationalization/icudt64l/region/en_NZ.res" 1368
"../../../Engine/Content/Internationalization/icudt64l/lang/en_PG.res" 1369
"../../../Engine/Content/Internationalization/icudt64l/region/en_PG.res" 1370
"../../../Engine/Content/Internationalization/icudt64l/lang/en_PH.res" 1371
"../../../Engine/Content/Internationalization/icudt64l/region/en_PH.res" 1372
"../../../Engine/Content/Internationalization/icudt64l/lang/en_PK.res" 1373
"../../../Engine/Content/Internationalization/icudt64l/region/en_PK.res" 1374
"../../../Engine/Content/Internationalization/icudt64l/lang/en_PN.res" 1375
"../../../Engine/Content/Internationalization/icudt64l/region/en_PN.res" 1376
"../../../Engine/Content/Internationalization/icudt64l/lang/en_PW.res" 1377
"../../../Engine/Content/Internationalization/icudt64l/region/en_PW.res" 1378
"../../../Engine/Content/Internationalization/icudt64l/lang/en_RW.res" 1379
"../../../Engine/Content/Internationalization/icudt64l/region/en_RW.res" 1380
"../../../Engine/Content/Internationalization/icudt64l/lang/en_SB.res" 1381
"../../../Engine/Content/Internationalization/icudt64l/region/en_SB.res" 1382
"../../../Engine/Content/Internationalization/icudt64l/lang/en_SC.res" 1383
"../../../Engine/Content/Internationalization/icudt64l/region/en_SC.res" 1384
"../../../Engine/Content/Internationalization/icudt64l/lang/en_SD.res" 1385
"../../../Engine/Content/Internationalization/icudt64l/region/en_SD.res" 1386
"../../../Engine/Content/Internationalization/icudt64l/lang/en_SE.res" 1387
"../../../Engine/Content/Internationalization/icudt64l/region/en_SE.res" 1388
"../../../Engine/Content/Internationalization/icudt64l/lang/en_SG.res" 1389
"../../../Engine/Content/Internationalization/icudt64l/region/en_SG.res" 1390
"../../../Engine/Content/Internationalization/icudt64l/lang/en_SH.res" 1391
"../../../Engine/Content/Internationalization/icudt64l/region/en_SH.res" 1392
"../../../Engine/Content/Internationalization/icudt64l/lang/en_SI.res" 1393
"../../../Engine/Content/Internationalization/icudt64l/region/en_SI.res" 1394
"../../../Engine/Content/Internationalization/icudt64l/lang/en_SL.res" 1395
"../../../Engine/Content/Internationalization/icudt64l/region/en_SL.res" 1396
"../../../Engine/Content/Internationalization/icudt64l/lang/en_SS.res" 1397
"../../../Engine/Content/Internationalization/icudt64l/region/en_SS.res" 1398
"../../../Engine/Content/Internationalization/icudt64l/lang/en_SX.res" 1399
"../../../Engine/Content/Internationalization/icudt64l/region/en_SX.res" 1400
"../../../Engine/Content/Internationalization/icudt64l/lang/en_SZ.res" 1401
"../../../Engine/Content/Internationalization/icudt64l/region/en_SZ.res" 1402
"../../../Engine/Content/Internationalization/icudt64l/lang/en_TC.res" 1403
"../../../Engine/Content/Internationalization/icudt64l/region/en_TC.res" 1404
"../../../Engine/Content/Internationalization/icudt64l/lang/en_TK.res" 1405
"../../../Engine/Content/Internationalization/icudt64l/region/en_TK.res" 1406
"../../../Engine/Content/Internationalization/icudt64l/lang/en_TO.res" 1407
"../../../Engine/Content/Internationalization/icudt64l/region/en_TO.res" 1408
"../../../Engine/Content/Internationalization/icudt64l/lang/en_TT.res" 1409
"../../../Engine/Content/Internationalization/icudt64l/region/en_TT.res" 1410
"../../../Engine/Content/Internationalization/icudt64l/lang/en_TV.res" 1411
"../../../Engine/Content/Internationalization/icudt64l/region/en_TV.res" 1412
"../../../Engine/Content/Internationalization/icudt64l/lang/en_TZ.res" 1413
"../../../Engine/Content/Internationalization/icudt64l/region/en_TZ.res" 1414
"../../../Engine/Content/Internationalization/icudt64l/lang/en_UG.res" 1415
"../../../Engine/Content/Internationalization/icudt64l/region/en_UG.res" 1416
"../../../Engine/Content/Internationalization/icudt64l/lang/en_VC.res" 1417
"../../../Engine/Content/Internationalization/icudt64l/region/en_VC.res" 1418
"../../../Engine/Content/Internationalization/icudt64l/lang/en_VG.res" 1419
"../../../Engine/Content/Internationalization/icudt64l/region/en_VG.res" 1420
"../../../Engine/Content/Internationalization/icudt64l/lang/en_VU.res" 1421
"../../../Engine/Content/Internationalization/icudt64l/region/en_VU.res" 1422
"../../../Engine/Content/Internationalization/icudt64l/lang/en_WS.res" 1423
"../../../Engine/Content/Internationalization/icudt64l/region/en_WS.res" 1424
"../../../Engine/Content/Internationalization/icudt64l/lang/en_ZA.res" 1425
"../../../Engine/Content/Internationalization/icudt64l/region/en_ZA.res" 1426
"../../../Engine/Content/Internationalization/icudt64l/lang/en_ZM.res" 1427
"../../../Engine/Content/Internationalization/icudt64l/region/en_ZM.res" 1428
"../../../Engine/Content/Internationalization/icudt64l/lang/en_ZW.res" 1429
"../../../Engine/Content/Internationalization/icudt64l/region/en_ZW.res" 1430
"../../../Engine/Content/Internationalization/icudt64l/lang/eo.res" 1431
"../../../Engine/Content/Internationalization/icudt64l/region/eo.res" 1432
"../../../Engine/Content/Internationalization/icudt64l/lang/es.res" 1433
"../../../Engine/Content/Internationalization/icudt64l/lang/es_419.res" 1434
"../../../Engine/Content/Internationalization/icudt64l/region/es_419.res" 1435
"../../../Engine/Content/Internationalization/icudt64l/region/es.res" 1436
"../../../Engine/Content/Internationalization/icudt64l/lang/es_AR.res" 1437
"../../../Engine/Content/Internationalization/icudt64l/region/es_AR.res" 1438
"../../../Engine/Content/Internationalization/icudt64l/lang/es_BO.res" 1439
"../../../Engine/Content/Internationalization/icudt64l/region/es_BO.res" 1440
"../../../Engine/Content/Internationalization/icudt64l/lang/es_BR.res" 1441
"../../../Engine/Content/Internationalization/icudt64l/region/es_BR.res" 1442
"../../../Engine/Content/Internationalization/icudt64l/lang/es_BZ.res" 1443
"../../../Engine/Content/Internationalization/icudt64l/region/es_BZ.res" 1444
"../../../Engine/Content/Internationalization/icudt64l/lang/es_CL.res" 1445
"../../../Engine/Content/Internationalization/icudt64l/region/es_CL.res" 1446
"../../../Engine/Content/Internationalization/icudt64l/lang/es_CO.res" 1447
"../../../Engine/Content/Internationalization/icudt64l/region/es_CO.res" 1448
"../../../Engine/Content/Internationalization/icudt64l/lang/es_CR.res" 1449
"../../../Engine/Content/Internationalization/icudt64l/region/es_CR.res" 1450
"../../../Engine/Content/Internationalization/icudt64l/lang/es_CU.res" 1451
"../../../Engine/Content/Internationalization/icudt64l/region/es_CU.res" 1452
"../../../Engine/Content/Internationalization/icudt64l/lang/es_DO.res" 1453
"../../../Engine/Content/Internationalization/icudt64l/region/es_DO.res" 1454
"../../../Engine/Content/Internationalization/icudt64l/lang/es_EC.res" 1455
"../../../Engine/Content/Internationalization/icudt64l/region/es_EC.res" 1456
"../../../Engine/Content/Internationalization/icudt64l/lang/es_GT.res" 1457
"../../../Engine/Content/Internationalization/icudt64l/region/es_GT.res" 1458
"../../../Engine/Content/Internationalization/icudt64l/lang/es_HN.res" 1459
"../../../Engine/Content/Internationalization/icudt64l/region/es_HN.res" 1460
"../../../Engine/Content/Internationalization/icudt64l/lang/es_MX.res" 1461
"../../../Engine/Content/Internationalization/icudt64l/region/es_MX.res" 1462
"../../../Engine/Content/Internationalization/icudt64l/lang/es_NI.res" 1463
"../../../Engine/Content/Internationalization/icudt64l/region/es_NI.res" 1464
"../../../Engine/Content/Internationalization/icudt64l/lang/es_PA.res" 1465
"../../../Engine/Content/Internationalization/icudt64l/region/es_PA.res" 1466
"../../../Engine/Content/Internationalization/icudt64l/lang/es_PE.res" 1467
"../../../Engine/Content/Internationalization/icudt64l/region/es_PE.res" 1468
"../../../Engine/Content/Internationalization/icudt64l/lang/es_PR.res" 1469
"../../../Engine/Content/Internationalization/icudt64l/region/es_PR.res" 1470
"../../../Engine/Content/Internationalization/icudt64l/lang/es_PY.res" 1471
"../../../Engine/Content/Internationalization/icudt64l/region/es_PY.res" 1472
"../../../Engine/Content/Internationalization/icudt64l/lang/es_SV.res" 1473
"../../../Engine/Content/Internationalization/icudt64l/region/es_SV.res" 1474
"../../../Engine/Content/Internationalization/icudt64l/lang/es_US.res" 1475
"../../../Engine/Content/Internationalization/icudt64l/region/es_US.res" 1476
"../../../Engine/Content/Internationalization/icudt64l/lang/es_UY.res" 1477
"../../../Engine/Content/Internationalization/icudt64l/region/es_UY.res" 1478
"../../../Engine/Content/Internationalization/icudt64l/lang/es_VE.res" 1479
"../../../Engine/Content/Internationalization/icudt64l/region/es_VE.res" 1480
"../../../Engine/Content/Internationalization/icudt64l/lang/et.res" 1481
"../../../Engine/Content/Internationalization/icudt64l/region/et.res" 1482
"../../../Engine/Content/Internationalization/icudt64l/lang/eu.res" 1483
"../../../Engine/Content/Internationalization/icudt64l/region/eu.res" 1484
"../../../Engine/Content/Internationalization/icudt64l/lang/ewo.res" 1485
"../../../Engine/Content/Internationalization/icudt64l/region/ewo.res" 1486
"../../../Engine/Content/Internationalization/icudt64l/lang/fa.res" 1487
"../../../Engine/Content/Internationalization/icudt64l/lang/fa_AF.res" 1488
"../../../Engine/Content/Internationalization/icudt64l/region/fa_AF.res" 1489
"../../../Engine/Content/Internationalization/icudt64l/region/fa.res" 1490
"../../../Engine/Content/Internationalization/icudt64l/lang/ff.res" 1491
"../../../Engine/Content/Internationalization/icudt64l/lang/ff_Latn.res" 1492
"../../../Engine/Content/Internationalization/icudt64l/region/ff.res" 1493
"../../../Engine/Content/Internationalization/icudt64l/region/ff_Latn.res" 1494
"../../../Engine/Content/Internationalization/icudt64l/lang/ff_CM.res" 1495
"../../../Engine/Content/Internationalization/icudt64l/lang/ff_Latn_CM.res" 1496
"../../../Engine/Content/Internationalization/icudt64l/region/ff_CM.res" 1497
"../../../Engine/Content/Internationalization/icudt64l/region/ff_Latn_CM.res" 1498
"../../../Engine/Content/Internationalization/icudt64l/lang/ff_GN.res" 1499
"../../../Engine/Content/Internationalization/icudt64l/lang/ff_Latn_GN.res" 1500
"../../../Engine/Content/Internationalization/icudt64l/region/ff_GN.res" 1501
"../../../Engine/Content/Internationalization/icudt64l/region/ff_Latn_GN.res" 1502
"../../../Engine/Content/Internationalization/icudt64l/lang/ff_MR.res" 1503
"../../../Engine/Content/Internationalization/icudt64l/lang/ff_Latn_MR.res" 1504
"../../../Engine/Content/Internationalization/icudt64l/region/ff_MR.res" 1505
"../../../Engine/Content/Internationalization/icudt64l/region/ff_Latn_MR.res" 1506
"../../../Engine/Content/Internationalization/icudt64l/lang/ff_SN.res" 1507
"../../../Engine/Content/Internationalization/icudt64l/lang/ff_Latn_SN.res" 1508
"../../../Engine/Content/Internationalization/icudt64l/region/ff_SN.res" 1509
"../../../Engine/Content/Internationalization/icudt64l/region/ff_Latn_SN.res" 1510
"../../../Engine/Content/Internationalization/icudt64l/lang/fi.res" 1511
"../../../Engine/Content/Internationalization/icudt64l/region/fi.res" 1512
"../../../Engine/Content/Internationalization/icudt64l/lang/fil.res" 1513
"../../../Engine/Content/Internationalization/icudt64l/lang/fil_PH.res" 1514
"../../../Engine/Content/Internationalization/icudt64l/region/fil_PH.res" 1515
"../../../Engine/Content/Internationalization/icudt64l/region/fil.res" 1516
"../../../Engine/Content/Internationalization/icudt64l/lang/fo.res" 1517
"../../../Engine/Content/Internationalization/icudt64l/region/fo.res" 1518
"../../../Engine/Content/Internationalization/icudt64l/lang/fr.res" 1519
"../../../Engine/Content/Internationalization/icudt64l/lang/fr_BE.res" 1520
"../../../Engine/Content/Internationalization/icudt64l/region/fr_BE.res" 1521
"../../../Engine/Content/Internationalization/icudt64l/region/fr.res" 1522
"../../../Engine/Content/Internationalization/icudt64l/lang/fr_CA.res" 1523
"../../../Engine/Content/Internationalization/icudt64l/region/fr_CA.res" 1524
"../../../Engine/Content/Internationalization/icudt64l/lang/fr_CH.res" 1525
"../../../Engine/Content/Internationalization/icudt64l/lang/fur.res" 1526
"../../../Engine/Content/Internationalization/icudt64l/region/fur.res" 1527
"../../../Engine/Content/Internationalization/icudt64l/lang/fy.res" 1528
"../../../Engine/Content/Internationalization/icudt64l/region/fy.res" 1529
"../../../Engine/Content/Internationalization/icudt64l/lang/ga.res" 1530
"../../../Engine/Content/Internationalization/icudt64l/region/ga.res" 1531
"../../../Engine/Content/Internationalization/icudt64l/lang/gd.res" 1532
"../../../Engine/Content/Internationalization/icudt64l/region/gd.res" 1533
"../../../Engine/Content/Internationalization/icudt64l/lang/gl.res" 1534
"../../../Engine/Content/Internationalization/icudt64l/region/gl.res" 1535
"../../../Engine/Content/Internationalization/icudt64l/lang/gsw.res" 1536
"../../../Engine/Content/Internationalization/icudt64l/region/gsw.res" 1537
"../../../Engine/Content/Internationalization/icudt64l/lang/gu.res" 1538
"../../../Engine/Content/Internationalization/icudt64l/region/gu.res" 1539
"../../../Engine/Content/Internationalization/icudt64l/lang/guz.res" 1540
"../../../Engine/Content/Internationalization/icudt64l/region/guz.res" 1541
"../../../Engine/Content/Internationalization/icudt64l/lang/gv.res" 1542
"../../../Engine/Content/Internationalization/icudt64l/region/gv.res" 1543
"../../../Engine/Content/Internationalization/icudt64l/lang/ha.res" 1544
"../../../Engine/Content/Internationalization/icudt64l/region/ha.res" 1545
"../../../Engine/Content/Internationalization/icudt64l/lang/ha_NE.res" 1546
"../../../Engine/Content/Internationalization/icudt64l/region/ha_NE.res" 1547
"../../../Engine/Content/Internationalization/icudt64l/lang/haw.res" 1548
"../../../Engine/Content/Internationalization/icudt64l/region/haw.res" 1549
"../../../Engine/Content/Internationalization/icudt64l/lang/he.res" 1550
"../../../Engine/Content/Internationalization/icudt64l/lang/he_IL.res" 1551
"../../../Engine/Content/Internationalization/icudt64l/region/he_IL.res" 1552
"../../../Engine/Content/Internationalization/icudt64l/region/he.res" 1553
"../../../Engine/Content/Internationalization/icudt64l/lang/hi.res" 1554
"../../../Engine/Content/Internationalization/icudt64l/region/hi.res" 1555
"../../../Engine/Content/Internationalization/icudt64l/lang/hr.res" 1556
"../../../Engine/Content/Internationalization/icudt64l/region/hr.res" 1557
"../../../Engine/Content/Internationalization/icudt64l/lang/hsb.res" 1558
"../../../Engine/Content/Internationalization/icudt64l/region/hsb.res" 1559
"../../../Engine/Content/Internationalization/icudt64l/lang/hu.res" 1560
"../../../Engine/Content/Internationalization/icudt64l/region/hu.res" 1561
"../../../Engine/Content/Internationalization/icudt64l/lang/hy.res" 1562
"../../../Engine/Content/Internationalization/icudt64l/region/hy.res" 1563
"../../../Engine/Content/Internationalization/icudt64l/lang/ia.res" 1564
"../../../Engine/Content/Internationalization/icudt64l/region/ia.res" 1565
"../../../Engine/Content/Internationalization/icudt64l/lang/id.res" 1566
"../../../Engine/Content/Internationalization/icudt64l/lang/id_ID.res" 1567
"../../../Engine/Content/Internationalization/icudt64l/region/id_ID.res" 1568
"../../../Engine/Content/Internationalization/icudt64l/region/id.res" 1569
"../../../Engine/Content/Internationalization/icudt64l/lang/ig.res" 1570
"../../../Engine/Content/Internationalization/icudt64l/region/ig.res" 1571
"../../../Engine/Content/Internationalization/icudt64l/lang/ii.res" 1572
"../../../Engine/Content/Internationalization/icudt64l/region/ii.res" 1573
"../../../Engine/Content/Internationalization/icudt64l/lang/is.res" 1574
"../../../Engine/Content/Internationalization/icudt64l/region/is.res" 1575
"../../../Engine/Content/Internationalization/icudt64l/lang/it.res" 1576
"../../../Engine/Content/Internationalization/icudt64l/region/it.res" 1577
"../../../Engine/Content/Internationalization/icudt64l/lang/ja.res" 1578
"../../../Engine/Content/Internationalization/icudt64l/lang/ja_JP.res" 1579
"../../../Engine/Content/Internationalization/icudt64l/region/ja_JP.res" 1580
"../../../Engine/Content/Internationalization/icudt64l/region/ja.res" 1581
"../../../Engine/Content/Internationalization/icudt64l/lang/jgo.res" 1582
"../../../Engine/Content/Internationalization/icudt64l/region/jgo.res" 1583
"../../../Engine/Content/Internationalization/icudt64l/lang/jmc.res" 1584
"../../../Engine/Content/Internationalization/icudt64l/region/jmc.res" 1585
"../../../Engine/Content/Internationalization/icudt64l/lang/jv.res" 1586
"../../../Engine/Content/Internationalization/icudt64l/region/jv.res" 1587
"../../../Engine/Content/Internationalization/icudt64l/lang/ka.res" 1588
"../../../Engine/Content/Internationalization/icudt64l/region/ka.res" 1589
"../../../Engine/Content/Internationalization/icudt64l/lang/kab.res" 1590
"../../../Engine/Content/Internationalization/icudt64l/region/kab.res" 1591
"../../../Engine/Content/Internationalization/icudt64l/lang/kam.res" 1592
"../../../Engine/Content/Internationalization/icudt64l/region/kam.res" 1593
"../../../Engine/Content/Internationalization/icudt64l/lang/kde.res" 1594
"../../../Engine/Content/Internationalization/icudt64l/region/kde.res" 1595
"../../../Engine/Content/Internationalization/icudt64l/lang/kea.res" 1596
"../../../Engine/Content/Internationalization/icudt64l/region/kea.res" 1597
"../../../Engine/Content/Internationalization/icudt64l/lang/khq.res" 1598
"../../../Engine/Content/Internationalization/icudt64l/region/khq.res" 1599
"../../../Engine/Content/Internationalization/icudt64l/lang/ki.res" 1600
"../../../Engine/Content/Internationalization/icudt64l/region/ki.res" 1601
"../../../Engine/Content/Internationalization/icudt64l/lang/kk.res" 1602
"../../../Engine/Content/Internationalization/icudt64l/region/kk.res" 1603
"../../../Engine/Content/Internationalization/icudt64l/lang/kkj.res" 1604
"../../../Engine/Content/Internationalization/icudt64l/region/kkj.res" 1605
"../../../Engine/Content/Internationalization/icudt64l/lang/kl.res" 1606
"../../../Engine/Content/Internationalization/icudt64l/region/kl.res" 1607
"../../../Engine/Content/Internationalization/icudt64l/lang/kln.res" 1608
"../../../Engine/Content/Internationalization/icudt64l/region/kln.res" 1609
"../../../Engine/Content/Internationalization/icudt64l/lang/km.res" 1610
"../../../Engine/Content/Internationalization/icudt64l/region/km.res" 1611
"../../../Engine/Content/Internationalization/icudt64l/lang/kn.res" 1612
"../../../Engine/Content/Internationalization/icudt64l/region/kn.res" 1613
"../../../Engine/Content/Internationalization/icudt64l/lang/ko.res" 1614
"../../../Engine/Content/Internationalization/icudt64l/region/ko_KP.res" 1615
"../../../Engine/Content/Internationalization/icudt64l/region/ko.res" 1616
"../../../Engine/Content/Internationalization/icudt64l/lang/kok.res" 1617
"../../../Engine/Content/Internationalization/icudt64l/region/kok.res" 1618
"../../../Engine/Content/Internationalization/icudt64l/lang/ks.res" 1619
"../../../Engine/Content/Internationalization/icudt64l/region/ks.res" 1620
"../../../Engine/Content/Internationalization/icudt64l/lang/ksb.res" 1621
"../../../Engine/Content/Internationalization/icudt64l/region/ksb.res" 1622
"../../../Engine/Content/Internationalization/icudt64l/lang/ksf.res" 1623
"../../../Engine/Content/Internationalization/icudt64l/region/ksf.res" 1624
"../../../Engine/Content/Internationalization/icudt64l/lang/ksh.res" 1625
"../../../Engine/Content/Internationalization/icudt64l/region/ksh.res" 1626
"../../../Engine/Content/Internationalization/icudt64l/lang/ku.res" 1627
"../../../Engine/Content/Internationalization/icudt64l/region/ku.res" 1628
"../../../Engine/Content/Internationalization/icudt64l/lang/kw.res" 1629
"../../../Engine/Content/Internationalization/icudt64l/region/kw.res" 1630
"../../../Engine/Content/Internationalization/icudt64l/lang/ky.res" 1631
"../../../Engine/Content/Internationalization/icudt64l/region/ky.res" 1632
"../../../Engine/Content/Internationalization/icudt64l/lang/lag.res" 1633
"../../../Engine/Content/Internationalization/icudt64l/region/lag.res" 1634
"../../../Engine/Content/Internationalization/icudt64l/lang/lb.res" 1635
"../../../Engine/Content/Internationalization/icudt64l/region/lb.res" 1636
"../../../Engine/Content/Internationalization/icudt64l/lang/lg.res" 1637
"../../../Engine/Content/Internationalization/icudt64l/region/lg.res" 1638
"../../../Engine/Content/Internationalization/icudt64l/lang/lkt.res" 1639
"../../../Engine/Content/Internationalization/icudt64l/region/lkt.res" 1640
"../../../Engine/Content/Internationalization/icudt64l/lang/ln.res" 1641
"../../../Engine/Content/Internationalization/icudt64l/region/ln.res" 1642
"../../../Engine/Content/Internationalization/icudt64l/lang/lo.res" 1643
"../../../Engine/Content/Internationalization/icudt64l/region/lo.res" 1644
"../../../Engine/Content/Internationalization/icudt64l/lang/lrc.res" 1645
"../../../Engine/Content/Internationalization/icudt64l/region/lrc.res" 1646
"../../../Engine/Content/Internationalization/icudt64l/lang/lt.res" 1647
"../../../Engine/Content/Internationalization/icudt64l/region/lt.res" 1648
"../../../Engine/Content/Internationalization/icudt64l/lang/lu.res" 1649
"../../../Engine/Content/Internationalization/icudt64l/region/lu.res" 1650
"../../../Engine/Content/Internationalization/icudt64l/lang/luo.res" 1651
"../../../Engine/Content/Internationalization/icudt64l/region/luo.res" 1652
"../../../Engine/Content/Internationalization/icudt64l/lang/luy.res" 1653
"../../../Engine/Content/Internationalization/icudt64l/region/luy.res" 1654
"../../../Engine/Content/Internationalization/icudt64l/lang/lv.res" 1655
"../../../Engine/Content/Internationalization/icudt64l/region/lv.res" 1656
"../../../Engine/Content/Internationalization/icudt64l/lang/mas.res" 1657
"../../../Engine/Content/Internationalization/icudt64l/region/mas.res" 1658
"../../../Engine/Content/Internationalization/icudt64l/lang/mer.res" 1659
"../../../Engine/Content/Internationalization/icudt64l/region/mer.res" 1660
"../../../Engine/Content/Internationalization/icudt64l/lang/mfe.res" 1661
"../../../Engine/Content/Internationalization/icudt64l/region/mfe.res" 1662
"../../../Engine/Content/Internationalization/icudt64l/lang/mg.res" 1663
"../../../Engine/Content/Internationalization/icudt64l/region/mg.res" 1664
"../../../Engine/Content/Internationalization/icudt64l/lang/mgh.res" 1665
"../../../Engine/Content/Internationalization/icudt64l/region/mgh.res" 1666
"../../../Engine/Content/Internationalization/icudt64l/lang/mgo.res" 1667
"../../../Engine/Content/Internationalization/icudt64l/region/mgo.res" 1668
"../../../Engine/Content/Internationalization/icudt64l/lang/mi.res" 1669
"../../../Engine/Content/Internationalization/icudt64l/region/mi.res" 1670
"../../../Engine/Content/Internationalization/icudt64l/lang/mk.res" 1671
"../../../Engine/Content/Internationalization/icudt64l/region/mk.res" 1672
"../../../Engine/Content/Internationalization/icudt64l/lang/ml.res" 1673
"../../../Engine/Content/Internationalization/icudt64l/region/ml.res" 1674
"../../../Engine/Content/Internationalization/icudt64l/lang/mn.res" 1675
"../../../Engine/Content/Internationalization/icudt64l/region/mn.res" 1676
"../../../Engine/Content/Internationalization/icudt64l/lang/mr.res" 1677
"../../../Engine/Content/Internationalization/icudt64l/region/mr.res" 1678
"../../../Engine/Content/Internationalization/icudt64l/lang/ms.res" 1679
"../../../Engine/Content/Internationalization/icudt64l/region/ms.res" 1680
"../../../Engine/Content/Internationalization/icudt64l/lang/mt.res" 1681
"../../../Engine/Content/Internationalization/icudt64l/region/mt.res" 1682
"../../../Engine/Content/Internationalization/icudt64l/lang/mua.res" 1683
"../../../Engine/Content/Internationalization/icudt64l/region/mua.res" 1684
"../../../Engine/Content/Internationalization/icudt64l/lang/my.res" 1685
"../../../Engine/Content/Internationalization/icudt64l/region/my.res" 1686
"../../../Engine/Content/Internationalization/icudt64l/lang/mzn.res" 1687
"../../../Engine/Content/Internationalization/icudt64l/region/mzn.res" 1688
"../../../Engine/Content/Internationalization/icudt64l/lang/naq.res" 1689
"../../../Engine/Content/Internationalization/icudt64l/region/naq.res" 1690
"../../../Engine/Content/Internationalization/icudt64l/lang/nb.res" 1691
"../../../Engine/Content/Internationalization/icudt64l/lang/nb_NO.res" 1692
"../../../Engine/Content/Internationalization/icudt64l/region/nb_NO.res" 1693
"../../../Engine/Content/Internationalization/icudt64l/region/nb.res" 1694
"../../../Engine/Content/Internationalization/icudt64l/lang/nd.res" 1695
"../../../Engine/Content/Internationalization/icudt64l/region/nd.res" 1696
"../../../Engine/Content/Internationalization/icudt64l/lang/nds.res" 1697
"../../../Engine/Content/Internationalization/icudt64l/region/nds.res" 1698
"../../../Engine/Content/Internationalization/icudt64l/lang/ne.res" 1699
"../../../Engine/Content/Internationalization/icudt64l/region/ne.res" 1700
"../../../Engine/Content/Internationalization/icudt64l/lang/nl.res" 1701
"../../../Engine/Content/Internationalization/icudt64l/region/nl.res" 1702
"../../../Engine/Content/Internationalization/icudt64l/lang/nmg.res" 1703
"../../../Engine/Content/Internationalization/icudt64l/region/nmg.res" 1704
"../../../Engine/Content/Internationalization/icudt64l/lang/nn.res" 1705
"../../../Engine/Content/Internationalization/icudt64l/lang/nn_NO.res" 1706
"../../../Engine/Content/Internationalization/icudt64l/region/nn_NO.res" 1707
"../../../Engine/Content/Internationalization/icudt64l/region/nn.res" 1708
"../../../Engine/Content/Internationalization/icudt64l/lang/nnh.res" 1709
"../../../Engine/Content/Internationalization/icudt64l/region/nnh.res" 1710
"../../../Engine/Content/Internationalization/icudt64l/lang/nus.res" 1711
"../../../Engine/Content/Internationalization/icudt64l/region/nus.res" 1712
"../../../Engine/Content/Internationalization/icudt64l/lang/nyn.res" 1713
"../../../Engine/Content/Internationalization/icudt64l/region/nyn.res" 1714
"../../../Engine/Content/Internationalization/icudt64l/lang/om.res" 1715
"../../../Engine/Content/Internationalization/icudt64l/region/om.res" 1716
"../../../Engine/Content/Internationalization/icudt64l/lang/or.res" 1717
"../../../Engine/Content/Internationalization/icudt64l/region/or.res" 1718
"../../../Engine/Content/Internationalization/icudt64l/lang/os.res" 1719
"../../../Engine/Content/Internationalization/icudt64l/region/os.res" 1720
"../../../Engine/Content/Internationalization/icudt64l/lang/pa.res" 1721
"../../../Engine/Content/Internationalization/icudt64l/lang/pa_Arab.res" 1722
"../../../Engine/Content/Internationalization/icudt64l/lang/pa_PK.res" 1723
"../../../Engine/Content/Internationalization/icudt64l/lang/pa_Arab_PK.res" 1724
"../../../Engine/Content/Internationalization/icudt64l/region/pa_PK.res" 1725
"../../../Engine/Content/Internationalization/icudt64l/region/pa_Arab_PK.res" 1726
"../../../Engine/Content/Internationalization/icudt64l/region/pa_Arab.res" 1727
"../../../Engine/Content/Internationalization/icudt64l/lang/pa_Guru.res" 1728
"../../../Engine/Content/Internationalization/icudt64l/lang/pa_IN.res" 1729
"../../../Engine/Content/Internationalization/icudt64l/lang/pa_Guru_IN.res" 1730
"../../../Engine/Content/Internationalization/icudt64l/region/pa_IN.res" 1731
"../../../Engine/Content/Internationalization/icudt64l/region/pa_Guru_IN.res" 1732
"../../../Engine/Content/Internationalization/icudt64l/region/pa_Guru.res" 1733
"../../../Engine/Content/Internationalization/icudt64l/region/pa.res" 1734
"../../../Engine/Content/Internationalization/icudt64l/lang/pl.res" 1735
"../../../Engine/Content/Internationalization/icudt64l/region/pl.res" 1736
"../../../Engine/Content/Internationalization/icudt64l/lang/ps.res" 1737
"../../../Engine/Content/Internationalization/icudt64l/region/ps.res" 1738
"../../../Engine/Content/Internationalization/icudt64l/lang/ps_PK.res" 1739
"../../../Engine/Content/Internationalization/icudt64l/region/ps_PK.res" 1740
"../../../Engine/Content/Internationalization/icudt64l/lang/pt.res" 1741
"../../../Engine/Content/Internationalization/icudt64l/lang/pt_AO.res" 1742
"../../../Engine/Content/Internationalization/icudt64l/lang/pt_PT.res" 1743
"../../../Engine/Content/Internationalization/icudt64l/region/pt_AO.res" 1744
"../../../Engine/Content/Internationalization/icudt64l/region/pt_PT.res" 1745
"../../../Engine/Content/Internationalization/icudt64l/region/pt.res" 1746
"../../../Engine/Content/Internationalization/icudt64l/lang/pt_CH.res" 1747
"../../../Engine/Content/Internationalization/icudt64l/region/pt_CH.res" 1748
"../../../Engine/Content/Internationalization/icudt64l/lang/pt_CV.res" 1749
"../../../Engine/Content/Internationalization/icudt64l/region/pt_CV.res" 1750
"../../../Engine/Content/Internationalization/icudt64l/lang/pt_GQ.res" 1751
"../../../Engine/Content/Internationalization/icudt64l/region/pt_GQ.res" 1752
"../../../Engine/Content/Internationalization/icudt64l/lang/pt_GW.res" 1753
"../../../Engine/Content/Internationalization/icudt64l/region/pt_GW.res" 1754
"../../../Engine/Content/Internationalization/icudt64l/lang/pt_LU.res" 1755
"../../../Engine/Content/Internationalization/icudt64l/region/pt_LU.res" 1756
"../../../Engine/Content/Internationalization/icudt64l/lang/pt_MO.res" 1757
"../../../Engine/Content/Internationalization/icudt64l/region/pt_MO.res" 1758
"../../../Engine/Content/Internationalization/icudt64l/lang/pt_MZ.res" 1759
"../../../Engine/Content/Internationalization/icudt64l/region/pt_MZ.res" 1760
"../../../Engine/Content/Internationalization/icudt64l/lang/pt_ST.res" 1761
"../../../Engine/Content/Internationalization/icudt64l/region/pt_ST.res" 1762
"../../../Engine/Content/Internationalization/icudt64l/lang/pt_TL.res" 1763
"../../../Engine/Content/Internationalization/icudt64l/region/pt_TL.res" 1764
"../../../Engine/Content/Internationalization/icudt64l/lang/qu.res" 1765
"../../../Engine/Content/Internationalization/icudt64l/region/qu.res" 1766
"../../../Engine/Content/Internationalization/icudt64l/lang/rm.res" 1767
"../../../Engine/Content/Internationalization/icudt64l/region/rm.res" 1768
"../../../Engine/Content/Internationalization/icudt64l/lang/rn.res" 1769
"../../../Engine/Content/Internationalization/icudt64l/region/rn.res" 1770
"../../../Engine/Content/Internationalization/icudt64l/lang/ro.res" 1771
"../../../Engine/Content/Internationalization/icudt64l/lang/ro_MD.res" 1772
"../../../Engine/Content/Internationalization/icudt64l/region/ro_MD.res" 1773
"../../../Engine/Content/Internationalization/icudt64l/region/ro.res" 1774
"../../../Engine/Content/Internationalization/icudt64l/lang/rof.res" 1775
"../../../Engine/Content/Internationalization/icudt64l/region/rof.res" 1776
"../../../Engine/Content/Internationalization/icudt64l/lang/rw.res" 1777
"../../../Engine/Content/Internationalization/icudt64l/region/rw.res" 1778
"../../../Engine/Content/Internationalization/icudt64l/lang/rwk.res" 1779
"../../../Engine/Content/Internationalization/icudt64l/region/rwk.res" 1780
"../../../Engine/Content/Internationalization/icudt64l/lang/sah.res" 1781
"../../../Engine/Content/Internationalization/icudt64l/region/sah.res" 1782
"../../../Engine/Content/Internationalization/icudt64l/lang/saq.res" 1783
"../../../Engine/Content/Internationalization/icudt64l/region/saq.res" 1784
"../../../Engine/Content/Internationalization/icudt64l/lang/sbp.res" 1785
"../../../Engine/Content/Internationalization/icudt64l/region/sbp.res" 1786
"../../../Engine/Content/Internationalization/icudt64l/lang/sd.res" 1787
"../../../Engine/Content/Internationalization/icudt64l/region/sd.res" 1788
"../../../Engine/Content/Internationalization/icudt64l/lang/se.res" 1789
"../../../Engine/Content/Internationalization/icudt64l/lang/se_FI.res" 1790
"../../../Engine/Content/Internationalization/icudt64l/region/se_FI.res" 1791
"../../../Engine/Content/Internationalization/icudt64l/region/se.res" 1792
"../../../Engine/Content/Internationalization/icudt64l/lang/seh.res" 1793
"../../../Engine/Content/Internationalization/icudt64l/region/seh.res" 1794
"../../../Engine/Content/Internationalization/icudt64l/lang/ses.res" 1795
"../../../Engine/Content/Internationalization/icudt64l/region/ses.res" 1796
"../../../Engine/Content/Internationalization/icudt64l/lang/sg.res" 1797
"../../../Engine/Content/Internationalization/icudt64l/region/sg.res" 1798
"../../../Engine/Content/Internationalization/icudt64l/lang/shi.res" 1799
"../../../Engine/Content/Internationalization/icudt64l/lang/shi_Latn.res" 1800
"../../../Engine/Content/Internationalization/icudt64l/lang/shi_MA.res" 1801
"../../../Engine/Content/Internationalization/icudt64l/lang/shi_Tfng_MA.res" 1802
"../../../Engine/Content/Internationalization/icudt64l/lang/shi_Tfng.res" 1803
"../../../Engine/Content/Internationalization/icudt64l/region/shi_MA.res" 1804
"../../../Engine/Content/Internationalization/icudt64l/region/shi_Tfng_MA.res" 1805
"../../../Engine/Content/Internationalization/icudt64l/region/shi_Tfng.res" 1806
"../../../Engine/Content/Internationalization/icudt64l/region/shi.res" 1807
"../../../Engine/Content/Internationalization/icudt64l/region/shi_Latn.res" 1808
"../../../Engine/Content/Internationalization/icudt64l/lang/si.res" 1809
"../../../Engine/Content/Internationalization/icudt64l/region/si.res" 1810
"../../../Engine/Content/Internationalization/icudt64l/lang/sk.res" 1811
"../../../Engine/Content/Internationalization/icudt64l/region/sk.res" 1812
"../../../Engine/Content/Internationalization/icudt64l/lang/sl.res" 1813
"../../../Engine/Content/Internationalization/icudt64l/region/sl.res" 1814
"../../../Engine/Content/Internationalization/icudt64l/lang/smn.res" 1815
"../../../Engine/Content/Internationalization/icudt64l/region/smn.res" 1816
"../../../Engine/Content/Internationalization/icudt64l/lang/sn.res" 1817
"../../../Engine/Content/Internationalization/icudt64l/region/sn.res" 1818
"../../../Engine/Content/Internationalization/icudt64l/lang/so.res" 1819
"../../../Engine/Content/Internationalization/icudt64l/region/so.res" 1820
"../../../Engine/Content/Internationalization/icudt64l/lang/sq.res" 1821
"../../../Engine/Content/Internationalization/icudt64l/region/sq.res" 1822
"../../../Engine/Content/Internationalization/icudt64l/lang/sr.res" 1823
"../../../Engine/Content/Internationalization/icudt64l/lang/sr_Cyrl.res" 1824
"../../../Engine/Content/Internationalization/icudt64l/lang/sr_BA.res" 1825
"../../../Engine/Content/Internationalization/icudt64l/lang/sr_Cyrl_BA.res" 1826
"../../../Engine/Content/Internationalization/icudt64l/region/sr_BA.res" 1827
"../../../Engine/Content/Internationalization/icudt64l/region/sr_Cyrl_BA.res" 1828
"../../../Engine/Content/Internationalization/icudt64l/region/sr_Cyrl.res" 1829
"../../../Engine/Content/Internationalization/icudt64l/region/sr.res" 1830
"../../../Engine/Content/Internationalization/icudt64l/lang/sr_ME.res" 1831
"../../../Engine/Content/Internationalization/icudt64l/lang/sr_Latn_ME.res" 1832
"../../../Engine/Content/Internationalization/icudt64l/lang/sr_Latn.res" 1833
"../../../Engine/Content/Internationalization/icudt64l/region/sr_ME.res" 1834
"../../../Engine/Content/Internationalization/icudt64l/region/sr_Latn_ME.res" 1835
"../../../Engine/Content/Internationalization/icudt64l/region/sr_Latn.res" 1836
"../../../Engine/Content/Internationalization/icudt64l/lang/sr_Cyrl_ME.res" 1837
"../../../Engine/Content/Internationalization/icudt64l/region/sr_Cyrl_ME.res" 1838
"../../../Engine/Content/Internationalization/icudt64l/lang/sr_RS.res" 1839
"../../../Engine/Content/Internationalization/icudt64l/lang/sr_Cyrl_RS.res" 1840
"../../../Engine/Content/Internationalization/icudt64l/region/sr_RS.res" 1841
"../../../Engine/Content/Internationalization/icudt64l/region/sr_Cyrl_RS.res" 1842
"../../../Engine/Content/Internationalization/icudt64l/lang/sr_XK.res" 1843
"../../../Engine/Content/Internationalization/icudt64l/lang/sr_Cyrl_XK.res" 1844
"../../../Engine/Content/Internationalization/icudt64l/region/sr_XK.res" 1845
"../../../Engine/Content/Internationalization/icudt64l/region/sr_Cyrl_XK.res" 1846
"../../../Engine/Content/Internationalization/icudt64l/lang/sr_Latn_BA.res" 1847
"../../../Engine/Content/Internationalization/icudt64l/region/sr_Latn_BA.res" 1848
"../../../Engine/Content/Internationalization/icudt64l/lang/sr_Latn_RS.res" 1849
"../../../Engine/Content/Internationalization/icudt64l/region/sr_Latn_RS.res" 1850
"../../../Engine/Content/Internationalization/icudt64l/lang/sr_Latn_XK.res" 1851
"../../../Engine/Content/Internationalization/icudt64l/region/sr_Latn_XK.res" 1852
"../../../Engine/Content/Internationalization/icudt64l/lang/sv.res" 1853
"../../../Engine/Content/Internationalization/icudt64l/region/sv.res" 1854
"../../../Engine/Content/Internationalization/icudt64l/lang/sv_FI.res" 1855
"../../../Engine/Content/Internationalization/icudt64l/lang/sw.res" 1856
"../../../Engine/Content/Internationalization/icudt64l/lang/sw_CD.res" 1857
"../../../Engine/Content/Internationalization/icudt64l/region/sw_CD.res" 1858
"../../../Engine/Content/Internationalization/icudt64l/region/sw.res" 1859
"../../../Engine/Content/Internationalization/icudt64l/lang/sw_KE.res" 1860
"../../../Engine/Content/Internationalization/icudt64l/region/sw_KE.res" 1861
"../../../Engine/Content/Internationalization/icudt64l/lang/ta.res" 1862
"../../../Engine/Content/Internationalization/icudt64l/region/ta.res" 1863
"../../../Engine/Content/Internationalization/icudt64l/lang/te.res" 1864
"../../../Engine/Content/Internationalization/icudt64l/region/te.res" 1865
"../../../Engine/Content/Internationalization/icudt64l/lang/teo.res" 1866
"../../../Engine/Content/Internationalization/icudt64l/region/teo.res" 1867
"../../../Engine/Content/Internationalization/icudt64l/lang/tg.res" 1868
"../../../Engine/Content/Internationalization/icudt64l/region/tg.res" 1869
"../../../Engine/Content/Internationalization/icudt64l/lang/th.res" 1870
"../../../Engine/Content/Internationalization/icudt64l/lang/th_TH.res" 1871
"../../../Engine/Content/Internationalization/icudt64l/region/th_TH.res" 1872
"../../../Engine/Content/Internationalization/icudt64l/region/th.res" 1873
"../../../Engine/Content/Internationalization/icudt64l/lang/ti.res" 1874
"../../../Engine/Content/Internationalization/icudt64l/region/ti.res" 1875
"../../../Engine/Content/Internationalization/icudt64l/lang/tk.res" 1876
"../../../Engine/Content/Internationalization/icudt64l/region/tk.res" 1877
"../../../Engine/Content/Internationalization/icudt64l/lang/to.res" 1878
"../../../Engine/Content/Internationalization/icudt64l/region/to.res" 1879
"../../../Engine/Content/Internationalization/icudt64l/lang/tr.res" 1880
"../../../Engine/Content/Internationalization/icudt64l/region/tr.res" 1881
"../../../Engine/Content/Internationalization/icudt64l/lang/tt.res" 1882
"../../../Engine/Content/Internationalization/icudt64l/region/tt.res" 1883
"../../../Engine/Content/Internationalization/icudt64l/lang/twq.res" 1884
"../../../Engine/Content/Internationalization/icudt64l/region/twq.res" 1885
"../../../Engine/Content/Internationalization/icudt64l/lang/tzm.res" 1886
"../../../Engine/Content/Internationalization/icudt64l/region/tzm.res" 1887
"../../../Engine/Content/Internationalization/icudt64l/lang/ug.res" 1888
"../../../Engine/Content/Internationalization/icudt64l/region/ug.res" 1889
"../../../Engine/Content/Internationalization/icudt64l/lang/uk.res" 1890
"../../../Engine/Content/Internationalization/icudt64l/region/uk.res" 1891
"../../../Engine/Content/Internationalization/icudt64l/lang/ur.res" 1892
"../../../Engine/Content/Internationalization/icudt64l/lang/ur_IN.res" 1893
"../../../Engine/Content/Internationalization/icudt64l/region/ur_IN.res" 1894
"../../../Engine/Content/Internationalization/icudt64l/region/ur.res" 1895
"../../../Engine/Content/Internationalization/icudt64l/lang/uz.res" 1896
"../../../Engine/Content/Internationalization/icudt64l/lang/uz_Arab.res" 1897
"../../../Engine/Content/Internationalization/icudt64l/lang/uz_AF.res" 1898
"../../../Engine/Content/Internationalization/icudt64l/lang/uz_Arab_AF.res" 1899
"../../../Engine/Content/Internationalization/icudt64l/region/uz_AF.res" 1900
"../../../Engine/Content/Internationalization/icudt64l/region/uz_Arab_AF.res" 1901
"../../../Engine/Content/Internationalization/icudt64l/region/uz_Arab.res" 1902
"../../../Engine/Content/Internationalization/icudt64l/lang/uz_Cyrl.res" 1903
"../../../Engine/Content/Internationalization/icudt64l/lang/uz_UZ.res" 1904
"../../../Engine/Content/Internationalization/icudt64l/lang/uz_Latn_UZ.res" 1905
"../../../Engine/Content/Internationalization/icudt64l/lang/uz_Latn.res" 1906
"../../../Engine/Content/Internationalization/icudt64l/region/uz_UZ.res" 1907
"../../../Engine/Content/Internationalization/icudt64l/region/uz_Latn_UZ.res" 1908
"../../../Engine/Content/Internationalization/icudt64l/region/uz_Latn.res" 1909
"../../../Engine/Content/Internationalization/icudt64l/region/uz.res" 1910
"../../../Engine/Content/Internationalization/icudt64l/region/uz_Cyrl.res" 1911
"../../../Engine/Content/Internationalization/icudt64l/lang/vai.res" 1912
"../../../Engine/Content/Internationalization/icudt64l/lang/vai_Latn.res" 1913
"../../../Engine/Content/Internationalization/icudt64l/lang/vai_LR.res" 1914
"../../../Engine/Content/Internationalization/icudt64l/lang/vai_Vaii_LR.res" 1915
"../../../Engine/Content/Internationalization/icudt64l/lang/vai_Vaii.res" 1916
"../../../Engine/Content/Internationalization/icudt64l/region/vai_LR.res" 1917
"../../../Engine/Content/Internationalization/icudt64l/region/vai_Vaii_LR.res" 1918
"../../../Engine/Content/Internationalization/icudt64l/region/vai_Vaii.res" 1919
"../../../Engine/Content/Internationalization/icudt64l/region/vai.res" 1920
"../../../Engine/Content/Internationalization/icudt64l/region/vai_Latn.res" 1921
"../../../Engine/Content/Internationalization/icudt64l/lang/vi.res" 1922
"../../../Engine/Content/Internationalization/icudt64l/region/vi.res" 1923
"../../../Engine/Content/Internationalization/icudt64l/lang/vun.res" 1924
"../../../Engine/Content/Internationalization/icudt64l/region/vun.res" 1925
"../../../Engine/Content/Internationalization/icudt64l/lang/wae.res" 1926
"../../../Engine/Content/Internationalization/icudt64l/region/wae.res" 1927
"../../../Engine/Content/Internationalization/icudt64l/lang/wo.res" 1928
"../../../Engine/Content/Internationalization/icudt64l/region/wo.res" 1929
"../../../Engine/Content/Internationalization/icudt64l/lang/xh.res" 1930
"../../../Engine/Content/Internationalization/icudt64l/region/xh.res" 1931
"../../../Engine/Content/Internationalization/icudt64l/lang/xog.res" 1932
"../../../Engine/Content/Internationalization/icudt64l/region/xog.res" 1933
"../../../Engine/Content/Internationalization/icudt64l/lang/yav.res" 1934
"../../../Engine/Content/Internationalization/icudt64l/region/yav.res" 1935
"../../../Engine/Content/Internationalization/icudt64l/lang/yi.res" 1936
"../../../Engine/Content/Internationalization/icudt64l/region/yi.res" 1937
"../../../Engine/Content/Internationalization/icudt64l/lang/yo.res" 1938
"../../../Engine/Content/Internationalization/icudt64l/lang/yo_BJ.res" 1939
"../../../Engine/Content/Internationalization/icudt64l/region/yo_BJ.res" 1940
"../../../Engine/Content/Internationalization/icudt64l/region/yo.res" 1941
"../../../Engine/Content/Internationalization/icudt64l/lang/yue.res" 1942
"../../../Engine/Content/Internationalization/icudt64l/lang/yue_Hans.res" 1943
"../../../Engine/Content/Internationalization/icudt64l/lang/yue_CN.res" 1944
"../../../Engine/Content/Internationalization/icudt64l/lang/yue_Hans_CN.res" 1945
"../../../Engine/Content/Internationalization/icudt64l/region/yue_CN.res" 1946
"../../../Engine/Content/Internationalization/icudt64l/region/yue_Hans_CN.res" 1947
"../../../Engine/Content/Internationalization/icudt64l/region/yue_Hans.res" 1948
"../../../Engine/Content/Internationalization/icudt64l/lang/yue_Hant.res" 1949
"../../../Engine/Content/Internationalization/icudt64l/lang/yue_HK.res" 1950
"../../../Engine/Content/Internationalization/icudt64l/lang/yue_Hant_HK.res" 1951
"../../../Engine/Content/Internationalization/icudt64l/region/yue_HK.res" 1952
"../../../Engine/Content/Internationalization/icudt64l/region/yue_Hant_HK.res" 1953
"../../../Engine/Content/Internationalization/icudt64l/region/yue_Hant.res" 1954
"../../../Engine/Content/Internationalization/icudt64l/region/yue.res" 1955
"../../../Engine/Content/Internationalization/icudt64l/lang/zgh.res" 1956
"../../../Engine/Content/Internationalization/icudt64l/region/zgh.res" 1957
"../../../Engine/Content/Internationalization/icudt64l/lang/zh.res" 1958
"../../../Engine/Content/Internationalization/icudt64l/lang/zh_Hans.res" 1959
"../../../Engine/Content/Internationalization/icudt64l/lang/zh_CN.res" 1960
"../../../Engine/Content/Internationalization/icudt64l/lang/zh_Hans_CN.res" 1961
"../../../Engine/Content/Internationalization/icudt64l/region/zh_CN.res" 1962
"../../../Engine/Content/Internationalization/icudt64l/region/zh_Hans_CN.res" 1963
"../../../Engine/Content/Internationalization/icudt64l/region/zh_Hans.res" 1964
"../../../Engine/Content/Internationalization/icudt64l/region/zh.res" 1965
"../../../Engine/Content/Internationalization/icudt64l/lang/zh_HK.res" 1966
"../../../Engine/Content/Internationalization/icudt64l/lang/zh_Hant_HK.res" 1967
"../../../Engine/Content/Internationalization/icudt64l/lang/zh_Hant.res" 1968
"../../../Engine/Content/Internationalization/icudt64l/region/zh_HK.res" 1969
"../../../Engine/Content/Internationalization/icudt64l/region/zh_Hant_HK.res" 1970
"../../../Engine/Content/Internationalization/icudt64l/region/zh_Hant.res" 1971
"../../../Engine/Content/Internationalization/icudt64l/lang/zh_MO.res" 1972
"../../../Engine/Content/Internationalization/icudt64l/lang/zh_Hant_MO.res" 1973
"../../../Engine/Content/Internationalization/icudt64l/region/zh_MO.res" 1974
"../../../Engine/Content/Internationalization/icudt64l/region/zh_Hant_MO.res" 1975
"../../../Engine/Content/Internationalization/icudt64l/lang/zh_SG.res" 1976
"../../../Engine/Content/Internationalization/icudt64l/lang/zh_Hans_SG.res" 1977
"../../../Engine/Content/Internationalization/icudt64l/region/zh_SG.res" 1978
"../../../Engine/Content/Internationalization/icudt64l/region/zh_Hans_SG.res" 1979
"../../../Engine/Content/Internationalization/icudt64l/lang/zh_TW.res" 1980
"../../../Engine/Content/Internationalization/icudt64l/lang/zh_Hant_TW.res" 1981
"../../../Engine/Content/Internationalization/icudt64l/region/zh_TW.res" 1982
"../../../Engine/Content/Internationalization/icudt64l/region/zh_Hant_TW.res" 1983
"../../../Engine/Content/Internationalization/icudt64l/lang/zu.res" 1984
"../../../Engine/Content/Internationalization/icudt64l/region/zu.res" 1985
"../../../Engine/Content/Internationalization/icudt64l/lang/no.res" 1986
"../../../Engine/Content/Internationalization/icudt64l/lang/tl.res" 1987
"../../../Engine/Config/Android/DataDrivenPlatformInfo.ini" 1988
"../../../Engine/Config/IOS/DataDrivenPlatformInfo.ini" 1989
"../../../Engine/Config/Linux/DataDrivenPlatformInfo.ini" 1990
"../../../Engine/Config/Mac/DataDrivenPlatformInfo.ini" 1991
"../../../Engine/Config/TVOS/DataDrivenPlatformInfo.ini" 1992
"../../../Engine/Config/Unix/DataDrivenPlatformInfo.ini" 1993
"../../../Engine/Config/VulkanPC/DataDrivenPlatformInfo.ini" 1994
"../../../Engine/Config/Windows/DataDrivenPlatformInfo.ini" 1995
"../../../Engine/Platforms/VisionOS/Config/DataDrivenPlatformInfo.ini" 1996
"../../../Engine/Content/Renderer/TessellationTable.bin" 1997
"../../../Engine/DerivedDataCache/Compressed.ddp" 1998
"C:/Users/ahbvs/AppData/Local/UnrealEngine/5.6/Saved/Zen/zen.version" 1999
"C:/Users/ahbvs/AppData/Local/UnrealEngine/Common/Zen/Install/zen.version" 2000
"C:/Users/ahbvs/AppData/Local/UnrealEngine/Common/Zen/Install/zenserver.runcontext" 2001
"C:/Users/ahbvs/AppData/Local/UnrealEngine/Common/DerivedDataCache/TestData/0/TestData_4kb.dat" 2002
"C:/Users/ahbvs/AppData/Local/UnrealEngine/Common/DerivedDataCache/TestData/1/TestData_4kb.dat" 2003
"C:/Users/ahbvs/AppData/Local/UnrealEngine/Common/DerivedDataCache/TestData/0/TestData_8kb.dat" 2004
"C:/Users/ahbvs/AppData/Local/UnrealEngine/Common/DerivedDataCache/TestData/1/TestData_8kb.dat" 2005
"C:/Users/ahbvs/AppData/Local/UnrealEngine/Common/DerivedDataCache/TestData/0/TestData_16kb.dat" 2006
"C:/Users/ahbvs/AppData/Local/UnrealEngine/Common/DerivedDataCache/TestData/1/TestData_16kb.dat" 2007
"C:/Users/ahbvs/AppData/Local/UnrealEngine/Common/DerivedDataCache/TestData/0/TestData_64kb.dat" 2008
"C:/Users/ahbvs/AppData/Local/UnrealEngine/Common/DerivedDataCache/TestData/1/TestData_64kb.dat" 2009
"C:/Users/ahbvs/AppData/Local/UnrealEngine/Common/DerivedDataCache/TestData/0/TestData_128kb.dat" 2010
"C:/Users/ahbvs/AppData/Local/UnrealEngine/Common/DerivedDataCache/TestData/1/TestData_128kb.dat" 2011
"C:/Users/ahbvs/AppData/Local/UnrealEngine/Common/DerivedDataCache/TestData/0/TestData_256kb.dat" 2012
"C:/Users/ahbvs/AppData/Local/UnrealEngine/Common/DerivedDataCache/TestData/1/TestData_256kb.dat" 2013
"C:/Users/ahbvs/AppData/Roaming/Unreal Engine/UnrealBuildTool/BuildConfiguration.xml" 2014
"../../../../../Repository/732-abbot-grove-VR/Intermediate/ShaderAutogen/PCD3D_SM6/AutogenShaderHeaders.ush" 2015
"../../../Engine/Shaders/Private/HairStrands/HairStrandsVertexFactory.ush" 2016
"../../../Engine/Shaders/Private/VertexFactoryCommon.ush" 2017
"../../../Engine/Shaders/Private/Common.ush" 2018
"../../../Engine/Shaders/Public/Platform.ush" 2019
"../../../Engine/Shaders/Public/FP16Math.ush" 2020
"../../../Engine/Shaders/Public/Platform/D3D/D3DCommon.ush" 2021
"../../../Engine/Shaders/Shared/HLSLReservedSpaces.h" 2022
"../../../Engine/Shaders/Public/BindlessResources.ush" 2023
"../../../Engine/Shaders/Public/Platform/D3D/PlatformBindlessResources.ush" 2024
"../../../Engine/Shaders/Shared/RayTracingBuiltInResources.h" 2025
"../../../Engine/Shaders/Shared/RayTracingDefinitions.h" 2026
"../../../Engine/Shaders/Public/OverloadMacros.ush" 2027
"../../../Engine/Shaders/Public/ShaderVersion.ush" 2028
"../../../Engine/Shaders/Shared/ThirdParty/NVIDIA/nvHLSLExtns.h" 2029
"../../../Engine/Shaders/Shared/ThirdParty/NVIDIA/nvHLSLExtnsInternal.h" 2030
"../../../Engine/Shaders/Shared/ThirdParty/NVIDIA/nvShaderExtnEnums.h" 2031
"../../../Engine/Shaders/Private/PackUnpack.ush" 2032
"../../../Engine/Shaders/Private/GeneratedUniformBufferTypes.ush" 2033
"../../../Engine/Shaders/Private/Nanite/NanitePackedNaniteView.ush" 2034
"../../../Engine/Shaders/Private/HairStrands/HairStrandsVisibilityCommonStruct.ush" 2035
"../../../Engine/Shaders/Private/HairStrands/HairStrandsVoxelPageCommonStruct.ush" 2036
"../../../Engine/Shaders/Private/HairStrands/HairStrandsDeepShadowCommonStruct.ush" 2037
"../../../Engine/Shaders/Shared/LightSceneData.h" 2038
"../../../Engine/Shaders/Shared/HLSLTypeAliases.h" 2039
"../../../Engine/Shaders/Private/LargeWorldCoordinates.ush" 2040
"../../../Engine/Shaders/Private/DoubleFloat.ush" 2041
"../../../Engine/Shaders/Private/RandomPCG.ush" 2042
"../../../Engine/Shaders/Private/DoubleFloatOperations.ush" 2043
"../../../Engine/Shaders/Private/DoubleFloatVectorDefinition.ush" 2044
"../../../Engine/Shaders/Private/LWCOperations.ush" 2045
"../../../Engine/Shaders/Shared/LightViewData.h" 2046
"../../../Engine/Shaders/Shared/RayTracingTypes.h" 2047
"../../../Engine/Shaders/Shared/HLSLStaticAssert.h" 2048
"../../../Engine/Shaders/Private/CommonViewUniformBuffer.ush" 2049
"../../../Engine/Shaders/Private/InstancedStereo.ush" 2050
"../../../Engine/Shaders/Private/Definitions.usf" 2051
"../../../Engine/Shaders/Private/AssertionMacros.ush" 2052
"../../../Engine/Shaders/Private/FastMath.ush" 2053
"../../../Engine/Shaders/Private/FastMathThirdParty.ush" 2054
"../../../Engine/Shaders/Private/Random.ush" 2055
"../../../Engine/Shaders/Private/RandomInterleavedGradientNoise.ush" 2056
"../../../Engine/Shaders/Private/SceneData.ush" 2057
"../../../Engine/Shaders/Private/OctahedralCommon.ush" 2058
"../../../Engine/Shaders/Private/WaveOpUtil.ush" 2059
"../../../Engine/Shaders/Private/ByteBuffer.ush" 2060
"../../../Engine/Shaders/Shared/SceneDefinitions.h" 2061
"../../../Engine/Shaders/Private/SceneDataMobileLoader.ush" 2062
"../../../Engine/Shaders/Private/LocalVertexFactoryCommon.ush" 2063
"../../../Engine/Shaders/Private/HairStrands/HairStrandsVisibilityCommon.ush" 2064
"../../../Engine/Shaders/Shared/HairStrandsDefinitions.h" 2065
"../../../Engine/Shaders/Private/HairStrands/HairStrandsVertexFactoryCommon.ush" 2066
"../../../Engine/Shaders/Private/HairStrands/HairStrandsPack.ush" 2067
"../../../Engine/Shaders/Private/HairStrands/HairStrandsAttributeCommon.ush" 2068
"../../../Engine/Shaders/Private/HairStrands/HairStrandsAttributeTemplate.ush" 2069
"../../../Engine/Shaders/Private/VertexFactoryDefaultInterface.ush" 2070
"../../../Engine/Shaders/Private/HairStrands/HairCardsVertexFactory.ush" 2071
"../../../Engine/Shaders/Private/HairStrands/HairCardsAttributeCommon.ush" 2072
"../../../Engine/Shaders/Private/RayTracing/RayTracingCommon.ush" 2073
"../../../Engine/Shaders/Private/ShadingCommon.ush" 2074
"../../../Engine/Shaders/Shared/RayTracingPayloadType.h" 2075
"../../../Engine/Shaders/Private/RayTracing/RayTracingRayCone.ush" 2076
"../../../Engine/Shaders/Private/Substrate/Substrate.ush" 2077
"../../../Engine/Shaders/Private/ShadingEnergyConservation.ush" 2078
"../../../Engine/Shaders/Private/ShadingEnergyConservationTemplate.ush" 2079
"../../../Engine/Shaders/Private/BRDF.ush" 2080
"../../../Engine/Shaders/Private/ColorSpace.ush" 2081
"../../../Engine/Shaders/Private/DeferredShadingCommon.ush" 2082
"../../../Engine/Shaders/Private/LightAccumulator.ush" 2083
"../../../Engine/Shaders/Private/SceneTexturesCommon.ush" 2084
"../../../Engine/Shaders/Private/MonteCarlo.ush" 2085
"../../../Engine/Shaders/Private/GBufferHelpers.ush" 2086
"../../../Engine/Shaders/Private/SceneTextureParameters.ush" 2087
"E:/Repository/732-abbot-grove-VR/Intermediate/ShaderAutogen/PCD3D_SM6/AutogenShaderHeaders.ush" 2088
"../../../Engine/Shaders/Private/ParticipatingMediaCommon.ush" 2089
"../../../Engine/Shaders/Private/ThinFilmBSDF.ush" 2090
"../../../Engine/Shaders/Private/MortonCode.ush" 2091
"../../../Engine/Shaders/Private/SubsurfaceProfileCommon.ush" 2092
"../../../Engine/Shaders/Private/BurleyNormalizedSSSCommon.ush" 2093
"../../../Engine/Shaders/Private/GammaCorrectionCommon.ush" 2094
"../../../Engine/Shaders/Shared/SubstrateDefinitions.h" 2095
"../../../Engine/Shaders/Private/Substrate/SubstrateStatisticalOperators.ush" 2096
"../../../Engine/Shaders/Private/Substrate/SubstrateSubsurface.ush" 2097
"../../../Engine/Shaders/Private/TransmissionCommon.ush" 2098
"../../../Engine/Shaders/Private/Substrate/SubstrateExportCommon.ush" 2099
"../../../Engine/Shaders/Private/SpecularProfileCommon.ush" 2100
"../../../Engine/Shaders/Private/RayTracing/RayTracingCommonMetal.ush" 2101
"../../../Engine/Shaders/Private/PositionReconstructionCommon.ush" 2102
"../../../Engine/Shaders/Private/RayTracing/TraceRayInline.ush" 2103
"../../../Engine/Shaders/Private/RayTracing/TraceRayInlineCommon.ush" 2104
"../../../Engine/Shaders/Private/RayTracing/TraceRayInlineVulkan.ush" 2105
"../../../Engine/Shaders/Private/RayTracing/TraceRayInlineMetal.ush" 2106
"../../../Engine/Shaders/Private/RayTracing/TraceRayInlineD3D12.ush" 2107
"../../../Engine/Shaders/Private/RayTracing/RayTracingHitGroupCommon.ush" 2108
"../../../Engine/Shaders/Private/Nanite/NaniteRayTrace.ush" 2109
"../../../Engine/Shaders/Private/Nanite/NaniteDataDecode.ush" 2110
"../../../Engine/Shaders/Private/BitPacking.ush" 2111
"../../../Engine/Shaders/Private/BitStreamReaderImplementation.ush" 2112
"../../../Engine/Shaders/Private/BoneTransform.ush" 2113
"../../../Engine/Shaders/Private/Quaternion.ush" 2114
"../../../Engine/Shaders/Shared/NaniteDefinitions.h" 2115
"../../../Engine/Shaders/Shared/SkinningDefinitions.h" 2116
"../../../Engine/Shaders/Private/Nanite/NaniteAttributeDecode.ush" 2117
"../../../Engine/Shaders/Private/Barycentrics.ush" 2118
"../../../Engine/Shaders/Private/DualNumber.ush" 2119
"../../../Engine/Shaders/Shared/ThirdParty/RayTriangleIntersection.h" 2120
"../../../Engine/Shaders/Private/Nanite/NaniteVertexFetch.ush" 2121
"../../../Engine/Shaders/Private/Nanite/NaniteSceneCommon.ush" 2122
"../../../Engine/Plugins/FX/Niagara/Shaders/Private/NiagaraSpriteVertexFactory.ush" 2123
"../../../Engine/Shaders/Private/ParticleVertexFactoryCommon.ush" 2124
"../../../Engine/Plugins/FX/Niagara/Shaders/Private/NiagaraVFCommon.usf" 2125
"../../../Engine/Plugins/FX/Niagara/Shaders/Private/NiagaraVFParticleAccess.usf" 2126
"../../../Engine/Plugins/FX/Niagara/Shaders/Private/NiagaraParticleAccess.ush" 2127
"../../../Engine/Plugins/FX/Niagara/Shaders/Private/NiagaraRibbonVertexFactory.ush" 2128
"../../../Engine/Plugins/FX/Niagara/Shaders/Private/NiagaraMeshVertexFactory.ush" 2129
"../../../Engine/Plugins/FX/Niagara/Shaders/Private/NiagaraCommon.ush" 2130
"../../../Engine/Plugins/FX/Niagara/Shaders/Private/NiagaraMeshParticleUtils.ush" 2131
"../../../Engine/Shaders/Private/VectorFieldVisualizationVertexFactory.ush" 2132
"../../../Engine/Shaders/Private/Nanite/NaniteVertexFactory.ush" 2133
"../../../Engine/Shaders/Private/LightmapData.ush" 2134
"../../../Engine/Shaders/Private/SplineMeshCommon.ush" 2135
"../../../Engine/Shaders/Shared/SplineMeshShaderParams.h" 2136
"../../../Engine/Shaders/Private/ShaderPrint.ush" 2137
"../../../Engine/Shaders/Private/ShaderPrintCommon.ush" 2138
"../../../Engine/Shaders/Private/MiniFontCommon.ush" 2139
"../../../Engine/Shaders/Private/MaterialCache/MaterialCacheCommon.ush" 2140
"../../../Engine/Shaders/Shared/MaterialCacheDefinitions.h" 2141
"../../../Engine/Shaders/Private/Nanite/NaniteVertexDeformation.ush" 2142
"../../../Engine/Shaders/Private/ViewData.ush" 2143
"../../../Engine/Shaders/Shared/ViewDefinitions.h" 2144
"../../../Engine/Shaders/Private/Matrices.ush" 2145
"../../../Engine/Shaders/Private/ParticleSpriteVertexFactory.ush" 2146
"../../../Engine/Shaders/Private/ParticleGPUSpriteVertexFactory.ush" 2147
"../../../Engine/Shaders/Private/ParticleSimulationCommon.ush" 2148
"../../../Engine/Shaders/Private/ParticleBeamTrailVertexFactory.ush" 2149
"../../../Engine/Shaders/Private/MeshParticleVertexFactory.ush" 2150
"../../../Engine/Shaders/Private/LocalVertexFactory.ush" 2151
"../../../Engine/Shaders/Private/GpuSkinCommon.ush" 2152
"../../../Engine/Shaders/Private/GpuSkinVertexFactory.ush" 2153
"../../../Engine/Shaders/Private/GeometryCollectionVertexFactory.ush" 2154
"../../../Engine/Shaders/Private/GeometryCacheVertexFactory.ush" 2155
"../../../Engine/Shaders/Private/LandscapeVertexFactory.ush" 2156
"../../../Engine/Plugins/Experimental/Compositing/CompositeCore/Shaders/Private/CompositeCoreMerge.usf" 2157
"../../../Engine/Shaders/Private/ScreenPass.ush" 2158
"../../../Engine/Shaders/Private/LensDistortion.ush" 2159
"../../../Engine/Plugins/Experimental/Compositing/CompositeCore/Shaders/Private/CompositeCoreDisplayTransform.usf" 2160
"../../../Engine/Plugins/Experimental/Compositing/CompositeCore/Shaders/Private/CompositeCoreDilate.usf" 2161
"../../../Engine/Plugins/VirtualProduction/CameraCalibrationCore/Shaders/Private/CrosshairOverlay.usf" 2162
"../../../Engine/Plugins/VirtualProduction/CameraCalibrationCore/Shaders/Private/DisplacementMapBlending.usf" 2163
"../../../Engine/Plugins/VirtualProduction/CameraCalibrationCore/Shaders/Private/RecenterSTDisplacementMaps.usf" 2164
"../../../Engine/Plugins/VirtualProduction/CameraCalibrationCore/Shaders/Private/FillSTDisplacementMap.usf" 2165
"../../../Engine/Plugins/VirtualProduction/CameraCalibrationCore/Shaders/Private/InvertDisplacementMap.usf" 2166
"../../../Engine/Plugins/VirtualProduction/CameraCalibrationCore/Shaders/Private/CropDisplacementMap.usf" 2167
"../../../Engine/Plugins/VirtualProduction/CameraCalibrationCore/Shaders/Private/BlendDisplacementMaps.usf" 2168
"../../../Engine/Plugins/VirtualProduction/CameraCalibrationCore/Shaders/Private/DrawDisplacementMaps.usf" 2169
"../../../Engine/Plugins/VirtualProduction/CameraCalibrationCore/Shaders/Private/UndistortImagePoints.usf" 2170
"../../../Engine/Plugins/VirtualProduction/CameraCalibrationCore/Shaders/Private/DistortionSTMapProcessor.usf" 2171
"../../../Engine/Plugins/Runtime/HairStrands/Shaders/Private/NiagaraCopyVelocityGrid.usf" 2172
"../../../Engine/Plugins/Runtime/HairStrands/Shaders/Private/NiagaraClearVelocityGrid.usf" 2173
"../../../Engine/Plugins/Runtime/HairStrands/Shaders/Private/NiagaraClearPressureGrid.usf" 2174
"../../../Engine/Plugins/Runtime/HairStrands/Shaders/Private/NiagaraInterpolateGroomGuides.usf" 2175
"../../../Engine/Plugins/Runtime/HairStrands/Shaders/Private/NiagaraGroomInterpolationUtils.ush" 2176
"../../../Engine/Plugins/FX/Niagara/Shaders/Private/NiagaraQuaternionUtils.ush" 2177
"../../../Engine/Shaders/Private/HairStrands/HairStrandsMesh.usf" 2178
"../../../Engine/Shaders/Private/HairStrands/HairStrandsBindingCommon.ush" 2179
"../../../Engine/Shaders/Private/HairStrands/HairStrandsFollicleMask.usf" 2180
"../../../Engine/Shaders/Private/HairStrands/HairStrandsSkinUpdate.usf" 2181
"../../../Engine/Shaders/Private/HairStrands/HairStrandsClusterCulling.usf" 2182
"../../../Engine/Shaders/Private/ColorMap.ush" 2183
"../../../Engine/Shaders/Private/HairStrands/HairStrandsAABBCommon.ush" 2184
"../../../Engine/Shaders/Private/HairStrands/HairStrandsClusterCommon.ush" 2185
"../../../Engine/Shaders/Private/ThreadGroupPrefixSum.ush" 2186
"../../../Engine/Shaders/Private/HairStrands/HairStrandsRaytracingGeometry.usf" 2187
"../../../Engine/Shaders/Private/HairStrands/HairStrandsTangent.usf" 2188
"../../../Engine/Shaders/Private/HairStrands/HairCardsDeformation.usf" 2189
"../../../Engine/Shaders/Private/HairStrands/HairStrandsInterpolation.usf" 2190
"../../../Engine/Shaders/Private/HairStrands/HairStrandsGuideDeform.usf" 2191
"../../../Engine/Shaders/Private/HairStrands/HairStrandsTexturesGeneration.usf" 2192
"../../../Engine/Shaders/Private/HairStrands/HairCardsTextureCommon.ush" 2193
"../../../Engine/Shaders/Private/HairStrands/HairStrandsTranscode.usf" 2194
"../../../Engine/Shaders/Private/HairStrands/HairStrandsDebug.usf" 2195
"../../../Engine/Shaders/Private/HairShadingCommon.ush" 2196
"../../../Engine/Shaders/Private/PostProcessCommon.ush" 2197
"../../../Engine/Shaders/Private/ShadingModels.ush" 2198
"../../../Engine/Shaders/Private/CapsuleLight.ush" 2199
"../../../Engine/Shaders/Private/RectLight.ush" 2200
"../../../Engine/Shaders/Private/LightData.ush" 2201
"../../../Engine/Shaders/Shared/LightDefinitions.h" 2202
"../../../Engine/Shaders/Private/AreaLightCommon.ush" 2203
"../../../Engine/Shaders/Private/HairBsdf.ush" 2204
"../../../Engine/Shaders/Private/MobileGGX.ush" 2205
"../../../Engine/Shaders/Private/HairStrands/HairStrandsCommon.ush" 2206
"../../../Engine/Shaders/Private/HairStrands/HairStrandsEnvironmentLightingCommon.ush" 2207
"../../../Engine/Shaders/Private/HairStrands/HairStrandsDeepTransmittanceCommon.ush" 2208
"../../../Engine/Shaders/Private/HairStrands/HairStrandsDeepTransmittanceDualScattering.ush" 2209
"../../../Engine/Shaders/Private/HairStrands/HairStrandsDeepShadowCommon.ush" 2210
"../../../Engine/Shaders/Private/HairStrands/HairStrandsDebugCommonStruct.ush" 2211
"../../../Engine/Plugins/Experimental/NFORDenoise/Shaders/NFORDenoise.usf" 2212
"../../../Engine/Plugins/Experimental/NFORDenoise/Shaders/NFORRegressionCommon.ush" 2213
"../../../Engine/Plugins/Experimental/NFORDenoise/Shaders/NFORRegression.ush" 2214
"../../../Engine/Plugins/Experimental/GPULightmass/Shaders/Private/BrickAllocationManagement.usf" 2215
"../../../Engine/Plugins/Experimental/GPULightmass/Shaders/Private/BrickAllocationDefs.ush" 2216
"../../../Engine/Plugins/Experimental/GPULightmass/Shaders/Private/VolumetricLightmapVoxelization.usf" 2217
"../../../Engine/Shaders/Private/MaterialTemplate.ush" 2218
"../../../Engine/Shaders/Private/WorldSpaceMath.ush" 2219
"../../../Engine/Shaders/Private/EyeAdaptationCommon.ush" 2220
"../../../Engine/Shaders/Private/SobolRandom.ush" 2221
"../../../Engine/Shaders/Private/DepthOfFieldCommon.ush" 2222
"../../../Engine/Shaders/Private/CircleDOFCommon.ush" 2223
"../../../Engine/Shaders/Private/DistanceField/GlobalDistanceFieldShared.ush" 2224
"../../../Engine/Shaders/Private/PhysicsFieldSampler.ush" 2225
"../../../Engine/Shaders/Private/PhysicsFieldShared.ush" 2226
"../../../Engine/Shaders/Private/SparseVolumeTexture/SparseVolumeTextureCommon.ush" 2227
"../../../Engine/Shaders/Shared/EnvironmentComponentsFlags.h" 2228
"../../../Engine/Shaders/Private/MeshPaintTextureCommon.ush" 2229
"../../../Engine/Shaders/Private/VirtualTextureMaterial.ush" 2230
"../../../Engine/Shaders/Private/MaterialCache/MaterialCacheMaterialCommon.ush" 2231
"../../../Engine/Shaders/Private/MaterialCache/MaterialCacheABuffer.ush" 2232
"../../../Engine/Shaders/Private/SpeedTreeCommon.ush" 2233
"../../../Engine/Shaders/Private/VirtualTextureCommon.ush" 2234
"../../../Engine/Shaders/Private/MaterialTexture.ush" 2235
"../../../Engine/Shaders/Private/MinMaterialTexCoords.ush" 2236
"../../../Engine/Shaders/Private/SkyAtmosphereCommon.ush" 2237
"../../../Engine/Shaders/Private/SingleLayerWaterCommon.ush" 2238
"../../../Engine/Shaders/Private/TextureSampling.ush" 2239
"../../../Engine/Shaders/Private/PaniniProjection.ush" 2240
"../../../Engine/Shaders/Private/DBufferNormalReprojection.ush" 2241
"../../../Engine/Shaders/Public/SubstratePublic.ush" 2242
"../../../Engine/Shaders/Private/Substrate/SubstrateTree.ush" 2243
"../../../Engine/Shaders/Private/Substrate/SubstrateEvaluation.ush" 2244
"../../../Engine/Shaders/Private/Substrate/Glint/GlintThirdParty.ush" 2245
"../../../Engine/Shaders/Private/BlueNoise.ush" 2246
"../../../Engine/Shaders/Private/SHCommon.ush" 2247
"../../../Engine/Shaders/Private/ShadingModelsSampling.ush" 2248
"../../../Engine/Shaders/Private/HairStrands/HairBsdfSample.ush" 2249
"../../../Engine/Shaders/Private/Substrate/SubstrateLegacyConversion.ush" 2250
"../../../Engine/Shaders/Private/DBufferDecalShared.ush" 2251
"../../../Engine/Plugins/Experimental/GPULightmass/Shaders/Private/LightmapBufferClear.usf" 2252
"../../../Engine/Plugins/Experimental/GPULightmass/Shaders/Private/LightmapEncoding.ush" 2253
"../../../Engine/Plugins/Experimental/GPULightmass/Shaders/Private/BatchedTiles.ush" 2254
"../../../Engine/Plugins/Experimental/GPULightmass/Shaders/Private/LightmapOutput.usf" 2255
"../../../Engine/Plugins/Experimental/GPULightmass/Shaders/Private/FirstBounceRayGuidingCDFBuild.usf" 2256
"../../../Engine/Shaders/Private/PathTracing/Material/FirstBounceRayGuidingCommon.ush" 2257
"../../../Engine/Plugins/Experimental/GPULightmass/Shaders/Private/StaticShadowDepthMap.usf" 2258
"../../../Engine/Plugins/Experimental/GPULightmass/Shaders/Private/LightmapCommon.ush" 2259
"../../../Engine/Shaders/Private/PathTracing/PathTracingCommon.ush" 2260
"../../../Engine/Shaders/Private/PathTracing/Material/PathTracingMaterialCommon.ush" 2261
"../../../Engine/Shaders/Private/PathTracing/Utilities/PathTracingRandomSequence.ush" 2262
"../../../Engine/Shaders/Private/PathTracing/Utilities/PathTracingRIS.ush" 2263
"../../../Engine/Shaders/Shared/PathTracingDefinitions.h" 2264
"../../../Engine/Plugins/Experimental/GPULightmass/Shaders/Private/LightmapPathTracing.usf" 2265
"../../../Engine/Shaders/Private/RayTracing/RayTracingDirectionalLight.ush" 2266
"../../../Engine/Shaders/Private/RayTracing/RayTracingRectLight.ush" 2267
"../../../Engine/Shaders/Private/LightShaderParameters.ush" 2268
"../../../Engine/Shaders/Private/RayTracing/RayTracingSphereLight.ush" 2269
"../../../Engine/Shaders/Private/RayTracing/RayTracingCapsuleLight.ush" 2270
"../../../Engine/Shaders/Private/CapsuleLightSampling.ush" 2271
"../../../Engine/Shaders/Private/PathTracing/Light/PathTracingLightGrid.ush" 2272
"../../../Engine/Shaders/Private/Visualization.ush" 2273
"../../../Engine/Shaders/Private/Hash.ush" 2274
"../../../Engine/Plugins/Experimental/GPULightmass/Shaders/Private/IrradianceCachingCommon.ush" 2275
"../../../Engine/Shaders/Private/HashTable.ush" 2276
"../../../Engine/Shaders/Private/PathTracing/Light/PathTracingLightSampling.ush" 2277
"../../../Engine/Shaders/Private/PathTracing/Light/PathTracingLightCommon.ush" 2278
"../../../Engine/Shaders/Private/PathTracing/Light/PathTracingDirectionalLight.ush" 2279
"../../../Engine/Shaders/Private/PathTracing/Light/PathTracingPointLight.ush" 2280
"../../../Engine/Shaders/Private/PathTracing/Light/PathTracingCapsuleLight.ush" 2281
"../../../Engine/Shaders/Private/IntersectionUtils.ush" 2282
"../../../Engine/Shaders/Private/PathTracing/Light/PathTracingRectLight.ush" 2283
"../../../Engine/Shaders/Private/PathTracing/Light/PathTracingSkyLight.ush" 2284
"../../../Engine/Shaders/Private/RayTracing/RayTracingSkyLightCommon.ush" 2285
"../../../Engine/Shaders/Private/PathTracing/Material/PathTracingMaterialSampling.ush" 2286
"../../../Engine/Shaders/Private/PathTracing/Material/PathTracingFresnel.ush" 2287
"../../../Engine/Shaders/Private/PathTracing/Material/PathTracingLambert.ush" 2288
"../../../Engine/Shaders/Private/PathTracing/Material/PathTracingGlossy.ush" 2289
"../../../Engine/Shaders/Private/PathTracing/Material/PathTracingSubstrate.ush" 2290
"../../../Engine/Shaders/Private/PathTracing/Material/PathTracingSubstrateCommon.ush" 2291
"../../../Engine/Shaders/Private/PathTracing/Material/PathTracingSubstrateFoliage.ush" 2292
"../../../Engine/Shaders/Private/PathTracing/Material/PathTracingSubstrateSolidGlass.ush" 2293
"../../../Engine/Shaders/Private/PathTracing/Material/PathTracingSubstrateThinGlass.ush" 2294
"../../../Engine/Shaders/Private/PathTracing/Material/PathTracingSolidGlass.ush" 2295
"../../../Engine/Shaders/Private/PathTracing/Material/PathTracingEnergyConservation.ush" 2296
"../../../Engine/Shaders/Private/PathTracing/Material/PathTracingThinGlass.ush" 2297
"../../../Engine/Shaders/Private/PathTracing/Material/PathTracingDefaultLit.ush" 2298
"../../../Engine/Shaders/Private/PathTracing/Material/PathTracingClearCoat.ush" 2299
"../../../Engine/Shaders/Private/PathTracing/Material/PathTracingTwoSidedFoliage.ush" 2300
"../../../Engine/Shaders/Private/PathTracing/Material/PathTracingCloth.ush" 2301
"../../../Engine/Shaders/Private/PathTracing/Material/PathTracingSubsurfaceProfile.ush" 2302
"../../../Engine/Shaders/Private/PathTracing/Material/PathTracingEye.ush" 2303
"../../../Engine/Shaders/Private/PathTracing/Material/PathTracingHair.ush" 2304
"../../../Engine/Shaders/Private/PathTracing/Material/PathTracingMedium.ush" 2305
"../../../Engine/Shaders/Private/PathTracing/Material/PathTracingRadianceProbe.ush" 2306
"../../../Engine/Plugins/Experimental/GPULightmass/Shaders/Private/LightmapGBuffer.usf" 2307
"../../../Engine/Plugins/Experimental/GPULightmass/Shaders/Private/IrradianceCacheVisualization.usf" 2308
"../../../Engine/Plugins/Compositing/OpenColorIO/Shaders/Private/OpenColorIOInvalidShader.usf" 2309
"../../../Engine/Plugins/Compositing/OpenColorIO/Shaders/Private/OpenColorIOShader.usf" 2310
"../../../Engine/Plugins/Runtime/ComputeFramework/Shaders/Private/ComputeKernel.usf" 2311
"../../../Engine/Plugins/Runtime/ComputeFramework/Shaders/Private/ComputeKernelCommon.ush" 2312
"../../../Engine/Plugins/NNE/NNEDenoiser/Shaders/NNEDenoiserShadersTransferFunctionOidn.usf" 2313
"../../../Engine/Plugins/NNE/NNEDenoiser/Shaders/NNEDenoiserShadersMappedCopy.usf" 2314
"../../../Engine/Plugins/NNE/NNEDenoiser/Shaders/NNEDenoiserShadersDefaultIOProcess.usf" 2315
"../../../Engine/Plugins/NNE/NNEDenoiser/Shaders/NNEDenoiserShadersAutoExposureReduceFinal.usf" 2316
"../../../Engine/Plugins/NNE/NNEDenoiser/Shaders/NNEDenoiserShadersAutoExposureReduce.usf" 2317
"../../../Engine/Plugins/NNE/NNEDenoiser/Shaders/NNEDenoiserShadersAutoExposureDownsample.usf" 2318
"../../../Engine/Plugins/Media/WmfMedia/Shaders/Private/MediaHardwareVideoDecoding.usf" 2319
"../../../Engine/Shaders/Private/ColorUtils.ush" 2320
"../../../Engine/Plugins/Media/ImgMedia/Shaders/Private/ExrSwizzler.usf" 2321
"../../../Engine/Plugins/Marketplace/MetaXR/Shaders/Private/ScreenPixelShaderArraySlice.usf" 2322
"../../../Engine/Plugins/Marketplace/MetaXR/Shaders/Private/HardOcclusions.usf" 2323
"../../../Engine/Plugins/Marketplace/MetaXR/Shaders/Private/ScreenPSEnvironmentDepthMinMax.usf" 2324
"../../../Engine/Shaders/Private/DisplayMappingPixelShader.usf" 2325
"../../../Engine/Shaders/Private/TonemapCommon.ush" 2326
"../../../Engine/Shaders/Private/ACES/ACESCommon.ush" 2327
"../../../Engine/Shaders/Private/ACES/ACESOutputTransform.ush" 2328
"../../../Engine/Shaders/Private/ACES/ACESUtilities.ush" 2329
"../../../Engine/Shaders/Private/ACES/ACESTonescale.ush" 2330
"../../../Engine/Shaders/Private/ACES/ACESDisplayEncoding.ush" 2331
"../../../Engine/Shaders/Private/ACES/ACES_v1.3.ush" 2332
"../../../Engine/Plugins/Enterprise/GLTFExporter/Shaders/Private/SimpleTexture2DPS.usf" 2333
"../../../Engine/Shaders/Private/SimpleElementNormalMapPixelShader.usf" 2334
"../../../Engine/Plugins/FX/Niagara/Shaders/Private/NiagaraVertexFactoryExport.usf" 2335
"../../../Engine/Shaders/Private/ComputeShaderUtils.ush" 2336
"../../../Engine/Plugins/FX/Niagara/Shaders/Private/NiagaraSortKeyGen.usf" 2337
"../../../Engine/Plugins/FX/Niagara/Shaders/Private/NiagaraGPURayTracingTransforms.usf" 2338
"../../../Engine/Plugins/FX/Niagara/Shaders/Private/NiagaraDrawIndirectArgsGen.usf" 2339
"../../../Engine/Plugins/FX/Niagara/Shaders/Private/NiagaraDispatchIndirectArgsGen.usf" 2340
"../../../Engine/Plugins/FX/Niagara/Shaders/Private/Stateless/NiagaraStatelessSimulationDefault.usf" 2341
"../../../Engine/Plugins/FX/Niagara/Shaders/Private/Stateless/NiagaraStatelessSimulationTemplate.ush" 2342
"../../../Engine/Plugins/FX/Niagara/Shaders/Private/Stateless/NiagaraStatelessCommon.ush" 2343
"../../../Engine/Plugins/FX/Niagara/Shaders/Shared/NiagaraStatelessDefinitions.h" 2344
"../../../Engine/Plugins/FX/Niagara/Shaders/Shared/NiagaraStatelessBuiltDistribution.h" 2345
"../../../Engine/Plugins/FX/Niagara/Shaders/Private/Stateless/NiagaraStatelessDistribution.ush" 2346
"../../../Engine/Plugins/FX/Niagara/Shaders/Private/Stateless/Modules/NiagaraStatelessModule_CalculateAccurateVelocity.ush" 2347
"../../../Engine/Plugins/FX/Niagara/Shaders/Private/Stateless/Modules/NiagaraStatelessModule_CameraOffset.ush" 2348
"../../../Engine/Plugins/FX/Niagara/Shaders/Private/Stateless/Modules/NiagaraStatelessModule_DynamicMaterialParameters.ush" 2349
"../../../Engine/Plugins/FX/Niagara/Shaders/Private/Stateless/Modules/NiagaraStatelessModule_InitializeParticle.ush" 2350
"../../../Engine/Plugins/FX/Niagara/Shaders/Private/Stateless/Modules/NiagaraStatelessModule_InitialMeshOrientation.ush" 2351
"../../../Engine/Plugins/FX/Niagara/Shaders/Private/Stateless/Modules/NiagaraStatelessModule_MeshIndex.ush" 2352
"../../../Engine/Plugins/FX/Niagara/Shaders/Private/Stateless/Modules/NiagaraStatelessModule_MeshRotationRate.ush" 2353
"../../../Engine/Plugins/FX/Niagara/Shaders/Private/Stateless/Modules/NiagaraStatelessModule_RotateAroundPoint.ush" 2354
"../../../Engine/Plugins/FX/Niagara/Shaders/Private/Stateless/Modules/NiagaraStatelessModule_ShapeLocation.ush" 2355
"../../../Engine/Plugins/FX/Niagara/Shaders/Private/Stateless/Modules/NiagaraStatelessModule_ScaleColor.ush" 2356
"../../../Engine/Plugins/FX/Niagara/Shaders/Private/Stateless/Modules/NiagaraStatelessModule_ScaleRibbonWidth.ush" 2357
"../../../Engine/Plugins/FX/Niagara/Shaders/Private/Stateless/Modules/NiagaraStatelessModule_ScaleSpriteSize.ush" 2358
"../../../Engine/Plugins/FX/Niagara/Shaders/Private/Stateless/Modules/NiagaraStatelessModule_ScaleSpriteSizeBySpeed.ush" 2359
"../../../Engine/Plugins/FX/Niagara/Shaders/Private/Stateless/Modules/NiagaraStatelessModule_ScaleMeshSize.ush" 2360
"../../../Engine/Plugins/FX/Niagara/Shaders/Private/Stateless/Modules/NiagaraStatelessModule_ScaleMeshSizebySpeed.ush" 2361
"../../../Engine/Plugins/FX/Niagara/Shaders/Private/Stateless/Modules/NiagaraStatelessModule_SolveVelocitiesAndForces.ush" 2362
"../../../Engine/Plugins/FX/Niagara/Shaders/Private/Stateless/Modules/NiagaraStatelessModule_SpriteFacingAndAlignment.ush" 2363
"../../../Engine/Plugins/FX/Niagara/Shaders/Private/Stateless/Modules/NiagaraStatelessModule_SpriteRotationRate.ush" 2364
"../../../Engine/Plugins/FX/Niagara/Shaders/Private/Stateless/Modules/NiagaraStatelessModule_SubUVAnimation.ush" 2365
"../../../Engine/Plugins/FX/Niagara/Shaders/Private/NiagaraBlendSVTsToDenseBuffer.usf" 2366
"../../../Engine/Plugins/FX/Niagara/Shaders/Private/NiagaraSVTToDenseBuffer.usf" 2367
"../../../Engine/Plugins/FX/Niagara/Shaders/Private/NiagaraFillIntBuffer.usf" 2368
"../../../Engine/Plugins/FX/Niagara/Shaders/Private/NiagaraComputeFreeIDs.usf" 2369
"../../../Engine/Plugins/FX/Niagara/Shaders/Private/NiagaraInitFreeIDBuffer.usf" 2370
"../../../Engine/Plugins/FX/Niagara/Shaders/Private/NiagaraEmitterInstanceShader.usf" 2371
"../../../Engine/Plugins/FX/Niagara/Shaders/Private/NiagaraShaderVersion.ush" 2372
"../../../Engine/Plugins/FX/Niagara/Shaders/Private/NiagaraPhysicsCommon.ush" 2373
"../../../Engine/Plugins/FX/Niagara/Shaders/Private/Ribbons/NiagaraRibbonAggregationApply.usf" 2374
"../../../Engine/Plugins/FX/Niagara/Shaders/Private/Ribbons/NiagaraRibbonCommon.ush" 2375
"../../../Engine/Plugins/FX/Niagara/Shaders/Private/Ribbons/NiagaraRibbonAggregationStep.usf" 2376
"../../../Engine/Plugins/FX/Niagara/Shaders/Private/Ribbons/NiagaraRibbonGenerateIndices.usf" 2377
"../../../Engine/Plugins/FX/Niagara/Shaders/Private/Ribbons/NiagaraRibbonInitializeIndices.usf" 2378
"../../../Engine/Plugins/FX/Niagara/Shaders/Private/Ribbons/NiagaraRibbonRibbonUVParamCalculation.usf" 2379
"../../../Engine/Plugins/FX/Niagara/Shaders/Private/Ribbons/NiagaraRibbonVertexReductionFinalization.usf" 2380
"../../../Engine/Plugins/FX/Niagara/Shaders/Private/Ribbons/NiagaraRibbonVertexReductionInitialization.usf" 2381
"../../../Engine/Plugins/FX/Niagara/Shaders/Private/Ribbons/NiagaraRibbonSortParticles.usf" 2382
"../../../Engine/Plugins/FX/Niagara/Shaders/Private/NiagaraLWCHelper.usf" 2383
"../../../Engine/Plugins/FX/Niagara/Shaders/Private/NiagaraUpdateMeshGPUSceneInstances.usf" 2384
"../../../Engine/Shaders/Private/GPUScene/GPUSceneWriter.ush" 2385
"../../../Engine/Plugins/FX/Niagara/Shaders/Private/NiagaraGenerateMips.usf" 2386
"../../../Engine/Plugins/FX/Niagara/Shaders/Private/NiagaraDebugDraw.usf" 2387
"../../../Engine/Plugins/FX/Niagara/Shaders/Private/NiagaraDebugDraw.ush" 2388
"../../../Engine/Plugins/FX/Niagara/Shaders/Private/NiagaraVisualizeTexture.usf" 2389
"../../../Engine/Plugins/FX/Niagara/Shaders/Private/NiagaraClearCounts.usf" 2390
"../../../Engine/Plugins/FX/Niagara/Shaders/Private/NiagaraBatchedElements.usf" 2391
"../../../Engine/Plugins/FX/Niagara/Shaders/Private/NiagaraRayTracingShaders.usf" 2392
"../../../Engine/Plugins/FX/Niagara/Shaders/Private/NiagaraAsyncGpuTraceCommon.ush" 2393
"../../../Engine/Shaders/Private/RayTracing/VFXTraceRay.ush" 2394
"../../../Engine/Plugins/FX/Niagara/Shaders/Private/NiagaraRayMarchingShaders.usf" 2395
"../../../Engine/Plugins/FX/Niagara/Shaders/Private/NiagaraRayTraceCollisionGroupShaders.usf" 2396
"../../../Engine/Plugins/FX/Niagara/Shaders/Private/NiagaraAsyncGpuTraceUtils.usf" 2397
"../../../Engine/Plugins/PCG/Shaders/Private/PCGTextureReadback.usf" 2398
"../../../Engine/Plugins/PCG/Shaders/Private/PCGSceneWriter.usf" 2399
"../../../Engine/Plugins/PCG/Shaders/Private/PCGGrassMapUnpackerCS.usf" 2400
"../../../Engine/Plugins/PCG/Shaders/Private/PCGDataCollectionAdaptor.usf" 2401
"../../../Engine/Shaders/Private/VirtualTextureAdapter.usf" 2402
"../../../Engine/Shaders/Private/BlockCompressionCommon.ush" 2403
"../../../Engine/Shaders/Private/BCCompressionCommon.ush" 2404
"../../../Engine/Shaders/Private/TranslucentLightingShaders.usf" 2405
"../../../Engine/Shaders/Private/CubemapCommon.ush" 2406
"../../../Engine/Shaders/Private/VectorFieldCompositeShaders.usf" 2407
"../../../Engine/Shaders/Private/UpdateTextureShaders.usf" 2408
"../../../Engine/Shaders/Private/StereoLayerShader.usf" 2409
"../../../Engine/Shaders/Private/SparseVolumeTexture/UpdateSparseVolumeTexture.usf" 2410
"../../../Engine/Shaders/Private/MorphTargets.usf" 2411
"../../../Engine/Shaders/Private/SimpleElementColorChannelMaskPixelShader.usf" 2412
"../../../Engine/Shaders/Private/SimpleElementHitProxyPixelShader.usf" 2413
"../../../Engine/Shaders/Private/SimpleElementPixelShader.usf" 2414
"../../../Engine/Shaders/Private/IESLightProfilesCommon.ush" 2415
"../../../Engine/Shaders/Private/SimpleElementVertexShader.usf" 2416
"../../../Engine/Shaders/Private/ScreenPixelShaderOES.usf" 2417
"../../../Engine/Shaders/Private/ScreenVertexShader.usf" 2418
"../../../Engine/Shaders/Private/ScreenPixelShader.usf" 2419
"../../../Engine/Shaders/Private/SSProfilePreIntegratedMobile.usf" 2420
"../../../Engine/Shaders/Private/SpecularProfile.usf" 2421
"../../../Engine/Shaders/Private/Nanite/NaniteStreaming.usf" 2422
"../../../Engine/Shaders/Private/Nanite/NaniteStreaming.ush" 2423
"../../../Engine/Shaders/Private/Nanite/NaniteTranscode.usf" 2424
"../../../Engine/Shaders/Private/VolumetricLightmapStreaming.usf" 2425
"../../../Engine/Shaders/Private/PhysicsFieldReset.usf" 2426
"../../../Engine/Shaders/Private/PhysicsFieldBuilder.usf" 2427
"../../../Engine/Shaders/Private/PhysicsFieldEval.ush" 2428
"../../../Engine/Shaders/Private/ParticleSortKeyGen.usf" 2429
"../../../Engine/Shaders/Private/ParticleBoundsShader.usf" 2430
"../../../Engine/Shaders/Private/ParticleSimVisualizeShader.usf" 2431
"../../../Engine/Shaders/Private/ParticleInjectionShader.usf" 2432
"../../../Engine/Shaders/Private/ParticleSimulationShader.usf" 2433
"../../../Engine/Shaders/Private/ParticleCurveInjectionShader.usf" 2434
"../../../Engine/Shaders/Private/CopyUIntBuffer.usf" 2435
"../../../Engine/Shaders/Private/RadixSortShaders.usf" 2436
"../../../Engine/Shaders/Private/RecomputeTangentsPerVertexPass.usf" 2437
"../../../Engine/Shaders/Private/RecomputeTangentsCommon.ush" 2438
"../../../Engine/Shaders/Private/RecomputeTangentsPerTrianglePass.usf" 2439
"../../../Engine/Shaders/Private/GpuSkinCacheComputeShader.usf" 2440
"../../../Engine/Shaders/Private/HeightFieldAtlasManagement.usf" 2441
"../../../Engine/Shaders/Private/Landscape/LandscapeEditLayersUtils.usf" 2442
"../../../Engine/Shaders/Private/Landscape/LandscapeCommon.ush" 2443
"../../../Engine/Shaders/Private/Landscape/LandscapeEditLayersWeightmaps.usf" 2444
"../../../Engine/Shaders/Private/Landscape/LandscapeEditLayersHeightmaps.usf" 2445
"../../../Engine/Shaders/Private/Landscape/LandscapeLayersWeightmapsPS.usf" 2446
"../../../Engine/Shaders/Private/Landscape/LandscapeLayersHeightmapsPS.usf" 2447
"../../../Engine/Shaders/Private/LandscapeLayersCS.usf" 2448
"../../../Engine/Shaders/Private/LandscapeLayersPS.usf" 2449
"../../../Engine/Shaders/Private/LandscapeLayersVS.usf" 2450
"../../../Engine/Shaders/Private/LandscapePhysicalMaterial.usf" 2451
"../../../Engine/Shaders/Private/LandscapeGrassWeight.usf" 2452
"../../../Engine/Shaders/Private/Landscape/LandscapeCulling.usf" 2453
"../../../Engine/Shaders/Private/Nanite/NaniteHZBCull.ush" 2454
"../../../Engine/Shaders/Private/HZB.ush" 2455
"../../../Engine/Shaders/Private/Landscape/LandscapeMergeTexturesPS.usf" 2456
"../../../Engine/Shaders/Private/WideCustomResolveShaders.usf" 2457
"../../../Engine/Shaders/Private/WideCustomResolve_Wide.ush" 2458
"../../../Engine/Shaders/Private/WideCustomResolve_Wider.ush" 2459
"../../../Engine/Shaders/Private/WideCustomResolve_Widest.ush" 2460
"../../../Engine/Shaders/Private/WaterInfoTextureBlur.usf" 2461
"../../../Engine/Shaders/Private/WaterInfoTextureMerge.usf" 2462
"../../../Engine/Shaders/Private/PageTableUpdate.usf" 2463
"../../../Engine/Shaders/Private/VirtualTextureCompress.usf" 2464
"../../../Engine/Shaders/Private/ASTCCompressionCommon.ush" 2465
"../../../Engine/Shaders/Private/IntegerSequenceEncoding.ush" 2466
"../../../Engine/Shaders/Private/ETCCompressionCommon.ush" 2467
"../../../Engine/Shaders/Private/VirtualTextureMaterial.usf" 2468
"../../../Engine/Shaders/Private/PixelShaderOutputCommon.ush" 2469
"../../../Engine/Shaders/Private/ShaderOutputCommon.ush" 2470
"../../../Engine/Shaders/Private/VolumetricRenderTarget.usf" 2471
"../../../Engine/Shaders/Private/HeightFogCommon.ush" 2472
"../../../Engine/Shaders/Private/LocalFogVolumes/LocalFogVolumeCommon.ush" 2473
"../../../Engine/Shaders/Private/ReflectionEnvironmentShared.ush" 2474
"../../../Engine/Shaders/Private/VolumetricFogVoxelization.usf" 2475
"../../../Engine/Shaders/Private/VolumetricCloudMaterialPixelCommon.ush" 2476
"../../../Engine/Shaders/Private/VolumetricFogLightFunction.usf" 2477
"../../../Engine/Shaders/Private/LightFunctionCommon.ush" 2478
"../../../Engine/Shaders/Private/VolumetricFog.usf" 2479
"../../../Engine/Shaders/Private/DeferredLightingCommon.ush" 2480
"../../../Engine/Shaders/Private/DynamicLightingCommon.ush" 2481
"../../../Engine/Shaders/Private/CapsuleLightIntegrate.ush" 2482
"../../../Engine/Shaders/Private/RectLightIntegrate.ush" 2483
"../../../Engine/Shaders/Private/ScreenSpaceShadowRayCast.ush" 2484
"../../../Engine/Shaders/Private/LightFunctionAtlas/LightFunctionAtlasCommon.usf" 2485
"../../../Engine/Shaders/Private/HeterogeneousVolumes/HeterogeneousVolumesAdaptiveVolumetricShadowMapSampling.ush" 2486
"../../../Engine/Shaders/Private/HeterogeneousVolumes/HeterogeneousVolumesAdaptiveVolumetricShadowMapUtils.ush" 2487
"../../../Engine/Shaders/Private/HeterogeneousVolumes/HeterogeneousVolumesRayMarchingUtils.ush" 2488
"../../../Engine/Shaders/Private/HeterogeneousVolumes/HeterogeneousVolumesRayMarchingTypes.ush" 2489
"../../../Engine/Shaders/Private/HeterogeneousVolumes/HeterogeneousVolumesTracingUtils.ush" 2490
"../../../Engine/Shaders/Private/VelocityCommon.ush" 2491
"../../../Engine/Shaders/Private/HeterogeneousVolumes/HeterogeneousVolumesTransmittanceVolumeUtils.ush" 2492
"../../../Engine/Shaders/Private/ForwardShadowingCommon.ush" 2493
"../../../Engine/Shaders/Private/ShadowFilteringCommon.ush" 2494
"../../../Engine/Shaders/Private/PixelQuadMessagePassing.ush" 2495
"../../../Engine/Shaders/Private/VolumeLightingCommon.ush" 2496
"../../../Engine/Shaders/Private/ShadowProjectionCommon.ush" 2497
"../../../Engine/Shaders/Private/VolumeLightingCommonSampling.ush" 2498
"../../../Engine/Shaders/Private/Lumen/LumenTranslucencyVolumeShared.ush" 2499
"../../../Engine/Shaders/Private/Lumen/LumenRadianceCacheInterpolation.ush" 2500
"../../../Engine/Shaders/Private/HeterogeneousVolumes/HeterogeneousVolumesAdaptiveVolumetricShadowMapSampler.ush" 2501
"../../../Engine/Shaders/Private/LightGridCommon.ush" 2502
"../../../Engine/Shaders/Private/DistanceFieldAOShared.ush" 2503
"../../../Engine/Shaders/Private/VolumetricLightmapShared.ush" 2504
"../../../Engine/Shaders/Private/LightDataUniforms.ush" 2505
"../../../Engine/Shaders/Private/VirtualShadowMaps/VirtualShadowMapProjectionCommon.ush" 2506
"../../../Engine/Shaders/Private/VirtualShadowMaps/VirtualShadowMapPageAccessCommon.ush" 2507
"../../../Engine/Shaders/Shared/VirtualShadowMapDefinitions.h" 2508
"../../../Engine/Shaders/Shared/HLSLMathAliases.h" 2509
"../../../Engine/Shaders/Private/VirtualShadowMaps/VirtualShadowMapProjectionStructs.ush" 2510
"../../../Engine/Shaders/Private/VolumetricCloudCommon.ush" 2511
"../../../Engine/Shaders/Private/VolumetricCloud.usf" 2512
"../../../Engine/Shaders/Private/VisualizeVolumetricLightmap.usf" 2513
"../../../Engine/Shaders/Private/VirtualShadowMaps/VirtualShadowMapProjectionComposite.usf" 2514
"../../../Engine/Shaders/Private/VirtualShadowMaps/VirtualShadowMapMaskBitsCommon.ush" 2515
"../../../Engine/Shaders/Private/VirtualShadowMaps/VirtualShadowMapLightGrid.ush" 2516
"../../../Engine/Shaders/Private/VirtualShadowMaps/VirtualShadowMapProjection.usf" 2517
"../../../Engine/Shaders/Private/VirtualShadowMaps/VirtualShadowMapProjectionFilter.ush" 2518
"../../../Engine/Shaders/Private/VirtualShadowMaps/VirtualShadowMapProjectionDirectional.ush" 2519
"../../../Engine/Shaders/Private/VirtualShadowMaps/VirtualShadowMapSMRTCommon.ush" 2520
"../../../Engine/Shaders/Private/VirtualShadowMaps/VirtualShadowMapSMRTTemplate.ush" 2521
"../../../Engine/Shaders/Private/VirtualShadowMaps/VirtualShadowMapProjectionSpot.ush" 2522
"../../../Engine/Shaders/Private/VirtualShadowMaps/VirtualShadowMapTransmissionCommon.ush" 2523
"../../../Engine/Shaders/Private/VirtualShadowMaps/VirtualShadowMapScreenRayTrace.ush" 2524
"../../../Engine/Shaders/Private/VirtualShadowMaps/VirtualShadowMapStats.ush" 2525
"../../../Engine/Shaders/Private/HairStrands/HairStrandsVoxelPageCommon.ush" 2526
"../../../Engine/Shaders/Private/HairStrands/HairStrandsVoxelPageTraversal.ush" 2527
"../../../Engine/Shaders/Private/VirtualShadowMaps/VirtualShadowMapCacheGPUInvalidation.usf" 2528
"../../../Engine/Shaders/Private/VirtualShadowMaps/VirtualShadowMapPageCacheCommon.ush" 2529
"../../../Engine/Shaders/Private/VirtualShadowMaps/VirtualShadowMapCacheInvalidation.ush" 2530
"../../../Engine/Shaders/Private/VirtualShadowMaps/VirtualShadowMapPageOverlap.ush" 2531
"../../../Engine/Shaders/Private/ScreenSpaceDenoise/SSDDefinitions.ush" 2532
"../../../Engine/Shaders/Private/InstanceCulling/InstanceCullingLoadBalancer.ush" 2533
"../../../Engine/Shaders/Private/VirtualShadowMaps/VirtualShadowMapCacheLoadBalancer.usf" 2534
"../../../Engine/Shaders/Private/VirtualShadowMaps/VirtualShadowMapCopyStats.usf" 2535
"../../../Engine/Shaders/Private/VirtualShadowMaps/VirtualShadowMapDebug.usf" 2536
"../../../Engine/Shaders/Private/VirtualShadowMaps/Desaturate.usf" 2537
"../../../Engine/Shaders/Private/VirtualShadowMaps/VirtualShadowMapPhysicalPageManagement.usf" 2538
"../../../Engine/Shaders/Private/ReductionCommon.ush" 2539
"../../../Engine/Shaders/Private/GPUMessaging.ush" 2540
"../../../Engine/Shaders/Private/VirtualShadowMaps/VirtualShadowMapPerPageDispatch.ush" 2541
"../../../Engine/Shaders/Private/VirtualShadowMaps/VirtualShadowMapCompactViews.usf" 2542
"../../../Engine/Shaders/Shared/SceneCullingDefinitions.h" 2543
"../../../Engine/Shaders/Private/VirtualShadowMaps/VirtualShadowMapBuildPerPageDrawCommands.usf" 2544
"../../../Engine/Shaders/Private/Nanite/NaniteCullingCommon.ush" 2545
"../../../Engine/Shaders/Private/Nanite/NaniteCulling.ush" 2546
"../../../Engine/Shaders/Private/Nanite/NaniteHierarchyTraversalCommon.ush" 2547
"../../../Engine/Shaders/Private/InstanceCulling/InstanceCullingCommon.ush" 2548
"../../../Engine/Shaders/Shared/InstanceCullingDefinitions.h" 2549
"../../../Engine/Shaders/Private/VirtualShadowMaps/VirtualShadowMapPrintStats.usf" 2550
"../../../Engine/Shaders/Private/VirtualShadowMaps/VirtualShadowMapPageManagement.usf" 2551
"../../../Engine/Shaders/Private/VirtualShadowMaps/VirtualShadowMapPageMarking.usf" 2552
"../../../Engine/Shaders/Shared/SingleLayerWaterDefinitions.h" 2553
"../../../Engine/Shaders/Private/HairStrands/HairStrandsTileCommon.ush" 2554
"../../../Engine/Shaders/Private/Froxel/Froxel.ush" 2555
"../../../Engine/Shaders/Shared/FroxelDefinitions.h" 2556
"../../../Engine/Shaders/Private/DiaphragmDOF/DOFCommon.ush" 2557
"../../../Engine/Shaders/Private/VariableRateShading/VRSShadingRatePreview.usf" 2558
"../../../Engine/Shaders/Private/VariableRateShading/VRSShadingRateCommon.ush" 2559
"../../../Engine/Shaders/Private/VariableRateShading/VRSShadingRateCombine.usf" 2560
"../../../Engine/Shaders/Private/VariableRateShading/VRSShadingRateFoveated.usf" 2561
"../../../Engine/Shaders/Private/VariableRateShading/VRSShadingRateReproject.usf" 2562
"../../../Engine/Shaders/Private/VariableRateShading/VRSShadingRateCalculate.usf" 2563
"../../../Engine/Shaders/Private/TranslucencyUpsampling.usf" 2564
"../../../Engine/Shaders/Private/ComposeSeparateTranslucency.usf" 2565
"../../../Engine/Shaders/Private/SeparateTranslucency.ush" 2566
"../../../Engine/Shaders/Private/TranslucentLightInjectionShaders.usf" 2567
"../../../Engine/Shaders/Private/TranslucentShadowDepthShaders.usf" 2568
"../../../Engine/Shaders/Private/ShadowDepthCommon.ush" 2569
"../../../Engine/Shaders/Private/RayTracing/RayTracingTest.usf" 2570
"../../../Engine/Shaders/Private/PostprocessSubsurfaceTile.usf" 2571
"../../../Engine/Shaders/Private/PostProcessSubsurfaceCommon.ush" 2572
"../../../Engine/Shaders/Private/Substrate/SubstrateVisualize.usf" 2573
"../../../Engine/Shaders/Private/Substrate/SubstrateTile.ush" 2574
"../../../Engine/Shaders/Shared/SubstrateVisualizeDefinitions.h" 2575
"../../../Engine/Shaders/Private/Substrate/SubstrateVisualizeCommon.ush" 2576
"../../../Engine/Shaders/Private/SkyLightingDiffuseShared.ush" 2577
"../../../Engine/Shaders/Private/SkyLightingShared.ush" 2578
"../../../Engine/Shaders/Private/ClearCoatCommon.ush" 2579
"../../../Engine/Shaders/Private/ReflectionEnvironmentComposite.ush" 2580
"../../../Engine/Shaders/Private/Substrate/SubstrateLightingCommon.ush" 2581
"../../../Engine/Shaders/Private/Substrate/SubstrateRoughRefraction.usf" 2582
"../../../Engine/Shaders/Private/Substrate/SubstrateMaterialSampling.usf" 2583
"../../../Engine/Shaders/Private/Substrate/SubstrateMaterialSampling.ush" 2584
"../../../Engine/Shaders/Private/Lumen/LumenPosition.ush" 2585
"../../../Engine/Shaders/Private/Substrate/SubstrateTile.usf" 2586
"../../../Engine/Shaders/Private/Substrate/SubstrateMaterialClassification.usf" 2587
"../../../Engine/Shaders/Private/Substrate/SubstrateDBuffer.usf" 2588
"../../../Engine/Shaders/Private/StochasticLighting/StochasticLightingDenoising.usf" 2589
"../../../Engine/Shaders/Private/Lumen/LumenMaterial.ush" 2590
"../../../Engine/Shaders/Private/StochasticLighting/StochasticLightingCommon.ush" 2591
"../../../Engine/Shaders/Private/SplineMeshSceneTexture.usf" 2592
"../../../Engine/Shaders/Private/SparseVolumeTexture/VisualizeSparseVolumeTexture.usf" 2593
"../../../Engine/Shaders/Private/SkyAtmosphere.usf" 2594
"../../../Engine/Shaders/Private/Skinning/SkinnedMeshDebug.usf" 2595
"../../../Engine/Shaders/Private/Skinning/AnimBankEval.usf" 2596
"../../../Engine/Shaders/Private/SingleLayerWaterComposite.usf" 2597
"../../../Engine/Shaders/Private/Froxel/FroxelBuild.ush" 2598
"../../../Engine/Shaders/Private/SingleLayerWaterRefractionCulling.usf" 2599
"../../../Engine/Shaders/Private/ScreenSpaceShadows.usf" 2600
"../../../Engine/Shaders/Private/bend_sss_gpu.ush" 2601
"../../../Engine/Shaders/Private/ShadowFactorsUpsampleCommon.ush" 2602
"../../../Engine/Shaders/Private/FirstPersonSelfShadow.usf" 2603
"../../../Engine/Shaders/Private/HZBTracing.ush" 2604
"../../../Engine/Shaders/Private/ShadowProjectionVertexShader.usf" 2605
"../../../Engine/Shaders/Private/ShadowProjectionPixelShader.usf" 2606
"../../../Engine/Shaders/Private/MobileLightingCommon.ush" 2607
"../../../Engine/Shaders/Private/PlanarReflectionShared.ush" 2608
"../../../Engine/Shaders/Private/MobileSSR.ush" 2609
"../../../Engine/Shaders/Private/SSRT/SSRTRayCast.ush" 2610
"../../../Engine/Shaders/Private/ShadowPercentageCloserFiltering.ush" 2611
"../../../Engine/Shaders/Private/TransmissionThickness.ush" 2612
"../../../Engine/Shaders/Private/CopyShadowMaps.usf" 2613
"../../../Engine/Shaders/Private/ShadowDepthPixelShader.usf" 2614
"../../../Engine/Shaders/Private/ShadowDepthVertexShader.usf" 2615
"../../../Engine/Shaders/Private/ShadingEnergyConservationTable.usf" 2616
"../../../Engine/Shaders/Private/ShadingFurnaceTest.usf" 2617
"../../../Engine/Shaders/Private/Substrate/SubstrateDeferredLighting.ush" 2618
"../../../Engine/Shaders/Private/ShaderPrintDraw.usf" 2619
"../../../Engine/Shaders/Private/ShaderPrintDrawPrimitive.usf" 2620
"../../../Engine/Shaders/Private/DefaultSSRTiles.usf" 2621
"../../../Engine/Shaders/Private/ScreenSpaceReflectionTileCommons.ush" 2622
"../../../Engine/Shaders/Private/SSRT/SSRTDiffuseIndirect.usf" 2623
"../../../Engine/Shaders/Private/SSRT/SSRTTileClassificationBuffer.ush" 2624
"../../../Engine/Shaders/Private/SSRT/SSRTReflections.usf" 2625
"../../../Engine/Shaders/Private/ScreenSpaceDenoise/SSDPublic.ush" 2626
"../../../Engine/Shaders/Private/SSRT/SSRTTileClassification.usf" 2627
"../../../Engine/Shaders/Private/SSRT/SSRTPrevFrameReduction.usf" 2628
"../../../Engine/Shaders/Private/ScreenSpaceDenoise/SSDComposeHarmonics.usf" 2629
"../../../Engine/Shaders/Private/ScreenSpaceDenoise/SSDPublicHarmonics.ush" 2630
"../../../Engine/Shaders/Private/ScreenSpaceDenoise/SSDSignalFramework.ush" 2631
"../../../Engine/Shaders/Private/ScreenSpaceDenoise/SSDCommon.ush" 2632
"../../../Engine/Shaders/Private/SphericalGaussian.ush" 2633
"../../../Engine/Shaders/Public/WaveBroadcastIntrinsics.ush" 2634
"../../../Engine/Shaders/Private/ScreenSpaceDenoise/SSDMetadata.ush" 2635
"../../../Engine/Shaders/Private/ScreenSpaceDenoise/SSDSignalCore.ush" 2636
"../../../Engine/Shaders/Private/ScreenSpaceDenoise/DenoisingCommon.ush" 2637
"../../../Engine/Shaders/Private/ScreenSpaceDenoise/SSDSignalArray.ush" 2638
"../../../Engine/Shaders/Private/ScreenSpaceDenoise/SSDSignalBufferEncoding.ush" 2639
"../../../Engine/Shaders/Private/ScreenSpaceDenoise/SSDPublicBufferEncoding.ush" 2640
"../../../Engine/Shaders/Private/Lumen/LumenBufferEncoding.ush" 2641
"../../../Engine/Shaders/Private/ScreenSpaceDenoise/SSDTemporalAccumulation.usf" 2642
"../../../Engine/Shaders/Private/ScreenSpaceDenoise/SSDSpatialKernel.ush" 2643
"../../../Engine/Shaders/Private/ScreenSpaceDenoise/SSDSignalAccumulatorArray.ush" 2644
"../../../Engine/Shaders/Private/ScreenSpaceDenoise/SSDSignalAccumulator.ush" 2645
"../../../Engine/Shaders/Private/ScreenSpaceDenoise/SSDSignalCompression.ush" 2646
"../../../Engine/Shaders/Private/ScreenSpaceDenoise/SSDSpatialAccumulation.usf" 2647
"../../../Engine/Shaders/Private/ScreenSpaceDenoise/SSDInjest.usf" 2648
"../../../Engine/Shaders/Private/ScreenSpaceDenoise/SSDCompressMetadata.usf" 2649
"../../../Engine/Shaders/Private/DownsampleDepthPixelShader.usf" 2650
"../../../Engine/Shaders/Private/ScreenPass.usf" 2651
"../../../Engine/Shaders/Private/HZB.usf" 2652
"../../../Engine/Shaders/Private/OcclusionFeedbackShaders.usf" 2653
"../../../Engine/Shaders/Private/HZBOcclusion.usf" 2654
"../../../Engine/Shaders/Private/OcclusionQueryPixelShader.usf" 2655
"../../../Engine/Shaders/Private/OcclusionQueryVertexShader.usf" 2656
"../../../Engine/Shaders/Private/HitProxyCopy.usf" 2657
"../../../Engine/Shaders/Private/HitProxyPixelShader.usf" 2658
"../../../Engine/Shaders/Private/HitProxyVertexShader.usf" 2659
"../../../Engine/Shaders/Private/SceneCulling/SceneCullingDebugRender.usf" 2660
"../../../Engine/Shaders/Private/SceneCulling/SceneCulling.ush" 2661
"../../../Engine/Shaders/Private/SceneCulling/SceneCullingBuildExplicitBounds.usf" 2662
"../../../Engine/Shaders/Private/SceneCapturePixelShader.usf" 2663
"../../../Engine/Shaders/Private/RendererUtils.usf" 2664
"../../../Engine/Shaders/Private/RTWriteMaskDecode.usf" 2665
"../../../Engine/Shaders/Private/ReflectionEnvironmentShaders.usf" 2666
"../../../Engine/Shaders/Private/RectLightAtlas.usf" 2667
"../../../Engine/Shaders/Private/RayTracing/TraceRayInlineStatistics.usf" 2668
"../../../Engine/Shaders/Private/RayTracing/CompositeSkyLightPS.usf" 2669
"../../../Engine/Shaders/Private/RayTracing/GenerateSkyLightVisibilityRaysCS.usf" 2670
"../../../Engine/Shaders/Private/RayTracing/SkyLightVisibilityRaysData.ush" 2671
"../../../Engine/Shaders/Private/Raytracing/RaytracingSkylightRGS.usf" 2672
"../../../Engine/Shaders/Private/HairStrands/HairStrandsRaytracing.ush" 2673
"../../../Engine/Shaders/Private/Raytracing/RayTracingSkyLightEvaluation.ush" 2674
"../../../Engine/Shaders/Private/Raytracing/RayTracingDeferredShadingCommon.ush" 2675
"../../../Engine/Shaders/Private/RayTracing/RayTracingOcclusionRGS.usf" 2676
"../../../Engine/Shaders/Private/Raytracing/RayTracingFeedback.usf" 2677
"../../../Engine/Shaders/Shared/RayTracingDebugTypes.h" 2678
"../../../Engine/Shaders/Private/RayTracing/RayTracingPrimaryRays.usf" 2679
"../../../Engine/Shaders/Private/RayTracing/RayTracingLightingCommon.ush" 2680
"../../../Engine/Shaders/Private/RayTracing/RayTracingLightCullingCommon.ush" 2681
"../../../Engine/Shaders/Private/RayTracing/RayTracingMaterialDefaultHitShaders.usf" 2682
"../../../Engine/Shaders/Private/RayTracing/RayTracingMaterialHitShaders.usf" 2683
"../../../Engine/Shaders/Private/RayTracing/RayTracingShaderUtils.ush" 2684
"../../../Engine/Shaders/Private/RayTracing/RayTracingCalcInterpolants.ush" 2685
"../../../Engine/Shaders/Private/LightmapCommon.ush" 2686
"../../../Engine/Shaders/Private/Lumen/LumenHardwareRayTracingPayloadCommon.ush" 2687
"../../../Engine/Shaders/Shared/LumenDefinitions.h" 2688
"../../../Engine/Shaders/Private/Substrate/SubstrateExport.ush" 2689
"../../../Engine/Shaders/Private/RayTracing/RayTracingLightingMS.usf" 2690
"../../../Engine/Shaders/Private/Lumen/LumenDiffuseColorBoost.ush" 2691
"../../../Engine/Shaders/Private/RayTracing/RayTracingLightFunctionCommon.ush" 2692
"../../../Engine/Shaders/Private/RayTracing/RayTracingBuildLightGrid.usf" 2693
"../../../Engine/Shaders/Private/Raytracing/RayTracingInstanceBufferUtil.usf" 2694
"../../../Engine/Shaders/Private/RayTracing/RayTracingDynamicMesh.usf" 2695
"../../../Engine/Shaders/Private/RayTracing/RayTracingDefaultDecalHitShader.usf" 2696
"../../../Engine/Shaders/Private/RayTracing/RayTracingDecalMaterialShader.usf" 2697
"../../../Engine/Shaders/Private/PathTracing/PathTracingShaderUtils.ush" 2698
"../../../Engine/Shaders/Private/RayTracing/RayTracingBuildDecalGrid.usf" 2699
"../../../Engine/Shaders/Private/RayTracing/RayTracingDebugHitStatsUtils.usf" 2700
"../../../Engine/Shaders/Private/RayTracing/RayTracingDebugInstanceOverlap.usf" 2701
"../../../Engine/Shaders/Private/RayTracing/RayTracingDebugPicking.usf" 2702
"../../../Engine/Shaders/Private/RayTracing/RayTracingDebugUtils.ush" 2703
"../../../Engine/Shaders/Private/RayTracing/RayTracingDebugTraversal.usf" 2704
"../../../Engine/Shaders/Private/RayTracing/RayTracingDeferredMaterials.ush" 2705
"../../../Engine/Shaders/Shared/ThirdParty/AMD/ags_shader_intrinsics_dx12.h" 2706
"../../../Engine/Shaders/Shared/RayTracingDebugDefinitions.h" 2707
"../../../Engine/Shaders/Private/RayTracing/RayTracingDebugHitStatsCHS.usf" 2708
"../../../Engine/Shaders/Private/RayTracing/RayTracingDebugHitStats.usf" 2709
"../../../Engine/Shaders/Private/RayTracing/RayTracingDebugMS.usf" 2710
"../../../Engine/Shaders/Private/RayTracing/RayTracingDebugCHS.usf" 2711
"../../../Engine/Shaders/Private/RayTracing/RayTracingDebug.usf" 2712
"../../../Engine/Shaders/Private/RayTracing/RayTracingBuiltInShaders.usf" 2713
"../../../Engine/Shaders/Private/RayTracing/RayTracingBarycentrics.usf" 2714
"../../../Engine/Shaders/Private/RayTracing/RayTracingAmbientOcclusionRGS.usf" 2715
"../../../Engine/Shaders/Private/VisualizeShadingModels.usf" 2716
"../../../Engine/Shaders/Private/MotionBlur/VisualizeMotionVectors.usf" 2717
"../../../Engine/Shaders/Private/TemporalSuperResolution/TSRVisualize.usf" 2718
"../../../Engine/Shaders/Private/TemporalSuperResolution/TSRColorSpace.ush" 2719
"../../../Engine/Shaders/Private/TemporalSuperResolution/TSRCommon.ush" 2720
"../../../Engine/Shaders/Public/DualPixelVectorization.ush" 2721
"../../../Engine/Shaders/Private/TemporalSuperResolution/TSRReprojectionField.ush" 2722
"../../../Engine/Shaders/Private/TemporalSuperResolution/TSRResolveHistory.usf" 2723
"../../../Engine/Shaders/Private/TemporalSuperResolution/TSRConvolutionNetwork.ush" 2724
"../../../Engine/Shaders/Private/TemporalSuperResolution/TSRKernels.ush" 2725
"../../../Engine/Shaders/Public/LaneVectorization.ush" 2726
"../../../Engine/Shaders/Private/TemporalSuperResolution/TSRUpdateHistory.usf" 2727
"../../../Engine/Shaders/Private/TemporalSuperResolution/TSRSpatialAntiAliasing.ush" 2728
"../../../Engine/Shaders/Private/TemporalSuperResolution/TSRSpatialAntiAliasing.usf" 2729
"../../../Engine/Shaders/Private/TemporalSuperResolution/TSRRejectShading.usf" 2730
"../../../Engine/Shaders/Private/TemporalSuperResolution/TSRShadingAnalysis.ush" 2731
"../../../Engine/Shaders/Private/TemporalSuperResolution/TSRConvolutionNetworkPass.ush" 2732
"../../../Engine/Shaders/Private/TemporalSuperResolution/TSRDecimateHistory.usf" 2733
"../../../Engine/Shaders/Private/TemporalSuperResolution/TSRDepthVelocityAnalysis.ush" 2734
"../../../Engine/Shaders/Private/TemporalSuperResolution/TSRClosestOccluder.ush" 2735
"../../../Engine/Shaders/Private/TemporalSuperResolution/TSRWeightRelaxation.usf" 2736
"../../../Engine/Shaders/Private/TemporalSuperResolution/TSRThinGeometryCommon.ush" 2737
"../../../Engine/Shaders/Private/TemporalSuperResolution/TSRDetectThinGeometry.usf" 2738
"../../../Engine/Shaders/Private/TemporalSuperResolution/TSRDilateVelocity.usf" 2739
"../../../Engine/Shaders/Private/MotionBlur/MotionBlurVelocityFlatten.ush" 2740
"../../../Engine/Shaders/Private/MotionBlur/MotionBlurCommon.ush" 2741
"../../../Engine/Shaders/Private/TemporalSuperResolution/TSRClearPrevTextures.usf" 2742
"../../../Engine/Shaders/Private/TemporalSuperResolution/TSRMeasureCoverage.usf" 2743
"../../../Engine/Shaders/Private/TemporalSuperResolution/TSRMeasureFlickeringLuma.usf" 2744
"../../../Engine/Shaders/Private/TemporalAA.usf" 2745
"../../../Engine/Shaders/Private/FilterPixelShader.usf" 2746
"../../../Engine/Shaders/Private/FilterVertexShader.usf" 2747
"../../../Engine/Shaders/Private/VisualizeVirtualTexture.usf" 2748
"../../../Engine/Shaders/Private/PostProcessVisualizeBuffer.usf" 2749
"../../../Engine/Shaders/Private/PostProcessVisualizeLocalExposure.usf" 2750
"../../../Engine/Shaders/Private/PostProcessHistogramCommon.ush" 2751
"../../../Engine/Shaders/Private/PostProcessVisualizeLevelInstance.usf" 2752
"../../../Engine/Shaders/Private/PostProcessVisualizeHDR.usf" 2753
"../../../Engine/Shaders/Private/ShaderComplexityApplyPixelShader.usf" 2754
"../../../Engine/Shaders/Private/QuadOverdraw.ush" 2755
"../../../Engine/Shaders/Private/PostProcessUpscale.usf" 2756
"../../../Engine/Shaders/Private/PostProcessTonemap.usf" 2757
"../../../Engine/Shaders/Private/PostProcessing/FilmGrainPackConstants.usf" 2758
"../../../Engine/Shaders/Private/PostProcessing/FilmGrainReduce.usf" 2759
"../../../Engine/Shaders/Private/PostProcessTestImage.usf" 2760
"../../../Engine/Shaders/Private/PostProcessSubsurface.usf" 2761
"../../../Engine/Shaders/Private/SeparableSSS.ush" 2762
"../../../Engine/Shaders/Private/SubsurfaceBurleyNormalized.ush" 2763
"../../../Engine/Shaders/Private/PostProcessSelectionOutline.usf" 2764
"../../../Engine/Shaders/Private/MotionBlur/MotionBlurVisualize.usf" 2765
"../../../Engine/Shaders/Private/MotionBlur/MotionBlurApply.usf" 2766
"../../../Engine/Shaders/Private/MotionBlur/MotionBlurFilterTileClassify.usf" 2767
"../../../Engine/Shaders/Private/MotionBlur/MotionBlurTileScatter.usf" 2768
"../../../Engine/Shaders/Private/MotionBlur/MotionBlurTileGather.usf" 2769
"../../../Engine/Shaders/Private/MotionBlur/MotionBlurVelocityFlatten.usf" 2770
"../../../Engine/Shaders/Private/PostProcessMobile.usf" 2771
"../../../Engine/Shaders/Private/PostProcessMitchellNetravali.usf" 2772
"../../../Engine/Shaders/Private/PostProcessMaterialShaders.usf" 2773
"../../../Engine/Shaders/Private/NeuralPostProcessCommon.usf" 2774
"../../../Engine/Shaders/Private/PostProcessLocalExposure.usf" 2775
"../../../Engine/Shaders/Private/PostProcessLensFlares.usf" 2776
"../../../Engine/Shaders/Private/PostProcessGBufferHints.usf" 2777
"../../../Engine/Shaders/Private/PostProcessHMD.usf" 2778
"../../../Engine/Shaders/Private/Histogram.usf" 2779
"../../../Engine/Shaders/Private/PostProcessHistogramReduce.usf" 2780
"../../../Engine/Shaders/Private/PostProcessHistogram.usf" 2781
"../../../Engine/Shaders/Private/Bloom/BloomFinalizeApplyConstants.usf" 2782
"../../../Engine/Shaders/Private/Bloom/BloomCommon.ush" 2783
"../../../Engine/Shaders/Private/Bloom/BloomResizeKernel.usf" 2784
"../../../Engine/Shaders/Private/Bloom/BloomDownsampleKernel.usf" 2785
"../../../Engine/Shaders/Private/Bloom/BloomClampKernel.usf" 2786
"../../../Engine/Shaders/Private/Bloom/BloomPackKernelConstants.usf" 2787
"../../../Engine/Shaders/Private/Bloom/BloomSumScatterDispersionEnergy.usf" 2788
"../../../Engine/Shaders/Private/Bloom/BloomReduceKernelSurvey.usf" 2789
"../../../Engine/Shaders/Private/Bloom/BloomSurveyKernelCenterEnergy.usf" 2790
"../../../Engine/Shaders/Private/Bloom/BloomSurveyMaxScatterDispersion.usf" 2791
"../../../Engine/Shaders/Private/Bloom/BloomFindKernelCenter.usf" 2792
"../../../Engine/Shaders/Private/PostProcessEyeAdaptation.usf" 2793
"../../../Engine/Shaders/Private/TranslucencyVolumeCommon.ush" 2794
"../../../Engine/Shaders/Private/PostProcessEyeAdaptationUtils.usf" 2795
"../../../Engine/Shaders/Private/PostProcessDownsample.usf" 2796
"../../../Engine/Shaders/Private/PostProcessDOF.usf" 2797
"../../../Engine/Shaders/Private/PostProcessDeviceEncodingOnly.usf" 2798
"../../../Engine/Shaders/Private/PostProcessCompositePrimitives.usf" 2799
"../../../Engine/Shaders/Private/PostProcessCombineLUTs.usf" 2800
"../../../Engine/Shaders/Private/PostProcessVisualizeDOF.usf" 2801
"../../../Engine/Shaders/Private/PostProcessBloom.usf" 2802
"../../../Engine/Shaders/Private/PostProcessAmbientOcclusionMobile.usf" 2803
"../../../Engine/Shaders/Private/PostProcessAmbientOcclusionCommon.ush" 2804
"../../../Engine/Shaders/Private/FXAAShader.usf" 2805
"../../../Engine/Shaders/Private/Fxaa3_11.ush" 2806
"../../../Engine/Shaders/Private/PaniniProjection.usf" 2807
"../../../Engine/Shaders/Private/DiaphragmDOF/DOFRecombine.usf" 2808
"../../../Engine/Shaders/Private/DiaphragmDOF/DOFHybridScatterPixelShader.usf" 2809
"../../../Engine/Shaders/Private/DiaphragmDOF/DOFHybridScatterCommon.ush" 2810
"../../../Engine/Shaders/Private/DiaphragmDOF/DOFVignetteCommon.ush" 2811
"../../../Engine/Shaders/Private/DiaphragmDOF/DOFHybridScatterVertexShader.usf" 2812
"../../../Engine/Shaders/Private/DiaphragmDOF/DOFPostfiltering.usf" 2813
"../../../Engine/Shaders/Private/DiaphragmDOF/DOFGatherTileSuggest.ush" 2814
"../../../Engine/Shaders/Private/DiaphragmDOF/DOFCocTileCommon.ush" 2815
"../../../Engine/Shaders/Private/DiaphragmDOF/DOFGatherPass.usf" 2816
"../../../Engine/Shaders/Private/DiaphragmDOF/DOFGatherCommon.ush" 2817
"../../../Engine/Shaders/Private/DiaphragmDOF/DOFGatherAccumulator.ush" 2818
"../../../Engine/Shaders/Private/DiaphragmDOF/DOFGatherKernel.ush" 2819
"../../../Engine/Shaders/Private/DiaphragmDOF/DOFBokehLUT.usf" 2820
"../../../Engine/Shaders/Private/DiaphragmDOF/DOFHybridScatterCompilation.usf" 2821
"../../../Engine/Shaders/Private/DiaphragmDOF/DOFReduce.usf" 2822
"../../../Engine/Shaders/Private/DiaphragmDOF/DOFDownsample.ush" 2823
"../../../Engine/Shaders/Private/DiaphragmDOF/DOFHybridScatterCompilation.ush" 2824
"../../../Engine/Shaders/Private/DiaphragmDOF/DOFDownsample.usf" 2825
"../../../Engine/Shaders/Private/DiaphragmDOF/DOFCocTileDilate.usf" 2826
"../../../Engine/Shaders/Private/DiaphragmDOF/DOFCocTileFlatten.usf" 2827
"../../../Engine/Shaders/Private/DiaphragmDOF/DOFSetup.usf" 2828
"../../../Engine/Shaders/Private/Tools/DebugAlphaChannel.usf" 2829
"../../../Engine/Shaders/Private/PostProcessAlphaInvert.usf" 2830
"../../../Engine/Shaders/Private/PlanarReflectionShaders.usf" 2831
"../../../Engine/Shaders/Private/PhysicsFieldVisualizer.usf" 2832
"../../../Engine/Shaders/Private/PathTracing/PathTracingSpatialTemporalDenoising.usf" 2833
"../../../Engine/Shaders/Private/ColorDifference.ush" 2834
"../../../Engine/Shaders/Private/PathTracing/PathTracingCompositingPixelShader.usf" 2835
"../../../Engine/Shaders/Private/PathTracing/PathTracingAdaptiveUtils.ush" 2836
"../../../Engine/Shaders/Private/PathTracing/PathTracingDefaultHitShader.usf" 2837
"../../../Engine/Shaders/Private/PathTracing/PathTracingGPULightmassMaterialHitShader.usf" 2838
"../../../Engine/Shaders/Private/PathTracing/PathTracingMaterialHitShader.usf" 2839
"../../../Engine/Shaders/Private/PathTracing/PathTracingLightingMissShader.usf" 2840
"../../../Engine/Shaders/Private/PathTracing/PathTracingMissShader.usf" 2841
"../../../Engine/Shaders/Private/PathTracing/PathTracingAdaptiveStart.usf" 2842
"../../../Engine/Shaders/Private/PathTracing/PathTracingBuildAdaptiveError.usf" 2843
"../../../Engine/Shaders/Private/PathTracing/PathTracingVolumetricCloudMaterialShader.usf" 2844
"../../../Engine/Shaders/Private/PathTracing/Volume/PathTracingCloudsMaterialCommon.ush" 2845
"../../../Engine/Shaders/Private/PathTracing/Volume/PathTracingVolumeCommon.ush" 2846
"../../../Engine/Shaders/Private/PathTracing/Volume/PathTracingCloudsCommon.ush" 2847
"../../../Engine/Shaders/Private/PathTracing/Volume/PathTracingFog.ush" 2848
"../../../Engine/Shaders/Private/PathTracing/Volume/PathTracingAtmosphere.ush" 2849
"../../../Engine/Shaders/Private/PathTracing/Volume/PathTracingAtmosphereCommon.ush" 2850
"../../../Engine/Shaders/Private/PathTracing/Volume/PathTracingVolumeSampling.ush" 2851
"../../../Engine/Shaders/Private/PathTracing/PathTracingBuildCloudAccelerationMap.usf" 2852
"../../../Engine/Shaders/Private/PathTracing/PathTracingBuildAtmosphereLUT.usf" 2853
"../../../Engine/Shaders/Private/PathTracing/PathTracingSwizzleScanlines.usf" 2854
"../../../Engine/Shaders/Private/PathTracing/PathTracingInitExtinctionCoefficient.usf" 2855
"../../../Engine/Shaders/Private/PathTracing/PathTracingCopyDepth.usf" 2856
"../../../Engine/Shaders/Private/PathTracing/PathTracingDebug.usf" 2857
"../../../Engine/Shaders/Private/RayTracing/RayTracingDecalGrid.ush" 2858
"../../../Engine/Shaders/Private/PathTracing/PathTracing.usf" 2859
"../../../Engine/Shaders/Private/PathTracing/PathTracingCore.ush" 2860
"../../../Engine/Shaders/Private/HeterogeneousVolumes/HeterogeneousVolumesVoxelGridTypes.ush" 2861
"../../../Engine/Shaders/Private/PathTracing/Volume/PathTracingVolume.ush" 2862
"../../../Engine/Shaders/Private/PathTracing/Volume/PathTracingClouds.ush" 2863
"../../../Engine/Shaders/Private/PathTracing/Volume/PathTracingHeterogeneousVolumes.ush" 2864
"../../../Engine/Shaders/Private/HeterogeneousVolumes/HeterogeneousVolumesVoxelGridTraversal.ush" 2865
"../../../Engine/Shaders/Private/HeterogeneousVolumes/HeterogeneousVolumesVoxelGridUtils.ush" 2866
"../../../Engine/Shaders/Private/HeterogeneousVolumes/HeterogeneousVolumesFrustumVoxelGridUtils.ush" 2867
"../../../Engine/Shaders/Private/PathTracing/PathTracingBuildLightGrid.usf" 2868
"../../../Engine/Shaders/Private/PathTracing/PathTracingSkylightMISCompensation.usf" 2869
"../../../Engine/Shaders/Private/PathTracing/PathTracingSkylightPrepare.usf" 2870
"../../../Engine/Shaders/Private/OIT/OITSorting.usf" 2871
"../../../Engine/Shaders/Private/OITCombine.usf" 2872
"../../../Engine/Shaders/Private/OITCommon.ush" 2873
"../../../Engine/Shaders/Private/Nanite/Voxel/RasterizeBricks.usf" 2874
"../../../Engine/Shaders/Private/Nanite/Voxel/Brick.ush" 2875
"../../../Engine/Shaders/Private/Nanite/Voxel/Voxel.ush" 2876
"../../../Engine/Shaders/Private/Nanite/Voxel/ScatterBricks.usf" 2877
"../../../Engine/Shaders/Private/Nanite/Voxel/TileBricks.usf" 2878
"../../../Engine/Shaders/Private/Nanite/Voxel/AutoVoxel.usf" 2879
"../../../Engine/Shaders/Private/Nanite/NaniteDebugViews.usf" 2880
"../../../Engine/Shaders/Private/Nanite/NaniteEditorCommon.ush" 2881
"../../../Engine/Shaders/Private/BinarySearch.ush" 2882
"../../../Engine/Shaders/Private/Nanite/NaniteDepthDecode.usf" 2883
"../../../Engine/Shaders/Private/HTileEncoding.ush" 2884
"../../../Engine/Shaders/Private/Nanite/NaniteVisualize.usf" 2885
"../../../Engine/Shaders/Private/Nanite/NaniteStreamOut.usf" 2886
"../../../Engine/Shaders/Private/Nanite/NaniteHierarchyTraversal.ush" 2887
"../../../Engine/Shaders/Private/Nanite/NaniteSkinningUpdateViewData.usf" 2888
"../../../Engine/Shaders/Private/Skinning/TransformProviders.usf" 2889
"../../../Engine/Shaders/Private/Nanite/NaniteShadeBinning.usf" 2890
"../../../Engine/Shaders/Private/Nanite/NaniteShadeCommon.ush" 2891
"../../../Engine/Shaders/Private/Nanite/NaniteFastClear.usf" 2892
"../../../Engine/Shaders/Private/Nanite/NaniteExportGBuffer.usf" 2893
"../../../Engine/Shaders/Private/Nanite/NaniteClusterCulling.usf" 2894
"../../../Engine/Shaders/Private/Nanite/NanitePrintStats.usf" 2895
"../../../Engine/Shaders/Private/Nanite/NaniteRasterizer.usf" 2896
"../../../Engine/Shaders/Private/Nanite/NaniteRasterizationCommon.ush" 2897
"../../../Engine/Shaders/Private/Nanite/NaniteRasterizer.ush" 2898
"../../../Engine/Shaders/Private/Nanite/NaniteWritePixel.ush" 2899
"../../../Engine/Shaders/Private/Nanite/NaniteTessellation.ush" 2900
"../../../Engine/Shaders/Private/WorkDistribution.ush" 2901
"../../../Engine/Shaders/Private/Nanite/NaniteDice.ush" 2902
"../../../Engine/Shaders/Private/ShaderBundleWorkGraphCommon.ush" 2903
"../../../Engine/Shaders/Public/RootConstants.ush" 2904
"../../../Engine/Shaders/Public/Platform/D3D/D3DRootConstants.ush" 2905
"../../../Engine/Shaders/Private/Nanite/NaniteSplit.usf" 2906
"../../../Engine/Shaders/Private/Nanite/NaniteRasterBinning.usf" 2907
"../../../Engine/Shaders/Private/Nanite/NaniteInstanceCulling.usf" 2908
"../../../Engine/Shaders/Private/Nanite/NaniteImposter.ush" 2909
"../../../Engine/Shaders/Private/Nanite/NaniteInstanceHierarchyCulling.usf" 2910
"../../../Engine/Shaders/Private/WorkGroupLoadBalancer.ush" 2911
"../../../Engine/Shaders/Private/Nanite/NanitePrimitiveFilter.usf" 2912
"../../../Engine/Shaders/Private/Nanite/NaniteRasterClear.usf" 2913
"../../../Engine/Shaders/Private/Nanite/NaniteDepthExport.usf" 2914
"../../../Engine/Shaders/Private/Nanite/NaniteEmitShadow.usf" 2915
"../../../Engine/Shaders/Private/MobileDeferredUtils.usf" 2916
"../../../Engine/Shaders/Private/MobileLocalLightsBuffer.usf" 2917
"../../../Engine/Shaders/Private/MobileFog.usf" 2918
"../../../Engine/Shaders/Private/DistortApplyScreenPS.usf" 2919
"../../../Engine/Shaders/Private/MobileDeferredShading.usf" 2920
"../../../Engine/Shaders/Private/MobileBasePassPixelShader.usf" 2921
"../../../Engine/Shaders/Private/MobileBasePassCommon.ush" 2922
"../../../Engine/Shaders/Private/BasePassCommon.ush" 2923
"../../../Engine/Shaders/Private/ShadingModelsMaterial.ush" 2924
"../../../Engine/Shaders/Private/ThinTranslucentCommon.ush" 2925
"../../../Engine/Shaders/Private/SingleLayerWaterShading.ush" 2926
"../../../Engine/Shaders/Private/DistortionCommon.ush" 2927
"../../../Engine/Shaders/Private/Substrate/SubstrateMobileForwardLighting.ush" 2928
"../../../Engine/Shaders/Private/MobileBasePassVertexShader.usf" 2929
"../../../Engine/Shaders/Private/MeshEdges.usf" 2930
"../../../Engine/Shaders/Private/MegaLights/MegaLightsVSMTracing.usf" 2931
"../../../Engine/Shaders/Private/MegaLights/MegaLights.ush" 2932
"../../../Engine/Shaders/Shared/MegaLightsDefinitions.h" 2933
"../../../Engine/Shaders/Private/HairStrands/HairStrandsVisibilityUtils.ush" 2934
"../../../Engine/Shaders/Private/MegaLights/MegaLightsRayTracing.ush" 2935
"../../../Engine/Shaders/Private/MegaLights/MegaLightsRayTracing.usf" 2936
"../../../Engine/Shaders/Private/DistanceField/GlobalDistanceFieldUtils.ush" 2937
"../../../Engine/Shaders/Private/Lumen/LumenScreenTracing.ush" 2938
"../../../Engine/Shaders/Private/MegaLights/MegaLightsVolumeRayTracing.usf" 2939
"../../../Engine/Shaders/Private/MegaLights/MegaLightsVolume.ush" 2940
"../../../Engine/Shaders/Private/MegaLights/MegaLightsVolumeHardwareRayTracing.usf" 2941
"../../../Engine/Shaders/Private/Lumen/LumenHardwareRayTracingCommon.ush" 2942
"../../../Engine/Shaders/Private/RayTracing/RayTracingReflectionEnvironment.ush" 2943
"../../../Engine/Shaders/Private/Lumen/LumenHardwareRayTracingPlatformCommon.ush" 2944
"../../../Engine/Shaders/Private/Lumen/LumenReflectionsCombine.ush" 2945
"../../../Engine/Shaders/Private/Lumen/LumenTracingCommon.ush" 2946
"../../../Engine/Shaders/Private/Lumen/SurfaceCache/LumenSurfaceCacheSampling.ush" 2947
"../../../Engine/Shaders/Private/Lumen/SurfaceCache/LumenSurfaceCache.ush" 2948
"../../../Engine/Shaders/Private/Lumen/LumenCardCommon.ush" 2949
"../../../Engine/Shaders/Private/Lumen/LumenCardTileShadowDownsampleFactor.ush" 2950
"../../../Engine/Shaders/Private/MegaLights/MegaLightsHardwareRayTracing.usf" 2951
"../../../Engine/Shaders/Private/MegaLights/MegaLights.usf" 2952
"../../../Engine/Shaders/Private/MegaLights/MegaLightsShading.ush" 2953
"../../../Engine/Shaders/Private/MegaLights/MegaLightsFilterVisibleLightHash.usf" 2954
"../../../Engine/Shaders/Private/MegaLights/MegaLightsDenoiserSpatial.usf" 2955
"../../../Engine/Shaders/Private/Lumen/LumenReflectionDenoiserCommon.ush" 2956
"../../../Engine/Shaders/Private/MegaLights/MegaLightsDenoiserTemporal.usf" 2957
"../../../Engine/Shaders/Private/MegaLights/MegaLightsShading.usf" 2958
"../../../Engine/Shaders/Private/StochasticLighting/StochasticLightingUpsample.ush" 2959
"../../../Engine/Shaders/Private/MegaLights/MegaLightsVisibleLightHash.usf" 2960
"../../../Engine/Shaders/Private/MegaLights/MegaLightsVolumeShading.usf" 2961
"../../../Engine/Shaders/Private/MegaLights/MegaLightsSampling.usf" 2962
"../../../Engine/Shaders/Private/MegaLights/MegaLightsSampling.ush" 2963
"../../../Engine/Shaders/Private/MegaLights/MegaLightsVolumeSampling.usf" 2964
"../../../Engine/Shaders/Private/MaterialCache/MaterialCacheABufferPages.usf" 2965
"../../../Engine/Shaders/Private/MaterialCache/MaterialCacheShade.usf" 2966
"../../../Engine/Shaders/Private/MaterialCache/MaterialCacheUnwrapNaniteShade.usf" 2967
"../../../Engine/Shaders/Private/MaterialCache/MaterialCacheUnwrapPixelShader.usf" 2968
"../../../Engine/Shaders/Private/MaterialCache/MaterialCacheUnwrapVertexShader.usf" 2969
"../../../Engine/Shaders/Private/Lumen/LumenVisualizeRadianceCache.usf" 2970
"../../../Engine/Shaders/Private/Lumen/LumenRadianceCacheCommon.ush" 2971
"../../../Engine/Shaders/Private/Lumen/LumenVisualizeHardwareRayTracing.usf" 2972
"../../../Engine/Shaders/Private/Lumen/LumenVisualize.ush" 2973
"../../../Engine/Shaders/Private/Lumen/LumenHairTracing.ush" 2974
"../../../Engine/Shaders/Private/Lumen/LumenVisualize.usf" 2975
"../../../Engine/Shaders/Private/Lumen/LumenSoftwareRayTracing.ush" 2976
"../../../Engine/Shaders/Private/DistanceField/GlobalDistanceFieldObjectGrid.ush" 2977
"../../../Engine/Shaders/Private/DistanceFieldLightingShared.ush" 2978
"../../../Engine/Shaders/Private/Lumen/LumenVisualizeTraces.ush" 2979
"../../../Engine/Shaders/Private/Lumen/LumenTranslucencyVolumeLighting.usf" 2980
"../../../Engine/Shaders/Private/Lumen/LumenRadianceCacheMarkCommon.ush" 2981
"../../../Engine/Shaders/Private/Lumen/LumenTranslucencyVolumeLightingShared.ush" 2982
"../../../Engine/Shaders/Private/Lumen/LumenScreenProbeCommon.ush" 2983
"../../../Engine/Shaders/Private/RayTracing/RayGenUtils.ush" 2984
"../../../Engine/Shaders/Private/Lumen/LumenRadianceCacheTracingCommon.ush" 2985
"../../../Engine/Shaders/Private/Lumen/LumenTranslucencyVolumeHardwareRayTracing.usf" 2986
"../../../Engine/Shaders/Private/Lumen/LumenTranslucencyRadianceCacheMarkShaders.usf" 2987
"../../../Engine/Shaders/Private/Lumen/SurfaceCache/LumenSurfaceCache.usf" 2988
"../../../Engine/Shaders/Private/Lumen/LumenShortRangeAOHardwareRayTracing.usf" 2989
"../../../Engine/Shaders/Private/Lumen/LumenScreenSpaceBentNormal.ush" 2990
"../../../Engine/Shaders/Private/Lumen/LumenScreenSpaceBentNormal.usf" 2991
"../../../Engine/Shaders/Private/Lumen/LumenScreenProbeTracing.usf" 2992
"../../../Engine/Shaders/Private/Lumen/LumenScreenProbeTracingCommon.ush" 2993
"../../../Engine/Shaders/Private/Lumen/LumenFloatQuantization.ush" 2994
"../../../Engine/Shaders/Private/Lumen/LumenScreenProbeImportanceSampling.usf" 2995
"../../../Engine/Shaders/Private/Lumen/LumenScreenProbeImportanceSamplingShared.ush" 2996
"../../../Engine/Shaders/Private/Lumen/LumenScreenProbeHardwareRayTracing.usf" 2997
"../../../Engine/Shaders/Private/Lumen/LumenScreenProbeDebug.usf" 2998
"../../../Engine/Shaders/Private/Lumen/LumenScreenProbeGather.usf" 2999
"../../../Engine/Shaders/Private/Lumen/LumenScreenProbeGatherTemporal.usf" 3000
"../../../Engine/Shaders/Private/Lumen/LumenScreenProbeFiltering.usf" 3001
"../../../Engine/Shaders/Private/Lumen/LumenSceneLighting.usf" 3002
"../../../Engine/Shaders/Private/Lumen/LumenCardTile.ush" 3003
"../../../Engine/Shaders/Private/Lumen/LumenSceneLighting.ush" 3004
"../../../Engine/Shaders/Private/Lumen/Radiosity/LumenRadiosity.ush" 3005
"../../../Engine/Shaders/Private/Lumen/LumenSceneLightingDebug.usf" 3006
"../../../Engine/Shaders/Private/Lumen/LumenScene.usf" 3007
"../../../Engine/Shaders/Private/Lumen/LumenSceneDirectLightingHardwareRayTracing.usf" 3008
"../../../Engine/Shaders/Private/Lumen/LumenSceneDirectLightingStochastic.ush" 3009
"../../../Engine/Shaders/Private/Lumen/LumenReflectionCommon.ush" 3010
"../../../Engine/Shaders/Private/Lumen/LumenSceneDirectLighting.ush" 3011
"../../../Engine/Shaders/Private/Lumen/LumenSceneDebugHardwareRayTracing.usf" 3012
"../../../Engine/Shaders/Private/Lumen/LumenSceneDirectLightingStochastic.usf" 3013
"../../../Engine/Shaders/Private/Lumen/LumenSceneDirectLightingSoftwareRayTracing.usf" 3014
"../../../Engine/Shaders/Private/DistanceFieldShadowingShared.ush" 3015
"../../../Engine/Shaders/Private/Lumen/LumenSceneDirectLightingPerLightShadowCommon.ush" 3016
"../../../Engine/Shaders/Private/Lumen/LumenSceneDirectLightingShadowMask.usf" 3017
"../../../Engine/Shaders/Private/Lumen/LumenSceneDirectLighting.usf" 3018
"../../../Engine/Shaders/Private/Lumen/LumenSceneDirectLightingCulling.usf" 3019
"../../../Engine/Shaders/Private/Lumen/LumenCardComputeShader.usf" 3020
"../../../Engine/Shaders/Private/Lumen/LumenCardBasePass.ush" 3021
"../../../Engine/Shaders/Private/Lumen/LumenCardPixelShader.usf" 3022
"../../../Engine/Shaders/Private/Lumen/LumenCardVertexShader.usf" 3023
"../../../Engine/Shaders/Private/Lumen/LumenReSTIRGather.usf" 3024
"../../../Engine/Shaders/Private/Lumen/LumenReflectionTracing.usf" 3025
"../../../Engine/Shaders/Private/Lumen/LumenReflectionDenoiserSpatial.usf" 3026
"../../../Engine/Shaders/Private/Lumen/LumenReflectionDenoiserClear.usf" 3027
"../../../Engine/Shaders/Private/Lumen/LumenReflectionDenoiserTemporal.usf" 3028
"../../../Engine/Shaders/Private/Lumen/LumenReflectionResolve.usf" 3029
"../../../Engine/Shaders/Private/Lumen/LumenReflections.usf" 3030
"../../../Engine/Shaders/Private/Lumen/RayTracedTranslucency.usf" 3031
"../../../Engine/Shaders/Private/Lumen/LumenReflectionHardwareRayTracing.usf" 3032
"../../../Engine/Shaders/Private/Lumen/Radiosity/LumenVisualizeRadiosityProbes.usf" 3033
"../../../Engine/Shaders/Private/Lumen/Radiosity/LumenRadiosity.usf" 3034
"../../../Engine/Shaders/Private/Lumen/Radiosity/LumenRadiosityHardwareRayTracing.usf" 3035
"../../../Engine/Shaders/Private/Lumen/Radiosity/LumenRadiosityCulling.usf" 3036
"../../../Engine/Shaders/Private/Lumen/LumenRadianceCacheHardwareRayTracing.usf" 3037
"../../../Engine/Shaders/Private/Lumen/LumenRadianceCache.usf" 3038
"../../../Engine/Shaders/Private/Lumen/LumenRadianceCacheUpdate.ush" 3039
"../../../Engine/Shaders/Private/Lumen/LumenRadianceCacheDebug.usf" 3040
"../../../Engine/Shaders/Private/Lumen/LumenRadianceCacheUpdate.usf" 3041
"../../../Engine/Shaders/Private/Lumen/LumenMeshSDFCulling.usf" 3042
"../../../Engine/Shaders/Private/HybridIndirectLighting.ush" 3043
"../../../Engine/Shaders/Private/MeshDistanceFieldCommon.ush" 3044
"../../../Engine/Shaders/Private/Lumen/LumenIrradianceFieldGather.usf" 3045
"../../../Engine/Shaders/Private/Lumen/LumenHardwareRayTracingMaterials.usf" 3046
"../../../Engine/Shaders/Private/Lumen/LumenFrontLayerTranslucency.usf" 3047
"../../../Engine/Shaders/Private/LocalFogVolumes/LocalFogVolumeSplat.usf" 3048
"../../../Engine/Shaders/Private/LocalFogVolumes/LocalFogVolumeTiledCulling.usf" 3049
"../../../Engine/Shaders/Private/LightShaftShader.usf" 3050
"../../../Engine/Shaders/Private/StationaryLightOverlapShaders.usf" 3051
"../../../Engine/Shaders/Private/DeferredLightPixelShaders.usf" 3052
"../../../Engine/Shaders/Private/DeferredLightVertexShaders.usf" 3053
"../../../Engine/Shaders/Private/LightMapDensityShader.usf" 3054
"../../../Engine/Shaders/Private/LightGridInjection.usf" 3055
"../../../Engine/Shaders/Shared/LightGridDefinitions.h" 3056
"../../../Engine/Shaders/Private/LightFunctionPixelShader.usf" 3057
"../../../Engine/Shaders/Private/LightFunctionVertexShader.usf" 3058
"../../../Engine/Shaders/Private/LightFunctionAtlas/LightFunctionAtlasRender.usf" 3059
"../../../Engine/Shaders/Private/InstanceCulling/InstanceCullingOcclusionQuery.usf" 3060
"../../../Engine/Shaders/Private/InstanceCulling/InstanceCullingSetup.ush" 3061
"../../../Engine/Shaders/Private/InstanceCulling/BuildInstanceDrawCommands.usf" 3062
"../../../Engine/Shaders/Private/InstanceCulling/InstanceCompactionCommon.ush" 3063
"../../../Engine/Shaders/Private/SceneDataMobileWriter.ush" 3064
"../../../Engine/Shaders/Private/InstanceCulling/CompactVisibleInstances.usf" 3065
"../../../Engine/Shaders/Private/ReflectionEnvironmentPixelShader.usf" 3066
"../../../Engine/Shaders/Private/AmbientCubemapComposite.usf" 3067
"../../../Engine/Shaders/Private/DiffuseIndirectComposite.usf" 3068
"../../../Engine/Shaders/Private/IESAtlas.usf" 3069
"../../../Engine/Shaders/Private/HeterogeneousVolumes/HeterogeneousVolumesVoxelGridShadows.usf" 3070
"../../../Engine/Shaders/Private/HeterogeneousVolumes/HeterogeneousVolumesStochasticFiltering.ush" 3071
"../../../Engine/Shaders/Private/HeterogeneousVolumes/HeterogeneousVolumesVoxelGridRenderingUtils.ush" 3072
"../../../Engine/Shaders/Private/HeterogeneousVolumes/HeterogeneousVolumesLightingUtils.ush" 3073
"../../../Engine/Shaders/Private/HeterogeneousVolumes/HeterogeneousVolumesVoxelGridRendering.usf" 3074
"../../../Engine/Shaders/Private/HeterogeneousVolumes/HeterogeneousVolumesVoxelGridPipeline.usf" 3075
"../../../Engine/Shaders/Private/HeterogeneousVolumes/HeterogeneousVolumesMaterialBakingPipeline.usf" 3076
"../../../Engine/Shaders/Private/HeterogeneousVolumes/HeterogeneousVolumesLiveShadingUtils.ush" 3077
"../../../Engine/Shaders/Private/HeterogeneousVolumes/HeterogeneousVolumesFrustumVoxelGrid.usf" 3078
"../../../Engine/Shaders/Private/HeterogeneousVolumes/HeterogeneousVolumesSparseVoxelPipeline.usf" 3079
"../../../Engine/Shaders/Private/HeterogeneousVolumes/HeterogeneousVolumesSparseVoxelUtils.ush" 3080
"../../../Engine/Shaders/Private/HeterogeneousVolumes/HeterogeneousVolumesSparseVoxelUniformBufferUtils.ush" 3081
"../../../Engine/Shaders/Private/HeterogeneousVolumes/HeterogeneousVolumesPreshadingPipeline.usf" 3082
"../../../Engine/Shaders/Private/HeterogeneousVolumes/HeterogeneousVolumesLiveShadingShadows.usf" 3083
"../../../Engine/Shaders/Private/HeterogeneousVolumes/HeterogeneousVolumesLiveShadingGlobalPipeline.usf" 3084
"../../../Engine/Shaders/Private/HeterogeneousVolumes/HeterogeneousVolumesLiveShadingPipeline.usf" 3085
"../../../Engine/Shaders/Private/HeterogeneousVolumes/HeterogeneousVolumesHardwareRayTracing.usf" 3086
"../../../Engine/Shaders/Private/HeterogeneousVolumes/HeterogeneousVolumesAmbientOcclusionPipeline.usf" 3087
"../../../Engine/Shaders/Private/HeterogeneousVolumes/HeterogeneousVolumesComposite.usf" 3088
"../../../Engine/Shaders/Private/HdrCustomResolveShaders.usf" 3089
"../../../Engine/Shaders/Private/HairStrands/RenderCurveRaster.usf" 3090
"../../../Engine/Shaders/Private/HairStrands/HairStrandsVoxelRasterCompute.usf" 3091
"../../../Engine/Shaders/Private/HairStrands/HairStrandsHitProxy.usf" 3092
"../../../Engine/Shaders/Private/HairStrands/HairStrandsVisibilityRasterComputeNaive.usf" 3093
"../../../Engine/Shaders/Private/HairStrands/HairStrandsVisibilityRasterHW.usf" 3094
"../../../Engine/Shaders/Private/HairStrands/HairStrandsVisibilityRasterCompute.usf" 3095
"../../../Engine/Shaders/Private/HairStrands/HairStrandsVisibilityRasterClassification.usf" 3096
"../../../Engine/Shaders/Private/HairStrands/HairStrandsCoverage.usf" 3097
"../../../Engine/Shaders/Private/HairStrands/HairStrandsVisibilityDepthPS.usf" 3098
"../../../Engine/Shaders/Private/HairStrands/HairStrandsVisibilityTransmittanceDepthPS.usf" 3099
"../../../Engine/Shaders/Private/HairStrands/HairStrandsVisibilityFillOpaqueDepthPS.usf" 3100
"../../../Engine/Shaders/Private/HairStrands/HairStrandsVisibilityCompactionComputeRaster.usf" 3101
"../../../Engine/Shaders/Private/HairStrands/HairStrandsVisibilityCompaction.usf" 3102
"../../../Engine/Shaders/Private/HairStrands/HairStrandsVisibilityCopyIndirectArg.usf" 3103
"../../../Engine/Shaders/Private/HairStrands/HairStrandsVisibilityClearPS.usf" 3104
"../../../Engine/Shaders/Private/HairStrands/HairStrandsVisibilityPS.usf" 3105
"../../../Engine/Shaders/Private/HairStrands/HairStrandsVisibilityVS.usf" 3106
"../../../Engine/Shaders/Private/HairStrands/HairStrandsVelocity.usf" 3107
"../../../Engine/Shaders/Private/HairStrands/HairStrandsVisibilityComputeSampleCoverage.usf" 3108
"../../../Engine/Shaders/Private/HairStrands/HairStrandsMaterialPS.usf" 3109
"../../../Engine/Shaders/Private/HairStrands/HairStrandsMaterialCommon.ush" 3110
"../../../Engine/Shaders/Private/HairStrands/HairStrandsMaterialVS.usf" 3111
"../../../Engine/Shaders/Private/HairStrands/HairStrandsLightSample.usf" 3112
"../../../Engine/Shaders/Private/HairStrands/HairStrandsDeepShadowMask.usf" 3113
"../../../Engine/Shaders/Private/HairStrands/HairStrandsDeepTransmittanceMask.usf" 3114
"../../../Engine/Shaders/Private/HairStrands/HairStrandsVisibilityTile.usf" 3115
"../../../Engine/Shaders/Private/HairStrands/HairStrandsDeepShadowPS.usf" 3116
"../../../Engine/Shaders/Private/HairStrands/HairStrandsDeepShadowVS.usf" 3117
"../../../Engine/Shaders/Private/HairStrands/HairStrandsAABB.usf" 3118
"../../../Engine/Shaders/Private/HairStrands/HairStrandsLUT.usf" 3119
"../../../Engine/Shaders/Private/HairStrands/HairStrandsForwardRaster.usf" 3120
"../../../Engine/Shaders/Private/HairStrands/HairStrandsForwardCulling.usf" 3121
"../../../Engine/Shaders/Private/HairStrands/HairStrandsEnvironmentLighting.usf" 3122
"../../../Engine/Shaders/Private/HairStrands/HairStrandsEnvironmentAO.usf" 3123
"../../../Engine/Shaders/Private/HairStrands/HairStrandsDeepShadowAllocation.usf" 3124
"../../../Engine/Shaders/Private/HairStrands/HairStrandsVoxelDebug.usf" 3125
"../../../Engine/Shaders/Private/HairStrands/HairStrandsComposition.usf" 3126
"../../../Engine/Shaders/Private/HairStrands/HairStrandsGBufferCommon.ush" 3127
"../../../Engine/Shaders/Private/GPUScene/GPUSceneDataManagement.usf" 3128
"../../../Engine/Shaders/Private/GPUSceneDebugRender.usf" 3129
"../../../Engine/Shaders/Private/GPUFeedbackCompaction.usf" 3130
"../../../Engine/Shaders/Private/GPUFastFourierTransform.usf" 3131
"../../../Engine/Shaders/Private/GPUFastFourierTransform2DCore.ush" 3132
"../../../Engine/Shaders/Private/GPUFastFourierTransformCore.ush" 3133
"../../../Engine/Shaders/Private/GPUBenchmark.usf" 3134
"../../../Engine/Shaders/Private/DistanceField/GlobalDistanceFieldDebug.usf" 3135
"../../../Engine/Shaders/Private/DistanceField/GlobalDistanceFieldUpdate.ush" 3136
"../../../Engine/Shaders/Private/DistanceField/GlobalDistanceFieldMip.usf" 3137
"../../../Engine/Shaders/Private/DistanceField/GlobalDistanceField.usf" 3138
"../../../Engine/Shaders/Private/DistanceField/GlobalDistanceFieldCompositeObjects.usf" 3139
"../../../Engine/Shaders/Private/DistanceField/GlobalDistanceFieldHeightfields.usf" 3140
"../../../Engine/Shaders/Private/HeightfieldLightingShared.ush" 3141
"../../../Engine/Shaders/Private/GenerateConservativeDepth.usf" 3142
"../../../Engine/Shaders/Private/HeightFogPixelShader.usf" 3143
"../../../Engine/Shaders/Private/HeightFogVertexShader.usf" 3144
"../../../Engine/Shaders/Private/DistortFiltering.usf" 3145
"../../../Engine/Shaders/Private/DistortAccumulatePS.usf" 3146
"../../../Engine/Shaders/Private/DistortAccumulateVS.usf" 3147
"../../../Engine/Shaders/Private/DistanceFieldVisualization.usf" 3148
"../../../Engine/Shaders/Private/DistanceFieldStreaming.usf" 3149
"../../../Engine/Shaders/Private/DistanceFieldShadowing.usf" 3150
"../../../Engine/Shaders/Private/DistanceFieldScreenGridLighting.usf" 3151
"../../../Engine/Shaders/Private/DistanceFieldObjectCulling.usf" 3152
"../../../Engine/Shaders/Private/DistanceFieldLightingPost.usf" 3153
"../../../Engine/Shaders/Private/DitheredTransitionStencil.usf" 3154
"../../../Engine/Shaders/Private/CopyDepthTexture.usf" 3155
"../../../Engine/Shaders/Private/CopyDepthTextureCS.usf" 3156
"../../../Engine/Shaders/Private/DeferredDecal.usf" 3157
"../../../Engine/Shaders/Private/DecalCommon.ush" 3158
"../../../Engine/Shaders/Private/DebugViewModeVertexShader.usf" 3159
"../../../Engine/Shaders/Private/DebugViewModeCommon.ush" 3160
"../../../Engine/Shaders/Private/DebugViewModePixelShader.usf" 3161
"../../../Engine/Shaders/Private/DebugProbes.usf" 3162
"../../../Engine/Shaders/Private/MeshDecals.usf" 3163
"../../../Engine/Shaders/Private/PostProcessAmbientOcclusion.usf" 3164
"../../../Engine/Shaders/Private/ClusteredDeferredShadingPixelShader.usf" 3165
"../../../Engine/Shaders/Private/ClusteredDeferredShadingVertexShader.usf" 3166
"../../../Engine/Shaders/Private/CapsuleShadowShaders.usf" 3167
"../../../Engine/Shaders/Private/BasePassPixelShader.usf" 3168
"../../../Engine/Shaders/Private/ForwardLightingCommon.ush" 3169
"../../../Engine/Shaders/Private/Substrate/SubstrateForwardLighting.ush" 3170
"../../../Engine/Shaders/Private/ComputeShaderOutputCommon.ush" 3171
"../../../Engine/Shaders/Private/BasePassVertexShader.usf" 3172
"../../../Engine/Shaders/Private/BasePassVertexCommon.ush" 3173
"../../../Engine/Shaders/Private/SimpleElementVolumeTexturePreviewPixelShader.usf" 3174
"../../../Engine/Shaders/Private/SimpleElementTexture2DPreviewPixelShader.usf" 3175
"../../../Engine/Shaders/Private/meshpaintdilatepixelshader.usf" 3176
"../../../Engine/Shaders/Private/meshpaintdilatevertexshader.usf" 3177
"../../../Engine/Shaders/Private/MeshPaintPixelShader.usf" 3178
"../../../Engine/Shaders/Private/MeshPaintVertexShader.usf" 3179
"../../../Engine/Shaders/Private/SlateElementPixelShader.usf" 3180
"../../../Engine/Shaders/Private/SlateShaderCommon.ush" 3181
"../../../Engine/Shaders/Private/SlateMaskingShader.usf" 3182
"../../../Engine/Shaders/Private/SlateVertexShader.usf" 3183
"../../../Engine/Shaders/Private/CompositeUIPixelShader.usf" 3184
"../../../Engine/Shaders/Private/ColorDeficiency.ush" 3185
"../../../Engine/Shaders/Private/SlatePostProcessColorDeficiencyPixelShader.usf" 3186
"../../../Engine/Shaders/Private/SlatePostProcessPixelShader.usf" 3187
"../../../Engine/Shaders/Private/Tools/VisualizeTexture.usf" 3188
"../../../Engine/Shaders/Private/UpdateDescriptorHandle.usf" 3189
"../../../Engine/Shaders/Private/ByteBuffer.usf" 3190
"../../../Engine/Shaders/Private/ShaderBundleWorkGraphDispatch.usf" 3191
"../../../Engine/Shaders/Private/ShaderBundleDispatch.usf" 3192
"../../../Engine/Shaders/Private/ResolveVertexShader.usf" 3193
"../../../Engine/Shaders/Private/ResolvePixelShader.usf" 3194
"../../../Engine/Shaders/Private/Tools/SetupIndirectArgs.usf" 3195
"../../../Engine/Shaders/Private/ClearReplacementShaders.usf" 3196
"../../../Engine/Shaders/Private/Tools/DrawTexture.usf" 3197
"../../../Engine/Shaders/Private/RayTracing/RayTracingValidation.usf" 3198
"../../../Engine/Shaders/Private/RenderGraphUtilities.usf" 3199
"../../../Engine/Shaders/Private/OneColorShader.usf" 3200
"../../../Engine/Shaders/Private/OculusShaders.usf" 3201
"../../../Engine/Shaders/Private/MediaShaders.usf" 3202
"../../../Engine/Shaders/Private/GPUMessaging.usf" 3203
"../../../Engine/Shaders/Private/Tools/GPUDebugCrashUtils.usf" 3204
"../../../Engine/Shaders/Private/NullPixelShader.usf" 3205
"../../../Engine/Shaders/Private/ComputeGenerateMips.usf" 3206
"../../../Engine/Shaders/Private/Tools/DumpTexture.usf" 3207
"../../../Engine/Shaders/Private/CopyTextureShaders.usf" 3208
"../../../Engine/Shaders/Private/Tools/FullscreenVertexShader.usf" 3209
"../../../Engine/Shaders/Private/RayTracing/RayTracingDispatchDesc.usf" 3210
"../../../Engine/Shaders/Private/Bink.usf" 3211
"../../../Engine/Shaders/Private/VelocityShader.usf" 3212
"../../../Engine/Shaders/Private/DepthOnlyPixelShader.usf" 3213
"../../../Engine/Shaders/Private/PositionOnlyDepthVertexShader.usf" 3214
"../../../Engine/Shaders/Private/DepthOnlyVertexShader.usf" 3215
"../../../Engine/Shaders/Private/AnisotropyPassShader.usf" 3216
"E:/Repository/732-abbot-grove-VR/Content/Abbot732/Maps/Abbot732_Level.umap" 3217
"E:/Repository/732-abbot-grove-VR/Content/Abbot732/Maps/Abbot732_Level_BuiltData.uasset" 3218
"E:/Repository/732-abbot-grove-VR/Content/Abbot732/Blueprints/BP_MirrorBathroom_01.uasset" 3219
"E:/Repository/732-abbot-grove-VR/Content/Abbot732/Blueprints/BP_MirrorBathroom_02.uasset" 3220
"E:/Repository/732-abbot-grove-VR/Content/FancyApp/Materials/Main/MI_GlassMaterial_19.uasset" 3221
"E:/Repository/732-abbot-grove-VR/Content/Abbot732/Mesh/SM_Sofa_03.uasset" 3222
"E:/Repository/732-abbot-grove-VR/Content/Abbot732/Mesh/Single/SM_KitchenChair.uasset" 3223
"/Engine/EngineResources/WhiteSquareTexture" 3224
"../../../Engine/Content/EngineResources/WhiteSquareTexture.uasset" 3225
"/Engine/EngineResources/GradientTexture0" 3226
"../../../Engine/Content/EngineResources/GradientTexture0.uasset" 3227
"/Engine/EngineResources/Black" 3228
"../../../Engine/Content/EngineResources/Black.uasset" 3229
"/Engine/EditorResources/S_Actor" 3230
"../../../Engine/Content/EditorResources/S_Actor.uasset" 3231
"/Engine/EngineFonts/RobotoDistanceField" 3232
"../../../Engine/Content/EngineFonts/RobotoDistanceField.uasset" 3233
"/Engine/EngineMaterials/DefaultTextMaterialOpaque" 3234
"../../../Engine/Content/EngineMaterials/DefaultTextMaterialOpaque.uasset" 3235
"/Engine/Functions/Engine_MaterialFunctions01/Shading/PowerToRoughness" 3236
"../../../Engine/Content/Functions/Engine_MaterialFunctions01/Shading/PowerToRoughness.uasset" 3237
"/Engine/Functions/Engine_MaterialFunctions01/Shading/ConvertFromDiffSpec" 3238
"../../../Engine/Content/Functions/Engine_MaterialFunctions01/Shading/ConvertFromDiffSpec.uasset" 3239
"/Engine/EngineMaterials/WorldGridMaterial" 3240
"../../../Engine/Content/EngineMaterials/WorldGridMaterial.uasset" 3241
"../../../Engine/Content/Functions/Engine_MaterialFunctions01/Opacity/CameraDepthFade.uasset" 3242
"../../../Engine/Content/EngineMaterials/T_Default_Material_Grid_M.uasset" 3243
"../../../Engine/Content/EngineMaterials/T_Default_Material_Grid_N.uasset" 3244
"/Engine/EngineMaterials/DefaultDeferredDecalMaterial" 3245
"../../../Engine/Content/EngineMaterials/DefaultDeferredDecalMaterial.uasset" 3246
"../../../Engine/Content/EngineMaterials/DefaultDiffuse.uasset" 3247
"/Engine/EngineMaterials/DefaultLightFunctionMaterial" 3248
"../../../Engine/Content/EngineMaterials/DefaultLightFunctionMaterial.uasset" 3249
"/Engine/EngineMaterials/DefaultPostProcessMaterial" 3250
"../../../Engine/Content/EngineMaterials/DefaultPostProcessMaterial.uasset" 3251
"../../../Engine/Content/Functions/Engine_MaterialFunctions02/Utility/BreakOutFloat2Components.uasset" 3252
"/Engine/EditorResources/S_Trigger" 3253
"../../../Engine/Content/EditorResources/S_Trigger.uasset" 3254
"/Engine/EditorResources/S_BoxReflectionCapture" 3255
"../../../Engine/Content/EditorResources/S_BoxReflectionCapture.uasset" 3256
"/Engine/EngineResources/DefaultTexture" 3257
"../../../Engine/Content/EngineResources/DefaultTexture.uasset" 3258
"/Engine/EditorResources/S_TriggerBox" 3259
"../../../Engine/Content/EditorResources/S_TriggerBox.uasset" 3260
"/Engine/EditorResources/S_TriggerCapsule" 3261
"../../../Engine/Content/EditorResources/S_TriggerCapsule.uasset" 3262
"/Engine/EditorResources/S_TriggerSphere" 3263
"../../../Engine/Content/EditorResources/S_TriggerSphere.uasset" 3264
"/Engine/EngineDamageTypes/DmgTypeBP_Environmental" 3265
"../../../Engine/Content/EngineDamageTypes/DmgTypeBP_Environmental.uasset" 3266
"/Engine/EngineMeshes/Sphere" 3267
"../../../Engine/Content/EngineMeshes/Sphere.uasset" 3268
"/Engine/EngineResources/DefaultTextureCube" 3269
"../../../Engine/Content/EngineResources/DefaultTextureCube.uasset" 3270
"/Engine/EngineResources/DefaultVolumeTexture" 3271
"../../../Engine/Content/EngineResources/DefaultVolumeTexture.uasset" 3272
"../../../Engine/Content/EngineResources/DefaultVolumeTexture2D.uasset" 3273
"E:/Repository/732-abbot-grove-VR/Config/DefaultEngine.ini" 3274
"/OculusXR/Materials/PokeAHoleMaterial" 3275
"../../Plugins/Marketplace/MetaXR/Content/Materials/PokeAHoleMaterial.uasset" 3276
"/Engine/VREditor/TransformGizmo/SM_Sequencer_Node" 3277
"../../../Engine/Content/VREditor/TransformGizmo/SM_Sequencer_Node.uasset" 3278
"../../../Engine/Content/VREditor/TransformGizmo/Main.uasset" 3279
"../../../Engine/Content/VREditor/TransformGizmo/Xray.uasset" 3280
"/Engine/EditorResources/S_Solver" 3281
"../../../Engine/Content/EditorResources/S_Solver.uasset" 3282
"/Engine/EngineDebugMaterials/VolumeToRender" 3283
"../../../Engine/Content/EngineDebugMaterials/VolumeToRender.uasset" 3284
"/Engine/EngineDebugMaterials/M_VolumeRenderSphereTracePP" 3285
"../../../Engine/Content/EngineDebugMaterials/M_VolumeRenderSphereTracePP.uasset" 3286
"../../../Engine/Content/Functions/Engine_MaterialFunctions02/Utility/CameraDirectionVector.uasset" 3287
"/Engine/EditorMeshes/Camera/SM_CraneRig_Base" 3288
"../../../Engine/Content/EditorMeshes/Camera/SM_CraneRig_Base.uasset" 3289
"../../../Engine/Content/EditorMaterials/Camera/MI_CineMat_Rig.uasset" 3290
"../../../Engine/Content/EditorMaterials/Camera/CineMat.uasset" 3291
"/Engine/EditorMeshes/Camera/SM_CraneRig_Arm" 3292
"../../../Engine/Content/EditorMeshes/Camera/SM_CraneRig_Arm.uasset" 3293
"/Engine/EditorMeshes/Camera/SM_CraneRig_Mount" 3294
"../../../Engine/Content/EditorMeshes/Camera/SM_CraneRig_Mount.uasset" 3295
"/Engine/EditorMeshes/Camera/SM_CraneRig_Body" 3296
"../../../Engine/Content/EditorMeshes/Camera/SM_CraneRig_Body.uasset" 3297
"/Engine/EditorMeshes/Camera/SM_RailRig_Track" 3298
"../../../Engine/Content/EditorMeshes/Camera/SM_RailRig_Track.uasset" 3299
"/Engine/EditorMeshes/Camera/SM_RailRig_Mount" 3300
"../../../Engine/Content/EditorMeshes/Camera/SM_RailRig_Mount.uasset" 3301
"/Engine/EditorLandscapeResources/SplineEditorMesh" 3302
"../../../Engine/Content/EditorLandscapeResources/SplineEditorMesh.uasset" 3303
"../../../Engine/Content/EditorLandscapeResources/SplineEditorMeshMat.uasset" 3304
"/OculusXR/Textures/CRT_JumpFlood1" 3305
"../../Plugins/Marketplace/MetaXR/Content/Textures/CRT_JumpFlood1.uasset" 3306
"/OculusXR/Textures/CRT_JumpFlood2" 3307
"../../Plugins/Marketplace/MetaXR/Content/Textures/CRT_JumpFlood2.uasset" 3308
"/OculusXR/Textures/CRT_Mask" 3309
"../../Plugins/Marketplace/MetaXR/Content/Textures/CRT_Mask.uasset" 3310
"/OculusXR/Textures/CRT_DistanceMap" 3311
"../../Plugins/Marketplace/MetaXR/Content/Textures/CRT_DistanceMap.uasset" 3312
"/OculusXR/Materials/M_CreateMask" 3313
"../../Plugins/Marketplace/MetaXR/Content/Materials/M_CreateMask.uasset" 3314
"../../../Engine/Content/Functions/Engine_MaterialFunctions01/Texturing/PointSampledUVs.uasset" 3315
"../../../Engine/Content/Functions/Engine_MaterialFunctions02/Utility/BreakOutFloat4Components.uasset" 3316
"../../../Engine/Content/Functions/Engine_MaterialFunctions02/Utility/MakeFloat3.uasset" 3317
"../../../Engine/Content/Functions/Engine_MaterialFunctions02/Utility/MakeFloat4.uasset" 3318
"/OculusXR/Materials/M_JFAPass" 3319
"../../Plugins/Marketplace/MetaXR/Content/Materials/M_JFAPass.uasset" 3320
"/OculusXR/Materials/M_SceneObjectMask" 3321
"../../Plugins/Marketplace/MetaXR/Content/Materials/M_SceneObjectMask.uasset" 3322
"/OculusXR/Materials/M_FloorMask" 3323
"../../Plugins/Marketplace/MetaXR/Content/Materials/M_FloorMask.uasset" 3324
"/OculusXR/Materials/M_DistanceMapFree" 3325
"../../Plugins/Marketplace/MetaXR/Content/Materials/M_DistanceMapFree.uasset" 3326
"/OculusXR/Materials/M_DistanceMapOccupied" 3327
"../../Plugins/Marketplace/MetaXR/Content/Materials/M_DistanceMapOccupied.uasset" 3328
"/OculusXR/Materials/M_DistanceMapAll" 3329
"../../Plugins/Marketplace/MetaXR/Content/Materials/M_DistanceMapAll.uasset" 3330
"/OculusXR/Materials/MPC_Highlights" 3331
"../../Plugins/Marketplace/MetaXR/Content/Materials/MPC_Highlights.uasset" 3332
"/Engine/BasicShapes/Cube" 3333
"../../../Engine/Content/BasicShapes/Cube.uasset" 3334
"/OculusXR/Meshes/SM_Bevelcube" 3335
"../../Plugins/Marketplace/MetaXR/Content/Meshes/SM_Bevelcube.uasset" 3336
"/HairStrands/Materials/HairDebugMaterial" 3337
"../../Plugins/Runtime/HairStrands/Content/Materials/HairDebugMaterial.uasset" 3338
"../../../Engine/Content/Functions/Engine_MaterialFunctions02/Utility/MakeFloat2.uasset" 3339
"../../../Engine/Content/EngineMaterials/HairColorMap.uasset" 3340
"../../../Engine/Content/EngineMaterials/HairDebugColor.uasset" 3341
"../../Plugins/Runtime/HairStrands/Content/Materials/HairGroupColors.uasset" 3342
"/HairStrands/Materials/HairDefaultMaterial" 3343
"../../Plugins/Runtime/HairStrands/Content/Materials/HairDefaultMaterial.uasset" 3344
"/HairStrands/Materials/HairCardsDefaultMaterial" 3345
"../../Plugins/Runtime/HairStrands/Content/Materials/HairCardsDefaultMaterial.uasset" 3346
"/HairStrands/Materials/HairMeshesDefaultMaterial" 3347
"../../Plugins/Runtime/HairStrands/Content/Materials/HairMeshesDefaultMaterial.uasset" 3348
"/CameraCalibrationCore/Materials/M_DefaultOddSquare" 3349
"../../Plugins/VirtualProduction/CameraCalibrationCore/Content/Materials/M_DefaultOddSquare.uasset" 3350
"/CameraCalibrationCore/Materials/M_DefaultEvenSquare" 3351
"../../Plugins/VirtualProduction/CameraCalibrationCore/Content/Materials/M_DefaultEvenSquare.uasset" 3352
"/Engine/EngineMaterials/Widget3DPassThrough_Translucent" 3353
"../../../Engine/Content/EngineMaterials/Widget3DPassThrough_Translucent.uasset" 3354
"../../../Engine/Content/EngineMaterials/Widget3DPassThrough.uasset" 3355
"/Engine/EngineMaterials/Widget3DPassThrough_Translucent_OneSided" 3356
"../../../Engine/Content/EngineMaterials/Widget3DPassThrough_Translucent_OneSided.uasset" 3357
"/Engine/EngineMaterials/Widget3DPassThrough_Opaque" 3358
"../../../Engine/Content/EngineMaterials/Widget3DPassThrough_Opaque.uasset" 3359
"/Engine/EngineMaterials/Widget3DPassThrough_Opaque_OneSided" 3360
"../../../Engine/Content/EngineMaterials/Widget3DPassThrough_Opaque_OneSided.uasset" 3361
"/Engine/EngineMaterials/Widget3DPassThrough_Masked" 3362
"../../../Engine/Content/EngineMaterials/Widget3DPassThrough_Masked.uasset" 3363
"/Engine/EngineMaterials/Widget3DPassThrough_Masked_OneSided" 3364
"../../../Engine/Content/EngineMaterials/Widget3DPassThrough_Masked_OneSided.uasset" 3365
"/Engine/VREditor/ViewportInteractionAssetContainerData" 3366
"../../../Engine/Content/VREditor/ViewportInteractionAssetContainerData.uasset" 3367
"../../../Engine/Content/VREditor/SnapGrid/SnapGridMaterial.uasset" 3368
"../../../Engine/Content/VREditor/TransformGizmo/TransformGizmoMaterial_Inst.uasset" 3369
"../../../Engine/Content/VREditor/TransformGizmo/TranslucentTransformGizmoMaterial_Inst.uasset" 3370
"../../../Engine/Content/VREditor/SnapGrid/SnapGridPlaneMesh.uasset" 3371
"../../../Engine/Content/VREditor/Sounds/UI/Drop_Item_From_ContentBrowser.uasset" 3372
"../../../Engine/Content/VREditor/Sounds/UI/Gizmo_Handle_Clicked.uasset" 3373
"../../../Engine/Content/VREditor/Sounds/UI/Object_PickUp.uasset" 3374
"../../../Engine/Content/VREditor/Sounds/UI/Object_Snaps_To_Another_Actor.uasset" 3375
"../../../Engine/Content/VREditor/Sounds/UI/Object_Snaps_To_Grid.uasset" 3376
"../../../Engine/Content/VREditor/Sounds/UI/Scaling_Down.uasset" 3377
"../../../Engine/Content/VREditor/Sounds/UI/Scaling_Up.uasset" 3378
"../../../Engine/Content/VREditor/Sounds/UI/Selection_Changes.uasset" 3379
"../../../Engine/Content/VREditor/TransformGizmo/PlaneTranslationHandle.uasset" 3380
"../../../Engine/Content/VREditor/TransformGizmo/RotationHandleFull.uasset" 3381
"../../../Engine/Content/VREditor/TransformGizmo/RotationHandleIndicator.uasset" 3382
"../../../Engine/Content/VREditor/TransformGizmo/RotationHandleQuarter.uasset" 3383
"../../../Engine/Content/VREditor/TransformGizmo/StartRotationHandleIndicator.uasset" 3384
"../../../Engine/Content/VREditor/TransformGizmo/TransformGizmoFreeRotation.uasset" 3385
"../../../Engine/Content/VREditor/TransformGizmo/TranslateArrowHandle.uasset" 3386
"../../../Engine/Content/VREditor/TransformGizmo/UniformScaleHandle.uasset" 3387
"../../../Engine/Content/Functions/Engine_MaterialFunctions02/Math/Transform3x3Matrix.uasset" 3388
"../../../Engine/Content/Functions/Engine_MaterialFunctions02/SplitComponents.uasset" 3389
"../../../Engine/Content/VREditor/TransformGizmo/TransformGizmoMaterial.uasset" 3390
"../../../Engine/Content/VREditor/TransformGizmo/TranslucentTransformGizmoMaterial.uasset" 3391
"../../../Engine/Content/Functions/Engine_MaterialFunctions02/Utility/BreakOutFloat3Components.uasset" 3392
"../../../Engine/Content/VREditor/LaserPointer/VR_LaserPower_01.uasset" 3393
"/Engine/VREditor/TransformGizmo/BoundingBoxCorner" 3394
"../../../Engine/Content/VREditor/TransformGizmo/BoundingBoxCorner.uasset" 3395
"/Engine/VREditor/TransformGizmo/BoundingBoxEdge" 3396
"../../../Engine/Content/VREditor/TransformGizmo/BoundingBoxEdge.uasset" 3397
"/Engine/ArtTools/RenderToTexture/Meshes/S_1_Unit_Plane" 3398
"../../../Engine/Content/ArtTools/RenderToTexture/Meshes/S_1_Unit_Plane.uasset" 3399
"/Engine/EngineDebugMaterials/M_SimpleUnlitTranslucent" 3400
"../../../Engine/Content/EngineDebugMaterials/M_SimpleUnlitTranslucent.uasset" 3401
"/Engine/EngineFonts/Roboto" 3402
"../../../Engine/Content/EngineFonts/Roboto.uasset" 3403
"../../../Engine/Content/EngineFonts/Faces/DroidSansFallback.uasset" 3404
"../../../Engine/Content/EngineFonts/Faces/RobotoBold.uasset" 3405
"../../../Engine/Content/EngineFonts/Faces/RobotoBoldItalic.uasset" 3406
"../../../Engine/Content/EngineFonts/Faces/RobotoItalic.uasset" 3407
"../../../Engine/Content/EngineFonts/Faces/RobotoLight.uasset" 3408
"../../../Engine/Content/EngineFonts/Faces/RobotoRegular.uasset" 3409
"/Engine/EditorMaterials/ParticleSystems/PSysThumbnail_NoImage" 3410
"../../../Engine/Content/EditorMaterials/ParticleSystems/PSysThumbnail_NoImage.uasset" 3411
"/Engine/EditorMaterials/ParticleSystems/PSysThumbnail_OOD" 3412
"../../../Engine/Content/EditorMaterials/ParticleSystems/PSysThumbnail_OOD.uasset" 3413
"/Engine/EngineResources/LandscapeVisibilityLayerInfo" 3414
"../../../Engine/Content/EngineResources/LandscapeVisibilityLayerInfo.uasset" 3415
"/OculusXR/Materials/OculusMR_OpaqueColoredMaterial" 3416
"../../Plugins/Marketplace/MetaXR/Content/Materials/OculusMR_OpaqueColoredMaterial.uasset" 3417
"/Engine/BasicShapes/Plane" 3418
"../../../Engine/Content/BasicShapes/Plane.uasset" 3419
"/OculusXR/Materials/MI_BlobShadow" 3420
"../../Plugins/Marketplace/MetaXR/Content/Materials/MI_BlobShadow.uasset" 3421
"../../Plugins/Marketplace/MetaXR/Content/Materials/M_BlobShadow.uasset" 3422
"../../../Engine/Content/Functions/Engine_MaterialFunctions02/Utility/VectorLength.uasset" 3423
"../../../Engine/Content/Functions/Engine_MaterialFunctions02/WorldPositionOffset/V2/ObjectScale.uasset" 3424
"../../Plugins/Marketplace/MetaXR/Content/Textures/T_BlobShadow.uasset" 3425
"../../../Engine/Content/Internationalization/icudt64l/coll/en.res" 3426
"/ACLPlugin/ACLAnimBoneCompressionSettings" 3427
"../../Plugins/Animation/ACLPlugin/Content/ACLAnimBoneCompressionSettings.uasset" 3428
"/Engine/Animation/DefaultRecorderBoneCompression" 3429
"../../../Engine/Content/Animation/DefaultRecorderBoneCompression.uasset" 3430
"/ACLPlugin/ACLAnimCurveCompressionSettings" 3431
"../../Plugins/Animation/ACLPlugin/Content/ACLAnimCurveCompressionSettings.uasset" 3432
"/Engine/Animation/DefaultVariableFrameStrippingSettings" 3433
"../../../Engine/Content/Animation/DefaultVariableFrameStrippingSettings.uasset" 3434
"/Paper2D/MaskedUnlitSpriteMaterial" 3435
"../../Plugins/2D/Paper2D/Content/MaskedUnlitSpriteMaterial.uasset" 3436
"../../Plugins/2D/Paper2D/Content/DefaultSpriteMaterial.uasset" 3437
"../../Plugins/2D/Paper2D/Content/PlaceholderTextures/DummySpriteTexture.uasset" 3438
"/Paper2D/OpaqueUnlitSpriteMaterial" 3439
"../../Plugins/2D/Paper2D/Content/OpaqueUnlitSpriteMaterial.uasset" 3440
"/Paper2D/DefaultPaperTerrainMaterial" 3441
"../../Plugins/2D/Paper2D/Content/DefaultPaperTerrainMaterial.uasset" 3442
"../../Plugins/2D/Paper2D/Content/DummySprite.uasset" 3443
"/ControlRig/Controls/ControlRigXRayMaterial" 3444
"../../Plugins/Animation/ControlRig/Content/Controls/ControlRigXRayMaterial.uasset" 3445
"/ControlRig/Controls/DefaultGizmoLibraryNormalized" 3446
"../../Plugins/Animation/ControlRig/Content/Controls/DefaultGizmoLibraryNormalized.uasset" 3447
"/ControlRig/M_Manip" 3448
"../../Plugins/Animation/ControlRig/Content/M_Manip.uasset" 3449
"../../../Engine/Content/Functions/Engine_MaterialFunctions02/WorldPositionOffset/CameraOffset.uasset" 3450
"/AudioWidgets/Resources/ScrubHandleDown_Clamped" 3451
"../../Plugins/Runtime/AudioWidgets/Content/Resources/ScrubHandleDown_Clamped.uasset" 3452
"/PCG/ComputeSources/PCGCS_ShaderUtils" 3453
"../../Plugins/PCG/Content/ComputeSources/PCGCS_ShaderUtils.uasset" 3454
"/PCG/ComputeSources/PCGCS_ShaderUtilsInternal" 3455
"../../Plugins/PCG/Content/ComputeSources/PCGCS_ShaderUtilsInternal.uasset" 3456
"/PCG/ComputeSources/PCGCS_Quaternion" 3457
"../../Plugins/PCG/Content/ComputeSources/PCGCS_Quaternion.uasset" 3458
"/OculusXR/Meshes/LeftTouchForQuestRiftSController" 3459
"../../Plugins/Marketplace/MetaXR/Content/Meshes/LeftTouchForQuestRiftSController.uasset" 3460
"../../Plugins/Marketplace/MetaXR/Content/Materials/TouchForQuestRiftSControllerMaterial.uasset" 3461
"../../Plugins/Marketplace/MetaXR/Content/Textures/TouchForQuestRiftSController_albedo.uasset" 3462
"/OculusXR/Meshes/RightTouchForQuestRiftSController" 3463
"../../Plugins/Marketplace/MetaXR/Content/Meshes/RightTouchForQuestRiftSController.uasset" 3464
"/OculusXR/Meshes/LeftTouchForQuest2" 3465
"../../Plugins/Marketplace/MetaXR/Content/Meshes/LeftTouchForQuest2.uasset" 3466
"../../Plugins/Marketplace/MetaXR/Content/Materials/TouchForQuest2Material.uasset" 3467
"../../Plugins/Marketplace/MetaXR/Content/Textures/TouchForQuest2_Color.uasset" 3468
"../../Plugins/Marketplace/MetaXR/Content/Textures/TouchForQuest2Material_Roughness.uasset" 3469
"/OculusXR/Meshes/RightTouchForQuest2" 3470
"../../Plugins/Marketplace/MetaXR/Content/Meshes/RightTouchForQuest2.uasset" 3471
"/OculusXR/Meshes/LeftMetaQuestTouchPro" 3472
"../../Plugins/Marketplace/MetaXR/Content/Meshes/LeftMetaQuestTouchPro.uasset" 3473
"../../Plugins/Marketplace/MetaXR/Content/Materials/LeftMetaQuestTouchProMaterial.uasset" 3474
"../../Plugins/Marketplace/MetaXR/Content/Textures/LeftMetaQuestTouchPro_Color.uasset" 3475
"../../Plugins/Marketplace/MetaXR/Content/Textures/LeftMetaQuestTouchPro_Normal.uasset" 3476
"/OculusXR/Meshes/RightMetaQuestTouchPro" 3477
"../../Plugins/Marketplace/MetaXR/Content/Meshes/RightMetaQuestTouchPro.uasset" 3478
"../../Plugins/Marketplace/MetaXR/Content/Materials/RightMetaQuestTouchProMaterial.uasset" 3479
"../../Plugins/Marketplace/MetaXR/Content/Textures/RightMetaQuestTouchPro_Color.uasset" 3480
"../../Plugins/Marketplace/MetaXR/Content/Textures/RightMetaQuestTouchPro_Normal.uasset" 3481
"/OculusXR/Meshes/LeftMetaQuestTouchPlus" 3482
"../../Plugins/Marketplace/MetaXR/Content/Meshes/LeftMetaQuestTouchPlus.uasset" 3483
"../../Plugins/Marketplace/MetaXR/Content/Materials/LeftMetaQuestTouchPlusMaterial.uasset" 3484
"../../Plugins/Marketplace/MetaXR/Content/Textures/LeftMetaQuestTouchPlus_Color.uasset" 3485
"/OculusXR/Meshes/RightMetaQuestTouchPlus" 3486
"../../Plugins/Marketplace/MetaXR/Content/Meshes/RightMetaQuestTouchPlus.uasset" 3487
"../../Plugins/Marketplace/MetaXR/Content/Materials/RightMetaQuestTouchPlusMaterial.uasset" 3488
"../../Plugins/Marketplace/MetaXR/Content/Textures/RightMetaQuestTouchPlus_Color.uasset" 3489
"/MediaPlate/SM_MediaPlateScreen" 3490
"../../Plugins/Media/MediaPlate/Content/SM_MediaPlateScreen.uasset" 3491
"/SpeedTreeImporter/SpeedTree9/SpeedTreeMaster" 3492
"../../Plugins/Editor/SpeedTreeImporter/Content/SpeedTree9/SpeedTreeMaster.uasset" 3493
"../../../Engine/Content/Functions/Engine_MaterialFunctions02/ObjectLocalBounds.uasset" 3494
"../../../Engine/Content/Functions/Engine_MaterialFunctions02/SafeNormalize.uasset" 3495
"../../../Engine/Content/Functions/Engine_MaterialFunctions02/UVs/BoundingBoxBased_0-1_UVW.uasset" 3496
"../../../Engine/Content/Functions/Engine_MaterialFunctions02/WorldPositionOffset/ObjectScale.uasset" 3497
"../../Plugins/Editor/SpeedTreeImporter/Content/SpeedTree9/SpeedTreeBranchMotion.uasset" 3498
"../../Plugins/Editor/SpeedTreeImporter/Content/SpeedTree9/SpeedTreeCameraFacing.uasset" 3499
"../../Plugins/Editor/SpeedTreeImporter/Content/SpeedTree9/SpeedTreeWind.uasset" 3500
"../../Plugins/Editor/SpeedTreeImporter/Content/SpeedTree9/SpeedTreeWindMotion.uasset" 3501
"../../Plugins/Editor/SpeedTreeImporter/Content/SpeedTree9/UnpackDirection.uasset" 3502
"../../Plugins/Editor/SpeedTreeImporter/Content/SpeedTree9/UnpackInteger3.uasset" 3503
"../../Plugins/Editor/SpeedTreeImporter/Content/SpeedTree9/Empty.uasset" 3504
"../../Plugins/Editor/SpeedTreeImporter/Content/SpeedTree9/EmptyNormal.uasset" 3505
"../../Plugins/Editor/SpeedTreeImporter/Content/SpeedTree9/game_wind_noise.uasset" 3506
"/SpeedTreeImporter/SpeedTree9/SpeedTreeBillboardMaster" 3507
"../../Plugins/Editor/SpeedTreeImporter/Content/SpeedTree9/SpeedTreeBillboardMaster.uasset" 3508
"../../Plugins/Editor/SpeedTreeImporter/Content/SpeedTree9/SpeedTreeBillboard.uasset" 3509
"/OpenXR/Devices/HTCVive/HTCViveController" 3510
"../../Plugins/Runtime/OpenXR/Content/Devices/HTCVive/HTCViveController.uasset" 3511
"../../Plugins/Runtime/OpenXR/Content/Devices/HTCVive/MI_HTCVive.uasset" 3512
"../../Plugins/Runtime/OpenXR/Content/Devices/M_XRController.uasset" 3513
"../../../Engine/Content/EngineMaterials/BaseFlattenNormalMap.uasset" 3514
"../../Plugins/Runtime/OpenXR/Content/Devices/HTCVive/BaseTexture.uasset" 3515
"/OpenXR/Devices/MicrosoftMixedReality/Left/left_MicrosoftMixedRealityController" 3516
"../../Plugins/Runtime/OpenXR/Content/Devices/MicrosoftMixedReality/Left/left_MicrosoftMixedRealityController.uasset" 3517
"../../Plugins/Runtime/OpenXR/Content/Devices/MicrosoftMixedReality/MI_MicrosoftMixedReality.uasset" 3518
"../../Plugins/Runtime/OpenXR/Content/Devices/MicrosoftMixedReality/BaseTexture.uasset" 3519
"../../Plugins/Runtime/OpenXR/Content/Devices/MicrosoftMixedReality/EmissiveTexture.uasset" 3520
"../../Plugins/Runtime/OpenXR/Content/Devices/MicrosoftMixedReality/MRTexture.uasset" 3521
"../../Plugins/Runtime/OpenXR/Content/Devices/MicrosoftMixedReality/NormalTexture.uasset" 3522
"/OpenXR/Devices/MicrosoftMixedReality/Right/right_MicrosoftMixedRealityController" 3523
"../../Plugins/Runtime/OpenXR/Content/Devices/MicrosoftMixedReality/Right/right_MicrosoftMixedRealityController.uasset" 3524
"/OpenXR/Devices/OculusGo/OculusGoController" 3525
"../../Plugins/Runtime/OpenXR/Content/Devices/OculusGo/OculusGoController.uasset" 3526
"../../Plugins/Runtime/OpenXR/Content/Devices/OculusGo/MI_OculusGo.uasset" 3527
"../../Plugins/Runtime/OpenXR/Content/Devices/OculusGo/BaseTexture.uasset" 3528
"/OpenXR/Devices/OculusTouch/Left/left_OculusTouchController" 3529
"../../Plugins/Runtime/OpenXR/Content/Devices/OculusTouch/Left/left_OculusTouchController.uasset" 3530
"../../Plugins/Runtime/OpenXR/Content/Devices/OculusTouch/MI_OculusTouch.uasset" 3531
"../../Plugins/Runtime/OpenXR/Content/Devices/OculusTouch/BaseTexture.uasset" 3532
"../../Plugins/Runtime/OpenXR/Content/Devices/OculusTouch/MRTexture.uasset" 3533
"/OpenXR/Devices/OculusTouch/Right/right_OculusTouchController" 3534
"../../Plugins/Runtime/OpenXR/Content/Devices/OculusTouch/Right/right_OculusTouchController.uasset" 3535
"/OpenXR/Devices/ValveIndex/Left/left_ValveIndexController" 3536
"../../Plugins/Runtime/OpenXR/Content/Devices/ValveIndex/Left/left_ValveIndexController.uasset" 3537
"../../Plugins/Runtime/OpenXR/Content/Devices/ValveIndex/Left/MI_left_ValveIndex.uasset" 3538
"../../Plugins/Runtime/OpenXR/Content/Devices/ValveIndex/BaseTexture.uasset" 3539
"../../Plugins/Runtime/OpenXR/Content/Devices/ValveIndex/MRTexture.uasset" 3540
"/OpenXR/Devices/ValveIndex/Right/right_ValveIndexController" 3541
"../../Plugins/Runtime/OpenXR/Content/Devices/ValveIndex/Right/right_ValveIndexController.uasset" 3542
"../../Plugins/Runtime/OpenXR/Content/Devices/ValveIndex/Right/MI_right_ValveIndex.uasset" 3543
"/OpenXR/Devices/OculusTouch_v2/Left/left_OculusTouch_v2Controller" 3544
"../../Plugins/Runtime/OpenXR/Content/Devices/OculusTouch_v2/Left/left_OculusTouch_v2Controller.uasset" 3545
"../../Plugins/Runtime/OpenXR/Content/Devices/OculusTouch_v2/MI_OculusTouch_v2.uasset" 3546
"../../Plugins/Runtime/OpenXR/Content/Devices/OculusTouch_v2/BaseTexture.uasset" 3547
"../../Plugins/Runtime/OpenXR/Content/Devices/OculusTouch_v2/MRTexture.uasset" 3548
"/OpenXR/Devices/OculusTouch_v2/Right/right_OculusTouch_v2Controller" 3549
"../../Plugins/Runtime/OpenXR/Content/Devices/OculusTouch_v2/Right/right_OculusTouch_v2Controller.uasset" 3550
"/OpenXR/Devices/OculusTouch_v3/Left/left_OculusTouch_v3Controller" 3551
"../../Plugins/Runtime/OpenXR/Content/Devices/OculusTouch_v3/Left/left_OculusTouch_v3Controller.uasset" 3552
"../../Plugins/Runtime/OpenXR/Content/Devices/OculusTouch_v3/MI_OculusTouch_v3.uasset" 3553
"../../Plugins/Runtime/OpenXR/Content/Devices/OculusTouch_v3/BaseTexture.uasset" 3554
"../../Plugins/Runtime/OpenXR/Content/Devices/OculusTouch_v3/MRTexture.uasset" 3555
"/OpenXR/Devices/OculusTouch_v3/Right/right_OculusTouch_v3Controller" 3556
"../../Plugins/Runtime/OpenXR/Content/Devices/OculusTouch_v3/Right/right_OculusTouch_v3Controller.uasset" 3557
"/Engine/BasicShapes/BasicShapeMaterial" 3558
"../../../Engine/Content/BasicShapes/BasicShapeMaterial.uasset" 3559
"/Engine/EditorMaterials/Dataflow/DataflowVertexMaterial" 3560
"../../../Engine/Content/EditorMaterials/Dataflow/DataflowVertexMaterial.uasset" 3561
"/Engine/EditorMaterials/Dataflow/DataflowTwoSidedVertexMaterial" 3562
"../../../Engine/Content/EditorMaterials/Dataflow/DataflowTwoSidedVertexMaterial.uasset" 3563
"/Engine/EditorLandscapeResources/LayerVisMaterial" 3564
"../../../Engine/Content/EditorLandscapeResources/LayerVisMaterial.uasset" 3565
"../../../Engine/Content/EditorLandscapeResources/WhiteSquareTexture.uasset" 3566
"/Engine/EditorLandscapeResources/SelectBrushMaterial_Selected" 3567
"../../../Engine/Content/EditorLandscapeResources/SelectBrushMaterial_Selected.uasset" 3568
"../../../Engine/Content/EditorLandscapeResources/SelectBrushMaterial.uasset" 3569
"../../../Engine/Content/Functions/Engine_MaterialFunctions03/Math/WithinRangeFloat2.uasset" 3570
"../../../Engine/Content/EditorLandscapeResources/DefaultAlphaTexture.uasset" 3571
"/Engine/EditorLandscapeResources/SelectBrushMaterial_SelectedRegion" 3572
"../../../Engine/Content/EditorLandscapeResources/SelectBrushMaterial_SelectedRegion.uasset" 3573
"/Engine/EditorLandscapeResources/MaskBrushMaterial_MaskedRegion" 3574
"../../../Engine/Content/EditorLandscapeResources/MaskBrushMaterial_MaskedRegion.uasset" 3575
"../../../Engine/Content/EditorLandscapeResources/MaskBrushMaterial.uasset" 3576
"/Engine/EditorLandscapeResources/ColorMaskBrushMaterial_MaskedRegion" 3577
"../../../Engine/Content/EditorLandscapeResources/ColorMaskBrushMaterial_MaskedRegion.uasset" 3578
"../../../Engine/Content/EditorLandscapeResources/ColorMaskBrushMaterial.uasset" 3579
"/Engine/EditorLandscapeResources/LandscapeDirtyMaterial" 3580
"../../../Engine/Content/EditorLandscapeResources/LandscapeDirtyMaterial.uasset" 3581
"/Engine/EditorLandscapeResources/LandscapeLayerUsageMaterial" 3582
"../../../Engine/Content/EditorLandscapeResources/LandscapeLayerUsageMaterial.uasset" 3583
"../../../Engine/Content/Functions/Engine_MaterialFunctions01/Debug/DebugIntValues.uasset" 3584
"../../../Engine/Content/Functions/Engine_MaterialFunctions01/Texturing/ScaleUVsByCenter.uasset" 3585
"../../../Engine/Content/Functions/Engine_MaterialFunctions02/WorldPositionOffset/LocalPosition.uasset" 3586
"../../../Engine/Content/Functions/Engine_MaterialFunctions01/Texturing/TextureCropping.uasset" 3587
"../../../Engine/Content/Functions/Engine_MaterialFunctions02/ExampleContent/DebugNumberStrip.uasset" 3588
"C:/Users/ahbvs/AppData/Local/UnrealEngine/Editor/UInteractiveToolsPresetCollectionAsset_DefaultCollection.json" 3589
"/Engine/EngineMaterials/NaniteHiddenSectionMaterial" 3590
"../../../Engine/Content/EngineMaterials/NaniteHiddenSectionMaterial.uasset" 3591
"/Engine/EngineMaterials/RemoveSurfaceMaterial" 3592
"../../../Engine/Content/EngineMaterials/RemoveSurfaceMaterial.uasset" 3593
"/Engine/EngineDebugMaterials/DebugMeshMaterial" 3594
"../../../Engine/Content/EngineDebugMaterials/DebugMeshMaterial.uasset" 3595
"/Engine/EngineMaterials/EmissiveMeshMaterial" 3596
"../../../Engine/Content/EngineMaterials/EmissiveMeshMaterial.uasset" 3597
"../../../Engine/Content/EngineMaterials/DefaultWhiteGrid_Low.uasset" 3598
"/Engine/EngineMaterials/M_InvalidLightmapSettings" 3599
"../../../Engine/Content/EngineMaterials/M_InvalidLightmapSettings.uasset" 3600
"../../../Engine/Content/EngineMaterials/InvalidLightmapSettings.uasset" 3601
"/Engine/EngineMaterials/GizmoMaterial" 3602
"../../../Engine/Content/EngineMaterials/GizmoMaterial.uasset" 3603
"/Engine/EngineMaterials/PhAT_JointLimitMaterial" 3604
"../../../Engine/Content/EngineMaterials/PhAT_JointLimitMaterial.uasset" 3605
"/Engine/EngineMaterials/FlattenMaterial" 3606
"../../../Engine/Content/EngineMaterials/FlattenMaterial.uasset" 3607
"../../../Engine/Content/EngineMaterials/BaseFlattenDiffuseMap.uasset" 3608
"../../../Engine/Content/EngineMaterials/BaseFlattenEmissiveMap.uasset" 3609
"../../../Engine/Content/EngineMaterials/BaseFlattenGrayscaleMap.uasset" 3610
"../../../Engine/Content/EngineMaterials/BaseFlattenLinearColor.uasset" 3611
"../../../Engine/Content/Functions/Engine_MaterialFunctions02/PivotPainter2/Black_1x1_EXR_Texture.uasset" 3612
"/Engine/EngineMaterials/FlattenMaterial_VT" 3613
"../../../Engine/Content/EngineMaterials/FlattenMaterial_VT.uasset" 3614
"../../../Engine/Content/EngineMaterials/BaseFlattenDiffuseMap_VT.uasset" 3615
"../../../Engine/Content/EngineMaterials/BaseFlattenEmissiveMap_VT.uasset" 3616
"../../../Engine/Content/EngineMaterials/BaseFlattenGrayscaleMap_VT.uasset" 3617
"../../../Engine/Content/EngineMaterials/BaseFlattenLinearColor_VT.uasset" 3618
"../../../Engine/Content/EngineMaterials/BaseFlattenNormalMap_VT.uasset" 3619
"../../../Engine/Content/EngineMaterials/Black_1x1_EXR_Texture_VT.uasset" 3620
"/Engine/EngineMaterials/FlattenMaterial_WS_Normal_VT" 3621
"../../../Engine/Content/EngineMaterials/FlattenMaterial_WS_Normal_VT.uasset" 3622
"/Engine/EngineMaterials/Good64x64TilingNoiseHighFreq" 3623
"../../../Engine/Content/EngineMaterials/Good64x64TilingNoiseHighFreq.uasset" 3624
"/Engine/EngineMaterials/DefaultBokeh" 3625
"../../../Engine/Content/EngineMaterials/DefaultBokeh.uasset" 3626
"/Engine/EngineMaterials/MiniFont" 3627
"../../../Engine/Content/EngineMaterials/MiniFont.uasset" 3628
"/Engine/EngineMaterials/WeightMapPlaceholderTexture" 3629
"../../../Engine/Content/EngineMaterials/WeightMapPlaceholderTexture.uasset" 3630
"/Engine/EngineMaterials/WeightMapArrayPlaceholderTexture" 3631
"../../../Engine/Content/EngineMaterials/WeightMapArrayPlaceholderTexture.uasset" 3632
"/Engine/EngineMaterials/DefaultWhiteGrid" 3633
"../../../Engine/Content/EngineMaterials/DefaultWhiteGrid.uasset" 3634
"/Engine/EngineMaterials/PreintegratedSkinBRDF" 3635
"../../../Engine/Content/EngineMaterials/PreintegratedSkinBRDF.uasset" 3636
"/Engine/EngineMaterials/LTC/GGX_LTCAmp" 3637
"../../../Engine/Content/EngineMaterials/LTC/GGX_LTCAmp.uasset" 3638
"/Engine/EngineMaterials/LTC/GGX_LTCMat" 3639
"../../../Engine/Content/EngineMaterials/LTC/GGX_LTCMat.uasset" 3640
"/Engine/EngineMaterials/EnergyConservation/GGX_ReflectionEnergy" 3641
"../../../Engine/Content/EngineMaterials/EnergyConservation/GGX_ReflectionEnergy.uasset" 3642
"/Engine/EngineMaterials/EnergyConservation/GGX_TransmissionEnergyArray" 3643
"../../../Engine/Content/EngineMaterials/EnergyConservation/GGX_TransmissionEnergyArray.uasset" 3644
"/Engine/EngineMaterials/EnergyConservation/SheenLegacy_Energy" 3645
"../../../Engine/Content/EngineMaterials/EnergyConservation/SheenLegacy_Energy.uasset" 3646
"/Engine/EngineMaterials/DefaultPhysicalMaterial" 3647
"../../../Engine/Content/EngineMaterials/DefaultPhysicalMaterial.uasset" 3648
"/Engine/EngineMaterials/DefaultDestructiblePhysicalMaterial" 3649
"../../../Engine/Content/EngineMaterials/DefaultDestructiblePhysicalMaterial.uasset" 3650
"C:/Users/ahbvs/AppData/Local/UnrealEngine/Editor/ProjectEditorRecords.json" 3651
"/Game/VRTemplate/VFX/NPC_VRTemplate" 3652
"../../../../../Repository/732-abbot-grove-VR/Content/VRTemplate/VFX/NPC_VRTemplate.uasset" 3653
"/Niagara/ParameterDefinitions/SpriteRenderer" 3654
"../../Plugins/FX/Niagara/Content/ParameterDefinitions/SpriteRenderer.uasset" 3655
"/Niagara/ParameterDefinitions/RibbonRenderer" 3656
"../../Plugins/FX/Niagara/Content/ParameterDefinitions/RibbonRenderer.uasset" 3657
"/Niagara/ParameterDefinitions/MeshRenderer" 3658
"../../Plugins/FX/Niagara/Content/ParameterDefinitions/MeshRenderer.uasset" 3659
"/Niagara/ParameterDefinitions/LightRenderer" 3660
"../../Plugins/FX/Niagara/Content/ParameterDefinitions/LightRenderer.uasset" 3661
"/Niagara/ParameterDefinitions/DecalRenderer" 3662
"../../Plugins/FX/Niagara/Content/ParameterDefinitions/DecalRenderer.uasset" 3663
"/Niagara/ParameterDefinitions/CoreParameters" 3664
"../../Plugins/FX/Niagara/Content/ParameterDefinitions/CoreParameters.uasset" 3665
"/DeformerGraph/Deformers/DG_LinearBlendSkin_Morph_Cloth" 3666
"../../Plugins/Animation/DeformerGraph/Content/Deformers/DG_LinearBlendSkin_Morph_Cloth.uasset" 3667
"../../Plugins/Animation/DeformerGraph/Content/DeformerFunctions/DG_Function_LinearBlendSkin_Morph_Cloth.uasset" 3668
"/DeformerGraph/Deformers/DG_LinearBlendSkin_Morph_Cloth_RecomputeNormals" 3669
"../../Plugins/Animation/DeformerGraph/Content/Deformers/DG_LinearBlendSkin_Morph_Cloth_RecomputeNormals.uasset" 3670
"../../Plugins/Animation/DeformerGraph/Content/DeformerFunctions/DG_Function_ComputeNormalsTangents.uasset" 3671
"../../Plugins/Animation/DeformerGraph/Content/DeformerFunctions/DG_Function_LinearBlendSkin_Morph_Cloth_PositionOnly.uasset" 3672
"../../../../../Repository/732-abbot-grove-VR//Build/Android/ManifestRequirementsAdditions.txt" 3673
"/Engine/EditorResources/SequenceRecorder/Countdown" 3674
"../../../Engine/Content/EditorResources/SequenceRecorder/Countdown.uasset" 3675
"/Engine/EditorResources/SequenceRecorder/RecordingIndicator" 3676
"../../../Engine/Content/EditorResources/SequenceRecorder/RecordingIndicator.uasset" 3677
"/Engine/EditorMaterials/PhAT_UnselectedMaterial" 3678
"../../../Engine/Content/EditorMaterials/PhAT_UnselectedMaterial.uasset" 3679
"/Engine/EditorMaterials/PhAT_NoCollisionMaterial" 3680
"../../../Engine/Content/EditorMaterials/PhAT_NoCollisionMaterial.uasset" 3681
"/Engine/EngineFonts/DroidSansMono" 3682
"../../../Engine/Content/EngineFonts/DroidSansMono.uasset" 3683
"../../../Engine/Content/EngineFonts/Faces/DroidSansMono.uasset" 3684
"/Engine/BasicShapes/Sphere" 3685
"../../../Engine/Content/BasicShapes/Sphere.uasset" 3686
"../../../Engine/Content/EngineMaterials/DefaultMaterial.uasset" 3687
"/Engine/BasicShapes/Cylinder" 3688
"../../../Engine/Content/BasicShapes/Cylinder.uasset" 3689
"/Engine/BasicShapes/Cone" 3690
"../../../Engine/Content/BasicShapes/Cone.uasset" 3691
"../../../Engine/Documentation/Source/Shared/Types/ABrush/ABrush.INT.udn" 3692
"../../../Engine/Content/Internationalization/icudt64l/brkitr/ru.res" 3693
"../../../Engine/Content/Internationalization/icudt64l/brkitr/root.res" 3694
"../../../Engine/Content/Internationalization/icudt64l/brkitr/char.brk" 3695
"../../../Engine/Content/Internationalization/icudt64l/brkitr/word.brk" 3696
"/Engine/EditorResources/S_Terrain" 3697
"../../../Engine/Content/EditorResources/S_Terrain.uasset" 3698
"../../../Engine/Plugins/FX/Niagara/Shaders/Private/NiagaraDataInterfaceTexture2DArrayTemplate.ush" 3699
"../../../Engine/Plugins/FX/Niagara/Shaders/Private/NiagaraDataInterfaceActorComponentTemplate.ush" 3700
"../../../Engine/Plugins/FX/Niagara/Shaders/Private/NiagaraDataInterfaceArrayTemplate.ush" 3701
"../../../Engine/Plugins/FX/Niagara/Shaders/Private/NiagaraDataInterfaceArrayRWTemplate.ush" 3702
"../../../Engine/Plugins/FX/Niagara/Shaders/Private/NiagaraDataInterfaceAsyncGpuTrace.ush" 3703
"../../../Engine/Plugins/FX/Niagara/Shaders/Private/NiagaraDataInterfaceAsyncGpuTraceTemplate.ush" 3704
"../../../Engine/Plugins/FX/Niagara/Shaders/Private/NiagaraDataInterfaceCamera.ush" 3705
"../../../Engine/Plugins/Experimental/ChaosNiagara/Shaders/NiagaraDataInterfaceChaosDestruction.ush" 3706
"../../../Engine/Plugins/FX/Niagara/Shaders/Private/NiagaraDataInterfaceCollisionQuery.ush" 3707
"../../../Engine/Plugins/FX/Niagara/Shaders/Private/NiagaraDataInterfaceCollisionQueryTemplate.ush" 3708
"../../../Engine/Plugins/FX/Niagara/Shaders/Private/NiagaraDataInterfaceCurveTemplate.ush" 3709
"../../../Engine/Plugins/FX/Niagara/Shaders/Private/NiagaraDataInterfaceCubeTextureTemplate.ush" 3710
"../../../Engine/Plugins/FX/Niagara/Shaders/Private/DataChannel/NiagaraDataInterfaceDataChannelCommon.ush" 3711
"../../../Engine/Plugins/FX/Niagara/Shaders/Private/DataChannel/NiagaraDataInterfaceDataChannelTemplateCommon.ush" 3712
"../../../Engine/Plugins/FX/Niagara/Shaders/Private/DataChannel/NiagaraDataInterfaceDataChannelTemplateReadCommon.ush" 3713
"../../../Engine/Plugins/FX/Niagara/Shaders/Private/DataChannel/NiagaraDataInterfaceDataChannelTemplate_Read.ush" 3714
"../../../Engine/Plugins/FX/Niagara/Shaders/Private/DataChannel/NiagaraDataInterfaceDataChannelTemplate_Consume.ush" 3715
"../../../Engine/Plugins/FX/Niagara/Shaders/Private/DataChannel/NiagaraDataInterfaceDataChannelTemplateWriteCommon.ush" 3716
"../../../Engine/Plugins/FX/Niagara/Shaders/Private/DataChannel/NiagaraDataInterfaceDataChannelTemplate_Append.ush" 3717
"../../../Engine/Plugins/FX/Niagara/Shaders/Private/NiagaraDataInterfaceDataTableTemplate.ush" 3718
"../../../Engine/Plugins/FX/Niagara/Shaders/Private/NiagaraDataInterfaceDebugDraw.ush" 3719
"../../../Engine/Plugins/FX/Niagara/Shaders/Private/NiagaraDataInterfaceDebugDrawTemplate.ush" 3720
"../../../Engine/Plugins/FX/Niagara/Shaders/Private/NiagaraDataInterfaceDynamicMeshTemplate.ush" 3721
"../../../Engine/Plugins/FX/Niagara/Shaders/Private/NiagaraDataInterfaceEmitterPropertiesTemplate.ush" 3722
"../../../Engine/Plugins/FX/Niagara/Shaders/Private/NiagaraDataInterfaceExportTemplate.ush" 3723
"../../../Engine/Plugins/FX/Niagara/Shaders/Private/NiagaraDataInterfaceGBufferTemplate.ush" 3724
"../../../Engine/Plugins/Experimental/ChaosNiagara/Shaders/NiagaraDataInterfaceGeometryCollection.ush" 3725
"../../../Engine/Plugins/FX/Niagara/Shaders/Private/NiagaraTransformUtils.ush" 3726
"../../../Engine/Plugins/Runtime/HairStrands/Shaders/Private/NiagaraStrandsExternalForce.ush" 3727
"../../../Engine/Plugins/Runtime/HairStrands/Shaders/Private/NiagaraHookeSpringMaterial.ush" 3728
"../../../Engine/Plugins/Runtime/HairStrands/Shaders/Private/NiagaraAngularSpringMaterial.ush" 3729
"../../../Engine/Plugins/Runtime/HairStrands/Shaders/Private/NiagaraConstantVolumeMaterial.ush" 3730
"../../../Engine/Plugins/Runtime/HairStrands/Shaders/Private/NiagaraCosseratRodMaterial.ush" 3731
"../../../Engine/Plugins/Runtime/HairStrands/Shaders/Private/NiagaraStaticCollisionConstraint.ush" 3732
"../../../Engine/Plugins/Runtime/HairStrands/Shaders/Private/NiagaraDataInterfaceHairStrands.ush" 3733
"../../../Engine/Plugins/Runtime/HairStrands/Shaders/Private/NiagaraDataInterfaceHairStrandsTemplate.ush" 3734
"../../../Engine/Plugins/FX/Niagara/Shaders/Private/NiagaraDataInterfaceIntRenderTarget2D.ush" 3735
"../../../Engine/Plugins/FX/Niagara/Shaders/Private/NiagaraDataInterfaceLandscape.ush" 3736
"../../../Engine/Plugins/FX/Niagara/Shaders/Private/NiagaraDataInterfaceMemoryBufferTemplate.ush" 3737
"../../../Engine/Plugins/FX/Niagara/Shaders/Private/NiagaraDataInterfaceMeshRendererInfoTemplate.ush" 3738
"../../../Engine/Plugins/FX/Niagara/Shaders/Private/NiagaraDataInterfaceOcclusion.ush" 3739
"../../../Engine/Plugins/FX/Niagara/Shaders/Private/NiagaraDataInterfacePhysicsAsset.ush" 3740
"../../../Engine/Plugins/Experimental/ChaosNiagara/Shaders/NiagaraDataInterfacePhysicsField.ush" 3741
"../../../Engine/Plugins/FX/Niagara/Shaders/Private/NiagaraDataInterfacePlatformSetTemplate.ush" 3742
"../../../Engine/Plugins/Runtime/HairStrands/Shaders/Private/NiagaraDataInterfaceVelocityGrid.ush" 3743
"../../../Engine/Plugins/Runtime/HairStrands/Shaders/Private/NiagaraDataInterfaceVelocityGridTemplate.ush" 3744
"../../../Engine/Plugins/Runtime/HairStrands/Shaders/Private/NiagaraDataInterfacePressureGrid.ush" 3745
"../../../Engine/Plugins/Runtime/HairStrands/Shaders/Private/NiagaraDataInterfacePressureGridTemplate.ush" 3746
"../../../Engine/Plugins/FX/Niagara/Shaders/Private/NiagaraDataInterfaceRenderTarget2DTemplate.ush" 3747
"../../../Engine/Plugins/FX/Niagara/Shaders/Private/NiagaraDataInterfaceRenderTarget2DArrayTemplate.ush" 3748
"../../../Engine/Plugins/FX/Niagara/Shaders/Private/NiagaraDataInterfaceRenderTargetCubeTemplate.ush" 3749
"../../../Engine/Plugins/FX/Niagara/Shaders/Private/NiagaraDataInterfaceRenderTargetVolumeTemplate.ush" 3750
"../../../Engine/Plugins/FX/Niagara/Shaders/Private/NiagaraDataInterfaceRigidMeshCollisionQuery.ush" 3751
"../../../Engine/Plugins/FX/Niagara/Shaders/Private/NiagaraDistanceFieldQueries.ush" 3752
"../../../Engine/Plugins/FX/Niagara/Shaders/Private/NiagaraDataInterfaceSceneCapture2DTemplate.ush" 3753
"../../../Engine/Plugins/FX/Niagara/Shaders/Private/NiagaraDataInterfaceSimCacheReaderTemplate.ush" 3754
"../../../Engine/Plugins/FX/Niagara/Shaders/Private/NiagaraDataInterfaceSimpleCounterTemplate.ush" 3755
"../../../Engine/Plugins/FX/Niagara/Shaders/Private/NiagaraDataInterfaceSkeletalMesh.ush" 3756
"../../../Engine/Plugins/FX/Niagara/Shaders/Private/NiagaraBaryCentricUtils.ush" 3757
"../../../Engine/Plugins/FX/Niagara/Shaders/Private/NiagaraDataInterfaceSkeletalMeshTemplate.ush" 3758
"../../../Engine/Plugins/FX/Niagara/Shaders/Private/NiagaraDataInterfaceSocketReaderTemplate.ush" 3759
"../../../Engine/Plugins/FX/Niagara/Shaders/Private/NiagaraDataInterfaceSparseVolumeTextureTemplate.ush" 3760
"../../../Engine/Plugins/FX/Niagara/Shaders/Private/NiagaraDataInterfaceSplineTemplate.ush" 3761
"../../../Engine/Plugins/FX/Niagara/Shaders/Private/NiagaraDataInterfaceSpriteRendererInfoTemplate.ush" 3762
"../../../Engine/Plugins/FX/Niagara/Shaders/Private/NiagaraDataInterfaceStaticMeshTemplate.ush" 3763
"../../../Engine/Plugins/FX/Niagara/Shaders/Private/NiagaraDataInterfaceTextureTemplate.ush" 3764
"../../../Engine/Plugins/FX/Niagara/Shaders/Private/NiagaraDataInterfaceVirtualTexture.ush" 3765
"../../../Engine/Plugins/FX/Niagara/Shaders/Private/NiagaraDataInterfaceVirtualTextureTemplate.ush" 3766
"../../../Engine/Plugins/FX/Niagara/Shaders/Private/NiagaraDataInterfaceVolumeCache.ush" 3767
"../../../Engine/Plugins/FX/Niagara/Shaders/Private/NiagaraDataInterfaceVolumeTextureTemplate.ush" 3768
"../../../Engine/Shaders/Public/Platform/Vulkan/VulkanCommon.ush" 3769
"../../../Engine/Shaders/Public/Platform/Vulkan/VulkanSubpassSupport.ush" 3770
"E:/Repository/732-abbot-grove-VR/Content/Abbot732/Mesh/Main/NewFolder/SM_ThumbFix_064.uasset" 3771
"E:/Repository/732-abbot-grove-VR/Content/Abbot732/Mesh/Main/NewFolder/SM_ThumbFix_068.uasset" 3772
"E:/Repository/732-abbot-grove-VR/Content/Abbot732/Blueprints/1/CRT_Mirror.uasset" 3773
"E:/Repository/732-abbot-grove-VR/Content/Abbot732/Mesh/Main/NewFolder/SM_ThumbFix_065.uasset" 3774
"E:/Repository/732-abbot-grove-VR/Content/Abbot732/Mesh/Main/NewFolder/SM_ThumbFix_062.uasset" 3775
"E:/Repository/732-abbot-grove-VR/Content/Abbot732/Mesh/Main/NewFolder/SM_ThumbFix_063.uasset" 3776
"E:/Repository/732-abbot-grove-VR/Content/Abbot732/Mesh/Main/NewFolder/SM_ThumbFix_067.uasset" 3777
"E:/Repository/732-abbot-grove-VR/Content/Abbot732/Mesh/Main/NewFolder/SM_ThumbFix_066.uasset" 3778
"E:/Repository/732-abbot-grove-VR/Content/Abbot732/Mesh/Main/NewFolder/SM_ThumbFix_061.uasset" 3779
"E:/Repository/732-abbot-grove-VR/Content/Abbot732/Mesh/Main/NewFolder/SM_ThumbFix_069.uasset" 3780
"E:/Repository/732-abbot-grove-VR/Content/Abbot732/Blueprints/1/CRT_Mirror_Tex_Mat1.uasset" 3781
"E:/Repository/732-abbot-grove-VR/Content/Abbot732/Blueprints/1/CRT_Mirror_Tex_Mat1_Inst.uasset" 3782
"E:/Repository/732-abbot-grove-VR/Content/VRTemplate/Blueprints/VRGameMode.uasset" 3783
"E:/Repository/732-abbot-grove-VR/Content/Abbot732/Blueprints/1/CRT_Mirror3.uasset" 3784
"E:/Repository/732-abbot-grove-VR/Content/Abbot732/Maps/_GENERATED/ahbvs/Box_0FBE43F6.uasset" 3785
"E:/Repository/732-abbot-grove-VR/Content/Abbot732/Blueprints/1/CRT_Mirror2.uasset" 3786
"E:/Repository/732-abbot-grove-VR/Content/Abbot732/Blueprints/1/CRT_Mirror_Tex3.uasset" 3787
"E:/Repository/732-abbot-grove-VR/Content/Abbot732/Blueprints/1/CRT_Mirror_Tex.uasset" 3788
"E:/Repository/732-abbot-grove-VR/Content/Abbot732/Maps/_GENERATED/ahbvs/Rectangle_9DAFC66F.uasset" 3789
"E:/Repository/732-abbot-grove-VR/Content/Abbot732/Mesh/2/SM_Bag_01.uasset" 3790
"E:/Repository/732-abbot-grove-VR/Content/Abbot732/Mesh/2/Material__-2147483625.uasset" 3791
"E:/Repository/732-abbot-grove-VR/Content/Abbot732/Mesh/2/SM_GlassWaterBoil_02.uasset" 3792
"E:/Repository/732-abbot-grove-VR/Content/Abbot732/Mesh/2/SM_GlassWaterBoil_01.uasset" 3793
"../../../Engine/Content/Functions/Engine_MaterialFunctions02/Utility/Swizzle.uasset" 3794
"E:/Repository/732-abbot-grove-VR/Content/Abbot732/Maps/_GENERATED/ahbvs/Rectangle_01CBE3E9.uasset" 3795
"E:/Repository/732-abbot-grove-VR/Content/Abbot732/Maps/_GENERATED/ahbvs/Box_56072C70.uasset" 3796
"E:/Repository/732-abbot-grove-VR/Content/FancyApp/Blueprints/BP_GameInstance.uasset" 3797
"E:/Repository/732-abbot-grove-VR/Content/Abbot732/Mesh/2/Material__2147483647.uasset" 3798
"E:/Repository/732-abbot-grove-VR/Content/Abbot732/Mesh/2/SM_GlassWaterBoil_03.uasset" 3799
"../../../Engine/Content/Functions/Engine_MaterialFunctions01/Cubemaps/InteriorCubemap.uasset" 3800
"E:/Repository/732-abbot-grove-VR/Content/Abbot732/Mesh/Main/UpperLight/SM_PointLightUP_006.uasset" 3801
"E:/Repository/732-abbot-grove-VR/Content/Abbot732/Mesh/2/SM_Napkin.uasset" 3802
"/Game/Abbot732/Mesh/Main/NewFolder/SM_ThumbFix_068" 3803
"/Game/Abbot732/Mesh/Main/NewFolder/SM_ThumbFix_067" 3804
"/Game/Abbot732/Mesh/Main/NewFolder/SM_ThumbFix_066" 3805
"/Game/Abbot732/Mesh/Main/NewFolder/SM_ThumbFix_065" 3806
"/Game/Abbot732/Mesh/Main/NewFolder/SM_ThumbFix_064" 3807
"/Game/Abbot732/Mesh/Main/NewFolder/SM_ThumbFix_063" 3808
"/Game/Abbot732/Mesh/Main/NewFolder/SM_ThumbFix_062" 3809
"/Game/Abbot732/Mesh/Main/NewFolder/SM_ThumbFix_061" 3810
"/Game/Abbot732/Blueprints/1/CRT_Mirror3" 3811
"/Game/Abbot732/Blueprints/1/CRT_Mirror" 3812
"/Game/Abbot732/Blueprints/1/CRT_Mirror2" 3813
"/Game/Abbot732/Maps/_GENERATED/ahbvs/Box_0FBE43F6" 3814
"/Game/Abbot732/Maps/_GENERATED/ahbvs/Rectangle_9DAFC66F" 3815
"E:/Repository/732-abbot-grove-VR/Content/Abbot732/Mesh/2/SM_RoomDecor_02.uasset" 3816
"E:/Repository/732-abbot-grove-VR/Content/Abbot732/Mesh/2/SM_RoomDecor_04.uasset" 3817
"E:/Repository/732-abbot-grove-VR/Content/Abbot732/Mesh/2/Material__-2147483637__1.uasset" 3818
"E:/Repository/732-abbot-grove-VR/Content/Abbot732/Mesh/2/SM_RoomDecor_03.uasset" 3819
"E:/Repository/732-abbot-grove-VR/Content/Abbot732/Mesh/2/SM_RoomDecor_05.uasset" 3820
"E:/Repository/732-abbot-grove-VR/Content/Abbot732/Mesh/2/SM_PepperMill_01.uasset" 3821
"E:/Repository/732-abbot-grove-VR/Content/Abbot732/Mesh/2/SM_RoomDecor_01.uasset" 3822
"E:/Repository/732-abbot-grove-VR/Content/Abbot732/Mesh/2/SM_RoomDecor_06.uasset" 3823
"E:/Repository/732-abbot-grove-VR/Content/Abbot732/Mesh/2/SM_PepperMill_02.uasset" 3824
"E:/Repository/732-abbot-grove-VR/Content/Abbot732/Mesh/Doors/SM_InnerDoor_01.uasset" 3825
"E:/Repository/732-abbot-grove-VR/Content/Abbot732/Mesh/Main/1/SM_SecondWC_013333.uasset" 3826
"E:/Repository/732-abbot-grove-VR/Content/Abbot732/Mesh/2/Material__2147483646.uasset" 3827
"E:/Repository/732-abbot-grove-VR/Content/Abbot732/Mesh/Main/1/SM_SecondWC_0233.uasset" 3828
"/Game/Abbot732/Mesh/Main/NewFolder/SM_ThumbFix_069" 3829
"/Game/Abbot732/Mesh/Main/1/SM_SecondWC_0233" 3830
"/Game/Abbot732/Mesh/Main/1/SM_SecondWC_013333" 3831
"/Game/Abbot732/Mesh/Doors/SM_InnerDoor_01" 3832
"/Game/Abbot732/Mesh/2/SM_RoomDecor_06" 3833
"/Game/Abbot732/Mesh/2/SM_RoomDecor_05" 3834
"/Game/Abbot732/Mesh/2/SM_RoomDecor_04" 3835
"/Game/Abbot732/Mesh/2/SM_RoomDecor_03" 3836
"../../Plugins/Interchange/Assets/Content/Functions/MF_PhongToMetalRoughness.uasset" 3837
"/Game/Abbot732/Mesh/Main/UpperLight/SM_PointLightUP_006" 3838
"/Game/FancyApp/Blueprints/BP_GameInstance" 3839
"../../../Engine/Content/EditorBlueprintResources/StandardMacros.uasset" 3840
"/Game/VRTemplate/Blueprints/VRGameMode" 3841
"../../../../../Repository/732-abbot-grove-VR/Content/VRTemplate/Blueprints/VRPawn.uasset" 3842
"../../../../../Repository/732-abbot-grove-VR/Content/Characters/MannequinsXR/Meshes/ABP_MannequinsXR.uasset" 3843
"../../../../../Repository/732-abbot-grove-VR/Content/Characters/MannequinsXR/B_MannequinsXR.uasset" 3844
"../../../../../Repository/732-abbot-grove-VR/Content/VRTemplate/Blueprints/B_AssetGuideline.uasset" 3845
"../../../../../Repository/732-abbot-grove-VR/Content/VRTemplate/Blueprints/BPI_PawnAnim.uasset" 3846
"../../../../../Repository/732-abbot-grove-VR/Content/VRTemplate/Blueprints/GrabComponent.uasset" 3847
"../../../../../Repository/732-abbot-grove-VR/Content/VRTemplate/Blueprints/Menu.uasset" 3848
"../../../../../Repository/732-abbot-grove-VR/Content/VRTemplate/Blueprints/VRTeleportVisualizer.uasset" 3849
"../../../../../Repository/732-abbot-grove-VR/Content/VRTemplate/Input/Actions/Custom/IA_Locomotion_X.uasset" 3850
"../../../../../Repository/732-abbot-grove-VR/Content/VRTemplate/Input/Actions/Custom/IA_Locomotion_Y.uasset" 3851
"../../../../../Repository/732-abbot-grove-VR/Content/VRTemplate/Input/Actions/Custom/IA_SmoothTurn.uasset" 3852
"../../../../../Repository/732-abbot-grove-VR/Content/VRTemplate/Input/Actions/Hands/IA_Hand_Grasp_Left.uasset" 3853
"../../../../../Repository/732-abbot-grove-VR/Content/VRTemplate/Input/Actions/Hands/IA_Hand_Grasp_Right.uasset" 3854
"../../../../../Repository/732-abbot-grove-VR/Content/VRTemplate/Input/Actions/Hands/IA_Hand_IndexCurl_Left.uasset" 3855
"../../../../../Repository/732-abbot-grove-VR/Content/VRTemplate/Input/Actions/Hands/IA_Hand_IndexCurl_Right.uasset" 3856
"../../../../../Repository/732-abbot-grove-VR/Content/VRTemplate/Input/Actions/Hands/IA_Hand_Point_Left.uasset" 3857
"../../../../../Repository/732-abbot-grove-VR/Content/VRTemplate/Input/Actions/Hands/IA_Hand_Point_Right.uasset" 3858
"../../../../../Repository/732-abbot-grove-VR/Content/VRTemplate/Input/Actions/Hands/IA_Hand_ThumbUp_Left.uasset" 3859
"../../../../../Repository/732-abbot-grove-VR/Content/VRTemplate/Input/Actions/Hands/IA_Hand_ThumbUp_Right.uasset" 3860
"../../../../../Repository/732-abbot-grove-VR/Content/VRTemplate/Input/Actions/IA_Grab_Left_Pressed.uasset" 3861
"../../../../../Repository/732-abbot-grove-VR/Content/VRTemplate/Input/Actions/IA_Grab_Left_Released.uasset" 3862
"../../../../../Repository/732-abbot-grove-VR/Content/VRTemplate/Input/Actions/IA_Grab_Right_Pressed.uasset" 3863
"../../../../../Repository/732-abbot-grove-VR/Content/VRTemplate/Input/Actions/IA_Grab_Right_Released.uasset" 3864
"../../../../../Repository/732-abbot-grove-VR/Content/VRTemplate/Input/Actions/IA_Menu_Toggle_Left.uasset" 3865
"../../../../../Repository/732-abbot-grove-VR/Content/VRTemplate/Input/Actions/IA_Menu_Toggle_Right.uasset" 3866
"../../../../../Repository/732-abbot-grove-VR/Content/VRTemplate/Input/Actions/IA_Move.uasset" 3867
"../../../../../Repository/732-abbot-grove-VR/Content/VRTemplate/Input/Actions/IA_Shoot_Left.uasset" 3868
"../../../../../Repository/732-abbot-grove-VR/Content/VRTemplate/Input/Actions/IA_Shoot_Right.uasset" 3869
"../../../../../Repository/732-abbot-grove-VR/Content/VRTemplate/Input/Actions/IA_Turn.uasset" 3870
"../../../../../Repository/732-abbot-grove-VR/Content/VRTemplate/Input/IMC_Default.uasset" 3871
"../../../../../Repository/732-abbot-grove-VR/Content/VRTemplate/Input/IMC_Hands.uasset" 3872
"../../../../../Repository/732-abbot-grove-VR/Content/FancyApp/Menu/NS_DynamicLaserPointer.uasset" 3873
"../../../../../Repository/732-abbot-grove-VR/Content/FancyApp/Menu/NS_DynamicLaserPointer1.uasset" 3874
"../../../../../Repository/732-abbot-grove-VR/Content/VRTemplate/VFX/NS_TeleportTrace.uasset" 3875
"../../../Engine/Content/VREditor/Devices/Generic/GenericHMD.uasset" 3876
"../../../../../Repository/732-abbot-grove-VR/Content/Characters/MannequinsXR/Meshes/SKM_MannyXR_right.uasset" 3877
"../../../../../Repository/732-abbot-grove-VR/Content/FancyApp/Blueprints/WBP_Starting.uasset" 3878
"../../../../../Repository/732-abbot-grove-VR/Content/Characters/MannequinsXR/Animations/A_MannequinsXR_Grasp_Right.uasset" 3879
"../../../../../Repository/732-abbot-grove-VR/Content/Characters/MannequinsXR/Animations/A_MannequinsXR_Idle_Right.uasset" 3880
"../../../../../Repository/732-abbot-grove-VR/Content/Characters/MannequinsXR/Animations/A_MannequinsXR_IndexCurl_Right.uasset" 3881
"../../../../../Repository/732-abbot-grove-VR/Content/Characters/MannequinsXR/Animations/A_MannequinsXR_Point_Right.uasset" 3882
"../../../../../Repository/732-abbot-grove-VR/Content/Characters/MannequinsXR/Animations/A_MannequinsXR_ThumbUp_Right.uasset" 3883
"../../../../../Repository/732-abbot-grove-VR/Content/Characters/MannequinsXR/Animations/MDT_MannequinsXR.uasset" 3884
"../../../../../Repository/732-abbot-grove-VR/Content/Characters/MannequinsXR/Meshes/SK_MannequinsXR.uasset" 3885
"../../../../../Repository/732-abbot-grove-VR/Content/Characters/MannequinsXR/Meshes/SKM_MannyXR_left.uasset" 3886
"../../../../../Repository/732-abbot-grove-VR/Content/VRTemplate/Haptics/GrabHapticEffect.uasset" 3887
"../../../../../Repository/732-abbot-grove-VR/Content/VRTemplate/Blueprints/GrabType.uasset" 3888
"../../../../../Repository/732-abbot-grove-VR/Content/VRTemplate/Input/Actions/IA_Menu_Cursor_Left.uasset" 3889
"../../../../../Repository/732-abbot-grove-VR/Content/VRTemplate/Input/Actions/IA_Menu_Cursor_Right.uasset" 3890
"../../../../../Repository/732-abbot-grove-VR/Content/VRTemplate/Input/Actions/IA_Menu_Interact_Left_Pressed.uasset" 3891
"../../../../../Repository/732-abbot-grove-VR/Content/VRTemplate/Input/Actions/IA_Menu_Interact_Right_Pressed.uasset" 3892
"../../../../../Repository/732-abbot-grove-VR/Content/VRTemplate/Input/IMC_Menu.uasset" 3893
"../../../../../Repository/732-abbot-grove-VR/Content/VRTemplate/Materials/M_VRCursor.uasset" 3894
"../../../../../Repository/732-abbot-grove-VR/Content/VRTemplate/VFX/NS_MenuLaser.uasset" 3895
"../../../../../Repository/732-abbot-grove-VR/Content/FancyApp/Menu/DebugPanel/WBP_Debug.uasset" 3896
"../../../../../Repository/732-abbot-grove-VR/Content/VRTemplate/VFX/NS_PlayAreaBounds.uasset" 3897
"../../../../../Repository/732-abbot-grove-VR/Content/VRTemplate/VFX/NS_TeleportRing.uasset" 3898
"../../../../../Repository/732-abbot-grove-VR/Content/VRTemplate/Input/B_InputModifier_XAxisPositiveOnly.uasset" 3899
"../../Plugins/FX/Niagara/Content/DefaultAssets/DefaultRIbbonMaterial.uasset" 3900
"../../Plugins/FX/Niagara/Content/DynamicInputs/Multiply/Multiply_VectorByFloat.uasset" 3901
"../../Plugins/FX/Niagara/Content/DynamicInputs/ValueFromCurve/FloatFromCurve.uasset" 3902
"../../Plugins/FX/Niagara/Content/Modules/Beams/BeamEmitterSetup.uasset" 3903
"../../Plugins/FX/Niagara/Content/Modules/Beams/BeamWidth.uasset" 3904
"../../Plugins/FX/Niagara/Content/Modules/Beams/SpawnBeam.uasset" 3905
"../../Plugins/FX/Niagara/Content/Modules/Beams/UpdateBeam.uasset" 3906
"../../Plugins/FX/Niagara/Content/Modules/Emitter/EmitterState.uasset" 3907
"../../Plugins/FX/Niagara/Content/Modules/Emitter/SpawnBurst_Instantaneous.uasset" 3908
"../../Plugins/FX/Niagara/Content/Modules/Solvers/SolveForcesAndVelocity.uasset" 3909
"../../Plugins/FX/Niagara/Content/Modules/Spawn/Initialization/V2/InitializeParticle.uasset" 3910
"../../Plugins/FX/Niagara/Content/Modules/System/SystemState.uasset" 3911
"../../Plugins/FX/Niagara/Content/Modules/Update/Color/Color.uasset" 3912
"../../Plugins/FX/Niagara/Content/Modules/Update/Lifetime/ParticleState.uasset" 3913
"../../Plugins/FX/Niagara/Content/Enums/ENiagara_ColorInitializationMode.uasset" 3914
"../../Plugins/FX/Niagara/Content/Enums/ENiagara_EmitterStateOptions.uasset" 3915
"../../Plugins/FX/Niagara/Content/Enums/ENiagara_InfiniteLoopDuration.uasset" 3916
"../../Plugins/FX/Niagara/Content/Enums/ENiagara_LifetimeMode.uasset" 3917
"../../Plugins/FX/Niagara/Content/Enums/ENiagara_MassInitializationMode.uasset" 3918
"../../Plugins/FX/Niagara/Content/Enums/ENiagara_PositionInitializationMode.uasset" 3919
"../../Plugins/FX/Niagara/Content/Enums/ENiagara_SizeScaleMode.uasset" 3920
"../../Plugins/FX/Niagara/Content/Enums/ENiagara_SpriteRotationMode.uasset" 3921
"../../Plugins/FX/Niagara/Content/Enums/ENiagara_UVFlippingMode.uasset" 3922
"../../Plugins/FX/Niagara/Content/Enums/ENiagaraChannelCorrelation.uasset" 3923
"../../Plugins/FX/Niagara/Content/Enums/ENiagaraEmitterLifeCycleMode.uasset" 3924
"../../Plugins/FX/Niagara/Content/Enums/ENiagaraEmitterScalabilityMode_Limited.uasset" 3925
"../../Plugins/FX/Niagara/Content/Enums/ENiagaraInactiveMode.uasset" 3926
"../../Plugins/FX/Niagara/Content/Enums/ENiagaraRandomnessMode.uasset" 3927
"../../Plugins/FX/Niagara/Content/Enums/ENiagaraSystemInactiveMode.uasset" 3928
"../../Plugins/FX/Niagara/Content/Enums/Ribbons/ENiagara_UnsetDirectSet.uasset" 3929
"../../Plugins/FX/Niagara/Content/Enums/Ribbons/ENiagara_UnsetDirectSetRandom.uasset" 3930
"../../../../../Repository/732-abbot-grove-VR/Content/VRTemplate/Materials/DefaultRibbonMaterial_NoGradient.uasset" 3931
"../../Plugins/FX/Niagara/Content/DynamicInputs/Helpers/SimulationPosition.uasset" 3932
"../../Plugins/FX/Niagara/Content/DynamicInputs/ValueFromCurve/ColorFromCurve.uasset" 3933
"../../Plugins/FX/Niagara/Content/Functions/Localspace/SimulationPosition.uasset" 3934
"../../Plugins/FX/Niagara/Content/Modules/Spawn/Initialization/InitializeParticle.uasset" 3935
"../../../Engine/Content/VREditor/Devices/Generic/GenericHMDMaterial.uasset" 3936
"../../../../../Repository/732-abbot-grove-VR/Content/Characters/MannequinsXR/Materials/Instances/Manny/MI_Manny_02.uasset" 3937
"../../../../../Repository/732-abbot-grove-VR/Content/Characters/MannequinsXR/Meshes/SkeletalMeshLODSettings_MannequinsXR.uasset" 3938
"../../../Engine/Content/EngineFonts/RobotoTiny.uasset" 3939
"../../../Engine/Content/Animation/DefaultAnimCurveCompressionSettings.uasset" 3940
"../../../../../Repository/732-abbot-grove-VR/Content/VRTemplate/Input/Actions/IA_Menu_Interact_Left.uasset" 3941
"../../../../../Repository/732-abbot-grove-VR/Content/VRTemplate/Input/Actions/IA_Menu_Interact_Right.uasset" 3942
"../../../../../Repository/732-abbot-grove-VR/Content/VRTemplate/Materials/M_TeleportNoise.uasset" 3943
"../../Plugins/FX/Niagara/Content/DynamicInputs/Arrays/SelectVectorFromArray.uasset" 3944
"../../Plugins/FX/Niagara/Content/DynamicInputs/Execution/ReturnExecIndex.uasset" 3945
"../../Plugins/FX/Niagara/Content/DynamicInputs/Execution/ReturnNormalizedExecIndex.uasset" 3946
"../../Plugins/FX/Niagara/Content/DynamicInputs/Multiply/Multiply_Vector.uasset" 3947
"../../Plugins/FX/Niagara/Content/Modules/Spawn/Initialization/InitializeRibbon.uasset" 3948
"../../Plugins/FX/Niagara/Content/Enums/ENiagara_WrapClamp.uasset" 3949
"../../Plugins/FX/Niagara/Content/Enums/ENiagaraArraySamplingMode.uasset" 3950
"../../Plugins/FX/Niagara/Content/Enums/ENiagaraRandomnessEvaluation.uasset" 3951
"../../../../../Repository/732-abbot-grove-VR/Content/VRTemplate/Materials/M_TeleportCylinder.uasset" 3952
"../../Plugins/FX/Niagara/Content/Modules/Spawn/Location/TorusLocation.uasset" 3953
"../../Plugins/FX/Niagara/Content/Enums/ENiagaraTorusDistributionMode.uasset" 3954
"../../Plugins/FX/Niagara/Content/Enums/ENiagaraTorusMode.uasset" 3955
"../../Plugins/FX/Niagara/Content/Functions/DirectionAndLengthSafe.uasset" 3956
"../../Plugins/FX/Niagara/Content/Functions/Localspace/TransformPosition.uasset" 3957
"../../Plugins/FX/Niagara/Content/Functions/Localspace/TransformVector.uasset" 3958
"../../Plugins/FX/Niagara/Content/Functions/NormalizedExecutionIndex.uasset" 3959
"../../Plugins/FX/Niagara/Content/Functions/Spline/FindPositionOnBezierSpline.uasset" 3960
"../../Plugins/FX/Niagara/Content/Functions/Emitter/EmitterChangeState.uasset" 3961
"../../Plugins/FX/Niagara/Content/Icons/Modules/T_Icon_Scalability_Emitter.uasset" 3962
"../../Plugins/FX/Niagara/Content/Icons/Modules/T_Icon_Scalability_System.uasset" 3963
"../../Plugins/FX/Niagara/Content/Functions/V2/CalculateRandomRangeFloat.uasset" 3964
"../../Plugins/FX/Niagara/Content/Functions/Drag/DragVelocity.uasset" 3965
"../../Plugins/FX/Niagara/Content/Functions/Math/CentimeterMeterConversion.uasset" 3966
"../../Plugins/FX/Niagara/Content/Functions/Rotation/MultiplyVectorWithQuaternion.uasset" 3967
"../../Plugins/FX/Niagara/Content/Modules/Solvers/ApplyRotationVector.uasset" 3968
"../../Plugins/FX/Niagara/Content/Icons/Modules/T_Icon_Solver_LimitAccel.uasset" 3969
"../../Plugins/FX/Niagara/Content/Icons/Modules/T_Icon_Solver_LimitSpeed.uasset" 3970
"../../Plugins/FX/Niagara/Content/Icons/Modules/T_Icon_Solver_RotationalSolve.uasset" 3971
"../../Plugins/FX/Niagara/Content/Functions/LinearColor/HueShiftLinearColor.uasset" 3972
"../../Plugins/FX/Niagara/Content/Functions/V2/CalculateRandomBool.uasset" 3973
"../../Plugins/FX/Niagara/Content/Functions/V2/CalculateRandomRange.uasset" 3974
"../../Plugins/FX/Niagara/Content/Functions/V2/CalculateRandomRangeInteger.uasset" 3975
"../../Plugins/FX/Niagara/Content/Functions/System/SystemChangeState.uasset" 3976
"../../Plugins/FX/Niagara/Content/Functions/Math/SaturateFloat.uasset" 3977
"../../Plugins/FX/Niagara/Content/Icons/Modules/T_Icon_Particle_InfiniteLife.uasset" 3978
"../../Plugins/FX/Niagara/Content/Functions/RandomRangeFloat.uasset" 3979
"../../../../../Repository/732-abbot-grove-VR/Content/Characters/MannequinsXR/Materials/Instances/Manny/MI_Manny_01.uasset" 3980
"../../../../../Repository/732-abbot-grove-VR/Content/Characters/MannequinsXR/Textures/Manny/T_Manny_02_ASAOPMASK_MSK.uasset" 3981
"../../../../../Repository/732-abbot-grove-VR/Content/Characters/MannequinsXR/Textures/Manny/T_Manny_02_BN.uasset" 3982
"../../../../../Repository/732-abbot-grove-VR/Content/Characters/MannequinsXR/Textures/Manny/T_Manny_02_CCRCCPlastic_MSK.uasset" 3983
"../../../../../Repository/732-abbot-grove-VR/Content/Characters/MannequinsXR/Textures/Manny/T_Manny_02_D.uasset" 3984
"../../../../../Repository/732-abbot-grove-VR/Content/Characters/MannequinsXR/Textures/Manny/T_Manny_02_MSR_MSK.uasset" 3985
"../../../../../Repository/732-abbot-grove-VR/Content/Characters/MannequinsXR/Textures/Manny/T_Manny_02_N.uasset" 3986
"../../../../../Repository/732-abbot-grove-VR/Content/Characters/MannequinsXR/Textures/Manny/T_Manny_02_Tan.uasset" 3987
"../../../Engine/Content/EngineFonts/Faces/RobotoTiny.uasset" 3988
"../../../Engine/Content/Functions/Engine_MaterialFunctions02/Utility/DepthFromWorldPosition.uasset" 3989
"../../../../../Repository/732-abbot-grove-VR/Content/VRTemplate/Materials/Functions/MF_OccludedPixels.uasset" 3990
"../../Plugins/FX/Niagara/Content/Functions/Localspace/PositionToVector.uasset" 3991
"../../Plugins/FX/Niagara/Content/Functions/ParametricTorus.uasset" 3992
"../../Plugins/FX/Niagara/Content/Functions/ParametricTorusKnot.uasset" 3993
"../../Plugins/FX/Niagara/Content/Functions/PolarToCartesianCoordinates.uasset" 3994
"../../Plugins/FX/Niagara/Content/Functions/RandomRange.uasset" 3995
"../../Plugins/FX/Niagara/Content/Functions/Rotation/AxisAngleToQuaternion.uasset" 3996
"../../Plugins/FX/Niagara/Content/Functions/Rotation/FindQuatBetween.uasset" 3997
"../../Plugins/FX/Niagara/Content/Functions/Rotation/MultiplyQuaternion.uasset" 3998
"../../Plugins/FX/Niagara/Content/Functions/Localspace/TransformBase.uasset" 3999
"../../Plugins/FX/Niagara/Content/Functions/GetRandomInfo.uasset" 4000
"../../../../../Repository/732-abbot-grove-VR/Content/Characters/MannequinsXR/Materials/M_Mannequin.uasset" 4001
"../../../../../Repository/732-abbot-grove-VR/Content/Characters/MannequinsXR/Textures/Manny/T_Manny_01_ASAOPMASK_MSK.uasset" 4002
"../../../../../Repository/732-abbot-grove-VR/Content/Characters/MannequinsXR/Textures/Manny/T_Manny_01_BN.uasset" 4003
"../../../../../Repository/732-abbot-grove-VR/Content/Characters/MannequinsXR/Textures/Manny/T_Manny_01_CCRCCPlastic_MSK.uasset" 4004
"../../../../../Repository/732-abbot-grove-VR/Content/Characters/MannequinsXR/Textures/Manny/T_Manny_01_D.uasset" 4005
"../../../../../Repository/732-abbot-grove-VR/Content/Characters/MannequinsXR/Textures/Manny/T_Manny_01_MSR_MSK.uasset" 4006
"../../../../../Repository/732-abbot-grove-VR/Content/Characters/MannequinsXR/Textures/Manny/T_Manny_01_N.uasset" 4007
"../../../../../Repository/732-abbot-grove-VR/Content/Characters/MannequinsXR/Textures/Manny/T_Manny_01_Tan.uasset" 4008
"../../Plugins/FX/Niagara/Content/Functions/ChannelMasks/SelectV4Channel.uasset" 4009
"../../Plugins/FX/Niagara/Content/Enums/ENiagaraVector4_Channels.uasset" 4010
"../../../../../Repository/732-abbot-grove-VR/Content/Characters/MannequinsXR/Materials/Functions/MF_Diffraction.uasset" 4011
"../../../../../Repository/732-abbot-grove-VR/Content/Characters/MannequinsXR/Materials/Functions/MF_logo3layers.uasset" 4012
"../../../../../Repository/732-abbot-grove-VR/Content/Characters/MannequinsXR/Materials/Functions/ML_BaseColorFallOff.uasset" 4013
"../../../../../Repository/732-abbot-grove-VR/Content/Characters/MannequinsXR/Materials/Functions/ChromaticCurve.uasset" 4014
"../../../../../Repository/732-abbot-grove-VR/Content/Characters/MannequinsXR/Materials/Functions/CA_Mannequin.uasset" 4015
"../../../../../Repository/732-abbot-grove-VR/Content/Characters/MannequinsXR/Textures/Shared/T_UE_Logo_M.uasset" 4016
"/Game/Abbot732/Mesh/2/SM_RoomDecor_02" 4017
"/Game/Abbot732/Mesh/2/SM_RoomDecor_01" 4018
"/Game/Abbot732/Blueprints/1/CRT_Mirror_Tex3" 4019
"/Game/Abbot732/Blueprints/1/CRT_Mirror_Tex" 4020
"/Engine/Functions/Engine_MaterialFunctions01/Cubemaps/InteriorCubemap" 4021
"/Game/Abbot732/Blueprints/1/CRT_Mirror_Tex_Mat1" 4022
"/Game/Abbot732/Blueprints/1/CRT_Mirror_Tex_Mat1_Inst" 4023
"/Game/Abbot732/Mesh/2/SM_PepperMill_02" 4024
"/Game/Abbot732/Maps/_GENERATED/ahbvs/Box_56072C70" 4025
"/Game/Abbot732/Maps/_GENERATED/ahbvs/Rectangle_01CBE3E9" 4026
"/Game/Abbot732/Mesh/2/SM_PepperMill_01" 4027
"/Game/Abbot732/Mesh/2/SM_Bag_01" 4028
"/Game/Abbot732/Mesh/2/Material__-2147483625" 4029
"/Game/Abbot732/Mesh/2/SM_GlassWaterBoil_01" 4030
"/Game/Abbot732/Mesh/2/SM_GlassWaterBoil_02" 4031
"../../../../../Repository/732-abbot-grove-VR/Content/Abbot732/Mesh/2/SM_GlassWaterBoil_01.uasset" 4032
"/Game/Abbot732/Mesh/2/SM_GlassWaterBoil_03" 4033
"../../../../../Repository/732-abbot-grove-VR/Content/Abbot732/Mesh/2/SM_GlassWaterBoil_02.uasset" 4034
"/Game/Abbot732/Mesh/2/SM_Napkin" 4035
"E:/Repository/732-abbot-grove-VR/Content/Abbot732/Mesh/Main/1/Material__-2147483625.uasset" 4036
"E:/Repository/732-abbot-grove-VR/Content/Abbot732/Mesh/Main/1/SM_SecondWC_04.uasset" 4037
"E:/Repository/732-abbot-grove-VR/Content/Abbot732/Mesh/Main/1/SM_SecondWC_03.uasset" 4038
"E:/Repository/732-abbot-grove-VR/Content/Abbot732/Mesh/Main/1/Material__2147483647.uasset" 4039
"E:/Repository/732-abbot-grove-VR/Content/Abbot732/Mesh/Main/1/Material__2147483646.uasset" 4040
"E:/Repository/732-abbot-grove-VR/Content/Abbot732/Mesh/Main/1/SM_ShoverOutWater_01.uasset" 4041
"E:/Repository/732-abbot-grove-VR/Content/Abbot732/Mesh/Main/Kitchen/SM_KitchenPart_010.uasset" 4042
"E:/Repository/732-abbot-grove-VR/Content/Abbot732/Mesh/Main/Kitchen/SM_KitchenPart_03.uasset" 4043
"E:/Repository/732-abbot-grove-VR/Content/Abbot732/Mesh/Main/Kitchen/SM_KitchenPart_05.uasset" 4044
"E:/Repository/732-abbot-grove-VR/Content/Abbot732/Mesh/Main/Kitchen/SM_KitchenPart_01.uasset" 4045
"E:/Repository/732-abbot-grove-VR/Content/Abbot732/Mesh/Main/1/SM_Wall_036.uasset" 4046
"E:/Repository/732-abbot-grove-VR/Content/Abbot732/Mesh/Main/Kitchen/SM_KitchenPart_02.uasset" 4047
"E:/Repository/732-abbot-grove-VR/Content/Abbot732/Mesh/Main/Kitchen/SM_KitchenPart_04.uasset" 4048
"E:/Repository/732-abbot-grove-VR/Content/Abbot732/Mesh/Main/1/SM_Wall_038.uasset" 4049
"E:/Repository/732-abbot-grove-VR/Content/Abbot732/Mesh/Main/Kitchen/SM_KitchenPart_011.uasset" 4050
"E:/Repository/732-abbot-grove-VR/Content/Abbot732/Mesh/Main/1/SM_Wall_037.uasset" 4051
"E:/Repository/732-abbot-grove-VR/Content/Abbot732/Mesh/Main/1/SM_Wall_039.uasset" 4052
"E:/Repository/732-abbot-grove-VR/Content/Abbot732/Mesh/Main/Kitchen/SM_KitchenPart_06.uasset" 4053
"E:/Repository/732-abbot-grove-VR/Content/Abbot732/Mesh/Main/Kitchen/Material__2147483647.uasset" 4054
"E:/Repository/732-abbot-grove-VR/Content/Abbot732/Mesh/Main/Kitchen/Material__-2147483635.uasset" 4055
"E:/Repository/732-abbot-grove-VR/Content/Abbot732/Mesh/Main/Kitchen/Material__-2147483625.uasset" 4056
"E:/Repository/732-abbot-grove-VR/Content/Abbot732/Mesh/Main/Kitchen/Material__2147483646.uasset" 4057
"E:/Repository/732-abbot-grove-VR/Content/Abbot732/Mesh/Main/Kitchen/SM_KitchenPart_Glass.uasset" 4058
"/Game/Abbot732/Mesh/Main/1/SM_ShoverOutWater_01" 4059
"E:/Repository/732-abbot-grove-VR/Content/Abbot732/Mesh/Main/UpperLight/SM_PointLightUP_003.uasset" 4060
"E:/Repository/732-abbot-grove-VR/Content/Abbot732/Mesh/Main/Kitchen/Material__-2147483626__1.uasset" 4061
"E:/Repository/732-abbot-grove-VR/Content/Abbot732/Mesh/Main/UpperLight/SM_PointLightUP_001.uasset" 4062
"E:/Repository/732-abbot-grove-VR/Content/Abbot732/Mesh/Main/UpperLight/SM_PointLightUP_004.uasset" 4063
"E:/Repository/732-abbot-grove-VR/Content/Abbot732/Mesh/Main/UpperLight/SM_PointLightUP_002.uasset" 4064
"E:/Repository/732-abbot-grove-VR/Content/Abbot732/Mesh/Main/Kitchen/SM_KitchenPart_09.uasset" 4065
"E:/Repository/732-abbot-grove-VR/Content/Abbot732/Mesh/Main/Wind/SM_Glasses_02.uasset" 4066
"E:/Repository/732-abbot-grove-VR/Content/Abbot732/Mesh/Main/Wind/SM_Glasses_01.uasset" 4067
"E:/Repository/732-abbot-grove-VR/Content/Abbot732/Mesh/Main/UpperLight/SM_PointLightUP_005.uasset" 4068
"../../../../../Repository/732-abbot-grove-VR/Content/FancyApp/Materials/Main/MI_Solid_29.uasset" 4069
"../../../../../Repository/732-abbot-grove-VR/Content/FancyApp/Materials/Main/MI_Solid_34.uasset" 4070
"../../../../../Repository/732-abbot-grove-VR/Content/FancyApp/Materials/Main/M_Solid_01.uasset" 4071
"/Game/Abbot732/Mesh/Main/1/SM_SecondWC_04" 4072
"/Game/Abbot732/Mesh/Main/1/SM_SecondWC_03" 4073
"E:/Repository/732-abbot-grove-VR/Content/Abbot732/Mesh/Main/Wind/SM_Glasses_03.uasset" 4074
"E:/Repository/732-abbot-grove-VR/Content/Abbot732/Mesh/Main/Wind/SM_Window_01.uasset" 4075
"E:/Repository/732-abbot-grove-VR/Content/Abbot732/Mesh/Main/Wind/SM_Glasses_06.uasset" 4076
"E:/Repository/732-abbot-grove-VR/Content/Abbot732/Mesh/Main/Wind/Material__2147483647.uasset" 4077
"E:/Repository/732-abbot-grove-VR/Content/Abbot732/Mesh/Main/Wind/SM_Glasses_04.uasset" 4078
"E:/Repository/732-abbot-grove-VR/Content/Abbot732/Mesh/Main/Wind/SM_Glasses_05.uasset" 4079
"/Game/Abbot732/Mesh/Main/UpperLight/SM_PointLightUP_005" 4080
"/Game/Abbot732/Mesh/Main/UpperLight/SM_PointLightUP_004" 4081
"/Game/Abbot732/Mesh/Main/UpperLight/SM_PointLightUP_003" 4082
"/Game/Abbot732/Mesh/Main/UpperLight/SM_PointLightUP_002" 4083
"/Game/Abbot732/Mesh/Main/UpperLight/SM_PointLightUP_001" 4084
"/Game/Abbot732/Mesh/Main/Kitchen/SM_KitchenPart_Glass" 4085
"/Game/Abbot732/Mesh/Main/Kitchen/SM_KitchenPart_09" 4086
"/Game/Abbot732/Mesh/Main/Kitchen/SM_KitchenPart_06" 4087
"/Game/Abbot732/Mesh/Main/Kitchen/SM_KitchenPart_05" 4088
"/Game/Abbot732/Mesh/Main/Kitchen/SM_KitchenPart_04" 4089
"/Game/Abbot732/Mesh/Main/Kitchen/SM_KitchenPart_03" 4090
"/Game/Abbot732/Mesh/Main/Kitchen/SM_KitchenPart_02" 4091
"/Game/Abbot732/Mesh/Main/Kitchen/SM_KitchenPart_011" 4092
"/Game/Abbot732/Mesh/Main/Kitchen/SM_KitchenPart_010" 4093
"/Game/Abbot732/Mesh/Main/Kitchen/SM_KitchenPart_01" 4094
"/Game/Abbot732/Mesh/Main/1/SM_Wall_039" 4095
"/Game/Abbot732/Mesh/Main/1/SM_Wall_038" 4096
"/Game/Abbot732/Mesh/Main/1/SM_Wall_037" 4097
"/Game/Abbot732/Mesh/Main/1/SM_Wall_036" 4098
"E:/Repository/732-abbot-grove-VR/Content/Abbot732/Mesh/Main/Wind/SM_Window_05.uasset" 4099
"E:/Repository/732-abbot-grove-VR/Content/Abbot732/Mesh/Main/Wind/SM_Window_06.uasset" 4100
"E:/Repository/732-abbot-grove-VR/Content/Abbot732/Mesh/Main/Wind/SM_Window_02.uasset" 4101
"E:/Repository/732-abbot-grove-VR/Content/Abbot732/Mesh/Main/SM_Carpet_03.uasset" 4102
"E:/Repository/732-abbot-grove-VR/Content/Abbot732/Mesh/Main/Wind/Material__2147483646.uasset" 4103
"E:/Repository/732-abbot-grove-VR/Content/Abbot732/Mesh/Main/SM_BottomWallsBlack_01.uasset" 4104
"E:/Repository/732-abbot-grove-VR/Content/Abbot732/Mesh/Main/SM_Carpet_02.uasset" 4105
"E:/Repository/732-abbot-grove-VR/Content/Abbot732/Mesh/Main/Wind/SM_Window_03.uasset" 4106
"E:/Repository/732-abbot-grove-VR/Content/Abbot732/Mesh/Main/SM_DoorWays_01.uasset" 4107
"E:/Repository/732-abbot-grove-VR/Content/Abbot732/Mesh/Main/Wind/SM_Window_04.uasset" 4108
"E:/Repository/732-abbot-grove-VR/Content/Abbot732/Mesh/Main/SM_BottomWall_01.uasset" 4109
"E:/Repository/732-abbot-grove-VR/Content/Abbot732/Mesh/Main/SM_DoorWays_010.uasset" 4110
"/Game/Abbot732/Mesh/Main/Wind/SM_Glasses_02" 4111
"E:/Repository/732-abbot-grove-VR/Content/Abbot732/Mesh/Main/SM_DoorWays_012.uasset" 4112
"E:/Repository/732-abbot-grove-VR/Content/Abbot732/Mesh/Main/SM_DoorWays_02.uasset" 4113
"E:/Repository/732-abbot-grove-VR/Content/Abbot732/Mesh/Main/SM_DoorWays_011.uasset" 4114
"E:/Repository/732-abbot-grove-VR/Content/Abbot732/Mesh/Main/SM_DoorWays_03.uasset" 4115
"E:/Repository/732-abbot-grove-VR/Content/Abbot732/Mesh/Main/SM_DoorWays_04.uasset" 4116
"E:/Repository/732-abbot-grove-VR/Content/Abbot732/Mesh/Main/SM_DoorWays_05.uasset" 4117
"E:/Repository/732-abbot-grove-VR/Content/Abbot732/Mesh/Main/SM_DoorWays_06.uasset" 4118
"E:/Repository/732-abbot-grove-VR/Content/Abbot732/Mesh/Main/SM_DoorWays_07.uasset" 4119
"E:/Repository/732-abbot-grove-VR/Content/Abbot732/Mesh/Main/SM_DoorWays_09.uasset" 4120
"E:/Repository/732-abbot-grove-VR/Content/Abbot732/Mesh/Main/SM_Floor_01.uasset" 4121
"E:/Repository/732-abbot-grove-VR/Content/Abbot732/Mesh/Main/SM_DoorWays_08.uasset" 4122
"E:/Repository/732-abbot-grove-VR/Content/Abbot732/Mesh/Main/SM_Floor_02.uasset" 4123
"/Game/Abbot732/Mesh/Main/Wind/SM_Glasses_01" 4124
"/Game/Abbot732/Mesh/Main/Wind/SM_Glasses_06" 4125
"/Game/Abbot732/Mesh/Main/Wind/SM_Glasses_05" 4126
"/Game/Abbot732/Mesh/Main/Wind/SM_Glasses_04" 4127
"/Game/Abbot732/Mesh/Main/Wind/SM_Glasses_03" 4128
"E:/Repository/732-abbot-grove-VR/Content/Abbot732/Mesh/Main/SM_Floor_08.uasset" 4129
"E:/Repository/732-abbot-grove-VR/Content/Abbot732/Mesh/Main/SM_Floor_07.uasset" 4130
"E:/Repository/732-abbot-grove-VR/Content/Abbot732/Mesh/Main/SM_Floor_09.uasset" 4131
"E:/Repository/732-abbot-grove-VR/Content/Abbot732/Mesh/Main/SM_Floor_05.uasset" 4132
"E:/Repository/732-abbot-grove-VR/Content/Abbot732/Mesh/Main/SM_Floor_06.uasset" 4133
"E:/Repository/732-abbot-grove-VR/Content/Abbot732/Mesh/Main/SM_Floor_04.uasset" 4134
"E:/Repository/732-abbot-grove-VR/Content/Abbot732/Mesh/Main/SM_Floor_03.uasset" 4135
"/Game/Abbot732/Mesh/Main/SM_Floor_02" 4136
"/Game/Abbot732/Mesh/Main/SM_Floor_01" 4137
"/Game/Abbot732/Mesh/Main/SM_DoorWays_09" 4138
"/Game/Abbot732/Mesh/Main/SM_DoorWays_08" 4139
"/Game/Abbot732/Mesh/Main/SM_DoorWays_07" 4140
"/Game/Abbot732/Mesh/Main/SM_DoorWays_06" 4141
"/Game/Abbot732/Mesh/Main/SM_DoorWays_05" 4142
"/Game/Abbot732/Mesh/Main/SM_DoorWays_04" 4143
"/Game/Abbot732/Mesh/Main/SM_DoorWays_03" 4144
"/Game/Abbot732/Mesh/Main/SM_DoorWays_02" 4145
"/Game/Abbot732/Mesh/Main/SM_DoorWays_012" 4146
"/Game/Abbot732/Mesh/Main/SM_DoorWays_011" 4147
"/Game/Abbot732/Mesh/Main/SM_DoorWays_010" 4148
"/Game/Abbot732/Mesh/Main/SM_DoorWays_01" 4149
"/Game/Abbot732/Mesh/Main/SM_Carpet_03" 4150
"../../../../../Repository/732-abbot-grove-VR/Content/Abbot732/Mesh/Main/Material__2147483646.uasset" 4151
"../../../../../Repository/732-abbot-grove-VR/Content/Abbot732/Mesh/Main/Material__2147483647.uasset" 4152
"/Game/Abbot732/Mesh/Main/SM_Carpet_02" 4153
"/Game/Abbot732/Mesh/Main/SM_BottomWall_01" 4154
"/Game/Abbot732/Mesh/Main/SM_BottomWallsBlack_01" 4155
"/Game/Abbot732/Mesh/Main/Wind/SM_Window_06" 4156
"/Game/Abbot732/Mesh/Main/Wind/SM_Window_05" 4157
"/Game/Abbot732/Mesh/Main/Wind/SM_Window_04" 4158
"/Game/Abbot732/Mesh/Main/Wind/SM_Window_03" 4159
"/Game/Abbot732/Mesh/Main/Wind/SM_Window_02" 4160
"/Game/Abbot732/Mesh/Main/Wind/SM_Window_01" 4161
"E:/Repository/732-abbot-grove-VR/Content/Abbot732/Mesh/Main/SM_OuterWall_05.uasset" 4162
"E:/Repository/732-abbot-grove-VR/Content/Abbot732/Mesh/Main/SM_KitchenHandler.uasset" 4163
"E:/Repository/732-abbot-grove-VR/Content/Abbot732/Mesh/Main/SM_LightCatcher_01.uasset" 4164
"E:/Repository/732-abbot-grove-VR/Content/Abbot732/Mesh/Main/SM_OuterWall_02.uasset" 4165
"E:/Repository/732-abbot-grove-VR/Content/Abbot732/Mesh/Main/SM_PalmSmall_01.uasset" 4166
"E:/Repository/732-abbot-grove-VR/Content/Abbot732/Mesh/Main/SM_OuterWall_04.uasset" 4167
"E:/Repository/732-abbot-grove-VR/Content/Abbot732/Mesh/Main/SM_OuterWall_03.uasset" 4168
"E:/Repository/732-abbot-grove-VR/Content/Abbot732/Mesh/Main/SM_OuterWall_01.uasset" 4169
"E:/Repository/732-abbot-grove-VR/Content/Abbot732/Mesh/Main/SM_PlushBottomWall_01.uasset" 4170
"E:/Repository/732-abbot-grove-VR/Content/Abbot732/Mesh/Main/SM_OuterWall_06.uasset" 4171
"E:/Repository/732-abbot-grove-VR/Content/Abbot732/Mesh/Main/SM_Roof_02.uasset" 4172
"E:/Repository/732-abbot-grove-VR/Content/Abbot732/Mesh/Main/SM_Roof_01.uasset" 4173
"E:/Repository/732-abbot-grove-VR/Content/Abbot732/Mesh/Main/SM_PlushBottomWall_02.uasset" 4174
"/Game/Abbot732/Mesh/Main/SM_Floor_09" 4175
"E:/Repository/732-abbot-grove-VR/Content/Abbot732/Mesh/Main/SM_Roof_04.uasset" 4176
"E:/Repository/732-abbot-grove-VR/Content/Abbot732/Mesh/Main/SM_Roof_06.uasset" 4177
"E:/Repository/732-abbot-grove-VR/Content/Abbot732/Mesh/Main/SM_Roof_05.uasset" 4178
"E:/Repository/732-abbot-grove-VR/Content/Abbot732/Mesh/Main/SM_Roof_07.uasset" 4179
"E:/Repository/732-abbot-grove-VR/Content/Abbot732/Mesh/Main/SM_Roof_03.uasset" 4180
"E:/Repository/732-abbot-grove-VR/Content/Abbot732/Mesh/Main/SM_Roof_08.uasset" 4181
"E:/Repository/732-abbot-grove-VR/Content/Abbot732/Mesh/Main/SM_SmallRoomThumb_01.uasset" 4182
"E:/Repository/732-abbot-grove-VR/Content/Abbot732/Mesh/Main/SM_SmallRoomThumb_02.uasset" 4183
"E:/Repository/732-abbot-grove-VR/Content/Abbot732/Mesh/Main/SM_StreetPart_01.uasset" 4184
"E:/Repository/732-abbot-grove-VR/Content/Abbot732/Mesh/Main/SM_StreetPart_02.uasset" 4185
"E:/Repository/732-abbot-grove-VR/Content/Abbot732/Mesh/Main/SM_StreetPart_04.uasset" 4186
"E:/Repository/732-abbot-grove-VR/Content/Abbot732/Mesh/Main/SM_StreetPart_Pillars_01.uasset" 4187
"/Game/Abbot732/Mesh/Main/SM_Floor_08" 4188
"/Game/Abbot732/Mesh/Main/SM_Floor_07" 4189
"/Game/Abbot732/Mesh/Main/SM_Floor_06" 4190
"/Game/Abbot732/Mesh/Main/SM_Floor_05" 4191
"/Game/Abbot732/Mesh/Main/SM_Floor_04" 4192
"/Game/Abbot732/Mesh/Main/SM_Floor_03" 4193
"E:/Repository/732-abbot-grove-VR/Content/Abbot732/Mesh/Main/SM_TerraceFloor_03.uasset" 4194
"E:/Repository/732-abbot-grove-VR/Content/Abbot732/Mesh/Main/SM_TerraceFloor_02.uasset" 4195
"E:/Repository/732-abbot-grove-VR/Content/Abbot732/Mesh/Main/SM_TerraceFloor_01.uasset" 4196
"E:/Repository/732-abbot-grove-VR/Content/Abbot732/Mesh/Main/SM_StreetPart_Pillars_02.uasset" 4197
"/Game/Abbot732/Mesh/Main/SM_StreetPart_Pillars_01" 4198
"E:/Repository/732-abbot-grove-VR/Content/Abbot732/Mesh/Main/SM_TerraceWall_01.uasset" 4199
"E:/Repository/732-abbot-grove-VR/Content/Abbot732/Mesh/Main/SM_TerraceFloor_04.uasset" 4200
"E:/Repository/732-abbot-grove-VR/Content/Abbot732/Mesh/Main/SM_StreetPart_Pillars_03.uasset" 4201
"/Game/Abbot732/Mesh/Main/SM_StreetPart_04" 4202
"/Game/Abbot732/Mesh/Main/SM_StreetPart_02" 4203
"/Game/Abbot732/Mesh/Main/SM_StreetPart_01" 4204
"/Game/Abbot732/Mesh/Main/SM_SmallRoomThumb_02" 4205
"/Game/Abbot732/Mesh/Main/SM_SmallRoomThumb_01" 4206
"/Game/Abbot732/Mesh/Main/SM_Roof_08" 4207
"/Game/Abbot732/Mesh/Main/SM_Roof_07" 4208
"/Game/Abbot732/Mesh/Main/SM_Roof_06" 4209
"/Game/Abbot732/Mesh/Main/SM_Roof_05" 4210
"/Game/Abbot732/Mesh/Main/SM_Roof_04" 4211
"/Game/Abbot732/Mesh/Main/SM_Roof_03" 4212
"/Game/Abbot732/Mesh/Main/SM_Roof_02" 4213
"/Game/Abbot732/Mesh/Main/SM_Roof_01" 4214
"/Game/Abbot732/Mesh/Main/SM_PlushBottomWall_02" 4215
"/Game/Abbot732/Mesh/Main/SM_PlushBottomWall_01" 4216
"/Game/Abbot732/Mesh/Main/SM_PalmSmall_01" 4217
"/Game/Abbot732/Mesh/Main/SM_OuterWall_06" 4218
"../../../../../Repository/732-abbot-grove-VR/Content/Abbot732/Mesh/Main/SM_PalmSmall_01.uasset" 4219
"/Game/Abbot732/Mesh/Main/SM_OuterWall_05" 4220
"/Game/Abbot732/Mesh/Main/SM_OuterWall_04" 4221
"/Game/Abbot732/Mesh/Main/SM_OuterWall_03" 4222
"/Game/Abbot732/Mesh/Main/SM_OuterWall_02" 4223
"/Game/Abbot732/Mesh/Main/SM_OuterWall_01" 4224
"/Game/Abbot732/Mesh/Main/SM_LightCatcher_01" 4225
"/Game/Abbot732/Mesh/Main/SM_KitchenHandler" 4226
"E:/Repository/732-abbot-grove-VR/Content/Abbot732/Mesh/Main/SM_Thumb_42.uasset" 4227
"E:/Repository/732-abbot-grove-VR/Content/Abbot732/Mesh/Main/SM_Thumb_45.uasset" 4228
"E:/Repository/732-abbot-grove-VR/Content/Abbot732/Mesh/Main/SM_Thumb_46.uasset" 4229
"E:/Repository/732-abbot-grove-VR/Content/Abbot732/Mesh/Main/SM_Thumb_36.uasset" 4230
"E:/Repository/732-abbot-grove-VR/Content/Abbot732/Mesh/Main/SM_Thumb_37.uasset" 4231
"E:/Repository/732-abbot-grove-VR/Content/Abbot732/Mesh/Main/SM_Thumb_40.uasset" 4232
"E:/Repository/732-abbot-grove-VR/Content/Abbot732/Mesh/Main/SM_TerraceWall_02.uasset" 4233
"E:/Repository/732-abbot-grove-VR/Content/Abbot732/Mesh/Main/SM_Thumb_44.uasset" 4234
"E:/Repository/732-abbot-grove-VR/Content/Abbot732/Mesh/Main/SM_Thumb_35.uasset" 4235
"E:/Repository/732-abbot-grove-VR/Content/Abbot732/Mesh/Main/SM_WallWC_01.uasset" 4236
"E:/Repository/732-abbot-grove-VR/Content/Abbot732/Mesh/Main/SM_WallWC_02.uasset" 4237
"E:/Repository/732-abbot-grove-VR/Content/Abbot732/Mesh/Main/SM_WallWC_03.uasset" 4238
"/Game/Abbot732/Mesh/Main/SM_TerraceWall_01" 4239
"E:/Repository/732-abbot-grove-VR/Content/Abbot732/Mesh/Main/SM_Wall_01.uasset" 4240
"E:/Repository/732-abbot-grove-VR/Content/Abbot732/Mesh/Main/SM_Wall_010.uasset" 4241
"E:/Repository/732-abbot-grove-VR/Content/Abbot732/Mesh/Main/SM_Wall_012.uasset" 4242
"E:/Repository/732-abbot-grove-VR/Content/Abbot732/Mesh/Main/SM_Wall_013.uasset" 4243
"E:/Repository/732-abbot-grove-VR/Content/Abbot732/Mesh/Main/SM_Wall_014.uasset" 4244
"E:/Repository/732-abbot-grove-VR/Content/Abbot732/Mesh/Main/SM_Wall_011.uasset" 4245
"E:/Repository/732-abbot-grove-VR/Content/Abbot732/Mesh/Main/SM_Wall_015.uasset" 4246
"E:/Repository/732-abbot-grove-VR/Content/Abbot732/Mesh/Main/SM_Wall_016.uasset" 4247
"E:/Repository/732-abbot-grove-VR/Content/Abbot732/Mesh/Main/SM_Wall_08.uasset" 4248
"E:/Repository/732-abbot-grove-VR/Content/Abbot732/Mesh/Main/SM_Wall_018.uasset" 4249
"E:/Repository/732-abbot-grove-VR/Content/Abbot732/Mesh/Main/SM_Wall_017.uasset" 4250
"E:/Repository/732-abbot-grove-VR/Content/Abbot732/Mesh/Main/SM_Wall_019.uasset" 4251
"E:/Repository/732-abbot-grove-VR/Content/Abbot732/Mesh/Main/SM_Wall_02.uasset" 4252
"/Game/Abbot732/Mesh/Main/SM_TerraceFloor_04" 4253
"/Game/Abbot732/Mesh/Main/SM_TerraceFloor_03" 4254
"/Game/Abbot732/Mesh/Main/SM_TerraceFloor_02" 4255
"/Game/Abbot732/Mesh/Main/SM_TerraceFloor_01" 4256
"/Game/Abbot732/Mesh/Main/SM_StreetPart_Pillars_03" 4257
"/Game/Abbot732/Mesh/Main/SM_StreetPart_Pillars_02" 4258
"E:/Repository/732-abbot-grove-VR/Content/Abbot732/Mesh/Main/SM_Wall_023.uasset" 4259
"E:/Repository/732-abbot-grove-VR/Content/Abbot732/Mesh/Main/SM_Wall_022.uasset" 4260
"E:/Repository/732-abbot-grove-VR/Content/Abbot732/Mesh/Main/SM_Wall_021.uasset" 4261
"E:/Repository/732-abbot-grove-VR/Content/Abbot732/Mesh/Main/SM_Wall_026.uasset" 4262
"E:/Repository/732-abbot-grove-VR/Content/Abbot732/Mesh/Main/SM_Wall_024.uasset" 4263
"E:/Repository/732-abbot-grove-VR/Content/Abbot732/Mesh/Main/SM_Wall_025.uasset" 4264
"E:/Repository/732-abbot-grove-VR/Content/Abbot732/Mesh/Main/SM_Wall_020.uasset" 4265
"/Game/Abbot732/Mesh/Main/SM_Wall_02" 4266
"/Game/Abbot732/Mesh/Main/SM_Wall_019" 4267
"/Game/Abbot732/Mesh/Main/SM_Wall_018" 4268
"/Game/Abbot732/Mesh/Main/SM_Wall_017" 4269
"/Game/Abbot732/Mesh/Main/SM_Wall_08" 4270
"/Game/Abbot732/Mesh/Main/SM_Wall_016" 4271
"/Game/Abbot732/Mesh/Main/SM_Wall_015" 4272
"/Game/Abbot732/Mesh/Main/SM_Wall_014" 4273
"/Game/Abbot732/Mesh/Main/SM_Wall_013" 4274
"/Game/Abbot732/Mesh/Main/SM_Wall_012" 4275
"/Game/Abbot732/Mesh/Main/SM_Wall_011" 4276
"/Game/Abbot732/Mesh/Main/SM_Wall_010" 4277
"/Game/Abbot732/Mesh/Main/SM_Wall_01" 4278
"/Game/Abbot732/Mesh/Main/SM_WallWC_03" 4279
"/Game/Abbot732/Mesh/Main/SM_WallWC_02" 4280
"/Game/Abbot732/Mesh/Main/SM_WallWC_01" 4281
"/Game/Abbot732/Mesh/Main/SM_Thumb_35" 4282
"/Game/Abbot732/Mesh/Main/SM_Thumb_36" 4283
"/Game/Abbot732/Mesh/Main/SM_Thumb_37" 4284
"/Game/Abbot732/Mesh/Main/SM_Thumb_40" 4285
"/Game/Abbot732/Mesh/Main/SM_Thumb_42" 4286
"/Game/Abbot732/Mesh/Main/SM_Thumb_44" 4287
"/Game/Abbot732/Mesh/Main/SM_Thumb_45" 4288
"/Game/Abbot732/Mesh/Main/SM_Thumb_46" 4289
"/Game/Abbot732/Mesh/Main/SM_TerraceWall_02" 4290
"E:/Repository/732-abbot-grove-VR/Content/Abbot732/Mesh/Main/SM_Wall_027.uasset" 4291
"E:/Repository/732-abbot-grove-VR/Content/Abbot732/Mesh/Main/SM_Wall_03.uasset" 4292
"E:/Repository/732-abbot-grove-VR/Content/Abbot732/Mesh/Main/SM_Wall_030.uasset" 4293
"E:/Repository/732-abbot-grove-VR/Content/Abbot732/Mesh/Main/SM_Wall_034.uasset" 4294
"E:/Repository/732-abbot-grove-VR/Content/Abbot732/Mesh/Main/SM_Wall_04.uasset" 4295
"E:/Repository/732-abbot-grove-VR/Content/Abbot732/Mesh/Main/SM_Wall_035.uasset" 4296
"E:/Repository/732-abbot-grove-VR/Content/Abbot732/Mesh/Main/SM_Wall_031.uasset" 4297
"E:/Repository/732-abbot-grove-VR/Content/Abbot732/Mesh/Main/SM_Wall_033.uasset" 4298
"E:/Repository/732-abbot-grove-VR/Content/Abbot732/Mesh/Main/SM_Wall_032.uasset" 4299
"E:/Repository/732-abbot-grove-VR/Content/Abbot732/Mesh/Main/SM_Wall_042.uasset" 4300
"E:/Repository/732-abbot-grove-VR/Content/Abbot732/Mesh/Main/SM_Wall_029.uasset" 4301
"E:/Repository/732-abbot-grove-VR/Content/Abbot732/Mesh/Main/SM_Wall_043.uasset" 4302
"E:/Repository/732-abbot-grove-VR/Content/Abbot732/Mesh/Main/SM_Wall_028.uasset" 4303
"E:/Repository/732-abbot-grove-VR/Content/Abbot732/Mesh/Main/SM_Wall_05.uasset" 4304
"/Game/Abbot732/Mesh/Main/SM_Wall_026" 4305
"E:/Repository/732-abbot-grove-VR/Content/Abbot732/Mesh/Main/SM_Wall_041.uasset" 4306
"E:/Repository/732-abbot-grove-VR/Content/Abbot732/Mesh/Main/SM_Wall_07.uasset" 4307
"E:/Repository/732-abbot-grove-VR/Content/Abbot732/Mesh/Main/SM_Wall_040.uasset" 4308
"E:/Repository/732-abbot-grove-VR/Content/Abbot732/Mesh/Main/SM_Wall_09.uasset" 4309
"E:/Repository/732-abbot-grove-VR/Content/Abbot732/Mesh/Main/SM_WALL_CAP.uasset" 4310
"E:/Repository/732-abbot-grove-VR/Content/Abbot732/Mesh/Main/SM_Wall_06.uasset" 4311
"E:/Repository/732-abbot-grove-VR/Content/Abbot732/Mesh/Main/SM_WoodenWallCell_01.uasset" 4312
"E:/Repository/732-abbot-grove-VR/Content/Abbot732/Mesh/Main/SM_WoodenWallCell_02.uasset" 4313
"E:/Repository/732-abbot-grove-VR/Content/Abbot732/Mesh/Main/SM_WoodenWallVertical.uasset" 4314
"E:/Repository/732-abbot-grove-VR/Content/Abbot732/Mesh/Main/SM_WoodenWallVertical001.uasset" 4315
"E:/Repository/732-abbot-grove-VR/Content/Abbot732/Mesh/Single/1/SM_MainChair_01.uasset" 4316
"/Game/Abbot732/Mesh/Main/SM_Wall_025" 4317
"/Game/Abbot732/Mesh/Main/SM_Wall_04" 4318
"/Game/Abbot732/Mesh/Main/SM_Wall_030" 4319
"/Game/Abbot732/Mesh/Main/SM_Wall_03" 4320
"/Game/Abbot732/Mesh/Main/SM_Wall_027" 4321
"/Game/Abbot732/Mesh/Main/SM_Wall_024" 4322
"/Game/Abbot732/Mesh/Main/SM_Wall_023" 4323
"/Game/Abbot732/Mesh/Main/SM_Wall_022" 4324
"/Game/Abbot732/Mesh/Main/SM_Wall_021" 4325
"/Game/Abbot732/Mesh/Main/SM_Wall_020" 4326
"E:/Repository/732-abbot-grove-VR/Content/Abbot732/Mesh/Single/1/SM_MainChair_03.uasset" 4327
"E:/Repository/732-abbot-grove-VR/Content/Abbot732/Mesh/Single/1/SM_Plates_0001.uasset" 4328
"E:/Repository/732-abbot-grove-VR/Content/Abbot732/Mesh/Single/1/SM_Plates_0002.uasset" 4329
"E:/Repository/732-abbot-grove-VR/Content/FancyApp/Materials/Main/MI_WoodenWall_95.uasset" 4330
"E:/Repository/732-abbot-grove-VR/Content/Abbot732/Mesh/Single/1/SM_MainChair_02.uasset" 4331
"E:/Repository/732-abbot-grove-VR/Content/Abbot732/Mesh/Single/1/SM_Plates_0003.uasset" 4332
"E:/Repository/732-abbot-grove-VR/Content/Abbot732/Mesh/Single/1/SM_Plates_0005.uasset" 4333
"E:/Repository/732-abbot-grove-VR/Content/Abbot732/Mesh/Single/1/SM_Plates_0004.uasset" 4334
"/Game/Abbot732/Mesh/Main/SM_WoodenWallVertical" 4335
"E:/Repository/732-abbot-grove-VR/Content/Abbot732/Mesh/Single/1/SM_MainChair_04.uasset" 4336
"E:/Repository/732-abbot-grove-VR/Content/Abbot732/Mesh/Single/1/SM_Plates_0006.uasset" 4337
"E:/Repository/732-abbot-grove-VR/Content/FancyApp/Materials/Main/MI_Solid_41.uasset" 4338
"/Game/Abbot732/Mesh/Main/SM_WoodenWallCell_02" 4339
"/Game/Abbot732/Mesh/Main/SM_WoodenWallCell_01" 4340
"/Game/Abbot732/Mesh/Main/SM_WALL_CAP" 4341
"/Game/Abbot732/Mesh/Main/SM_Wall_09" 4342
"/Game/Abbot732/Mesh/Main/SM_Wall_07" 4343
"/Game/Abbot732/Mesh/Main/SM_Wall_06" 4344
"/Game/Abbot732/Mesh/Main/SM_Wall_05" 4345
"/Game/Abbot732/Mesh/Main/SM_Wall_043" 4346
"/Game/Abbot732/Mesh/Main/SM_Wall_042" 4347
"/Game/Abbot732/Mesh/Main/SM_Wall_041" 4348
"/Game/Abbot732/Mesh/Main/SM_Wall_040" 4349
"/Game/Abbot732/Mesh/Main/SM_Wall_035" 4350
"/Game/Abbot732/Mesh/Main/SM_Wall_034" 4351
"/Game/Abbot732/Mesh/Main/SM_Wall_033" 4352
"/Game/Abbot732/Mesh/Main/SM_Wall_032" 4353
"/Game/Abbot732/Mesh/Main/SM_Wall_031" 4354
"/Game/Abbot732/Mesh/Main/SM_Wall_029" 4355
"/Game/Abbot732/Mesh/Main/SM_Wall_028" 4356
"/Game/Abbot732/Mesh/Main/SM_WoodenWallVertical001" 4357
"/Game/Abbot732/Mesh/Single/1/SM_MainChair_01" 4358
"E:/Repository/732-abbot-grove-VR/Content/Abbot732/Mesh/Single/1/SM_Plates_0008.uasset" 4359
"E:/Repository/732-abbot-grove-VR/Content/Abbot732/Mesh/Single/1/Material__2147483647.uasset" 4360
"E:/Repository/732-abbot-grove-VR/Content/Abbot732/Mesh/Single/1/SM_Statue_01.uasset" 4361
"E:/Repository/732-abbot-grove-VR/Content/Abbot732/Mesh/Single/1/SM_Plates_0007.uasset" 4362
"E:/Repository/732-abbot-grove-VR/Content/Abbot732/Mesh/Single/1/SM_Statue_02.uasset" 4363
"E:/Repository/732-abbot-grove-VR/Content/Abbot732/Mesh/Single/1/Material__2147483646.uasset" 4364
"E:/Repository/732-abbot-grove-VR/Content/Abbot732/Mesh/Single/1/SM_Statue_03.uasset" 4365
"E:/Repository/732-abbot-grove-VR/Content/Abbot732/Mesh/Single/1/SM_Vase.uasset" 4366
"E:/Repository/732-abbot-grove-VR/Content/Abbot732/Mesh/Single/1/SM_Vasee_01.uasset" 4367
"/Game/FancyApp/Materials/Main/MI_Solid_41" 4368
"E:/Repository/732-abbot-grove-VR/Content/Abbot732/Mesh/Single/2/BoxParfume_LOW.uasset" 4369
"E:/Repository/732-abbot-grove-VR/Content/Abbot732/Mesh/Single/2/SM_Book33_01.uasset" 4370
"E:/Repository/732-abbot-grove-VR/Content/Abbot732/Mesh/Single/1/SM_Vasee_02.uasset" 4371
"E:/Repository/732-abbot-grove-VR/Content/Abbot732/Mesh/Single/2/SM_Book33_03.uasset" 4372
"E:/Repository/732-abbot-grove-VR/Content/Abbot732/Mesh/Single/2/SM_Book33_02.uasset" 4373
"E:/Repository/732-abbot-grove-VR/Content/Abbot732/Mesh/Single/2/SM_Book33_04.uasset" 4374
"E:/Repository/732-abbot-grove-VR/Content/Abbot732/Mesh/Single/2/SM_Books_Center_01.uasset" 4375
"E:/Repository/732-abbot-grove-VR/Content/Abbot732/Mesh/Single/2/SM_GraniteMortar.uasset" 4376
"E:/Repository/732-abbot-grove-VR/Content/Abbot732/Mesh/Single/2/SM_KitchenAsset_01.uasset" 4377
"E:/Repository/732-abbot-grove-VR/Content/Abbot732/Mesh/Single/2/SM_Magazine_01.uasset" 4378
"E:/Repository/732-abbot-grove-VR/Content/Abbot732/Mesh/Single/2/SM_Magazine_02.uasset" 4379
"E:/Repository/732-abbot-grove-VR/Content/Abbot732/Mesh/Single/2/SM_MONET_01.uasset" 4380
"/Game/Abbot732/Mesh/Single/1/SM_Plates_0006" 4381
"/Game/Abbot732/Mesh/Single/1/SM_Plates_0005" 4382
"../../../../../Repository/732-abbot-grove-VR/Content/FancyApp/Materials/Main/MI_GlassMaterial_11.uasset" 4383
"../../../../../Repository/732-abbot-grove-VR/Content/FancyApp/Materials/Main/M_MainGlass_01.uasset" 4384
"/Game/Abbot732/Mesh/Single/1/SM_Plates_0004" 4385
"/Game/Abbot732/Mesh/Single/1/SM_Plates_0003" 4386
"../../../../../Repository/732-abbot-grove-VR/Content/FancyApp/Materials/Main/M_MainMaterial_01.uasset" 4387
"../../../../../Repository/732-abbot-grove-VR/Content/Abbot732/Textures/Wooden_bc_abbot_01.uasset" 4388
"../../../../../Repository/732-abbot-grove-VR/Content/Abbot732/Textures/Wooden_mrao_abbot_01.uasset" 4389
"../../../../../Repository/732-abbot-grove-VR/Content/Abbot732/Textures/Wooden_n_abbot_01.uasset" 4390
"../../../Engine/Content/Functions/Engine_MaterialFunctions01/Texturing/FlattenNormal.uasset" 4391
"../../../Engine/Content/Functions/Engine_MaterialFunctions02/Texturing/CustomRotator.uasset" 4392
"../../../Engine/Content/Functions/Engine_MaterialFunctions02/Utility/BlendAngleCorrectedNormals.uasset" 4393
"../../../../../Repository/732-abbot-grove-VR/Content/FancyApp/Textures/Carpet/T_Perlin_Noise_M.uasset" 4394
"../../../../../Repository/732-abbot-grove-VR/Content/FancyApp/Textures/FloorLivingRoom/T_th3udd1l_4K_B.uasset" 4395
"../../../../../Repository/732-abbot-grove-VR/Content/FancyApp/Textures/FloorLivingRoom/T_th3udd1l_4K_N.uasset" 4396
"../../../../../Repository/732-abbot-grove-VR/Content/FancyApp/Textures/FloorLivingRoom/T_th3udd1l_4K_ORM.uasset" 4397
"../../../../../Repository/732-abbot-grove-VR/Content/FancyApp/Textures/Sofa_01/T_Sofa_N_Backed_01.uasset" 4398
"../../../../../Repository/732-abbot-grove-VR/Content/FancyApp/Textures/Sphere/SM_SphereLight_DefaultMaterial_Emissive.uasset" 4399
"/Game/Abbot732/Mesh/Single/1/SM_Plates_0002" 4400
"/Game/Abbot732/Mesh/Single/1/SM_Plates_0001" 4401
"/Game/Abbot732/Mesh/Single/1/SM_MainChair_04" 4402
"/Game/Abbot732/Mesh/Single/1/SM_MainChair_02" 4403
"E:/Repository/732-abbot-grove-VR/Content/Abbot732/Mesh/Single/2/SM_MONET_02.uasset" 4404
"E:/Repository/732-abbot-grove-VR/Content/Abbot732/Mesh/Single/2/SM_TableLemons_01.uasset" 4405
"E:/Repository/732-abbot-grove-VR/Content/Abbot732/Mesh/Single/2/SM_Spheres_02.uasset" 4406
"E:/Repository/732-abbot-grove-VR/Content/Abbot732/Mesh/Single/2/SM_Spheres_01.uasset" 4407
"E:/Repository/732-abbot-grove-VR/Content/Abbot732/Mesh/Single/2/SM_VaseGlassWall_01.uasset" 4408
"/Game/Abbot732/Mesh/Single/2/SM_MONET_01" 4409
"E:/Repository/732-abbot-grove-VR/Content/Abbot732/Mesh/Single/2/Material__2147483646.uasset" 4410
"E:/Repository/732-abbot-grove-VR/Content/Abbot732/Mesh/Single/2/SM_WallBooks_01.uasset" 4411
"E:/Repository/732-abbot-grove-VR/Content/Abbot732/Mesh/Single/2/Material__2147483647.uasset" 4412
"E:/Repository/732-abbot-grove-VR/Content/Abbot732/Mesh/Single/2/SM_Vase_36.uasset" 4413
"E:/Repository/732-abbot-grove-VR/Content/Abbot732/Mesh/Single/2/SM_WallBooks_02.uasset" 4414
"/Game/Abbot732/Mesh/Single/2/SM_Magazine_02" 4415
"/Game/Abbot732/Mesh/Single/2/SM_Magazine_01" 4416
"/Game/Abbot732/Mesh/Single/2/SM_GraniteMortar" 4417
"/Game/Abbot732/Mesh/Single/2/SM_Books_Center_01" 4418
"/Game/Abbot732/Mesh/Single/2/SM_Book33_04" 4419
"/Game/Abbot732/Mesh/Single/2/SM_Book33_03" 4420
"/Game/Abbot732/Mesh/Single/2/SM_Book33_02" 4421
"/Game/Abbot732/Mesh/Single/2/SM_Book33_01" 4422
"/Game/Abbot732/Mesh/Single/2/BoxParfume_LOW" 4423
"/Game/Abbot732/Mesh/Single/1/SM_Vasee_02" 4424
"/Game/Abbot732/Mesh/Single/1/SM_Vasee_01" 4425
"/Game/Abbot732/Mesh/Single/1/SM_Vase" 4426
"/Game/Abbot732/Mesh/Single/1/SM_Statue_03" 4427
"/Game/Abbot732/Mesh/Single/1/SM_Statue_02" 4428
"/Game/Abbot732/Mesh/Single/1/SM_Statue_01" 4429
"/Game/Abbot732/Mesh/Single/1/SM_MainChair_03" 4430
"/Game/Abbot732/Mesh/Single/1/SM_Plates_0008" 4431
"/Game/Abbot732/Mesh/Single/1/SM_Plates_0007" 4432
"E:/Repository/732-abbot-grove-VR/Content/Abbot732/Mesh/Single/SM_BedBody.uasset" 4433
"E:/Repository/732-abbot-grove-VR/Content/Abbot732/Mesh/Single/SM_BarStool.uasset" 4434
"E:/Repository/732-abbot-grove-VR/Content/Abbot732/Mesh/Single/SM_BedMain.uasset" 4435
"E:/Repository/732-abbot-grove-VR/Content/Abbot732/Mesh/Single/SM_BedThrow.uasset" 4436
"E:/Repository/732-abbot-grove-VR/Content/Abbot732/Mesh/Single/SM_Bench_01.uasset" 4437
"E:/Repository/732-abbot-grove-VR/Content/Abbot732/Mesh/Single/SM_Bench.uasset" 4438
"E:/Repository/732-abbot-grove-VR/Content/FancyApp/Materials/Main/MI_RoomSphereChairs_04.uasset" 4439
"E:/Repository/732-abbot-grove-VR/Content/Abbot732/Mesh/Single/SM_BedPillars.uasset" 4440
"E:/Repository/732-abbot-grove-VR/Content/Abbot732/Mesh/Single/SM_Bra.uasset" 4441
"/Game/Abbot732/Mesh/Single/2/SM_WallBooks_02" 4442
"E:/Repository/732-abbot-grove-VR/Content/Abbot732/Mesh/Single/SM_Bra2.uasset" 4443
"E:/Repository/732-abbot-grove-VR/Content/Abbot732/Mesh/Single/SM_CellLamp_2.uasset" 4444
"E:/Repository/732-abbot-grove-VR/Content/Abbot732/Mesh/Single/SM_Bra2_01.uasset" 4445
"E:/Repository/732-abbot-grove-VR/Content/Abbot732/Mesh/Single/SM_CellLight_01.uasset" 4446
"E:/Repository/732-abbot-grove-VR/Content/Abbot732/Mesh/Single/SM_CellLight_01_01.uasset" 4447
"E:/Repository/732-abbot-grove-VR/Content/Abbot732/Mesh/Single/SM_CircleChair_01.uasset" 4448
"E:/Repository/732-abbot-grove-VR/Content/Abbot732/Mesh/Single/SM_ChairBed_.uasset" 4449
"E:/Repository/732-abbot-grove-VR/Content/Abbot732/Mesh/Single/SM_CircleTable_01.uasset" 4450
"E:/Repository/732-abbot-grove-VR/Content/Abbot732/Mesh/Single/SM_DeskLamp_01.uasset" 4451
"E:/Repository/732-abbot-grove-VR/Content/Abbot732/Mesh/Single/SM_DecorWall.uasset" 4452
"E:/Repository/732-abbot-grove-VR/Content/Abbot732/Mesh/Single/SM_Doorway_.uasset" 4453
"E:/Repository/732-abbot-grove-VR/Content/Abbot732/Mesh/Single/SM_Dush_01.uasset" 4454
"/Game/Abbot732/Mesh/Single/2/SM_WallBooks_01" 4455
"/Game/Abbot732/Mesh/Single/2/SM_KitchenAsset_01" 4456
"/Game/Abbot732/Mesh/Single/2/SM_Vase_36" 4457
"/Game/Abbot732/Mesh/Single/2/SM_VaseGlassWall_01" 4458
"/Game/Abbot732/Mesh/Single/2/SM_TableLemons_01" 4459
"/Game/Abbot732/Mesh/Single/2/SM_Spheres_02" 4460
"/Game/Abbot732/Mesh/Single/2/SM_Spheres_01" 4461
"/Game/Abbot732/Mesh/Single/2/SM_MONET_02" 4462
"/Game/Abbot732/Mesh/Single/SM_BedBody" 4463
"E:/Repository/732-abbot-grove-VR/Content/Abbot732/Mesh/Single/SM_HandWasher.uasset" 4464
"E:/Repository/732-abbot-grove-VR/Content/FancyApp/Materials/Main/MI_RoomSphereChairs_08.uasset" 4465
"E:/Repository/732-abbot-grove-VR/Content/Abbot732/Mesh/Single/SM_Jalouse_01.uasset" 4466
"E:/Repository/732-abbot-grove-VR/Content/Abbot732/Mesh/Single/SM_Dush_03.uasset" 4467
"E:/Repository/732-abbot-grove-VR/Content/Abbot732/Mesh/Single/SM_Dush_02.uasset" 4468
"E:/Repository/732-abbot-grove-VR/Content/FancyApp/Textures/WoodFine/WoodFine14_COL_VAR1_HIRES.uasset" 4469
"E:/Repository/732-abbot-grove-VR/Content/FancyApp/Materials/Main/MI_WoodenWall_52.uasset" 4470
"/Game/Abbot732/Mesh/Single/SM_Dush_01" 4471
"E:/Repository/732-abbot-grove-VR/Content/Abbot732/Mesh/Single/SM_LampCell_01.uasset" 4472
"E:/Repository/732-abbot-grove-VR/Content/Abbot732/Mesh/Single/SM_MIcrowave.uasset" 4473
"E:/Repository/732-abbot-grove-VR/Content/Abbot732/Mesh/Single/SM_Microwave_Text_02.uasset" 4474
"E:/Repository/732-abbot-grove-VR/Content/Abbot732/Mesh/Single/SM_Microwave_Text_01.uasset" 4475
"/Game/Abbot732/Mesh/Single/SM_Doorway_" 4476
"/Game/Abbot732/Mesh/Single/SM_DeskLamp_01" 4477
"../../../../../Repository/732-abbot-grove-VR/Content/Abbot732/Mesh/Single/Material__2147483646.uasset" 4478
"../../../../../Repository/732-abbot-grove-VR/Content/Abbot732/Mesh/Single/Material__2147483647.uasset" 4479
"../../../../../Repository/732-abbot-grove-VR/Content/Abbot732/Mesh/Single/2/SM_TableLemons_01.uasset" 4480
"/Game/Abbot732/Mesh/Single/SM_DecorWall" 4481
"/Game/Abbot732/Mesh/Single/SM_CircleTable_01" 4482
"../../../../../Repository/732-abbot-grove-VR/Content/FancyApp/Materials/Main/MI_WoodenWall_54.uasset" 4483
"../../../../../Repository/732-abbot-grove-VR/Content/Abbot732/Textures/SM_CircleTable_01_DefaultMaterial_BaseColor.uasset" 4484
"../../../../../Repository/732-abbot-grove-VR/Content/Abbot732/Textures/SM_CircleTable_01_DefaultMaterial_Emissive.uasset" 4485
"../../../../../Repository/732-abbot-grove-VR/Content/Abbot732/Textures/SM_CircleTable_01_DefaultMaterial_Normal.uasset" 4486
"../../../../../Repository/732-abbot-grove-VR/Content/Abbot732/Textures/SM_CircleTable_01_DefaultMaterial_OcclusionRoughnessMetallic.uasset" 4487
"/Game/Abbot732/Mesh/Single/SM_CircleChair_01" 4488
"../../../../../Repository/732-abbot-grove-VR/Content/FancyApp/Materials/Main/MI_WoodenWall_55.uasset" 4489
"../../../../../Repository/732-abbot-grove-VR/Content/FancyApp/Materials/Main/M_MainMaterial_04.uasset" 4490
"../../../../../Repository/732-abbot-grove-VR/Content/Abbot732/Textures/SM_CircleChair_01_DefaultMaterial_BaseColor.uasset" 4491
"../../../../../Repository/732-abbot-grove-VR/Content/Abbot732/Textures/SM_CircleChair_01_DefaultMaterial_Normal.uasset" 4492
"../../../../../Repository/732-abbot-grove-VR/Content/Abbot732/Textures/SM_CircleChair_01_DefaultMaterial_OcclusionRoughnessMetallic.uasset" 4493
"/Game/Abbot732/Mesh/Single/SM_ChairBed_" 4494
"/Game/Abbot732/Mesh/Single/SM_CellLight_01_01" 4495
"/Game/Abbot732/Mesh/Single/SM_CellLight_01" 4496
"../../../../../Repository/732-abbot-grove-VR/Content/Abbot732/Mesh/Single/SM_CircleTable_01.uasset" 4497
"../../../../../Repository/732-abbot-grove-VR/Content/FancyApp/Materials/Main/MI_Marble_09.uasset" 4498
"../../../../../Repository/732-abbot-grove-VR/Content/Abbot732/Textures/SM_CellLight_01_Material__2147483646_BaseColor.uasset" 4499
"../../../../../Repository/732-abbot-grove-VR/Content/Abbot732/Textures/SM_CellLight_01_Material__2147483646_Normal.uasset" 4500
"../../../../../Repository/732-abbot-grove-VR/Content/Abbot732/Textures/SM_CellLight_01_Material__2147483646_OcclusionRoughnessMetallic.uasset" 4501
"../../../../../Repository/732-abbot-grove-VR/Content/Abbot732/Mesh/Single/SM_CircleChair_01.uasset" 4502
"/Game/Abbot732/Mesh/Single/SM_CellLamp_2" 4503
"/Game/Abbot732/Mesh/Single/SM_Bra2_01" 4504
"/Game/Abbot732/Mesh/Single/SM_Bra2" 4505
"../../../../../Repository/732-abbot-grove-VR/Content/Abbot732/Mesh/Single/Material__-2147483625.uasset" 4506
"/Game/Abbot732/Mesh/Single/SM_Bra" 4507
"../../../../../Repository/732-abbot-grove-VR/Content/FancyApp/Materials/Main/MI_WoodenWall_78.uasset" 4508
"../../../../../Repository/732-abbot-grove-VR/Content/Abbot732/Textures/SM_Bra_DefaultMaterial_BaseColor.uasset" 4509
"../../../../../Repository/732-abbot-grove-VR/Content/Abbot732/Textures/SM_Bra_DefaultMaterial_Emissive.uasset" 4510
"../../../../../Repository/732-abbot-grove-VR/Content/Abbot732/Textures/SM_Bra_DefaultMaterial_Normal.uasset" 4511
"../../../../../Repository/732-abbot-grove-VR/Content/Abbot732/Textures/SM_Bra_DefaultMaterial_OcclusionRoughnessMetallic.uasset" 4512
"/Game/Abbot732/Mesh/Single/SM_Bench_01" 4513
"/Game/Abbot732/Mesh/Single/SM_Bench" 4514
"/Game/Abbot732/Mesh/Single/SM_BedThrow" 4515
"/Game/Abbot732/Mesh/Single/SM_BedPillars" 4516
"../../../../../Repository/732-abbot-grove-VR/Content/FancyApp/Textures/SphereChairs/T_AI_vol09_01_fabric_03_BC.uasset" 4517
"../../../../../Repository/732-abbot-grove-VR/Content/FancyApp/Textures/SphereChairs/T_AI_vol09_01_fabric_03_M.uasset" 4518
"../../../../../Repository/732-abbot-grove-VR/Content/FancyApp/Textures/SphereChairs/T_AI_vol09_01_fabric_03_N.uasset" 4519
"/Game/Abbot732/Mesh/Single/SM_BedMain" 4520
"/Game/Abbot732/Mesh/Single/SM_BarStool" 4521
"E:/Repository/732-abbot-grove-VR/Content/Abbot732/Mesh/Single/SM_MIrror_01.uasset" 4522
"E:/Repository/732-abbot-grove-VR/Content/Abbot732/Mesh/Single/SM_Plant01_.uasset" 4523
"E:/Repository/732-abbot-grove-VR/Content/Abbot732/Mesh/Single/SM_Rozetked.uasset" 4524
"E:/Repository/732-abbot-grove-VR/Content/Abbot732/Mesh/Single/SM_Plant02_.uasset" 4525
"E:/Repository/732-abbot-grove-VR/Content/Abbot732/Mesh/Single/SM_RoomTable_01.uasset" 4526
"E:/Repository/732-abbot-grove-VR/Content/Abbot732/Mesh/Single/SM_ShowerDoush_.uasset" 4527
"E:/Repository/732-abbot-grove-VR/Content/Abbot732/Mesh/Single/SM_PIcture.uasset" 4528
"E:/Repository/732-abbot-grove-VR/Content/Abbot732/Mesh/Single/SM_ShowerTable_01.uasset" 4529
"E:/Repository/732-abbot-grove-VR/Content/Abbot732/Mesh/Single/SM_ShowerTable_02.uasset" 4530
"E:/Repository/732-abbot-grove-VR/Content/Abbot732/Mesh/Single/SM_ShowerWall_01.uasset" 4531
"E:/Repository/732-abbot-grove-VR/Content/Abbot732/Mesh/Single/SM_Sink.uasset" 4532
"/Game/Abbot732/Mesh/Single/SM_Microwave_Text_02" 4533
"E:/Repository/732-abbot-grove-VR/Content/Abbot732/Mesh/Single/SM_StoolShower_01.uasset" 4534
"E:/Repository/732-abbot-grove-VR/Content/Abbot732/Textures/SM_ToilerPaper_01_DefaultMaterial_BaseColor.uasset" 4535
"E:/Repository/732-abbot-grove-VR/Content/Abbot732/Textures/SM_ToilerPaper_01_DefaultMaterial_Normal.uasset" 4536
"E:/Repository/732-abbot-grove-VR/Content/Abbot732/Textures/SM_ToilerPaper_01_DefaultMaterial_OcclusionRoughnessMetallic.uasset" 4537
"E:/Repository/732-abbot-grove-VR/Content/FancyApp/Materials/Main/MI_WoodenWall_67.uasset" 4538
"E:/Repository/732-abbot-grove-VR/Content/Abbot732/Mesh/Single/SM_ToilerPaper_01.uasset" 4539
"E:/Repository/732-abbot-grove-VR/Content/Abbot732/Mesh/Single/SM_WC_01.uasset" 4540
"E:/Repository/732-abbot-grove-VR/Content/Abbot732/Mesh/Single/SM_WC_Button.uasset" 4541
"E:/Repository/732-abbot-grove-VR/Content/Abbot732/Mesh/Single/SM_WC_Cleaner.uasset" 4542
"/Game/Abbot732/Mesh/Single/SM_Microwave_Text_01" 4543
"/Game/Abbot732/Mesh/Single/SM_MIcrowave" 4544
"/Game/Abbot732/Mesh/Single/SM_LampCell_01" 4545
"/Game/Abbot732/Mesh/Single/SM_Rozetked" 4546
"/Game/Abbot732/Mesh/Single/SM_KitchenChair" 4547
"../../../../../Repository/732-abbot-grove-VR/Content/FancyApp/Textures/WoodenWall/WoodFine07_R_6K.uasset" 4548
"/Game/Abbot732/Mesh/Single/SM_Plant02_" 4549
"/Game/Abbot732/Mesh/Single/SM_Jalouse_01" 4550
"../../../../../Repository/732-abbot-grove-VR/Content/FancyApp/Materials/MI_SolidColor_01_Inst1.uasset" 4551
"../../../../../Repository/732-abbot-grove-VR/Content/FancyApp/Materials/MI_SolidColor_01.uasset" 4552
"../../../../../Repository/732-abbot-grove-VR/Content/FancyApp/Materials/M_SolidColor.uasset" 4553
"/Game/Abbot732/Mesh/Single/SM_HandWasher" 4554
"/Game/Abbot732/Mesh/Single/SM_Dush_03" 4555
"/Game/Abbot732/Mesh/Single/SM_Dush_02" 4556
"/Game/Abbot732/Mesh/Single/SM_MIrror_01" 4557
"E:/Repository/732-abbot-grove-VR/Content/FancyApp/Materials/Main/MI_Curtains_02.uasset" 4558
"E:/Repository/732-abbot-grove-VR/Content/FancyApp/Textures/Textile_01/FabricUpholsteryRivetPlainWeave001_COL_VAR2_6K.uasset" 4559
"E:/Repository/732-abbot-grove-VR/Content/FancyApp/Materials/Main/MI_Emissive_02.uasset" 4560
"E:/Repository/732-abbot-grove-VR/Content/FancyApp/Textures/Textile_01/FabricUpholsteryRivetPlainWeave001_IDMAP_6K.uasset" 4561
"E:/Repository/732-abbot-grove-VR/Content/FancyApp/Materials/Main/MI_Curtains_03.uasset" 4562
"E:/Repository/732-abbot-grove-VR/Content/FancyApp/Textures/Textile_01/FabricUpholsteryRivetPlainWeave001_NRM_6K.uasset" 4563
"E:/Repository/732-abbot-grove-VR/Content/Abbot732/Mesh/Single/SM__ShowerITEM_.uasset" 4564
"E:/Repository/732-abbot-grove-VR/Content/FancyApp/Materials/Main/MI_Emissive_04.uasset" 4565
"E:/Repository/732-abbot-grove-VR/Content/FancyApp/Materials/Main/M_Emissive_01.uasset" 4566
"/Game/Abbot732/Mesh/Single/SM_WC_Button" 4567
"E:/Repository/732-abbot-grove-VR/Content/FancyApp/Materials/Main/MI_Emissive_05.uasset" 4568
"E:/Repository/732-abbot-grove-VR/Content/FancyApp/Materials/Main/MI_GlassMaterial_06.uasset" 4569
"E:/Repository/732-abbot-grove-VR/Content/FancyApp/Materials/Main/MI_GlassMaterial_09.uasset" 4570
"E:/Repository/732-abbot-grove-VR/Content/FancyApp/Materials/Main/MI_GlassMaterial_17.uasset" 4571
"E:/Repository/732-abbot-grove-VR/Content/FancyApp/Materials/Main/MI_GlassMaterial_15.uasset" 4572
"E:/Repository/732-abbot-grove-VR/Content/FancyApp/Materials/Main/MI_GlassMaterial_14.uasset" 4573
"/Game/Abbot732/Mesh/Single/SM_WC_01" 4574
"/Game/Abbot732/Mesh/Single/SM_ToilerPaper_01" 4575
"/Game/Abbot732/Mesh/Single/SM_StoolShower_01" 4576
"/Game/Abbot732/Mesh/Single/SM_Sink" 4577
"/Game/Abbot732/Mesh/Single/SM_ShowerWall_01" 4578
"/Game/Abbot732/Mesh/Single/SM_ShowerTable_02" 4579
"/Game/Abbot732/Mesh/Single/SM_ShowerTable_01" 4580
"/Game/Abbot732/Mesh/Single/SM_ShowerDoush_" 4581
"/Game/Abbot732/Mesh/Single/SM_RoomTable_01" 4582
"/Game/Abbot732/Mesh/Single/SM_Plant01_" 4583
"/Game/Abbot732/Mesh/Single/SM_PIcture" 4584
"/Game/Abbot732/Mesh/Single/SM_WC_Cleaner" 4585
"E:/Repository/732-abbot-grove-VR/Content/FancyApp/Textures/Leather/T_xjekcey_4K_N.uasset" 4586
"E:/Repository/732-abbot-grove-VR/Content/FancyApp/Materials/Main/MI_GlassMaterial_12.uasset" 4587
"E:/Repository/732-abbot-grove-VR/Content/FancyApp/Materials/Main/MI_Leather_04.uasset" 4588
"E:/Repository/732-abbot-grove-VR/Content/FancyApp/Materials/Main/MI_Marble_06.uasset" 4589
"E:/Repository/732-abbot-grove-VR/Content/Abbot732/Textures/marble_bc_abbot2.uasset" 4590
"E:/Repository/732-abbot-grove-VR/Content/FancyApp/Textures/Leather/FabricLeatherCowhide001_COL_VAR3_2K.uasset" 4591
"E:/Repository/732-abbot-grove-VR/Content/FancyApp/Materials/Main/MI_GlassMaterial_10.uasset" 4592
"E:/Repository/732-abbot-grove-VR/Content/Abbot732/Textures/SM_KitchenPEM.uasset" 4593
"E:/Repository/732-abbot-grove-VR/Content/Abbot732/Textures/SM_KitchenPart_010_Material__-2147483648__1_BaseColor.uasset" 4594
"E:/Repository/732-abbot-grove-VR/Content/FancyApp/Materials/Main/MI_Marble_17.uasset" 4595
"E:/Repository/732-abbot-grove-VR/Content/FancyApp/Materials/Main/MI_Marble_07.uasset" 4596
"/Game/FancyApp/Materials/Main/MI_GlassMaterial_14" 4597
"E:/Repository/732-abbot-grove-VR/Content/FancyApp/Materials/Main/MI_Marble_16.uasset" 4598
"E:/Repository/732-abbot-grove-VR/Content/FancyApp/Materials/Main/MI_Marble_15.uasset" 4599
"E:/Repository/732-abbot-grove-VR/Content/Abbot732/Textures/102_striated_travertine_bc.uasset" 4600
"E:/Repository/732-abbot-grove-VR/Content/FancyApp/Materials/Main/MI_Marble_11.uasset" 4601
"E:/Repository/732-abbot-grove-VR/Content/FancyApp/Materials/Main/MI_Marble_12.uasset" 4602
"E:/Repository/732-abbot-grove-VR/Content/FancyApp/Textures/WhiteMarble/T_tgohbdbv_4K_N.uasset" 4603
"/Game/FancyApp/Materials/Main/MI_GlassMaterial_15" 4604
"/Game/FancyApp/Materials/Main/MI_GlassMaterial_17" 4605
"/Game/FancyApp/Materials/Main/MI_GlassMaterial_09" 4606
"/Game/FancyApp/Materials/Main/MI_GlassMaterial_06" 4607
"/Game/FancyApp/Materials/Main/MI_Emissive_05" 4608
"/Game/FancyApp/Materials/Main/MI_Emissive_04" 4609
"/Game/FancyApp/Materials/Main/MI_Emissive_02" 4610
"/Game/FancyApp/Materials/Main/MI_Curtains_03" 4611
"../../../../../Repository/732-abbot-grove-VR/Content/Abbot732/Textures/Linen_n.uasset" 4612
"/Game/FancyApp/Materials/Main/MI_Curtains_02" 4613
"/Game/Abbot732/Mesh/Single/SM__ShowerITEM_" 4614
"/Game/FancyApp/Materials/Main/MI_GlassMaterial_12" 4615
"E:/Repository/732-abbot-grove-VR/Content/FancyApp/Materials/Main/MI_Marble_10.uasset" 4616
"E:/Repository/732-abbot-grove-VR/Content/FancyApp/Materials/Main/MI_RoomSphereChairs_13.uasset" 4617
"E:/Repository/732-abbot-grove-VR/Content/Abbot732/Textures/459c18db-2f64-41a9-b127-9eb9444194fa-topaz-upscale-2_8x.uasset" 4618
"E:/Repository/732-abbot-grove-VR/Content/Abbot732/Textures/SM_MainChair_03_Material__2147483646_BaseColor.uasset" 4619
"E:/Repository/732-abbot-grove-VR/Content/Abbot732/Textures/SM_BedPillars_Material__2147483646_OcclusionRoughnessMetallic.uasset" 4620
"E:/Repository/732-abbot-grove-VR/Content/Abbot732/Textures/SM_BedPillars_Material__2147483646_BaseColor.uasset" 4621
"E:/Repository/732-abbot-grove-VR/Content/Abbot732/Textures/SM_BedPillars_Material__2147483646_Normal.uasset" 4622
"E:/Repository/732-abbot-grove-VR/Content/Abbot732/Textures/102_striated_travertine.uasset" 4623
"E:/Repository/732-abbot-grove-VR/Content/Abbot732/Textures/SM_MainChair_03_Material__2147483646_Normal.uasset" 4624
"E:/Repository/732-abbot-grove-VR/Content/FancyApp/Materials/Main/MI_RoomSphereChairs_12.uasset" 4625
"E:/Repository/732-abbot-grove-VR/Content/Abbot732/Textures/SM_BedPillars_Material__2147483647_BaseColor.uasset" 4626
"/Game/Abbot732/Textures/102_striated_travertine_bc" 4627
"E:/Repository/732-abbot-grove-VR/Content/Abbot732/Textures/SM_BedPillars_Material__2147483647_Normal.uasset" 4628
"E:/Repository/732-abbot-grove-VR/Content/Abbot732/Textures/SM_BedPillars_Material__2147483647_OcclusionRoughnessMetallic.uasset" 4629
"E:/Repository/732-abbot-grove-VR/Content/Abbot732/Textures/PILLOW_LOW_DefaultMaterial_BaseColor.uasset" 4630
"E:/Repository/732-abbot-grove-VR/Content/FancyApp/Materials/Main/MI_RoomSphereChairs_11.uasset" 4631
"E:/Repository/732-abbot-grove-VR/Content/Abbot732/Textures/PILLOW_LOW_DefaultMaterial_Normal.uasset" 4632
"/Game/FancyApp/Materials/Main/MI_Marble_12" 4633
"/Game/FancyApp/Materials/Main/MI_Marble_07" 4634
"/Game/FancyApp/Materials/Main/MI_Marble_06" 4635
"/Game/FancyApp/Materials/Main/MI_Leather_04" 4636
"/Game/FancyApp/Materials/Main/MI_GlassMaterial_10" 4637
"/Game/Abbot732/Textures/459c18db-2f64-41a9-b127-9eb9444194fa-topaz-upscale-2_8x" 4638
"E:/Repository/732-abbot-grove-VR/Content/Abbot732/Textures/PILLOW_LOW_DefaultMaterial_OcclusionRoughnessMetallic.uasset" 4639
"E:/Repository/732-abbot-grove-VR/Content/Abbot732/Textures/SM_Plates_0005_.uasset" 4640
"E:/Repository/732-abbot-grove-VR/Content/FancyApp/Materials/Main/MI_WoodenWall_131.uasset" 4641
"E:/Repository/732-abbot-grove-VR/Content/FancyApp/Materials/Main/MI_WoodenWall_129.uasset" 4642
"E:/Repository/732-abbot-grove-VR/Content/Abbot732/Textures/SM_Plates_0003_.uasset" 4643
"E:/Repository/732-abbot-grove-VR/Content/FancyApp/Materials/Main/MI_WoodenWall_130.uasset" 4644
"E:/Repository/732-abbot-grove-VR/Content/Abbot732/Textures/SM_Plates_0004_.uasset" 4645
"/Game/FancyApp/Materials/Main/MI_Marble_15" 4646
"E:/Repository/732-abbot-grove-VR/Content/Abbot732/Textures/SM_Plates_0002_.uasset" 4647
"E:/Repository/732-abbot-grove-VR/Content/FancyApp/Materials/Main/MI_WoodenWall_127.uasset" 4648
"E:/Repository/732-abbot-grove-VR/Content/FancyApp/Materials/Main/MI_WoodenWall_128.uasset" 4649
"E:/Repository/732-abbot-grove-VR/Content/Abbot732/Textures/SM_Plates_0001_.uasset" 4650
"E:/Repository/732-abbot-grove-VR/Content/FancyApp/Materials/Main/MI_WoodenWall_125.uasset" 4651
"E:/Repository/732-abbot-grove-VR/Content/FancyApp/Materials/Main/MI_WoodenWall_126.uasset" 4652
"/Game/FancyApp/Materials/Main/MI_Marble_16" 4653
"/Game/FancyApp/Materials/Main/MI_Marble_17" 4654
"/Game/Abbot732/Textures/PILLOW_LOW_DefaultMaterial_Normal" 4655
"/Game/Abbot732/Textures/PILLOW_LOW_DefaultMaterial_BaseColor" 4656
"/Game/FancyApp/Materials/Main/MI_RoomSphereChairs_11" 4657
"/Game/FancyApp/Materials/Main/MI_RoomSphereChairs_12" 4658
"/Game/FancyApp/Materials/Main/MI_RoomSphereChairs_13" 4659
"/Game/FancyApp/Materials/Main/MI_Marble_10" 4660
"/Game/FancyApp/Materials/Main/MI_Marble_11" 4661
"E:/Repository/732-abbot-grove-VR/Content/Abbot732/Textures/SM_Napkin_DefaultMaterial_BaseColor.uasset" 4662
"E:/Repository/732-abbot-grove-VR/Content/FancyApp/Materials/Main/MI_WoodenWall_123.uasset" 4663
"E:/Repository/732-abbot-grove-VR/Content/Abbot732/Textures/SM_Books_Center_01_DefaultMaterial_BaseColor.uasset" 4664
"E:/Repository/732-abbot-grove-VR/Content/FancyApp/Materials/Main/MI_WoodenWall_122.uasset" 4665
"E:/Repository/732-abbot-grove-VR/Content/Abbot732/Textures/SM_Books_Center_01_DefaultMaterial_OcclusionRoughnessMetallic.uasset" 4666
"E:/Repository/732-abbot-grove-VR/Content/FancyApp/Materials/Main/MI_WoodenWall_124.uasset" 4667
"E:/Repository/732-abbot-grove-VR/Content/Abbot732/Textures/SM_Napkin_DefaultMaterial_Normal.uasset" 4668
"/Game/FancyApp/Materials/Main/MI_WoodenWall_125" 4669
"E:/Repository/732-abbot-grove-VR/Content/Abbot732/Textures/SM_TableLemons_01_Material__2147483647_Normal.uasset" 4670
"E:/Repository/732-abbot-grove-VR/Content/Abbot732/Textures/SM_TableLemons_01_Material__2147483647_BaseColor.uasset" 4671
"E:/Repository/732-abbot-grove-VR/Content/Abbot732/Textures/SM_TableLemons_01_Material__2147483647_OcclusionRoughnessMetallic.uasset" 4672
"E:/Repository/732-abbot-grove-VR/Content/FancyApp/Materials/Main/MI_WoodenWall_121.uasset" 4673
"E:/Repository/732-abbot-grove-VR/Content/Abbot732/Textures/SM_TableLemons_01_Material__2147483646_BaseColor.uasset" 4674
"E:/Repository/732-abbot-grove-VR/Content/Abbot732/Textures/SM_MONET_01_DefaultMaterial_BaseColor.uasset" 4675
"E:/Repository/732-abbot-grove-VR/Content/FancyApp/Materials/Main/MI_WoodenWall_120.uasset" 4676
"E:/Repository/732-abbot-grove-VR/Content/Abbot732/Textures/SM_MONET_01_DefaultMaterial_OcclusionRoughnessMetallic.uasset" 4677
"E:/Repository/732-abbot-grove-VR/Content/Abbot732/Textures/SM_MONET_01_DefaultMaterial_Normal.uasset" 4678
"E:/Repository/732-abbot-grove-VR/Content/FancyApp/Materials/Main/MI_WoodenWall_119.uasset" 4679
"E:/Repository/732-abbot-grove-VR/Content/Abbot732/Textures/SM_Magazine_01_DefaultMaterial_BaseColor.uasset" 4680
"E:/Repository/732-abbot-grove-VR/Content/Abbot732/Textures/SM_Magazine_01_DefaultMaterial_OcclusionRoughnessMetallic.uasset" 4681
"../../../../../Repository/732-abbot-grove-VR/Content/Abbot732/Textures/FabricUp2holsteryCordWeave001_COL_VAR3_6K.uasset" 4682
"../../../../../Repository/732-abbot-grove-VR/Content/Abbot732/Textures/FabricUpholsteryCordWeave001_COL_VAR3_6K.uasset" 4683
"../../../../../Repository/732-abbot-grove-VR/Content/Abbot732/Textures/Gemini_Generated_Image_qdw9duqdw9duqdw9.uasset" 4684
"../../../../../Repository/732-abbot-grove-VR/Content/Abbot732/Textures/NormalMap__36_.uasset" 4685
"/Game/FancyApp/Materials/Main/MI_WoodenWall_126" 4686
"/Game/FancyApp/Materials/Main/MI_WoodenWall_127" 4687
"/Game/FancyApp/Materials/Main/MI_WoodenWall_128" 4688
"/Game/FancyApp/Materials/Main/MI_WoodenWall_129" 4689
"/Game/FancyApp/Materials/Main/MI_WoodenWall_130" 4690
"/Game/FancyApp/Materials/Main/MI_WoodenWall_131" 4691
"/Game/Abbot732/Textures/SM_Napkin_DefaultMaterial_BaseColor" 4692
"E:/Repository/732-abbot-grove-VR/Content/FancyApp/Materials/Main/MI_WoodenWall_117.uasset" 4693
"E:/Repository/732-abbot-grove-VR/Content/Abbot732/Textures/SM_Magazine_02_DefaultMaterial_OcclusionRoughnessMetallic.uasset" 4694
"E:/Repository/732-abbot-grove-VR/Content/FancyApp/Materials/Main/MI_WoodenWall_116.uasset" 4695
"E:/Repository/732-abbot-grove-VR/Content/Abbot732/Textures/SM_Magazine_02_DefaultMaterial_BaseColor.uasset" 4696
"E:/Repository/732-abbot-grove-VR/Content/Abbot732/Textures/SM_WallBooks_01_DefaultMaterial_Normal.uasset" 4697
"E:/Repository/732-abbot-grove-VR/Content/Abbot732/Textures/SM_WallBooks_01_DefaultMaterial_BaseColor.uasset" 4698
"/Game/Abbot732/Textures/SM_Magazine_01_DefaultMaterial_OcclusionRoughnessMetallic" 4699
"E:/Repository/732-abbot-grove-VR/Content/FancyApp/Materials/Main/MI_WoodenWall_115.uasset" 4700
"E:/Repository/732-abbot-grove-VR/Content/Abbot732/Textures/SM_Spheres_01_DefaultMaterial_BaseColor.uasset" 4701
"E:/Repository/732-abbot-grove-VR/Content/FancyApp/Materials/Main/MI_WoodenWall_113.uasset" 4702
"E:/Repository/732-abbot-grove-VR/Content/Abbot732/Textures/SM_Book33_02_DefaultMaterial_BaseColor.uasset" 4703
"E:/Repository/732-abbot-grove-VR/Content/Abbot732/Textures/SM_Book33_02_DefaultMaterial_Normal.uasset" 4704
"E:/Repository/732-abbot-grove-VR/Content/Abbot732/Textures/SM_Book33_02_DefaultMaterial_OcclusionRoughnessMetallic.uasset" 4705
"E:/Repository/732-abbot-grove-VR/Content/FancyApp/Materials/Main/MI_WoodenWall_112.uasset" 4706
"/Game/Abbot732/Textures/SM_Magazine_01_DefaultMaterial_BaseColor" 4707
"E:/Repository/732-abbot-grove-VR/Content/FancyApp/Materials/Main/MI_WoodenWall_118.uasset" 4708
"/Game/FancyApp/Materials/Main/MI_WoodenWall_119" 4709
"/Game/Abbot732/Textures/SM_TableLemons_01_Material__2147483646_BaseColor" 4710
"/Game/FancyApp/Materials/Main/MI_WoodenWall_121" 4711
"/Game/FancyApp/Materials/Main/MI_WoodenWall_122" 4712
"../../../../../Repository/732-abbot-grove-VR/Content/Abbot732/Textures/BoxParfume_LOW_DefaultMaterial_Normal.uasset" 4713
"/Game/FancyApp/Materials/Main/MI_WoodenWall_123" 4714
"/Game/FancyApp/Materials/Main/MI_WoodenWall_124" 4715
"../../../../../Repository/732-abbot-grove-VR/Content/Fab/Megascans/Surfaces/Rough_Rock_xbkgbjq/Medium/xbkgbjq_tier_2/Textures/T_xbkgbjq_2K_B.uasset" 4716
"../../../../../Repository/732-abbot-grove-VR/Content/Fab/Megascans/Surfaces/Rough_Rock_xbkgbjq/Medium/xbkgbjq_tier_2/Textures/T_xbkgbjq_2K_N.uasset" 4717
"../../../../../Repository/732-abbot-grove-VR/Content/Fab/Megascans/Surfaces/Rough_Rock_xbkgbjq/Medium/xbkgbjq_tier_2/Textures/T_xbkgbjq_2K_ORM.uasset" 4718
"E:/Repository/732-abbot-grove-VR/Content/Abbot732/Textures/SM_Book33_04_DefaultMaterial_BaseColor.uasset" 4719
"E:/Repository/732-abbot-grove-VR/Content/Abbot732/Textures/SM_Book33_04_DefaultMaterial_Normal.uasset" 4720
"E:/Repository/732-abbot-grove-VR/Content/Abbot732/Textures/SM_Book33_04_DefaultMaterial_OcclusionRoughnessMetallic.uasset" 4721
"E:/Repository/732-abbot-grove-VR/Content/Abbot732/Textures/SM_Book33_01_DefaultMaterial_BaseColor.uasset" 4722
"E:/Repository/732-abbot-grove-VR/Content/FancyApp/Materials/Main/MI_WoodenWall_110.uasset" 4723
"E:/Repository/732-abbot-grove-VR/Content/Abbot732/Textures/SM_Book33_01_DefaultMaterial_OcclusionRoughnessMetallic.uasset" 4724
"E:/Repository/732-abbot-grove-VR/Content/FancyApp/Materials/Main/MI_WoodenWall_111.uasset" 4725
"E:/Repository/732-abbot-grove-VR/Content/Abbot732/Textures/BoxParfume_LOW_DefaultMaterial_BaseColor.uasset" 4726
"E:/Repository/732-abbot-grove-VR/Content/FancyApp/Materials/Main/MI_WoodenWall_109.uasset" 4727
"E:/Repository/732-abbot-grove-VR/Content/Abbot732/Textures/BoxParfume_LOW_DefaultMaterial_OcclusionRoughnessMetallic.uasset" 4728
"E:/Repository/732-abbot-grove-VR/Content/FancyApp/Materials/Main/MI_WoodenWall_108.uasset" 4729
"E:/Repository/732-abbot-grove-VR/Content/Abbot732/Textures/SM_GlassWaterBoil_02_Material__2147483646_OcclusionRoughnessMetallic.uasset" 4730
"E:/Repository/732-abbot-grove-VR/Content/FancyApp/Materials/Main/MI_WoodenWall_107.uasset" 4731
"E:/Repository/732-abbot-grove-VR/Content/Abbot732/Textures/3d66Model-18159474-files-052.uasset" 4732
"E:/Repository/732-abbot-grove-VR/Content/FancyApp/Materials/Main/MI_WoodenWall_106.uasset" 4733
"E:/Repository/732-abbot-grove-VR/Content/Abbot732/Textures/SM_RoomDecor_02_DefaultMaterial_BaseColor.uasset" 4734
"E:/Repository/732-abbot-grove-VR/Content/Abbot732/Textures/SM_RoomDecor_02_DefaultMaterial_OcclusionRoughnessMetallic.uasset" 4735
"/Game/FancyApp/Materials/Main/MI_WoodenWall_112" 4736
"/Game/FancyApp/Materials/Main/MI_WoodenWall_113" 4737
"/Game/FancyApp/Materials/Main/MI_WoodenWall_115" 4738
"/Game/FancyApp/Materials/Main/MI_WoodenWall_120" 4739
"/Game/FancyApp/Materials/Main/MI_WoodenWall_116" 4740
"../../../../../Repository/732-abbot-grove-VR/Content/Abbot732/Textures/Marble_bc_abbot44.uasset" 4741
"/Game/FancyApp/Materials/Main/MI_WoodenWall_117" 4742
"/Game/Abbot732/Textures/SM_Book33_04_DefaultMaterial_OcclusionRoughnessMetallic" 4743
"/Game/Abbot732/Textures/SM_Book33_04_DefaultMaterial_BaseColor" 4744
"/Game/FancyApp/Materials/Main/MI_WoodenWall_118" 4745
"E:/Repository/732-abbot-grove-VR/Content/Abbot732/Textures/SM_RoomDecor_04_DefaultMaterial_BaseColor.uasset" 4746
"E:/Repository/732-abbot-grove-VR/Content/FancyApp/Materials/Main/MI_WoodenWall_105.uasset" 4747
"E:/Repository/732-abbot-grove-VR/Content/FancyApp/Materials/Main/MI_WoodenWall_104.uasset" 4748
"E:/Repository/732-abbot-grove-VR/Content/FancyApp/Materials/Main/MI_WoodenWall_102.uasset" 4749
"E:/Repository/732-abbot-grove-VR/Content/Abbot732/Textures/3d66Model-18159474-files-051.uasset" 4750
"E:/Repository/732-abbot-grove-VR/Content/Abbot732/Textures/3d66Model-18159474-files-049.uasset" 4751
"E:/Repository/732-abbot-grove-VR/Content/FancyApp/Materials/Main/MI_WoodenWall_103.uasset" 4752
"E:/Repository/732-abbot-grove-VR/Content/FancyApp/Materials/Main/MI_WoodenWall_101.uasset" 4753
"/Game/Abbot732/Textures/SM_RoomDecor_02_DefaultMaterial_BaseColor" 4754
"E:/Repository/732-abbot-grove-VR/Content/FancyApp/Materials/Main/MI_WoodenWall_99.uasset" 4755
"E:/Repository/732-abbot-grove-VR/Content/FancyApp/Materials/Main/MI_WoodenWall_100.uasset" 4756
"E:/Repository/732-abbot-grove-VR/Content/FancyApp/Materials/Main/MI_WoodenWall_97.uasset" 4757
"E:/Repository/732-abbot-grove-VR/Content/FancyApp/Materials/Main/MI_WoodenWall_98.uasset" 4758
"E:/Repository/732-abbot-grove-VR/Content/FancyApp/Materials/Main/MI_WoodenWall_96.uasset" 4759
"E:/Repository/732-abbot-grove-VR/Content/Abbot732/Textures/SM_PalmSmall_01_Material__2147483646_OcclusionRoughnessMetallic.uasset" 4760
"E:/Repository/732-abbot-grove-VR/Content/Abbot732/Mesh/jjjf_t.uasset" 4761
"E:/Repository/732-abbot-grove-VR/Content/FancyApp/Materials/Main/MI_WoodenWall_92.uasset" 4762
"E:/Repository/732-abbot-grove-VR/Content/Abbot732/Textures/SM_PalmSmall_01_Material__2147483646_BaseColor.uasset" 4763
"/Game/FancyApp/Materials/Main/MI_WoodenWall_106" 4764
"/Game/FancyApp/Materials/Main/MI_WoodenWall_107" 4765
"/Game/FancyApp/Materials/Main/MI_WoodenWall_108" 4766
"../../../../../Repository/732-abbot-grove-VR/Content/Abbot732/Textures/SM_GlassWaterBoil_02_Material__2147483646_BaseColor.uasset" 4767
"../../../../../Repository/732-abbot-grove-VR/Content/Abbot732/Textures/SM_GlassWaterBoil_02_Material__2147483646_Normal.uasset" 4768
"/Game/FancyApp/Materials/Main/MI_WoodenWall_109" 4769
"/Game/FancyApp/Materials/Main/MI_WoodenWall_110" 4770
"/Game/FancyApp/Materials/Main/MI_WoodenWall_111" 4771
"/Game/FancyApp/Materials/Main/MI_WoodenWall_105" 4772
"E:/Repository/732-abbot-grove-VR/Content/Abbot732/Mesh/NormalMap__40_.uasset" 4773
"E:/Repository/732-abbot-grove-VR/Content/FancyApp/Materials/Main/MI_WoodenWall_91.uasset" 4774
"E:/Repository/732-abbot-grove-VR/Content/Abbot732/Textures/SM_Bench_01_Material__-2147483625_OcclusionRoughnessMetallic.uasset" 4775
"E:/Repository/732-abbot-grove-VR/Content/FancyApp/Materials/Main/MI_WoodenWall_89.uasset" 4776
"E:/Repository/732-abbot-grove-VR/Content/FancyApp/Materials/Main/MI_WoodenWall_90.uasset" 4777
"E:/Repository/732-abbot-grove-VR/Content/Abbot732/Textures/SM_Bench_01_Material__-2147483625_BaseColor.uasset" 4778
"E:/Repository/732-abbot-grove-VR/Content/Abbot732/Mesh/NormalMap__39_.uasset" 4779
"E:/Repository/732-abbot-grove-VR/Content/Abbot732/Textures/SM_Bench_01_Material__2147483647_BaseColor.uasset" 4780
"/Game/Abbot732/Textures/SM_PalmSmall_01_Material__2147483646_OcclusionRoughnessMetallic" 4781
"E:/Repository/732-abbot-grove-VR/Content/Abbot732/Textures/SM_Bench_01_Material__2147483647_OcclusionRoughnessMetallic.uasset" 4782
"E:/Repository/732-abbot-grove-VR/Content/Abbot732/Textures/SM_Bench_01_Material__2147483647_Normal.uasset" 4783
"E:/Repository/732-abbot-grove-VR/Content/FancyApp/Materials/Main/MI_WoodenWall_88.uasset" 4784
"E:/Repository/732-abbot-grove-VR/Content/Abbot732/Textures/SM_Bench_01_Material__2147483646_BaseColor.uasset" 4785
"E:/Repository/732-abbot-grove-VR/Content/Abbot732/Textures/SM_Bench_01_Material__2147483646_Normal.uasset" 4786
"E:/Repository/732-abbot-grove-VR/Content/Abbot732/Textures/SM_Bench_01_Material__2147483646_OcclusionRoughnessMetallic.uasset" 4787
"E:/Repository/732-abbot-grove-VR/Content/FancyApp/Materials/Main/MI_WoodenWall_86.uasset" 4788
"E:/Repository/732-abbot-grove-VR/Content/FancyApp/Materials/Main/MI_WoodenWall_87.uasset" 4789
"/Game/Abbot732/Textures/SM_PalmSmall_01_Material__2147483646_BaseColor" 4790
"/Game/Abbot732/Mesh/jjjf_t" 4791
"/Game/FancyApp/Materials/Main/MI_WoodenWall_92" 4792
"/Game/FancyApp/Materials/Main/MI_WoodenWall_96" 4793
"/Game/FancyApp/Materials/Main/MI_WoodenWall_97" 4794
"../../../../../Repository/732-abbot-grove-VR/Content/Abbot732/Textures/3d66Model-22941453-files-038.uasset" 4795
"../../../../../Repository/732-abbot-grove-VR/Content/Abbot732/Textures/3d66Model-22941453-files-045.uasset" 4796
"../../../../../Repository/732-abbot-grove-VR/Content/Abbot732/Textures/minimalistic_style_bed_003-002_cgsan_com.uasset" 4797
"/Game/FancyApp/Materials/Main/MI_WoodenWall_98" 4798
"/Game/FancyApp/Materials/Main/MI_WoodenWall_99" 4799
"/Game/FancyApp/Materials/Main/MI_WoodenWall_100" 4800
"/Game/FancyApp/Materials/Main/MI_WoodenWall_101" 4801
"/Game/FancyApp/Materials/Main/MI_WoodenWall_102" 4802
"/Game/FancyApp/Materials/Main/MI_WoodenWall_103" 4803
"/Game/Abbot732/Mesh/NormalMap__40_" 4804
"/Game/FancyApp/Materials/Main/MI_WoodenWall_104" 4805
"E:/Repository/732-abbot-grove-VR/Content/FancyApp/Materials/Main/MI_WoodenWall_82.uasset" 4806
"E:/Repository/732-abbot-grove-VR/Content/FancyApp/Materials/Main/MI_WoodenWall_85.uasset" 4807
"E:/Repository/732-abbot-grove-VR/Content/FancyApp/Materials/Main/MI_WoodenWall_77.uasset" 4808
"E:/Repository/732-abbot-grove-VR/Content/FancyApp/Materials/Main/MI_WoodenWall_83.uasset" 4809
"E:/Repository/732-abbot-grove-VR/Content/Abbot732/Textures/Unt333itled-1.uasset" 4810
"E:/Repository/732-abbot-grove-VR/Content/FancyApp/Materials/Main/MI_WoodenWall_81.uasset" 4811
"E:/Repository/732-abbot-grove-VR/Content/Abbot732/Textures/SM_Bra2_Material__2147483646_BaseColor.uasset" 4812
"E:/Repository/732-abbot-grove-VR/Content/Abbot732/Textures/SM_Bra2_Material__2147483646_OcclusionRoughnessMetallic.uasset" 4813
"E:/Repository/732-abbot-grove-VR/Content/Abbot732/Textures/Untitled001-1.uasset" 4814
"E:/Repository/732-abbot-grove-VR/Content/FancyApp/Materials/Main/MI_WoodenWall_76.uasset" 4815
"E:/Repository/732-abbot-grove-VR/Content/Abbot732/Textures/SM_Window_06_Material__2147483646_BaseColor.uasset" 4816
"E:/Repository/732-abbot-grove-VR/Content/Abbot732/Textures/SM_Window_06_Material__2147483646_OcclusionRoughnessMetallic.uasset" 4817
"E:/Repository/732-abbot-grove-VR/Content/FancyApp/Materials/Main/MI_WoodenWall_74.uasset" 4818
"/Game/FancyApp/Materials/Main/MI_WoodenWall_86" 4819
"E:/Repository/732-abbot-grove-VR/Content/Abbot732/Textures/NormalMap__38_.uasset" 4820
"E:/Repository/732-abbot-grove-VR/Content/Abbot732/Textures/tiles000WC_color.uasset" 4821
"E:/Repository/732-abbot-grove-VR/Content/FancyApp/Materials/Main/MI_WoodenWall_73.uasset" 4822
"E:/Repository/732-abbot-grove-VR/Content/FancyApp/Materials/Main/MI_WoodenWall_72.uasset" 4823
"../../../../../Repository/732-abbot-grove-VR/Content/Abbot732/Textures/brushedReflGls.uasset" 4824
"../../../../../Repository/732-abbot-grove-VR/Content/Abbot732/Mesh/Single/SM_KitchenChair.uasset" 4825
"/Game/FancyApp/Materials/Main/MI_WoodenWall_87" 4826
"/Game/FancyApp/Materials/Main/MI_WoodenWall_88" 4827
"/Game/FancyApp/Materials/Main/MI_WoodenWall_89" 4828
"/Game/FancyApp/Materials/Main/MI_WoodenWall_90" 4829
"/Game/FancyApp/Materials/Main/MI_WoodenWall_91" 4830
"../../../../../Repository/732-abbot-grove-VR/Content/Abbot732/Textures/9994.uasset" 4831
"/Game/FancyApp/Materials/Main/MI_WoodenWall_82" 4832
"../../../../../Repository/732-abbot-grove-VR/Content/Abbot732/Textures/marble_abbot_bc_04.uasset" 4833
"/Game/FancyApp/Materials/Main/MI_WoodenWall_83" 4834
"/Game/FancyApp/Materials/Main/MI_WoodenWall_85" 4835
"E:/Repository/732-abbot-grove-VR/Content/Abbot732/Textures/1212121kkjkj.uasset" 4836
"E:/Repository/732-abbot-grove-VR/Content/Abbot732/Textures/Untit98989898led-3.uasset" 4837
"E:/Repository/732-abbot-grove-VR/Content/Abbot732/Textures/Unti12121221tled-3.uasset" 4838
"E:/Repository/732-abbot-grove-VR/Content/FancyApp/Materials/Main/MI_WoodenWall_71.uasset" 4839
"E:/Repository/732-abbot-grove-VR/Content/FancyApp/Materials/Main/MI_WoodenWall_69.uasset" 4840
"E:/Repository/732-abbot-grove-VR/Content/FancyApp/Materials/Main/MI_WoodenWall_68.uasset" 4841
"E:/Repository/732-abbot-grove-VR/Content/Abbot732/Textures/999114.uasset" 4842
"E:/Repository/732-abbot-grove-VR/Content/FancyApp/Materials/Main/MI_WoodenWall_70.uasset" 4843
"E:/Repository/732-abbot-grove-VR/Content/Abbot732/Textures/NormalMap__3993_.uasset" 4844
"E:/Repository/732-abbot-grove-VR/Content/FancyApp/Materials/Main/MI_WoodenWall_66.uasset" 4845
"E:/Repository/732-abbot-grove-VR/Content/FancyApp/Materials/Main/MI_WoodenWall_65.uasset" 4846
"/Game/FancyApp/Materials/Main/MI_WoodenWall_72" 4847
"E:/Repository/732-abbot-grove-VR/Content/FancyApp/Materials/Main/MI_WoodenWall_64.uasset" 4848
"E:/Repository/732-abbot-grove-VR/Content/Abbot732/Textures/Marble_bc_abbot3.uasset" 4849
"E:/Repository/732-abbot-grove-VR/Content/Abbot732/Textures/NormalMap__33_.uasset" 4850
"E:/Repository/732-abbot-grove-VR/Content/Abbot732/Textures/9991_DefaultMaterial_BaseColor.uasset" 4851
"E:/Repository/732-abbot-grove-VR/Content/Abbot732/Textures/9991_DefaultMaterial_Normal.uasset" 4852
"E:/Repository/732-abbot-grove-VR/Content/Abbot732/Textures/9991_DefaultMaterial_OcclusionRoughnessMetallic.uasset" 4853
"E:/Repository/732-abbot-grove-VR/Content/FancyApp/Materials/Main/MI_WoodenWall_61.uasset" 4854
"/Game/Abbot732/Textures/tiles000WC_color" 4855
"/Game/Abbot732/Textures/SM_Window_06_Material__2147483646_OcclusionRoughnessMetallic" 4856
"/Game/Abbot732/Textures/NormalMap__38_" 4857
"/Game/FancyApp/Materials/Main/MI_WoodenWall_74" 4858
"../../../../../Repository/732-abbot-grove-VR/Content/Abbot732/Textures/prod18150429_E212552635_Ob.uasset" 4859
"/Game/FancyApp/Materials/Main/MI_WoodenWall_73" 4860
"/Game/FancyApp/Materials/Main/MI_WoodenWall_76" 4861
"/Game/FancyApp/Materials/Main/MI_WoodenWall_77" 4862
"/Game/FancyApp/Materials/Main/MI_WoodenWall_81" 4863
"/Game/Abbot732/Textures/1212121kkjkj" 4864
"/Game/FancyApp/Materials/Main/MI_WoodenWall_71" 4865
"E:/Repository/732-abbot-grove-VR/Content/Abbot732/Textures/SM_PIct2ure_Material__2147483647_BaseColor.uasset" 4866
"E:/Repository/732-abbot-grove-VR/Content/Abbot732/Textures/SM_PIcture_Material__2147483647_OcclusionRoughnessMetallic.uasset" 4867
"E:/Repository/732-abbot-grove-VR/Content/Abbot732/Textures/SM_PIcture_Material__2147483647_BaseColor.uasset" 4868
"E:/Repository/732-abbot-grove-VR/Content/Abbot732/Textures/SM_PIcture_Material__2147483646_Normal.uasset" 4869
"E:/Repository/732-abbot-grove-VR/Content/Abbot732/Textures/SM_PIcture_Material__2147483646_OcclusionRoughnessMetallic.uasset" 4870
"E:/Repository/732-abbot-grove-VR/Content/FancyApp/Materials/Main/MI_WoodenWall_59.uasset" 4871
"E:/Repository/732-abbot-grove-VR/Content/Abbot732/Textures/SM_PIcture_Material__2147483646_BaseColor.uasset" 4872
"E:/Repository/732-abbot-grove-VR/Content/FancyApp/Materials/Main/MI_WoodenWall_60.uasset" 4873
"/Game/FancyApp/Materials/Main/MI_WoodenWall_61" 4874
"E:/Repository/732-abbot-grove-VR/Content/FancyApp/Materials/Main/MI_WoodenWall_58.uasset" 4875
"E:/Repository/732-abbot-grove-VR/Content/Abbot732/Textures/SM_ChairBed__DefaultMaterial_BaseColor.uasset" 4876
"E:/Repository/732-abbot-grove-VR/Content/FancyApp/Materials/Main/MI_WoodenWall_57.uasset" 4877
"E:/Repository/732-abbot-grove-VR/Content/Abbot732/Textures/SM_CellLamp_2_DefaultMaterial_BaseColor.uasset" 4878
"E:/Repository/732-abbot-grove-VR/Content/Abbot732/Textures/SM_ChairBed__DefaultMaterial_OcclusionRoughnessMetallic.uasset" 4879
"E:/Repository/732-abbot-grove-VR/Content/Abbot732/Textures/SM_CellLamp_2_DefaultMaterial_Emissive.uasset" 4880
"E:/Repository/732-abbot-grove-VR/Content/Abbot732/Textures/SM_ChairBed__DefaultMaterial_Normal.uasset" 4881
"E:/Repository/732-abbot-grove-VR/Content/Abbot732/Textures/SM_CellLamp_2_DefaultMaterial_Normal.uasset" 4882
"/Game/FancyApp/Materials/Main/MI_WoodenWall_64" 4883
"/Game/FancyApp/Materials/Main/MI_WoodenWall_65" 4884
"/Game/FancyApp/Materials/Main/MI_WoodenWall_66" 4885
"/Game/FancyApp/Materials/Main/MI_WoodenWall_68" 4886
"/Game/FancyApp/Materials/Main/MI_WoodenWall_69" 4887
"/Game/FancyApp/Materials/Main/MI_WoodenWall_70" 4888
"../../../../../Repository/732-abbot-grove-VR/Content/Abbot732/Textures/minimalistic_style_bed_003-005_cgsan_com.uasset" 4889
"../../../../../Repository/732-abbot-grove-VR/Content/Abbot732/Textures/minimalistic_style_bed_003-006_cgsan_com.uasset" 4890
"E:/Repository/732-abbot-grove-VR/Content/FancyApp/Materials/Main/MI_WoodenWall_56.uasset" 4891
"E:/Repository/732-abbot-grove-VR/Content/Abbot732/Textures/SM_BarStool_DefaultMaterial_BaseColor.uasset" 4892
"E:/Repository/732-abbot-grove-VR/Content/FancyApp/Materials/Main/MI_WoodenWall_53.uasset" 4893
"E:/Repository/732-abbot-grove-VR/Content/Abbot732/Textures/SM_BarStool_DefaultMaterial_OcclusionRoughnessMetallic.uasset" 4894
"E:/Repository/732-abbot-grove-VR/Content/Abbot732/Textures/round__ao.uasset" 4895
"E:/Repository/732-abbot-grove-VR/Content/Abbot732/Textures/SM_BarStool_DefaultMaterial_Normal.uasset" 4896
"E:/Repository/732-abbot-grove-VR/Content/Abbot732/Textures/SM_CellLamp_2_DefaultMaterial_OcclusionRoughnessMetallic.uasset" 4897
"E:/Repository/732-abbot-grove-VR/Content/Abbot732/Textures/round__n.uasset" 4898
"E:/Repository/732-abbot-grove-VR/Content/Abbot732/Textures/SM_Plant01_001_Material__2147483646_BaseColor.uasset" 4899
"E:/Repository/732-abbot-grove-VR/Content/FancyApp/Materials/Main/MI_WoodenWall_51.uasset" 4900
"E:/Repository/732-abbot-grove-VR/Content/Abbot732/Textures/SM_Plant01_001_Material__2147483646_Normal.uasset" 4901
"E:/Repository/732-abbot-grove-VR/Content/Abbot732/Textures/SM_Plant01_001_Material__2147483646_OcclusionRoughnessMetallic.uasset" 4902
"E:/Repository/732-abbot-grove-VR/Content/FancyApp/Materials/Main/MI_WoodenWall_50.uasset" 4903
"E:/Repository/732-abbot-grove-VR/Content/Abbot732/Textures/SM_DeskLamp_01_Material__2147483646_BaseColor.uasset" 4904
"E:/Repository/732-abbot-grove-VR/Content/Abbot732/Textures/SM_DeskLamp_01_Material__2147483646_Normal.uasset" 4905
"E:/Repository/732-abbot-grove-VR/Content/Abbot732/Textures/SM_DeskLamp_01_Material__2147483646_OcclusionRoughnessMetallic.uasset" 4906
"/Game/Abbot732/Textures/SM_CellLamp_2_DefaultMaterial_Normal" 4907
"/Game/Abbot732/Textures/SM_CellLamp_2_DefaultMaterial_Emissive" 4908
"/Game/Abbot732/Textures/SM_CellLamp_2_DefaultMaterial_BaseColor" 4909
"/Game/FancyApp/Materials/Main/MI_WoodenWall_57" 4910
"/Game/FancyApp/Materials/Main/MI_WoodenWall_58" 4911
"/Game/FancyApp/Materials/Main/MI_WoodenWall_59" 4912
"/Game/FancyApp/Materials/Main/MI_WoodenWall_60" 4913
"E:/Repository/732-abbot-grove-VR/Content/FancyApp/Materials/Main/MI_WoodenWall_49.uasset" 4914
"E:/Repository/732-abbot-grove-VR/Content/FancyApp/Materials/Main/MI_WoodenWall_44.uasset" 4915
"E:/Repository/732-abbot-grove-VR/Content/FancyApp/Materials/Main/MI_WoodenWall_45.uasset" 4916
"E:/Repository/732-abbot-grove-VR/Content/FancyApp/Materials/Main/MI_WoodenWall_47.uasset" 4917
"E:/Repository/732-abbot-grove-VR/Content/Abbot732/Textures/Marble11_COL_6K.uasset" 4918
"E:/Repository/732-abbot-grove-VR/Content/FancyApp/Materials/Main/MI_WoodenWall_48.uasset" 4919
"E:/Repository/732-abbot-grove-VR/Content/FancyApp/Materials/Main/MI_WoodenWall_43.uasset" 4920
"E:/Repository/732-abbot-grove-VR/Content/FancyApp/Materials/Main/MI_WoodenWall_37.uasset" 4921
"E:/Repository/732-abbot-grove-VR/Content/FancyApp/Materials/Main/MI_WoodenWall_38.uasset" 4922
"E:/Repository/732-abbot-grove-VR/Content/FancyApp/Materials/Main/MI_WoodenWall_42.uasset" 4923
"/Game/Abbot732/Textures/round__ao" 4924
"E:/Repository/732-abbot-grove-VR/Content/FancyApp/Materials/Main/MI_WoodenWall_36.uasset" 4925
"E:/Repository/732-abbot-grove-VR/Content/FancyApp/Materials/Main/MI_WoodenWall_35.uasset" 4926
"E:/Repository/732-abbot-grove-VR/Content/FancyApp/Materials/Main/MI_WoodenWall_34.uasset" 4927
"E:/Repository/732-abbot-grove-VR/Content/Abbot732/Textures/3d66Model-12526513-files-7.uasset" 4928
"E:/Repository/732-abbot-grove-VR/Content/FancyApp/Materials/Main/MI_WoodenWall_33.uasset" 4929
"E:/Repository/732-abbot-grove-VR/Content/FancyApp/Materials/Main/MI_WoodenWall_32.uasset" 4930
"/Game/Abbot732/Textures/SM_Plant01_001_Material__2147483646_Normal" 4931
"/Game/Abbot732/Textures/SM_Plant01_001_Material__2147483646_BaseColor" 4932
"/Game/FancyApp/Materials/Main/MI_WoodenWall_51" 4933
"/Game/FancyApp/Materials/Main/MI_WoodenWall_53" 4934
"/Game/FancyApp/Materials/Main/MI_WoodenWall_56" 4935
"/Game/FancyApp/Materials/Main/MI_WoodenWall_49" 4936
"/Game/Abbot732/Textures/SM_Plant01_001_Material__2147483646_OcclusionRoughnessMetallic" 4937
"/Game/FancyApp/Materials/Main/MI_WoodenWall_50" 4938
"E:/Repository/732-abbot-grove-VR/Content/Abbot732/Textures/Linen_basecolor.uasset" 4939
"E:/Repository/732-abbot-grove-VR/Content/FancyApp/Materials/Main/MI_WoodenWall_28.uasset" 4940
"E:/Repository/732-abbot-grove-VR/Content/FancyApp/Materials/Main/MI_WoodenWall_29.uasset" 4941
"E:/Repository/732-abbot-grove-VR/Content/FancyApp/Materials/Main/MI_WoodenWall_27.uasset" 4942
"E:/Repository/732-abbot-grove-VR/Content/Abbot732/Textures/prod18150429_E212552635_O.uasset" 4943
"E:/Repository/732-abbot-grove-VR/Content/FancyApp/Materials/Main/MI_WoodenWall_31.uasset" 4944
"E:/Repository/732-abbot-grove-VR/Content/FancyApp/Materials/Main/MI_WoodenWall_30.uasset" 4945
"E:/Repository/732-abbot-grove-VR/Content/FancyApp/Materials/Main/MI_WoodenWall_26.uasset" 4946
"/Game/FancyApp/Materials/Main/MI_WoodenWall_32" 4947
"E:/Repository/732-abbot-grove-VR/Content/FancyApp/Materials/Main/MI_WoodenWall_25.uasset" 4948
"E:/Repository/732-abbot-grove-VR/Content/FancyApp/Materials/Main/MI_WoodenWall_24.uasset" 4949
"E:/Repository/732-abbot-grove-VR/Content/FancyApp/Materials/Main/MI_WoodenWall_23.uasset" 4950
"E:/Repository/732-abbot-grove-VR/Content/FancyApp/Materials/Main/M_MainMaterial_05.uasset" 4951
"E:/Repository/732-abbot-grove-VR/Content/Abbot732/Textures/mp_reflect.uasset" 4952
"E:/Repository/732-abbot-grove-VR/Content/FancyApp/Materials/Main/MI_WoodenWall_22.uasset" 4953
"E:/Repository/732-abbot-grove-VR/Content/FancyApp/Materials/Main/MI_WoodenWall_21.uasset" 4954
"E:/Repository/732-abbot-grove-VR/Content/FancyApp/Materials/Main/MI_WoodenWall_20.uasset" 4955
"E:/Repository/732-abbot-grove-VR/Content/FancyApp/Materials/Main/MI_WoodenWall_19.uasset" 4956
"/Game/FancyApp/Materials/Main/MI_WoodenWall_33" 4957
"/Game/FancyApp/Materials/Main/MI_WoodenWall_34" 4958
"../../../../../Repository/732-abbot-grove-VR/Content/Abbot732/Textures/3d66Model-16629446-files-001.uasset" 4959
"/Game/FancyApp/Materials/Main/MI_WoodenWall_37" 4960
"/Game/FancyApp/Materials/Main/MI_WoodenWall_38" 4961
"/Game/FancyApp/Materials/Main/MI_WoodenWall_42" 4962
"/Game/FancyApp/Materials/Main/MI_WoodenWall_43" 4963
"/Game/FancyApp/Materials/Main/MI_WoodenWall_44" 4964
"/Game/FancyApp/Materials/Main/MI_WoodenWall_45" 4965
"/Game/FancyApp/Materials/Main/MI_WoodenWall_47" 4966
"/Game/FancyApp/Materials/Main/MI_WoodenWall_48" 4967
"/Game/FancyApp/Materials/Main/MI_WoodenWall_28" 4968
"E:/Repository/732-abbot-grove-VR/Content/FancyApp/Materials/Main/MI_WoodenWall_18.uasset" 4969
"E:/Repository/732-abbot-grove-VR/Content/Abbot732/Textures/braided-jute-texture_seamless.uasset" 4970
"E:/Repository/732-abbot-grove-VR/Content/FancyApp/Materials/Main/MI_WoodenWall_16.uasset" 4971
"E:/Repository/732-abbot-grove-VR/Content/FancyApp/Materials/Main/MI_WoodenWall_17.uasset" 4972
"E:/Repository/732-abbot-grove-VR/Content/Abbot732/Textures/NormalMap__34_.uasset" 4973
"E:/Repository/732-abbot-grove-VR/Content/Abbot732/Textures/braided-jute-texture_seamless_NRM.uasset" 4974
"E:/Repository/732-abbot-grove-VR/Content/Abbot732/Textures/Untitled00-1.uasset" 4975
"E:/Repository/732-abbot-grove-VR/Content/FancyApp/Materials/Main/MI_WoodenWall_15.uasset" 4976
"E:/Repository/732-abbot-grove-VR/Content/FancyApp/Materials/Main/MI_WoodenWall_14.uasset" 4977
"E:/Repository/732-abbot-grove-VR/Content/FancyApp/Textures/WoodenWall/WoodFine07_COL_6K.uasset" 4978
"E:/Repository/732-abbot-grove-VR/Content/FancyApp/Materials/Main/MI_WoodenWall_13.uasset" 4979
"/Game/FancyApp/Materials/Main/MI_WoodenWall_19" 4980
"E:/Repository/732-abbot-grove-VR/Content/FancyApp/Materials/Main/MI_WoodenWall_10.uasset" 4981
"E:/Repository/732-abbot-grove-VR/Content/FancyApp/Materials/M_SolidANdNormal_Inst6.uasset" 4982
"E:/Repository/732-abbot-grove-VR/Content/FancyApp/Materials/M_SolidANdNormal_Inst4.uasset" 4983
"/Game/FancyApp/Materials/Main/MI_WoodenWall_35" 4984
"/Game/FancyApp/Materials/Main/MI_WoodenWall_36" 4985
"/Game/FancyApp/Materials/Main/MI_WoodenWall_20" 4986
"/Game/FancyApp/Materials/Main/MI_WoodenWall_22" 4987
"/Game/FancyApp/Materials/Main/MI_WoodenWall_23" 4988
"/Game/FancyApp/Materials/Main/MI_WoodenWall_24" 4989
"/Game/FancyApp/Materials/Main/MI_WoodenWall_25" 4990
"/Game/FancyApp/Materials/Main/MI_WoodenWall_26" 4991
"/Game/FancyApp/Materials/Main/MI_WoodenWall_27" 4992
"/Game/FancyApp/Materials/Main/MI_WoodenWall_29" 4993
"/Game/FancyApp/Materials/Main/MI_WoodenWall_30" 4994
"/Game/FancyApp/Materials/Main/MI_WoodenWall_31" 4995
"E:/Repository/732-abbot-grove-VR/Content/Abbot732/Back/732_360_Panorama.uasset" 4996
"E:/Repository/732-abbot-grove-VR/Content/FancyApp/Materials/M_SolidANdNormal_Inst7.uasset" 4997
"E:/Repository/732-abbot-grove-VR/Content/FancyApp/Textures/MainWalls/T_qj2luvs0_4K_N.uasset" 4998
"E:/Repository/732-abbot-grove-VR/Content/FancyApp/Materials/M_SolidANdNormal_Inst8.uasset" 4999
"E:/Repository/732-abbot-grove-VR/Content/FancyApp/Materials/M_UnlitMaterial_Inst1.uasset" 5000
"E:/Repository/732-abbot-grove-VR/Content/FancyApp/Materials/M_UnlitMaterial.uasset" 5001
"/Game/FancyApp/Materials/Main/MI_WoodenWall_10" 5002
"E:/Repository/732-abbot-grove-VR/Content/FancyApp/Textures/Background/M_Background.uasset" 5003
"E:/Repository/732-abbot-grove-VR/Content/FancyApp/Textures/Background/M_Background_Inst3.uasset" 5004
"E:/Repository/732-abbot-grove-VR/Content/FancyApp/Textures/Clocks/MI_Clocks2.uasset" 5005
"../../../Engine/Content/MapTemplates/Sky/Desert_Outer_HDR.uasset" 5006
"E:/Repository/732-abbot-grove-VR/Content/FancyApp/Textures/Clocks/M_Clocks_01.uasset" 5007
"E:/Repository/732-abbot-grove-VR/Content/FancyApp/Textures/Clocks/T_twodots.uasset" 5008
"E:/Repository/732-abbot-grove-VR/Content/FancyApp/Textures/Clocks/MI_Clocks3.uasset" 5009
"E:/Repository/732-abbot-grove-VR/Content/FancyApp/Textures/Clocks/T_9.uasset" 5010
"E:/Repository/732-abbot-grove-VR/Content/FancyApp/Textures/Clocks/T_8.uasset" 5011
"E:/Repository/732-abbot-grove-VR/Content/FancyApp/Materials/M_SolidANdNormal.uasset" 5012
"E:/Repository/732-abbot-grove-VR/Content/FancyApp/Textures/Background/Sequence_Barckground_Panoramic_CineCameraActor_0015.uasset" 5013
"/Game/FancyApp/Materials/Main/MI_WoodenWall_13" 5014
"/Game/FancyApp/Materials/Main/MI_WoodenWall_21" 5015
"/Game/FancyApp/Materials/Main/MI_WoodenWall_14" 5016
"/Game/FancyApp/Materials/Main/MI_WoodenWall_15" 5017
"/Game/FancyApp/Materials/Main/MI_WoodenWall_16" 5018
"/Game/FancyApp/Materials/Main/MI_WoodenWall_17" 5019
"/Game/FancyApp/Materials/Main/MI_WoodenWall_18" 5020
"E:/Repository/732-abbot-grove-VR/Content/FancyApp/Textures/Clocks/T_3.uasset" 5021
"E:/Repository/732-abbot-grove-VR/Content/FancyApp/Textures/Clocks/T_1.uasset" 5022
"E:/Repository/732-abbot-grove-VR/Content/FancyApp/Textures/Clocks/T_2.uasset" 5023
"E:/Repository/732-abbot-grove-VR/Content/FancyApp/Textures/Clocks/T_5.uasset" 5024
"E:/Repository/732-abbot-grove-VR/Content/FancyApp/Textures/Clocks/T_4.uasset" 5025
"E:/Repository/732-abbot-grove-VR/Content/FancyApp/Textures/Clocks/T_7.uasset" 5026
"E:/Repository/732-abbot-grove-VR/Content/FancyApp/Textures/Clocks/T_6.uasset" 5027
"/Game/FancyApp/Materials/M_SolidANdNormal_Inst6" 5028
"E:/Repository/732-abbot-grove-VR/Content/FancyApp/Textures/Clocks/T_0.uasset" 5029
"E:/Repository/732-abbot-grove-VR/Content/FancyApp/Blueprints/Loading_Base.uasset" 5030
"E:/Repository/732-abbot-grove-VR/Content/FancyApp/Blueprints/WBP_Loading.uasset" 5031
"E:/Repository/732-abbot-grove-VR/Content/FancyApp/Blueprints/BP_WarmupCamera.uasset" 5032
"E:/Repository/732-abbot-grove-VR/Content/FancyApp/Blueprints/Loading_Progress.uasset" 5033
"E:/Repository/732-abbot-grove-VR/Content/FancyApp/Blueprints/BP_DigitalClock1.uasset" 5034
"/Game/FancyApp/Materials/M_SolidANdNormal_Inst4" 5035
"/Game/FancyApp/Textures/Clocks/T_8" 5036
"/Game/FancyApp/Textures/Clocks/T_9" 5037
"/Game/FancyApp/Textures/Clocks/T_twodots" 5038
"/Engine/MapTemplates/Sky/Desert_Outer_HDR" 5039
"/Game/FancyApp/Textures/Background/M_Background_Inst3" 5040
"/Game/FancyApp/Materials/M_UnlitMaterial_Inst1" 5041
"/Game/FancyApp/Materials/M_SolidANdNormal_Inst8" 5042
"/Game/FancyApp/Materials/M_SolidANdNormal_Inst7" 5043
"E:/Repository/732-abbot-grove-VR/Content/FancyApp/Blueprints/BP_WarmupManager.uasset" 5044
"E:/Repository/732-abbot-grove-VR/Content/FancyApp/Blueprints/BP_WarmupSphere.uasset" 5045
"E:/Repository/732-abbot-grove-VR/Content/FancyApp/Materials/Main/MI_GlassMaterial_05.uasset" 5046
"E:/Repository/732-abbot-grove-VR/Content/FancyApp/Materials/Main/MI_Solid_03.uasset" 5047
"E:/Repository/732-abbot-grove-VR/Content/FancyApp/Blueprints/NewMaterial.uasset" 5048
"E:/Repository/732-abbot-grove-VR/Content/FancyApp/Meshes/1/SM_TV_01.uasset" 5049
"E:/Repository/732-abbot-grove-VR/Content/FancyApp/Blueprints/SM_SphereLoading.uasset" 5050
"E:/Repository/732-abbot-grove-VR/Content/FancyApp/Materials/Main/MI_Solid_51.uasset" 5051
"E:/Repository/732-abbot-grove-VR/Content/FancyApp/Materials/Main/MI_Solid_50.uasset" 5052
"/Game/FancyApp/Blueprints/WBP_Loading" 5053
"E:/Repository/732-abbot-grove-VR/Content/FancyApp/Materials/Main/MI_Solid_48.uasset" 5054
"E:/Repository/732-abbot-grove-VR/Content/FancyApp/Materials/Main/MI_Solid_49.uasset" 5055
"E:/Repository/732-abbot-grove-VR/Content/FancyApp/Materials/Main/MI_Solid_45.uasset" 5056
"E:/Repository/732-abbot-grove-VR/Content/FancyApp/Materials/Main/MI_Solid_47.uasset" 5057
"E:/Repository/732-abbot-grove-VR/Content/FancyApp/Materials/Main/MI_Solid_44.uasset" 5058
"E:/Repository/732-abbot-grove-VR/Content/FancyApp/Materials/Main/MI_Solid_42.uasset" 5059
"E:/Repository/732-abbot-grove-VR/Content/FancyApp/Materials/Main/MI_Solid_43.uasset" 5060
"/Game/FancyApp/Textures/Clocks/MI_Clocks3" 5061
"/Game/FancyApp/Textures/Clocks/MI_Clocks2" 5062
"/Game/FancyApp/Blueprints/BP_DigitalClock1" 5063
"/Game/FancyApp/Materials/Main/MI_Solid_03" 5064
"/Game/FancyApp/Materials/Main/MI_GlassMaterial_05" 5065
"/Game/FancyApp/Blueprints/NewMaterial" 5066
"E:/Repository/732-abbot-grove-VR/Content/FancyApp/Materials/Main/MI_Solid_37.uasset" 5067
"E:/Repository/732-abbot-grove-VR/Content/FancyApp/Materials/Main/MI_Solid_36.uasset" 5068
"E:/Repository/732-abbot-grove-VR/Content/FancyApp/Materials/Main/MI_Solid_40.uasset" 5069
"E:/Repository/732-abbot-grove-VR/Content/FancyApp/Materials/Main/MI_Solid_32.uasset" 5070
"E:/Repository/732-abbot-grove-VR/Content/FancyApp/Materials/Main/MI_Solid_31.uasset" 5071
"E:/Repository/732-abbot-grove-VR/Content/FancyApp/Materials/Main/MI_Solid_39.uasset" 5072
"/Game/FancyApp/Materials/Main/MI_Solid_42" 5073
"E:/Repository/732-abbot-grove-VR/Content/FancyApp/Materials/Main/MI_Solid_38.uasset" 5074
"E:/Repository/732-abbot-grove-VR/Content/FancyApp/Materials/Main/MI_Solid_30.uasset" 5075
"E:/Repository/732-abbot-grove-VR/Content/FancyApp/Materials/Main/MI_Solid_28.uasset" 5076
"E:/Repository/732-abbot-grove-VR/Content/FancyApp/Materials/Main/MI_Solid_26.uasset" 5077
"E:/Repository/732-abbot-grove-VR/Content/FancyApp/Materials/Main/MI_Solid_27.uasset" 5078
"E:/Repository/732-abbot-grove-VR/Content/FancyApp/Materials/Main/MI_Solid_33.uasset" 5079
"E:/Repository/732-abbot-grove-VR/Content/FancyApp/Materials/Main/MI_Solid_25.uasset" 5080
"E:/Repository/732-abbot-grove-VR/Content/FancyApp/Materials/Main/MI_Solid_24.uasset" 5081
"E:/Repository/732-abbot-grove-VR/Content/FancyApp/Materials/Main/MI_Solid_22.uasset" 5082
"E:/Repository/732-abbot-grove-VR/Content/FancyApp/Materials/Main/MI_Solid_23.uasset" 5083
"E:/Repository/732-abbot-grove-VR/Content/FancyApp/Materials/Main/MI_Solid_17.uasset" 5084
"E:/Repository/732-abbot-grove-VR/Content/FancyApp/Materials/Main/MI_Solid_21.uasset" 5085
"/Game/FancyApp/Materials/Main/MI_Solid_43" 5086
"/Game/FancyApp/Blueprints/BP_WarmupCamera" 5087
"/Game/FancyApp/Materials/Main/MI_Solid_44" 5088
"/Game/FancyApp/Materials/Main/MI_Solid_45" 5089
"/Game/FancyApp/Materials/Main/MI_Solid_47" 5090
"/Game/FancyApp/Materials/Main/MI_Solid_48" 5091
"/Game/FancyApp/Materials/Main/MI_Solid_49" 5092
"/Game/FancyApp/Materials/Main/MI_Solid_50" 5093
"/Game/FancyApp/Materials/Main/MI_Solid_51" 5094
"/Game/FancyApp/Meshes/1/SM_TV_01" 5095
"/Game/FancyApp/Blueprints/BP_WarmupSphere" 5096
"/Game/FancyApp/Blueprints/BP_WarmupManager" 5097
"E:/Repository/732-abbot-grove-VR/Content/FancyApp/Textures/Book/SM_Book_01_DefaultMaterial_Normal.uasset" 5098
"E:/Repository/732-abbot-grove-VR/Content/FancyApp/Meshes/8/SM_Book_01.uasset" 5099
"E:/Repository/732-abbot-grove-VR/Content/FancyApp/Materials/Main/MI_Book1.uasset" 5100
"E:/Repository/732-abbot-grove-VR/Content/FancyApp/Textures/Book/book1.uasset" 5101
"E:/Repository/732-abbot-grove-VR/Content/FancyApp/Meshes/SM_Curtain_02.uasset" 5102
"E:/Repository/732-abbot-grove-VR/Content/FancyApp/Textures/Book/SM_Book_01_DefaultMaterial_OcclusionRoughnessMetallic.uasset" 5103
"E:/Repository/732-abbot-grove-VR/Content/FancyApp/Mirror/Mirror/MI_MIrrorScreen_03.uasset" 5104
"/Game/FancyApp/Materials/Main/MI_Solid_17" 5105
"E:/Repository/732-abbot-grove-VR/Content/FancyApp/Meshes/Sphere.uasset" 5106
"E:/Repository/732-abbot-grove-VR/Content/FancyApp/Meshes/SM_Curtain_01.uasset" 5107
"E:/Repository/732-abbot-grove-VR/Content/FancyApp/Mirror/Mirror/RT_Mirror4.uasset" 5108
"E:/Repository/732-abbot-grove-VR/Content/Abbot732/Mesh/SM_MirrorWashM_02.uasset" 5109
"E:/Repository/732-abbot-grove-VR/Content/FancyApp/Mirror/Mirror/MI_MIrrorScreen_04.uasset" 5110
"E:/Repository/732-abbot-grove-VR/Content/FancyApp/Mirror/Mirror/RT_Mirror5.uasset" 5111
"/Game/FancyApp/Materials/Main/MI_Solid_21" 5112
"/Game/FancyApp/Materials/Main/MI_Solid_22" 5113
"/Game/FancyApp/Materials/Main/MI_Solid_23" 5114
"/Game/FancyApp/Materials/Main/MI_Solid_24" 5115
"/Game/FancyApp/Materials/Main/MI_Solid_25" 5116
"/Game/FancyApp/Materials/Main/MI_Solid_26" 5117
"/Game/FancyApp/Materials/Main/MI_Solid_27" 5118
"/Game/FancyApp/Materials/Main/MI_Solid_28" 5119
"/Game/FancyApp/Materials/Main/MI_Solid_30" 5120
"/Game/FancyApp/Materials/Main/MI_Solid_31" 5121
"/Game/FancyApp/Materials/Main/MI_Solid_32" 5122
"/Game/FancyApp/Materials/Main/MI_Solid_33" 5123
"/Game/FancyApp/Materials/Main/MI_Solid_36" 5124
"/Game/FancyApp/Materials/Main/MI_Solid_37" 5125
"/Game/FancyApp/Materials/Main/MI_Solid_38" 5126
"/Game/FancyApp/Materials/Main/MI_Solid_39" 5127
"/Game/FancyApp/Materials/Main/MI_Solid_40" 5128
"E:/Repository/732-abbot-grove-VR/Content/FancyApp/Mirror/Mirror/RT_Mirror.uasset" 5129
"E:/Repository/732-abbot-grove-VR/Content/Abbot732/Mesh/SM_Mirror_Bathroom_03.uasset" 5130
"E:/Repository/732-abbot-grove-VR/Content/FancyApp/Mirror/Mirror/M_MirrorScreen.uasset" 5131
"E:/Repository/732-abbot-grove-VR/Content/FancyApp/Mirror/Mirror/RT_Mirror6.uasset" 5132
"E:/Repository/732-abbot-grove-VR/Content/FancyApp/Mirror/Mirror/MI_MIrrorScreen_05.uasset" 5133
"E:/Repository/732-abbot-grove-VR/Content/FancyApp/Materials/Main/MI_GlassMaterial_18.uasset" 5134
"E:/Repository/732-abbot-grove-VR/Content/Abbot732/Blueprints/BP_MirrorRoom_01.uasset" 5135
"E:/Repository/732-abbot-grove-VR/Content/Abbot732/Mesh/Single/SM_MIrror_02.uasset" 5136
"E:/Repository/732-abbot-grove-VR/Content/Abbot732/Textures/SM_BedThr1ow_Material__2147483647_BaseColor.uasset" 5137
"E:/Repository/732-abbot-grove-VR/Content/Abbot732/Textures/SM_BedThrow_Material__2147483647_Normal.uasset" 5138
"E:/Repository/732-abbot-grove-VR/Content/Abbot732/Textures/SM_BedThrow_Material__2147483647_BaseColor.uasset" 5139
"E:/Repository/732-abbot-grove-VR/Content/Abbot732/Materials/M_CarpetOpacity_Inst.uasset" 5140
"E:/Repository/732-abbot-grove-VR/Content/Abbot732/Materials/M_CarpetOpacity.uasset" 5141
"E:/Repository/732-abbot-grove-VR/Content/Abbot732/Textures/e570d978a49.uasset" 5142
"E:/Repository/732-abbot-grove-VR/Content/Abbot732/Materials/M_KitchenEM_01.uasset" 5143
"/Game/FancyApp/Mirror/Mirror/RT_Mirror5" 5144
"/Game/FancyApp/Meshes/Sphere" 5145
"/Game/FancyApp/Meshes/SM_Curtain_02" 5146
"/Game/FancyApp/Mirror/Mirror/MI_MIrrorScreen_04" 5147
"/Game/Abbot732/Blueprints/BP_MirrorBathroom_01" 5148
"/Game/FancyApp/Meshes/SM_Curtain_01" 5149
"/Game/FancyApp/Meshes/8/SM_Book_01" 5150
"/Game/Abbot732/Blueprints/BP_MirrorRoom_01" 5151
"/Game/Abbot732/Blueprints/BP_MirrorBathroom_02" 5152
"E:/Repository/732-abbot-grove-VR/Content/Abbot732/Materials/M_KitchenEM_01_Inst.uasset" 5153
"E:/Repository/732-abbot-grove-VR/Content/Abbot732/Materials/M_Opacity.uasset" 5154
"E:/Repository/732-abbot-grove-VR/Content/Abbot732/Materials/M_Microwave_Inst.uasset" 5155
"E:/Repository/732-abbot-grove-VR/Content/Abbot732/Textures/Microwave_bc_01.uasset" 5156
"E:/Repository/732-abbot-grove-VR/Content/Abbot732/Materials/M_Microwave.uasset" 5157
"E:/Repository/732-abbot-grove-VR/Content/Abbot732/Textures/monet_alpha.uasset" 5158
"E:/Repository/732-abbot-grove-VR/Content/Abbot732/Textures/Microwave_opacity_01.uasset" 5159
"E:/Repository/732-abbot-grove-VR/Content/Abbot732/Materials/M_Microwave_Inst1.uasset" 5160
"E:/Repository/732-abbot-grove-VR/Content/Abbot732/Materials/M_Opacity_03.uasset" 5161
"E:/Repository/732-abbot-grove-VR/Content/Abbot732/Textures/SM_UpperLight__DefaultMaterial_BaseColor.uasset" 5162
"E:/Repository/732-abbot-grove-VR/Content/Abbot732/Textures/SM_CellLight_01_Material__2147483647_Emissive.uasset" 5163
"E:/Repository/732-abbot-grove-VR/Content/Abbot732/Materials/M_UpperLight_Inst.uasset" 5164
"E:/Repository/732-abbot-grove-VR/Content/Abbot732/Materials/M_Opacity_Inst.uasset" 5165
"E:/Repository/732-abbot-grove-VR/Content/Abbot732/Textures/SM_GlassWaterBoil_212102_Material__2147483647_BaseColor.uasset" 5166
"E:/Repository/732-abbot-grove-VR/Content/Abbot732/Textures/SM_UpperLight__DefaultMaterial_Emissive.uasset" 5167
"E:/Repository/732-abbot-grove-VR/Content/Abbot732/Materials/NewMaterial2_Inst.uasset" 5168
"E:/Repository/732-abbot-grove-VR/Content/Abbot732/Materials/M_UpperLight.uasset" 5169
"E:/Repository/732-abbot-grove-VR/Content/Abbot732/Materials/NewMaterial5.uasset" 5170
"E:/Repository/732-abbot-grove-VR/Content/Abbot732/Materials/M_UpperLight_Inst1.uasset" 5171
"E:/Repository/732-abbot-grove-VR/Content/Abbot732/Materials/NewMaterial_Inst.uasset" 5172
"E:/Repository/732-abbot-grove-VR/Content/Abbot732/Textures/monet_color.uasset" 5173
"E:/Repository/732-abbot-grove-VR/Content/Abbot732/Textures/SM_Plant01_001_Material__2147483647_BaseColor.uasset" 5174
"E:/Repository/732-abbot-grove-VR/Content/Abbot732/Materials/NewMaterial2.uasset" 5175
"E:/Repository/732-abbot-grove-VR/Content/Abbot732/Textures/SM_Spheres_02_DefaultMaterial_BaseColor.uasset" 5176
"/Game/Abbot732/Textures/SM_BedThr1ow_Material__2147483647_BaseColor" 5177
"/Game/Abbot732/Textures/SM_BedThrow_Material__2147483647_BaseColor" 5178
"/Game/Abbot732/Textures/SM_BedThrow_Material__2147483647_Normal" 5179
"/Game/Abbot732/Textures/e570d978a49" 5180
"/Game/Abbot732/Materials/M_CarpetOpacity" 5181
"/Game/Abbot732/Materials/M_KitchenEM_01" 5182
"/Game/Abbot732/Maps/Abbot732_Level_BuiltData" 5183
"/Game/Abbot732/Materials/M_CarpetOpacity_Inst" 5184
"E:/Repository/732-abbot-grove-VR/Content/Abbot732/Textures/SM_PalmSmall_01_Material__2147483647_Normal.uasset" 5185
"E:/Repository/732-abbot-grove-VR/Content/Abbot732/Textures/SM_PalmSmall_01_Material__2147483647_OcclusionRoughnessMetallic.uasset" 5186
"E:/Repository/732-abbot-grove-VR/Content/Abbot732/Textures/SM_Plant01_001_Material__2147483647_Normal.uasset" 5187
"E:/Repository/732-abbot-grove-VR/Content/Abbot732/Materials/NewMaterial.uasset" 5188
"E:/Repository/732-abbot-grove-VR/Content/Abbot732/Materials/NewMaterial_Inst1.uasset" 5189
"E:/Repository/732-abbot-grove-VR/Content/Abbot732/Textures/SM_PalmSmall_01_Material__2147483647_BaseColor.uasset" 5190
"E:/Repository/732-abbot-grove-VR/Content/Abbot732/Mesh/SM_Halat_01.uasset" 5191
"E:/Repository/732-abbot-grove-VR/Content/Abbot732/Textures/SM_Plant01_001_Material__2147483647_OcclusionRoughnessMetallic.uasset" 5192
"/Game/Abbot732/Textures/SM_Plant01_001_Material__2147483647_BaseColor" 5193
"/Game/Abbot732/Materials/NewMaterial5" 5194
"/Game/Abbot732/Materials/NewMaterial2_Inst" 5195
"/Game/Abbot732/Materials/M_UpperLight_Inst1" 5196
"/Game/Abbot732/Materials/M_UpperLight_Inst" 5197
"/Game/Abbot732/Materials/M_Opacity_Inst" 5198
"/Game/Abbot732/Materials/M_Opacity_03" 5199
"/Game/Abbot732/Materials/M_Microwave_Inst1" 5200
"/Game/Abbot732/Materials/M_Microwave_Inst" 5201
"/Game/Abbot732/Materials/M_KitchenEM_01_Inst" 5202
"/Game/Abbot732/Textures/SM_PalmSmall_01_Material__2147483647_Normal" 5203
"E:/Repository/732-abbot-grove-VR/Content/Abbot732/Mesh/SM_BathroomMarbleWall_01.uasset" 5204
"E:/Repository/732-abbot-grove-VR/Content/Abbot732/Mesh/SM_Carpet_01.uasset" 5205
"E:/Repository/732-abbot-grove-VR/Content/Abbot732/Mesh/SM_BathroomMarbleWall_02.uasset" 5206
"E:/Repository/732-abbot-grove-VR/Content/Abbot732/Mesh/SM_LivingRoomTable.uasset" 5207
"E:/Repository/732-abbot-grove-VR/Content/Abbot732/Mesh/SM_Locker_33.uasset" 5208
"E:/Repository/732-abbot-grove-VR/Content/Abbot732/Mesh/SM_KitchenTable.uasset" 5209
"E:/Repository/732-abbot-grove-VR/Content/Abbot732/Mesh/SM_DoorKitchenLocker.uasset" 5210
"E:/Repository/732-abbot-grove-VR/Content/Abbot732/Mesh/SM_EnterDoor_01.uasset" 5211
"E:/Repository/732-abbot-grove-VR/Content/Abbot732/Mesh/SM_Sofa_04.uasset" 5212
"E:/Repository/732-abbot-grove-VR/Content/Abbot732/Mesh/SM_EnterDoor_02.uasset" 5213
"E:/Repository/732-abbot-grove-VR/Content/Abbot732/Mesh/SM_LR_Bookself.uasset" 5214
"/Game/Abbot732/Materials/NewMaterial_Inst" 5215
"E:/Repository/732-abbot-grove-VR/Content/Abbot732/Mesh/SM_MirrorLivingRoom_01.uasset" 5216
"E:/Repository/732-abbot-grove-VR/Content/Abbot732/Mesh/SM_MirrorLivingRoom_02.uasset" 5217
"E:/Repository/732-abbot-grove-VR/Content/Abbot732/Mesh/Material__-2147483625.uasset" 5218
"E:/Repository/732-abbot-grove-VR/Content/Abbot732/Mesh/Material__2147483647.uasset" 5219
"E:/Repository/732-abbot-grove-VR/Content/Abbot732/Mesh/Material__2147483646.uasset" 5220
"E:/Repository/732-abbot-grove-VR/Content/Abbot732/Mesh/SM_Sofa_05.uasset" 5221
"E:/Repository/732-abbot-grove-VR/Content/Abbot732/Mesh/SM_Thumb_01.uasset" 5222
"E:/Repository/732-abbot-grove-VR/Content/Abbot732/Mesh/SM_Sofa_01.uasset" 5223
"E:/Repository/732-abbot-grove-VR/Content/Abbot732/Mesh/SM_Sofa_02.uasset" 5224
"E:/Repository/732-abbot-grove-VR/Content/Abbot732/Mesh/SM_Veshalka.uasset" 5225
"E:/Repository/732-abbot-grove-VR/Content/Abbot732/Mesh/SM_Wardrobe_02.uasset" 5226
"E:/Repository/732-abbot-grove-VR/Content/Abbot732/Mesh/SM_Wardrobe_01.uasset" 5227
"/Game/Abbot732/Mesh/SM_BathroomMarbleWall_01" 5228
"/Game/Abbot732/Mesh/SM_Halat_01" 5229
"/Game/Abbot732/Materials/NewMaterial_Inst1" 5230
"../../../../../Repository/732-abbot-grove-VR/Content/Abbot732/Mesh/SM_Halat_01.uasset" 5231
"E:/Repository/732-abbot-grove-VR/Content/Abbot732/RenderPanoramic.uasset" 5232
"../../../Engine/Content/EngineSky/C_Sky_Horizon_Color.uasset" 5233
"../../../Engine/Content/EngineSky/C_Sky_Zenith_Color.uasset" 5234
"../../../Engine/Content/EngineSky/T_Sky_Clouds_M.uasset" 5235
"../../../Engine/Content/EngineSky/C_Sky_Cloud_Color.uasset" 5236
"../../../Engine/Content/EngineSky/T_Sky_Stars.uasset" 5237
"../../../Engine/Content/EngineSky/SM_SkySphere.uasset" 5238
"../../../Engine/Content/EngineSky/M_Sky_Panning_Clouds2.uasset" 5239
"../../../Engine/Content/EngineSky/T_Sky_Blue.uasset" 5240
"/Game/Abbot732/Mesh/SM_Wardrobe_02" 5241
"/Game/Abbot732/Mesh/SM_Wardrobe_01" 5242
"/Game/Abbot732/Mesh/SM_Veshalka" 5243
"/Game/Abbot732/Mesh/SM_Thumb_01" 5244
"/Game/Abbot732/Mesh/SM_Sofa_05" 5245
"/Game/Abbot732/Mesh/SM_Sofa_02" 5246
"/Game/Abbot732/Mesh/SM_Sofa_01" 5247
"../../../../../Repository/732-abbot-grove-VR/Content/Abbot732/Mesh/SM_Sofa_02.uasset" 5248
"/Game/Abbot732/Mesh/SM_MirrorLivingRoom_02" 5249
"/Game/Abbot732/Mesh/SM_MirrorLivingRoom_01" 5250
"/Game/Abbot732/Mesh/SM_LR_Bookself" 5251
"/Game/Abbot732/Mesh/SM_Locker_33" 5252
"/Game/Abbot732/Mesh/SM_LivingRoomTable" 5253
"/Game/Abbot732/Mesh/SM_KitchenTable" 5254
"/Game/Abbot732/Mesh/SM_EnterDoor_02" 5255
"/Game/Abbot732/Mesh/SM_EnterDoor_01" 5256
"/Game/Abbot732/Mesh/SM_DoorKitchenLocker" 5257
"/Game/Abbot732/Mesh/SM_Carpet_01" 5258
"/Game/Abbot732/Mesh/SM_BathroomMarbleWall_02" 5259
"/Game/Abbot732/Mesh/SM_Sofa_04" 5260
"/Engine/EngineSky/C_Sky_Zenith_Color" 5261
"/Game/Abbot732/Mesh/SM_Sofa_03" 5262
"/Engine/EngineSky/C_Sky_Cloud_Color" 5263
"/Game/Abbot732/RenderPanoramic" 5264
"../../../Engine/Content/EngineSky/BP_Sky_Sphere.uasset" 5265
"E:/Repository/732-abbot-grove-VR/Content/FancyApp/Menu/BP_Menu3d.uasset" 5266
"E:/Repository/732-abbot-grove-VR/Content/FancyApp/Menu/VR_MenuHover.uasset" 5267
"E:/Repository/732-abbot-grove-VR/Content/FancyApp/Maps/MainMenu_Level_BuiltData.uasset" 5268
"E:/Repository/732-abbot-grove-VR/Content/FancyApp/Menu/Quest3Controllers.uasset" 5269
"E:/Repository/732-abbot-grove-VR/Content/FancyApp/Menu/WBP_MainMenu_01.uasset" 5270
"E:/Repository/732-abbot-grove-VR/Content/FancyApp/Menu/VR_Menu.uasset" 5271
"E:/Repository/732-abbot-grove-VR/Content/FancyApp/Menu/Quest3Controllers_arrow.uasset" 5272
"E:/Repository/732-abbot-grove-VR/Content/FancyApp/Menu/Quest3Controllers_arrow2.uasset" 5273
"E:/Repository/732-abbot-grove-VR/Content/FancyApp/Menu/BP_Menu3d1.uasset" 5274
"E:/Repository/732-abbot-grove-VR/Content/FancyApp/Textures/Background/qwantani_dusk_2_puresky_4k.uasset" 5275
"/Engine/EngineSky/SM_SkySphere" 5276
"E:/Repository/732-abbot-grove-VR/Content/FancyApp/Menu/WBP_Help.uasset" 5277
"E:/Repository/732-abbot-grove-VR/Content/FancyApp/Textures/Background/M_Background_Inst4.uasset" 5278
"E:/Repository/732-abbot-grove-VR/Content/VRTemplate/Textures/T_Grid.uasset" 5279
"E:/Repository/732-abbot-grove-VR/Content/FancyApp/Textures/Background/3232323.uasset" 5280
"E:/Repository/732-abbot-grove-VR/Content/FancyApp/Textures/Background/NewMaterial2.uasset" 5281
"E:/Repository/732-abbot-grove-VR/Content/FancyApp/Textures/Background/NewMaterial2_Inst.uasset" 5282
"E:/Repository/732-abbot-grove-VR/Content/FancyApp/Textures/HDRI/qwantani_dusk_2_puresky_4k.uasset" 5283
"E:/Repository/732-abbot-grove-VR/Content/LevelPrototyping/Textures/T_GridChecker_A.uasset" 5284
"E:/Repository/732-abbot-grove-VR/Content/LevelPrototyping/Materials/MF_ProcGrid.uasset" 5285
"../../../Engine/Content/Functions/Engine_MaterialFunctions01/ImageAdjustment/CheapContrast.uasset" 5286
"../../../Engine/Content/Functions/Engine_MaterialFunctions01/Gradient/LinearGradient.uasset" 5287
"E:/Repository/732-abbot-grove-VR/Content/LevelPrototyping/Materials/M_PrototypeGrid.uasset" 5288
"E:/Repository/732-abbot-grove-VR/Content/LevelPrototyping/Materials/MI_PrototypeGrid_Gray.uasset" 5289
"E:/Repository/732-abbot-grove-VR/Content/LevelPrototyping/Meshes/SM_Cube1.uasset" 5290
"/Engine/EngineSky/C_Sky_Horizon_Color" 5291
"/Engine/EngineSky/BP_Sky_Sphere" 5292
"../../../../../Repository/732-abbot-grove-VR/Content/Abbot732/Mesh/SM_Sofa_04.uasset" 5293
"../../../../../Repository/732-abbot-grove-VR/Content/Abbot732/Mesh/SM_Sofa_03.uasset" 5294
"E:/Repository/732-abbot-grove-VR/Content/FancyApp/Maps/MainMenu_Level.umap" 5295
"E:/Repository/732-abbot-grove-VR/Content/Movies/TRAILER.uasset" 5296
"../../../Engine/Content/EngineSounds/Submixes/MasterEQEffectPreset.uasset" 5297
"E:/Repository/732-abbot-grove-VR/Content/Movies/MP_Trailer.uasset" 5298
"../../../Engine/Content/EngineSounds/Submixes/MasterReverbEffectPreset.uasset" 5299
"../../../Engine/Content/EngineSounds/Submixes/MasterEQSubmixDefault.uasset" 5300
"../../../Engine/Content/EngineSounds/Submixes/MasterSubmixDefault.uasset" 5301
"/Game/LevelPrototyping/Materials/MI_PrototypeGrid_Gray" 5302
"/Game/LevelPrototyping/Meshes/SM_Cube1" 5303
"/Game/FancyApp/Textures/HDRI/qwantani_dusk_2_puresky_4k" 5304
"/Game/FancyApp/Textures/Background/NewMaterial2_Inst" 5305
"/Game/FancyApp/Textures/Background/M_Background_Inst4" 5306
"/Game/FancyApp/Menu/BP_Menu3d1" 5307
"/Game/FancyApp/Menu/BP_Menu3d" 5308
"/Game/FancyApp/Maps/MainMenu_Level_BuiltData" 5309
"/Game/Abbot732/Maps/Abbot732_Level" 5310
"../../../../../Repository/732-abbot-grove-VR/Content/Abbot732/Maps/Abbot732_Level.umap" 5311
"/Game/Movies/TRAILER" 5312
"../../../Engine/Content/EngineSounds/Submixes/MasterReverbSubmixDefault.uasset" 5313
"../../../Engine/Plugins/Interchange/Assets/Content/gltf/MaterialFunctions/MF_SpecularAnisotropy.uasset" 5314
"../../../Engine/Plugins/Interchange/Assets/Content/gltf/MaterialFunctions/MF_Occlusion.uasset" 5315
"../../../Engine/Plugins/Interchange/Assets/Content/gltf/MaterialFunctions/MF_Clearcoat.uasset" 5316
"../../../Engine/Plugins/Interchange/Assets/Content/gltf/MaterialBodies/MF_ClearCoat_Body.uasset" 5317
"../../../Engine/Plugins/Interchange/Assets/Content/gltf/MaterialFunctions/MF_Emissive.uasset" 5318
"../../../Engine/Plugins/Interchange/Assets/Content/gltf/Textures/T_Anisotropy_Direction_Linear.uasset" 5319
"../../../Engine/Plugins/Interchange/Assets/Content/gltf/MaterialFunctions/MF_Specular.uasset" 5320
"../../../Engine/Plugins/Interchange/Assets/Content/gltf/Textures/T_Generic_N.uasset" 5321
"../../../Engine/Plugins/Interchange/Assets/Content/gltf/MaterialFunctions/MF_ScaleNormal.uasset" 5322
"../../../Engine/Plugins/Interchange/Assets/Content/gltf/MaterialFunctions/MF_RotateNormals_TS.uasset" 5323
"/Engine/EngineSounds/Submixes/MasterEQSubmixDefault" 5324
"../../../Engine/Plugins/Interchange/Assets/Content/gltf/MaterialFunctions/MF_Normals.uasset" 5325
"../../../Engine/Plugins/Interchange/Assets/Content/gltf/Textures/T_White_Linear.uasset" 5326
"../../../Engine/Plugins/Interchange/Assets/Content/Functions/MF_IridescenceNoLUT.uasset" 5327
"../../../Engine/Plugins/Interchange/Assets/Content/gltf/MaterialFunctions/MF_MetallicRoughness.uasset" 5328
"../../../Engine/Plugins/Interchange/Assets/Content/gltf/MaterialFunctions/MF_Iridescence.uasset" 5329
"../../../Engine/Plugins/Interchange/Assets/Content/gltf/MaterialFunctions/MF_TransformUVs.uasset" 5330
"../../../Engine/Plugins/Interchange/Assets/Content/gltf/MaterialFunctions/MF_RotateV2.uasset" 5331
"../../../Engine/Plugins/Interchange/Assets/Content/gltf/MaterialFunctions/MF_IOR.uasset" 5332
"../../../Engine/Plugins/Interchange/Assets/Content/gltf/Textures/T_White_srgb.uasset" 5333
"../../../Engine/Plugins/Interchange/Assets/Content/gltf/MaterialFunctions/MF_BaseColor.uasset" 5334
"../../../Engine/Content/Functions/Engine_MaterialFunctions03/Math/RemapValueRange.uasset" 5335
"../../../Engine/Plugins/Interchange/Assets/Content/Functions/MF_Iridescence.uasset" 5336
"../../../Engine/Plugins/Interchange/Assets/Content/gltf/M_ClearCoat.uasset" 5337
"../../../Engine/Plugins/Interchange/Assets/Content/Utilities/New_LUT.uasset" 5338
"../../../Engine/Plugins/Interchange/Assets/Content/gltf/MaterialInstances/MI_ClearCoat_Opaque.uasset" 5339
"/Game/FancyApp/Maps/MainMenu_Level" 5340
"../../../../../Repository/732-abbot-grove-VR/Content/FancyApp/Maps/MainMenu_Level.umap" 5341
"../../../Engine/Plugins/Interchange/Assets/Content/gltf/MaterialInstances/MI_ClearCoat_Opaque_DS.uasset" 5342
"../../../Engine/Plugins/Interchange/Assets/Content/gltf/MaterialInstances/MI_ClearCoat_Blend_DS.uasset" 5343
"../../../Engine/Plugins/Interchange/Assets/Content/gltf/MaterialBodies/MF_Default_Body.uasset" 5344
"../../../Engine/Plugins/Interchange/Assets/Content/gltf/MaterialInstances/MI_ClearCoat_Mask.uasset" 5345
"../../../Engine/Plugins/Interchange/Assets/Content/gltf/MaterialInstances/MI_ClearCoat_Blend.uasset" 5346
"../../../Engine/Plugins/Interchange/Assets/Content/gltf/MaterialInstances/MI_ClearCoat_Mask_DS.uasset" 5347
"/InterchangeAssets/gltf/MaterialInstances/MI_ClearCoat_Opaque" 5348
"/InterchangeAssets/gltf/MaterialInstances/MI_ClearCoat_Blend_DS" 5349
"/InterchangeAssets/gltf/MaterialInstances/MI_ClearCoat_Opaque_DS" 5350
"/InterchangeAssets/gltf/MaterialInstances/MI_ClearCoat_Mask" 5351
"../../../Engine/Plugins/Interchange/Assets/Shaders/ThinFilmFunctions.usf" 5352
"../../../Engine/Plugins/Interchange/Assets/Content/gltf/M_Default.uasset" 5353
"../../../Engine/Plugins/Interchange/Assets/Content/gltf/MaterialInstances/MI_Default_Opaque.uasset" 5354
"../../../Engine/Plugins/Interchange/Assets/Content/gltf/MaterialInstances/MI_Default_Mask.uasset" 5355
"../../../Engine/Plugins/Interchange/Assets/Content/gltf/MaterialInstances/MI_Default_Blend_DS.uasset" 5356
"../../../Engine/Plugins/Interchange/Assets/Content/gltf/MaterialInstances/MI_Default_Blend.uasset" 5357
"../../../Engine/Plugins/Interchange/Assets/Content/gltf/MaterialInstances/MI_Default_Mask_DS.uasset" 5358
"../../../Engine/Plugins/Interchange/Assets/Content/gltf/MaterialFunctions/MF_Sheen.uasset" 5359
"../../../Engine/Plugins/Interchange/Assets/Content/gltf/M_Sheen.uasset" 5360
"../../../Engine/Plugins/Interchange/Assets/Content/gltf/MaterialInstances/MI_Sheen_Mask.uasset" 5361
"../../../Engine/Plugins/Interchange/Assets/Content/gltf/MaterialBodies/MF_Sheen_Body.uasset" 5362
"../../../Engine/Plugins/Interchange/Assets/Content/gltf/MaterialInstances/MI_Sheen_Opaque.uasset" 5363
"../../../Engine/Plugins/Interchange/Assets/Content/gltf/MaterialInstances/MI_Sheen_Blend.uasset" 5364
"../../../Engine/Plugins/Interchange/Assets/Content/gltf/MaterialInstances/MI_Default_Opaque_DS.uasset" 5365
"../../../Engine/Plugins/Interchange/Assets/Content/gltf/MaterialInstances/MI_Sheen_Opaque_DS.uasset" 5366
"/InterchangeAssets/gltf/MaterialInstances/MI_Default_Blend_DS" 5367
"../../../Engine/Plugins/Interchange/Assets/Content/gltf/MaterialInstances/MI_Sheen_Blend_DS.uasset" 5368
"../../../Engine/Plugins/Interchange/Assets/Content/gltf/MaterialInstances/MI_Sheen_Mask_DS.uasset" 5369
"../../../Engine/Plugins/Interchange/Assets/Content/gltf/MaterialFunctions/MF_Fresnel_DS.uasset" 5370
"../../../Engine/Plugins/Interchange/Assets/Content/gltf/MaterialFunctions/MF_Temporal_Blur.uasset" 5371
"../../../Engine/Plugins/Interchange/Assets/Content/gltf/MaterialFunctions/MF_Transmission.uasset" 5372
"../../../Engine/Plugins/Interchange/Assets/Content/gltf/MaterialBodies/MF_Transmission_Body.uasset" 5373
"../../../Engine/Plugins/Interchange/Assets/Content/gltf/M_Transmission.uasset" 5374
"../../../Engine/Plugins/Interchange/Assets/Content/gltf/MaterialInstances/MI_Transmission.uasset" 5375
"../../../Engine/Plugins/Interchange/Assets/Content/gltf/MaterialInstances/MI_Transmission_DS.uasset" 5376
"../../../Engine/Plugins/Interchange/Assets/Content/gltf/MaterialFunctions/MF_PerceivedBrightness.uasset" 5377
"../../../Engine/Plugins/Interchange/Assets/Content/gltf/MaterialFunctions/MF_SpecGlossToMetalRoughness.uasset" 5378
"../../../Engine/Content/Functions/Engine_MaterialFunctions02/Texturing/ScreenAlignedPixelToPixelUVs.uasset" 5379
"../../../Engine/Plugins/Interchange/Assets/Content/gltf/MaterialFunctions/MF_MaxComponentValue.uasset" 5380
"../../../Engine/Plugins/Interchange/Assets/Content/gltf/MaterialFunctions/MF_DiffuseSpecGloss.uasset" 5381
"../../../Engine/Plugins/Interchange/Assets/Content/gltf/MaterialBodies/MF_SpecularGlossiness_Body.uasset" 5382
"/InterchangeAssets/gltf/MaterialInstances/MI_ClearCoat_Mask_DS" 5383
"/InterchangeAssets/gltf/MaterialInstances/MI_Default_Blend" 5384
"/InterchangeAssets/gltf/MaterialInstances/MI_Default_Mask" 5385
"/InterchangeAssets/gltf/MaterialInstances/MI_Default_Opaque" 5386
"/InterchangeAssets/gltf/MaterialInstances/MI_ClearCoat_Blend" 5387
"../../../Engine/Content/Functions/Engine_MaterialFunctions02/Math/AddComponents.uasset" 5388
"../../../Engine/Plugins/Interchange/Assets/Content/gltf/MaterialInstances/MI_SpecularGlossiness_Opaque_DS.uasset" 5389
"../../../Engine/Plugins/Interchange/Assets/Content/gltf/M_SpecularGlossiness.uasset" 5390
"../../../Engine/Plugins/Interchange/Assets/Content/gltf/MaterialInstances/MI_SpecularGlossiness_Mask_DS.uasset" 5391
"../../../Engine/Plugins/Interchange/Assets/Content/gltf/MaterialInstances/MI_SpecularGlossiness_Blend.uasset" 5392
"../../../Engine/Plugins/Interchange/Assets/Content/gltf/MaterialInstances/MI_SpecularGlossiness_Mask.uasset" 5393
"../../../Engine/Plugins/Interchange/Assets/Content/gltf/MaterialInstances/MI_SpecularGlossiness_Blend_DS.uasset" 5394
"/InterchangeAssets/gltf/MaterialFunctions/MF_DiffuseSpecGloss" 5395
"/InterchangeAssets/gltf/MaterialFunctions/MF_MaxComponentValue" 5396
"../../../Engine/Plugins/Interchange/Assets/Content/gltf/MaterialInstances/MI_SpecularGlossiness_Opaque.uasset" 5397
"/InterchangeAssets/gltf/MaterialInstances/MI_Transmission_DS" 5398
"/InterchangeAssets/gltf/MaterialInstances/MI_Transmission" 5399
"/InterchangeAssets/gltf/MaterialInstances/MI_Sheen_Blend_DS" 5400
"/InterchangeAssets/gltf/MaterialInstances/MI_Sheen_Mask_DS" 5401
"/InterchangeAssets/gltf/MaterialInstances/MI_Sheen_Opaque_DS" 5402
"/InterchangeAssets/gltf/MaterialInstances/MI_Sheen_Blend" 5403
"/InterchangeAssets/gltf/MaterialInstances/MI_Sheen_Mask" 5404
"/InterchangeAssets/gltf/MaterialInstances/MI_Sheen_Opaque" 5405
"/Engine/EditorResources/EmptyActor" 5406
"../../../Engine/Content/EditorResources/EmptyActor.uasset" 5407
"/InterchangeAssets/gltf/MaterialInstances/MI_Default_Mask_DS" 5408
"/InterchangeAssets/gltf/MaterialInstances/MI_Default_Opaque_DS" 5409
"../../../Engine/Plugins/Interchange/Assets/Content/Functions/MX_Transmission.uasset" 5410
"../../../Engine/Content/Functions/Substrate/MF_SchlickInternal.uasset" 5411
"../../../Engine/Plugins/Interchange/Assets/Content/Functions/MX_TransmissionSurface.uasset" 5412
"../../../Engine/Plugins/Interchange/Assets/Content/gltf/MaterialInstances/MI_Unlit_Opaque.uasset" 5413
"../../../Engine/Plugins/Interchange/Assets/Content/gltf/MaterialInstances/MI_Unlit_Mask.uasset" 5414
"../../../Engine/Plugins/Interchange/Assets/Content/gltf/MaterialInstances/MI_Unlit_Blend.uasset" 5415
"../../../Engine/Plugins/Interchange/Assets/Content/gltf/M_Unlit.uasset" 5416
"../../../Engine/Plugins/Interchange/Assets/Content/Functions/MX_StandardSurface.uasset" 5417
"../../../Engine/Content/Functions/Engine_MaterialFunctions01/Volumetrics/BeersLaw.uasset" 5418
"../../../Engine/Plugins/Interchange/Assets/Content/Functions/MX_OpenPBR_Translucent.uasset" 5419
"../../../Engine/Plugins/Interchange/Assets/Content/Functions/MF_OrenNayerView.uasset" 5420
"../../../Engine/Plugins/Interchange/Assets/Content/gltf/MaterialInstances/MI_Unlit_Mask_DS.uasset" 5421
"../../../Engine/Plugins/Interchange/Assets/Content/gltf/MaterialInstances/MI_Unlit_Blend_DS.uasset" 5422
"../../../Engine/Content/ArtTools/RenderToTexture/Textures/127grey.uasset" 5423
"../../../Engine/Plugins/MovieScene/MovieRenderPipeline/Content/Blueprints/Graph/T_MovieGraph_TransparencyBG.uasset" 5424
"../../../Engine/Plugins/MovieScene/MovieRenderPipeline/Content/Blueprints/UI_MovieGraphPipelineScreenOverlay.uasset" 5425
"../../../Engine/Plugins/MovieScene/MovieRenderPipeline/Content/Blueprints/M_MoviePipelineRenderPreview.uasset" 5426
"../../../Engine/Plugins/Interchange/Assets/Content/gltf/MaterialInstances/MI_Unlit_Opaque_DS.uasset" 5427
"../../../Engine/Plugins/MovieScene/MovieRenderPipeline/Content/Blueprints/UI_MovieRenderPipelineInfoTableRow.uasset" 5428
"../../../Engine/Plugins/Interchange/Assets/Content/gltf/MaterialBodies/MF_Unlit_Body.uasset" 5429
"../../../Engine/Plugins/MovieScene/MovieRenderPipeline/Content/Blueprints/Graph/UI_MovieGraphImagePreview.uasset" 5430
"/InterchangeAssets/gltf/MaterialBodies/MF_SpecularGlossiness_Body" 5431
"/InterchangeAssets/gltf/MaterialInstances/MI_SpecularGlossiness_Blend_DS" 5432
"/InterchangeAssets/gltf/MaterialInstances/MI_SpecularGlossiness_Mask_DS" 5433
"/InterchangeAssets/gltf/MaterialInstances/MI_SpecularGlossiness_Opaque_DS" 5434
"/InterchangeAssets/gltf/MaterialInstances/MI_SpecularGlossiness_Blend" 5435
"/InterchangeAssets/gltf/MaterialInstances/MI_SpecularGlossiness_Mask" 5436
"/InterchangeAssets/gltf/MaterialInstances/MI_SpecularGlossiness_Opaque" 5437
"/MovieRenderPipeline/Blueprints/UI_MovieGraphPipelineScreenOverlay" 5438
"/InterchangeAssets/gltf/MaterialInstances/MI_Unlit_Blend_DS" 5439
"/InterchangeAssets/gltf/MaterialInstances/MI_Unlit_Mask_DS" 5440
"/InterchangeAssets/gltf/MaterialInstances/MI_Unlit_Opaque_DS" 5441
"/InterchangeAssets/gltf/MaterialInstances/MI_Unlit_Blend" 5442
"/InterchangeAssets/gltf/MaterialInstances/MI_Unlit_Mask" 5443
"/InterchangeAssets/gltf/MaterialInstances/MI_Unlit_Opaque" 5444
"/InterchangeAssets/Functions/MX_OpenPBR_Translucent" 5445
"../../../Engine/Plugins/MovieScene/MovieRenderPipeline/Content/Blueprints/UI_MovieRenderPipelineScreenOverlay.uasset" 5446
"../../../Engine/Plugins/Interchange/Assets/Content/Functions/MX_OpenPBR_Opaque.uasset" 5447
"/InterchangeAssets/Functions/MX_OpenPBR_Opaque" 5448
"/MovieRenderPipeline/Blueprints/UI_MovieRenderPipelineScreenOverlay" 5449
"../../../Engine/Plugins/Animation/ControlRig/Content/Controls/ControlRig_Sphere_solid.uasset" 5450
"../../../Engine/Plugins/Animation/ControlRig/Content/Controls/ControlRig_Arrow2_solid.uasset" 5451
"../../../Engine/Plugins/Animation/ControlRig/Content/Controls/ControlRig_Arrow4_3mm.uasset" 5452
"../../../Engine/Plugins/Animation/ControlRig/Content/Controls/ControlRig_Arrow4_solid.uasset" 5453
"../../../Engine/Plugins/Animation/ControlRig/Content/Controls/ControlRig_Arrow2_3mm.uasset" 5454
"../../../Engine/Plugins/Animation/ControlRig/Content/Controls/ControlRig_Arrow_1mm.uasset" 5455
"../../../Engine/Plugins/Animation/ControlRig/Content/Controls/ControlRig_Arrow4_1mm.uasset" 5456
"../../../Engine/Plugins/Animation/ControlRig/Content/Controls/ControlRig_Arrow2_1mm.uasset" 5457
"../../../Engine/Plugins/Animation/ControlRig/Content/Controls/ControlRig_Arrow_3mm.uasset" 5458
"../../../Engine/Plugins/Animation/ControlRig/Content/Controls/ControlRig_Arrow_solid.uasset" 5459
"../../../Engine/Plugins/Animation/ControlRig/Content/Controls/ControlRig_Box_1mm.uasset" 5460
"../../../Engine/Plugins/Animation/ControlRig/Content/Controls/ControlRig_Box_3mm.uasset" 5461
"../../../Engine/Plugins/Animation/ControlRig/Content/Controls/ControlRig_Circle_1mm.uasset" 5462
"/ControlRig/Controls/ControlRig_Sphere_solid" 5463
"../../../Engine/Plugins/Animation/ControlRig/Content/Controls/ControlRig_Circle_3mm.uasset" 5464
"../../../Engine/Plugins/Animation/ControlRig/Content/Controls/ControlRig_Circle_solid.uasset" 5465
"../../../Engine/Plugins/Animation/ControlRig/Content/Controls/ControlRig_Diamond_1mm.uasset" 5466
"../../../Engine/Plugins/Animation/ControlRig/Content/Controls/ControlRig_Diamond_3mm.uasset" 5467
"../../../Engine/Plugins/Animation/ControlRig/Content/Controls/ControlRig_Diamond_solid.uasset" 5468
"../../../Engine/Plugins/Animation/ControlRig/Content/Controls/ControlRig_Box_solid.uasset" 5469
"../../../Engine/Plugins/Animation/ControlRig/Content/Controls/ControlRig_HalfCircle_1mm.uasset" 5470
"../../../Engine/Plugins/Animation/ControlRig/Content/Controls/ControlRig_HalfCircle_3mm.uasset" 5471
"../../../Engine/Plugins/Animation/ControlRig/Content/Controls/ControlRig_HalfCircle_solid.uasset" 5472
"../../../Engine/Plugins/Animation/ControlRig/Content/Controls/ControlRig_Hexagon_1mm.uasset" 5473
"../../../Engine/Plugins/Animation/ControlRig/Content/Controls/ControlRig_Hexagon_3mm.uasset" 5474
"../../../Engine/Plugins/Animation/ControlRig/Content/Controls/ControlRig_Hexagon_solid.uasset" 5475
"../../../Engine/Plugins/Animation/ControlRig/Content/Controls/ControlRig_Octagon_1mm.uasset" 5476
"../../../Engine/Plugins/Animation/ControlRig/Content/Controls/ControlRig_Octagon_3mm.uasset" 5477
"../../../Engine/Plugins/Animation/ControlRig/Content/Controls/ControlRig_Pyramid_1mm.uasset" 5478
"../../../Engine/Plugins/Animation/ControlRig/Content/Controls/ControlRig_Octagon_solid.uasset" 5479
"../../../Engine/Plugins/Animation/ControlRig/Content/Controls/ControlRig_Pyramid_solid.uasset" 5480
"../../../Engine/Plugins/Animation/ControlRig/Content/Controls/ControlRig_Pyramid_3mm.uasset" 5481
"../../../Engine/Plugins/Animation/ControlRig/Content/Controls/ControlRig_QuarterCircle_1mm.uasset" 5482
"../../../Engine/Plugins/Animation/ControlRig/Content/Controls/ControlRig_QuarterCircle_3mm.uasset" 5483
"/ControlRig/Controls/ControlRig_QuarterCircle_1mm" 5484
"/ControlRig/Controls/ControlRig_HalfCircle_3mm" 5485
"/ControlRig/Controls/ControlRig_HalfCircle_1mm" 5486
"/ControlRig/Controls/ControlRig_Pyramid_solid" 5487
"/ControlRig/Controls/ControlRig_Pyramid_3mm" 5488
"/ControlRig/Controls/ControlRig_Diamond_solid" 5489
"/ControlRig/Controls/ControlRig_Diamond_3mm" 5490
"/ControlRig/Controls/ControlRig_Diamond_1mm" 5491
"/ControlRig/Controls/ControlRig_Circle_solid" 5492
"/ControlRig/Controls/ControlRig_Circle_3mm" 5493
"/ControlRig/Controls/ControlRig_Circle_1mm" 5494
"/ControlRig/Controls/ControlRig_Box_solid" 5495
"/ControlRig/Controls/ControlRig_Box_3mm" 5496
"/ControlRig/Controls/ControlRig_Box_1mm" 5497
"/ControlRig/Controls/ControlRig_Arrow_solid" 5498
"/ControlRig/Controls/ControlRig_Arrow_3mm" 5499
"/ControlRig/Controls/ControlRig_Arrow_1mm" 5500
"/ControlRig/Controls/ControlRig_Arrow4_solid" 5501
"/ControlRig/Controls/ControlRig_Arrow4_3mm" 5502
"/ControlRig/Controls/ControlRig_Arrow4_1mm" 5503
"/ControlRig/Controls/ControlRig_Arrow2_solid" 5504
"/ControlRig/Controls/ControlRig_Arrow2_3mm" 5505
"/ControlRig/Controls/ControlRig_Pyramid_1mm" 5506
"/ControlRig/Controls/ControlRig_Octagon_solid" 5507
"/ControlRig/Controls/ControlRig_Arrow2_1mm" 5508
"/ControlRig/Controls/ControlRig_Octagon_3mm" 5509
"/ControlRig/Controls/ControlRig_QuarterCircle_3mm" 5510
"/ControlRig/Controls/ControlRig_Octagon_1mm" 5511
"/ControlRig/Controls/ControlRig_Hexagon_solid" 5512
"/ControlRig/Controls/ControlRig_Hexagon_3mm" 5513
"/ControlRig/Controls/ControlRig_Hexagon_1mm" 5514
"/ControlRig/Controls/ControlRig_HalfCircle_solid" 5515
"../../../Engine/Plugins/Animation/ControlRig/Content/Controls/ControlRig_RoundedSquare_1mm.uasset" 5516
"../../../Engine/Plugins/Animation/ControlRig/Content/Controls/ControlRig_RoundedSquare_solid.uasset" 5517
"../../../Engine/Plugins/Animation/ControlRig/Content/Controls/ControlRig_RoundedSquare_3mm.uasset" 5518
"../../../Engine/Plugins/Animation/ControlRig/Content/Controls/ControlRig_QuarterCircle_solid.uasset" 5519
"../../../Engine/Plugins/Animation/ControlRig/Content/Controls/ControlRig_RoundedTriangle_1mm.uasset" 5520
"../../../Engine/Plugins/Animation/ControlRig/Content/Controls/ControlRig_RoundedTriangle_3mm.uasset" 5521
"../../../Engine/Plugins/Animation/ControlRig/Content/Controls/ControlRig_RoundedTriangle_solid.uasset" 5522
"../../../Engine/Plugins/Animation/ControlRig/Content/Controls/ControlRig_Sphere_3mm.uasset" 5523
"../../../Engine/Plugins/Animation/ControlRig/Content/Controls/ControlRig_Sphere_1mm.uasset" 5524
"../../../Engine/Plugins/Animation/ControlRig/Content/Controls/ControlRig_Square_1mm.uasset" 5525
"../../../Engine/Plugins/Animation/ControlRig/Content/Controls/ControlRig_Square_3mm.uasset" 5526
"../../../Engine/Plugins/Animation/ControlRig/Content/Controls/ControlRig_Square_solid.uasset" 5527
"../../../Engine/Plugins/Animation/ControlRig/Content/Controls/ControlRig_Star4_1mm.uasset" 5528
"../../../Engine/Plugins/Animation/ControlRig/Content/Controls/ControlRig_Star4_3mm.uasset" 5529
"../../../Engine/Plugins/Animation/ControlRig/Content/Controls/ControlRig_Star4_solid.uasset" 5530
"../../../Engine/Plugins/Animation/ControlRig/Content/Controls/ControlRig_Triangle_1mm.uasset" 5531
"../../../Engine/Plugins/Animation/ControlRig/Content/Controls/ControlRig_Triangle_3mm.uasset" 5532
"../../../Engine/Plugins/Animation/ControlRig/Content/Controls/ControlRig_Triangle_solid.uasset" 5533
"../../../Engine/Plugins/Animation/ControlRig/Content/Controls/ControlRig_Wedge_3mm.uasset" 5534
"../../../Engine/Plugins/Animation/ControlRig/Content/Controls/ControlRig_Wedge_solid.uasset" 5535
"../../../Engine/Content/Maps/Entry_BuiltData.uasset" 5536
"../../../Engine/Content/Maps/Entry.umap" 5537
"../../../Engine/Plugins/Animation/ControlRig/Content/Controls/ControlRig_Wedge_1mm.uasset" 5538
"/Engine/Maps/Entry" 5539
"/ControlRig/Controls/ControlRig_Wedge_solid" 5540
"/ControlRig/Controls/ControlRig_Wedge_3mm" 5541
"/ControlRig/Controls/ControlRig_Wedge_1mm" 5542
"/ControlRig/Controls/ControlRig_Triangle_solid" 5543
"/ControlRig/Controls/ControlRig_Triangle_3mm" 5544
"/ControlRig/Controls/ControlRig_Triangle_1mm" 5545
"/ControlRig/Controls/ControlRig_Star4_solid" 5546
"/ControlRig/Controls/ControlRig_Star4_3mm" 5547
"/ControlRig/Controls/ControlRig_Star4_1mm" 5548
"/ControlRig/Controls/ControlRig_Square_solid" 5549
"/ControlRig/Controls/ControlRig_Square_3mm" 5550
"/ControlRig/Controls/ControlRig_Square_1mm" 5551
"/ControlRig/Controls/ControlRig_Sphere_3mm" 5552
"/ControlRig/Controls/ControlRig_Sphere_1mm" 5553
"/ControlRig/Controls/ControlRig_RoundedTriangle_solid" 5554
"/ControlRig/Controls/ControlRig_RoundedTriangle_3mm" 5555
"/ControlRig/Controls/ControlRig_RoundedTriangle_1mm" 5556
"/ControlRig/Controls/ControlRig_RoundedSquare_solid" 5557
"/ControlRig/Controls/ControlRig_RoundedSquare_3mm" 5558
"/ControlRig/Controls/ControlRig_RoundedSquare_1mm" 5559
"/ControlRig/Controls/ControlRig_QuarterCircle_solid" 5560
"../../../Engine/Plugins/MovieScene/MovieRenderPipeline/Content/Blueprints/DefaultBurnIn.uasset" 5561
"../../../Engine/Plugins/MovieScene/MovieRenderPipeline/Content/Blueprints/Graph/DefaultGraphBurnIn.uasset" 5562
"/MovieRenderPipeline/Blueprints/Graph/DefaultGraphBurnIn" 5563
"/MovieRenderPipeline/Blueprints/DefaultBurnIn" 5564
"../../../Engine/Content/EditorMaterials/PreviewShadowIndicatorMaterial.uasset" 5565
"../../../Engine/Content/EngineMaterials/Substrate/GLints/dict_16_192_64_0p5_0p02_0000_0000.uasset" 5566
"../../../Engine/Content/EngineMaterials/Substrate/GLints/dict_16_192_64_0p5_0p02_0000_0001.uasset" 5567
"../../../Engine/Content/EngineMaterials/Substrate/GLints/dict_16_192_64_0p5_0p02_0000_0002.uasset" 5568
"../../../Engine/Content/EngineMaterials/Substrate/GLints/dict_16_192_64_0p5_0p02_0000_0003.uasset" 5569
"../../../Engine/Content/EngineMaterials/Substrate/GLints/dict_16_192_64_0p5_0p02_0000_0004.uasset" 5570
"../../../Engine/Content/EngineMaterials/Substrate/GLints/dict_16_192_64_0p5_0p02_0000_0005.uasset" 5571
"../../../Engine/Content/EngineMaterials/Substrate/GLints/dict_16_192_64_0p5_0p02_0000_0006.uasset" 5572
"../../../Engine/Content/EditorMaterials/PreviewShadowIndicator.uasset" 5573
"../../../Engine/Content/EngineMaterials/Substrate/GLints/dict_16_192_64_0p5_0p02_0000_0007.uasset" 5574
"../../../Engine/Content/EngineMaterials/Substrate/GLints/dict_16_192_64_0p5_0p02_0000_0008.uasset" 5575
"../../../Engine/Content/EngineMaterials/Substrate/GLints/dict_16_192_64_0p5_0p02_0000_0009.uasset" 5576
"../../../Engine/Content/EngineMaterials/Substrate/GLints/dict_16_192_64_0p5_0p02_0000_0012.uasset" 5577
"../../../Engine/Content/EngineMaterials/Substrate/GLints/dict_16_192_64_0p5_0p02_0000_0014.uasset" 5578
"../../../Engine/Content/EngineMaterials/Substrate/GLints/dict_16_192_64_0p5_0p02_0000_0013.uasset" 5579
"../../../Engine/Content/EngineMaterials/Substrate/GLints/dict_16_192_64_0p5_0p02_0000_0015.uasset" 5580
"../../../Engine/Content/EngineMaterials/Substrate/GLints/dict_16_192_64_0p5_0p02_0001_0001.uasset" 5581
"../../../Engine/Content/EngineMaterials/Substrate/GLints/dict_16_192_64_0p5_0p02_0001_0002.uasset" 5582
"../../../Engine/Content/EngineMaterials/Substrate/GLints/dict_16_192_64_0p5_0p02_0001_0003.uasset" 5583
"../../../Engine/Content/EngineMaterials/Substrate/GLints/dict_16_192_64_0p5_0p02_0001_0004.uasset" 5584
"../../../Engine/Content/EngineMaterials/Substrate/GLints/dict_16_192_64_0p5_0p02_0000_0010.uasset" 5585
"../../../Engine/Content/EngineMaterials/Substrate/GLints/dict_16_192_64_0p5_0p02_0001_0006.uasset" 5586
"../../../Engine/Content/EngineMaterials/Substrate/GLints/dict_16_192_64_0p5_0p02_0001_0005.uasset" 5587
"../../../Engine/Content/EngineMaterials/Substrate/GLints/dict_16_192_64_0p5_0p02_0001_0007.uasset" 5588
"../../../Engine/Content/EngineMaterials/Substrate/GLints/dict_16_192_64_0p5_0p02_0001_0008.uasset" 5589
"../../../Engine/Content/EngineMaterials/Substrate/GLints/dict_16_192_64_0p5_0p02_0001_0009.uasset" 5590
"../../../Engine/Content/EngineMaterials/Substrate/GLints/dict_16_192_64_0p5_0p02_0001_0010.uasset" 5591
"../../../Engine/Content/EngineMaterials/Substrate/GLints/dict_16_192_64_0p5_0p02_0001_0011.uasset" 5592
"../../../Engine/Content/EngineMaterials/Substrate/GLints/dict_16_192_64_0p5_0p02_0001_0012.uasset" 5593
"../../../Engine/Content/EngineMaterials/Substrate/GLints/dict_16_192_64_0p5_0p02_0001_0013.uasset" 5594
"../../../Engine/Content/EngineMaterials/Substrate/GLints/dict_16_192_64_0p5_0p02_0000_0011.uasset" 5595
"../../../Engine/Content/EngineMaterials/Substrate/GLints/dict_16_192_64_0p5_0p02_0001_0000.uasset" 5596
"/Engine/EngineMaterials/Substrate/GLints/dict_16_192_64_0p5_0p02_0000_0000" 5597
"../../../Engine/Content/EngineMaterials/Substrate/GLints/dict_16_192_64_0p5_0p02_0001_0014.uasset" 5598
"/Engine/EngineMaterials/Substrate/GLints/dict_16_192_64_0p5_0p02_0001_0013" 5599
"/Engine/EngineMaterials/Substrate/GLints/dict_16_192_64_0p5_0p02_0001_0012" 5600
"/Engine/EngineMaterials/Substrate/GLints/dict_16_192_64_0p5_0p02_0001_0011" 5601
"/Engine/EngineMaterials/Substrate/GLints/dict_16_192_64_0p5_0p02_0001_0010" 5602
"/Engine/EngineMaterials/Substrate/GLints/dict_16_192_64_0p5_0p02_0001_0009" 5603
"/Engine/EngineMaterials/Substrate/GLints/dict_16_192_64_0p5_0p02_0001_0008" 5604
"/Engine/EngineMaterials/Substrate/GLints/dict_16_192_64_0p5_0p02_0001_0007" 5605
"/Engine/EngineMaterials/Substrate/GLints/dict_16_192_64_0p5_0p02_0001_0006" 5606
"/Engine/EngineMaterials/Substrate/GLints/dict_16_192_64_0p5_0p02_0001_0005" 5607
"/Engine/EngineMaterials/Substrate/GLints/dict_16_192_64_0p5_0p02_0001_0004" 5608
"/Engine/EngineMaterials/Substrate/GLints/dict_16_192_64_0p5_0p02_0001_0003" 5609
"/Engine/EngineMaterials/Substrate/GLints/dict_16_192_64_0p5_0p02_0001_0002" 5610
"/Engine/EngineMaterials/Substrate/GLints/dict_16_192_64_0p5_0p02_0001_0001" 5611
"/Engine/EngineMaterials/Substrate/GLints/dict_16_192_64_0p5_0p02_0001_0000" 5612
"/Engine/EngineMaterials/Substrate/GLints/dict_16_192_64_0p5_0p02_0000_0015" 5613
"/Engine/EngineMaterials/Substrate/GLints/dict_16_192_64_0p5_0p02_0000_0014" 5614
"/Engine/EngineMaterials/Substrate/GLints/dict_16_192_64_0p5_0p02_0000_0013" 5615
"/Engine/EngineMaterials/Substrate/GLints/dict_16_192_64_0p5_0p02_0000_0012" 5616
"/Engine/EngineMaterials/Substrate/GLints/dict_16_192_64_0p5_0p02_0000_0011" 5617
"/Engine/EngineMaterials/Substrate/GLints/dict_16_192_64_0p5_0p02_0000_0010" 5618
"/Engine/EngineMaterials/Substrate/GLints/dict_16_192_64_0p5_0p02_0000_0009" 5619
"/Engine/EngineMaterials/Substrate/GLints/dict_16_192_64_0p5_0p02_0000_0008" 5620
"/Engine/EngineMaterials/Substrate/GLints/dict_16_192_64_0p5_0p02_0000_0007" 5621
"/Engine/EngineMaterials/Substrate/GLints/dict_16_192_64_0p5_0p02_0000_0006" 5622
"/Engine/EngineMaterials/Substrate/GLints/dict_16_192_64_0p5_0p02_0000_0005" 5623
"/Engine/EngineMaterials/Substrate/GLints/dict_16_192_64_0p5_0p02_0000_0004" 5624
"/Engine/EngineMaterials/Substrate/GLints/dict_16_192_64_0p5_0p02_0000_0003" 5625
"/Engine/EngineMaterials/Substrate/GLints/dict_16_192_64_0p5_0p02_0000_0002" 5626
"/Engine/EngineMaterials/Substrate/GLints/dict_16_192_64_0p5_0p02_0000_0001" 5627
"/Engine/EditorMaterials/PreviewShadowIndicatorMaterial" 5628
"../../../Engine/Content/EngineMaterials/Substrate/GLints/dict_16_192_64_0p5_0p02_0002_0001.uasset" 5629
"../../../Engine/Content/EngineMaterials/Substrate/GLints/dict_16_192_64_0p5_0p02_0002_0008.uasset" 5630
"../../../Engine/Content/EngineMaterials/Substrate/GLints/dict_16_192_64_0p5_0p02_0002_0007.uasset" 5631
"../../../Engine/Content/EngineMaterials/Substrate/GLints/dict_16_192_64_0p5_0p02_0002_0012.uasset" 5632
"../../../Engine/Content/EngineMaterials/Substrate/GLints/dict_16_192_64_0p5_0p02_0002_0005.uasset" 5633
"../../../Engine/Content/EngineMaterials/Substrate/GLints/dict_16_192_64_0p5_0p02_0002_0006.uasset" 5634
"../../../Engine/Content/EngineMaterials/Substrate/GLints/dict_16_192_64_0p5_0p02_0002_0002.uasset" 5635
"../../../Engine/Content/EngineMaterials/Substrate/GLints/dict_16_192_64_0p5_0p02_0002_0014.uasset" 5636
"../../../Engine/Content/EngineMaterials/Substrate/GLints/dict_16_192_64_0p5_0p02_0001_0015.uasset" 5637
"../../../Engine/Content/EngineMaterials/Substrate/GLints/dict_16_192_64_0p5_0p02_0002_0011.uasset" 5638
"../../../Engine/Content/EngineMaterials/Substrate/GLints/dict_16_192_64_0p5_0p02_0003_0002.uasset" 5639
"../../../Engine/Content/EngineMaterials/Substrate/GLints/dict_16_192_64_0p5_0p02_0002_0009.uasset" 5640
"../../../Engine/Content/EngineMaterials/Substrate/GLints/dict_16_192_64_0p5_0p02_0003_0001.uasset" 5641
"../../../Engine/Content/EngineMaterials/Substrate/GLints/dict_16_192_64_0p5_0p02_0002_0004.uasset" 5642
"../../../Engine/Content/EngineMaterials/Substrate/GLints/dict_16_192_64_0p5_0p02_0002_0010.uasset" 5643
"../../../Engine/Content/EngineMaterials/Substrate/GLints/dict_16_192_64_0p5_0p02_0002_0013.uasset" 5644
"../../../Engine/Content/EngineMaterials/Substrate/GLints/dict_16_192_64_0p5_0p02_0003_0003.uasset" 5645
"../../../Engine/Content/EngineMaterials/Substrate/GLints/dict_16_192_64_0p5_0p02_0002_0015.uasset" 5646
"../../../Engine/Content/EngineMaterials/Substrate/GLints/dict_16_192_64_0p5_0p02_0003_0005.uasset" 5647
"../../../Engine/Content/EngineMaterials/Substrate/GLints/dict_16_192_64_0p5_0p02_0002_0003.uasset" 5648
"/Engine/EngineMaterials/Substrate/GLints/dict_16_192_64_0p5_0p02_0002_0006" 5649
"../../../Engine/Content/EngineMaterials/Substrate/GLints/dict_16_192_64_0p5_0p02_0002_0000.uasset" 5650
"../../../Engine/Content/EngineMaterials/Substrate/GLints/dict_16_192_64_0p5_0p02_0003_0004.uasset" 5651
"../../../Engine/Content/EngineMaterials/Substrate/GLints/dict_16_192_64_0p5_0p02_0003_0006.uasset" 5652
"../../../Engine/Content/EngineMaterials/Substrate/GLints/dict_16_192_64_0p5_0p02_0003_0008.uasset" 5653
"../../../Engine/Content/EngineMaterials/Substrate/GLints/dict_16_192_64_0p5_0p02_0003_0007.uasset" 5654
"../../../Engine/Content/EngineMaterials/Substrate/GLints/dict_16_192_64_0p5_0p02_0003_0013.uasset" 5655
"../../../Engine/Content/EngineMaterials/Substrate/GLints/dict_16_192_64_0p5_0p02_0003_0000.uasset" 5656
"../../../Engine/Content/EngineMaterials/Substrate/GLints/dict_16_192_64_0p5_0p02_0003_0012.uasset" 5657
"../../../Engine/Content/EngineMaterials/Substrate/GLints/dict_16_192_64_0p5_0p02_0003_0011.uasset" 5658
"../../../Engine/Content/EngineMaterials/Substrate/GLints/dict_16_192_64_0p5_0p02_0003_0010.uasset" 5659
"../../../Engine/Content/EngineMaterials/Substrate/GLints/dict_16_192_64_0p5_0p02_0003_0009.uasset" 5660
"/Engine/EngineMaterials/Substrate/GLints/dict_16_192_64_0p5_0p02_0002_0005" 5661
"/Engine/EngineMaterials/Substrate/GLints/dict_16_192_64_0p5_0p02_0002_0001" 5662
"/Engine/EngineMaterials/Substrate/GLints/dict_16_192_64_0p5_0p02_0001_0014" 5663
"../../../Engine/Content/EngineMaterials/Substrate/GLints/dict_16_192_64_0p5_0p02_0003_0014.uasset" 5664
"../../../Engine/Content/EngineMaterials/Substrate/GLints/dict_16_192_64_0p5_0p02_0003_0015.uasset" 5665
"../../../Engine/Content/EngineMaterials/Substrate/GLints/dict_16_192_64_0p5_0p02_0004_0000.uasset" 5666
"../../../Engine/Content/EngineMaterials/Substrate/GLints/dict_16_192_64_0p5_0p02_0004_0001.uasset" 5667
"/Engine/EngineMaterials/Substrate/GLints/dict_16_192_64_0p5_0p02_0003_0013" 5668
"/Engine/EngineMaterials/Substrate/GLints/dict_16_192_64_0p5_0p02_0003_0012" 5669
"/Engine/EngineMaterials/Substrate/GLints/dict_16_192_64_0p5_0p02_0003_0011" 5670
"/Engine/EngineMaterials/Substrate/GLints/dict_16_192_64_0p5_0p02_0003_0010" 5671
"/Engine/EngineMaterials/Substrate/GLints/dict_16_192_64_0p5_0p02_0003_0009" 5672
"/Engine/EngineMaterials/Substrate/GLints/dict_16_192_64_0p5_0p02_0003_0008" 5673
"/Engine/EngineMaterials/Substrate/GLints/dict_16_192_64_0p5_0p02_0003_0007" 5674
"/Engine/EngineMaterials/Substrate/GLints/dict_16_192_64_0p5_0p02_0003_0006" 5675
"/Engine/EngineMaterials/Substrate/GLints/dict_16_192_64_0p5_0p02_0003_0005" 5676
"/Engine/EngineMaterials/Substrate/GLints/dict_16_192_64_0p5_0p02_0003_0004" 5677
"/Engine/EngineMaterials/Substrate/GLints/dict_16_192_64_0p5_0p02_0003_0003" 5678
"/Engine/EngineMaterials/Substrate/GLints/dict_16_192_64_0p5_0p02_0003_0002" 5679
"/Engine/EngineMaterials/Substrate/GLints/dict_16_192_64_0p5_0p02_0003_0001" 5680
"/Engine/EngineMaterials/Substrate/GLints/dict_16_192_64_0p5_0p02_0003_0000" 5681
"/Engine/EngineMaterials/Substrate/GLints/dict_16_192_64_0p5_0p02_0002_0015" 5682
"/Engine/EngineMaterials/Substrate/GLints/dict_16_192_64_0p5_0p02_0002_0014" 5683
"/Engine/EngineMaterials/Substrate/GLints/dict_16_192_64_0p5_0p02_0002_0013" 5684
"/Engine/EngineMaterials/Substrate/GLints/dict_16_192_64_0p5_0p02_0002_0012" 5685
"/Engine/EngineMaterials/Substrate/GLints/dict_16_192_64_0p5_0p02_0002_0011" 5686
"/Engine/EngineMaterials/Substrate/GLints/dict_16_192_64_0p5_0p02_0002_0010" 5687
"/Engine/EngineMaterials/Substrate/GLints/dict_16_192_64_0p5_0p02_0002_0009" 5688
"/Engine/EngineMaterials/Substrate/GLints/dict_16_192_64_0p5_0p02_0002_0008" 5689
"/Engine/EngineMaterials/Substrate/GLints/dict_16_192_64_0p5_0p02_0002_0007" 5690
"/Engine/EngineMaterials/Substrate/GLints/dict_16_192_64_0p5_0p02_0004_0000" 5691
"/Engine/EngineMaterials/Substrate/GLints/dict_16_192_64_0p5_0p02_0002_0004" 5692
"/Engine/EngineMaterials/Substrate/GLints/dict_16_192_64_0p5_0p02_0002_0003" 5693
"/Engine/EngineMaterials/Substrate/GLints/dict_16_192_64_0p5_0p02_0002_0002" 5694
"/Engine/EngineMaterials/Substrate/GLints/dict_16_192_64_0p5_0p02_0003_0015" 5695
"/Engine/EngineMaterials/Substrate/GLints/dict_16_192_64_0p5_0p02_0003_0014" 5696
"/Engine/EngineMaterials/Substrate/GLints/dict_16_192_64_0p5_0p02_0002_0000" 5697
"/Engine/EngineMaterials/Substrate/GLints/dict_16_192_64_0p5_0p02_0001_0015" 5698
"../../../Engine/Content/EngineMaterials/Substrate/GLints/dict_16_192_64_0p5_0p02_0004_0006.uasset" 5699
"../../../Engine/Content/EngineMaterials/Substrate/GLints/dict_16_192_64_0p5_0p02_0004_0005.uasset" 5700
"../../../Engine/Content/EngineMaterials/Substrate/GLints/dict_16_192_64_0p5_0p02_0004_0009.uasset" 5701
"../../../Engine/Content/EngineMaterials/Substrate/GLints/dict_16_192_64_0p5_0p02_0004_0010.uasset" 5702
"../../../Engine/Content/EngineMaterials/Substrate/GLints/dict_16_192_64_0p5_0p02_0004_0014.uasset" 5703
"../../../Engine/Content/EngineMaterials/Substrate/GLints/dict_16_192_64_0p5_0p02_0004_0003.uasset" 5704
"../../../Engine/Content/EngineMaterials/Substrate/GLints/dict_16_192_64_0p5_0p02_0004_0015.uasset" 5705
"../../../Engine/Content/EngineMaterials/Substrate/GLints/dict_16_192_64_0p5_0p02_0004_0012.uasset" 5706
"../../../Engine/Content/EngineMaterials/Substrate/GLints/dict_16_192_64_0p5_0p02_0004_0002.uasset" 5707
"../../../Engine/Content/EngineMaterials/Substrate/GLints/dict_16_192_64_0p5_0p02_0004_0004.uasset" 5708
"../../../Engine/Content/EngineMaterials/Substrate/GLints/dict_16_192_64_0p5_0p02_0004_0008.uasset" 5709
"../../../Engine/Content/EngineMaterials/Substrate/GLints/dict_16_192_64_0p5_0p02_0005_0000.uasset" 5710
"../../../Engine/Content/EngineMaterials/Substrate/GLints/dict_16_192_64_0p5_0p02_0005_0002.uasset" 5711
"../../../Engine/Content/EngineMaterials/Substrate/GLints/dict_16_192_64_0p5_0p02_0005_0004.uasset" 5712
"../../../Engine/Content/EngineMaterials/Substrate/GLints/dict_16_192_64_0p5_0p02_0005_0003.uasset" 5713
"../../../Engine/Content/EngineMaterials/Substrate/GLints/dict_16_192_64_0p5_0p02_0004_0007.uasset" 5714
"/Engine/EngineMaterials/Substrate/GLints/dict_16_192_64_0p5_0p02_0004_0010" 5715
"../../../Engine/Content/EngineMaterials/Substrate/GLints/dict_16_192_64_0p5_0p02_0005_0007.uasset" 5716
"../../../Engine/Content/EngineMaterials/Substrate/GLints/dict_16_192_64_0p5_0p02_0005_0009.uasset" 5717
"../../../Engine/Content/EngineMaterials/Substrate/GLints/dict_16_192_64_0p5_0p02_0005_0001.uasset" 5718
"../../../Engine/Content/EngineMaterials/Substrate/GLints/dict_16_192_64_0p5_0p02_0005_0010.uasset" 5719
"../../../Engine/Content/EngineMaterials/Substrate/GLints/dict_16_192_64_0p5_0p02_0005_0011.uasset" 5720
"../../../Engine/Content/EngineMaterials/Substrate/GLints/dict_16_192_64_0p5_0p02_0005_0012.uasset" 5721
"../../../Engine/Content/EngineMaterials/Substrate/GLints/dict_16_192_64_0p5_0p02_0005_0013.uasset" 5722
"../../../Engine/Content/EngineMaterials/Substrate/GLints/dict_16_192_64_0p5_0p02_0005_0005.uasset" 5723
"../../../Engine/Content/EngineMaterials/Substrate/GLints/dict_16_192_64_0p5_0p02_0005_0014.uasset" 5724
"../../../Engine/Content/EngineMaterials/Substrate/GLints/dict_16_192_64_0p5_0p02_0004_0013.uasset" 5725
"../../../Engine/Content/EngineMaterials/Substrate/GLints/dict_16_192_64_0p5_0p02_0005_0008.uasset" 5726
"../../../Engine/Content/EngineMaterials/Substrate/GLints/dict_16_192_64_0p5_0p02_0005_0015.uasset" 5727
"../../../Engine/Content/EngineMaterials/Substrate/GLints/dict_16_192_64_0p5_0p02_0004_0011.uasset" 5728
"../../../Engine/Content/EngineMaterials/Substrate/GLints/dict_16_192_64_0p5_0p02_0006_0000.uasset" 5729
"../../../Engine/Content/EngineMaterials/Substrate/GLints/dict_16_192_64_0p5_0p02_0005_0006.uasset" 5730
"/Engine/EngineMaterials/Substrate/GLints/dict_16_192_64_0p5_0p02_0004_0001" 5731
"/Engine/EngineMaterials/Substrate/GLints/dict_16_192_64_0p5_0p02_0004_0009" 5732
"/Engine/EngineMaterials/Substrate/GLints/dict_16_192_64_0p5_0p02_0004_0006" 5733
"/Engine/EngineMaterials/Substrate/GLints/dict_16_192_64_0p5_0p02_0004_0005" 5734
"/Engine/EngineMaterials/Substrate/GLints/dict_16_192_64_0p5_0p02_0004_0003" 5735
"../../../Engine/Content/EngineMaterials/Substrate/GLints/dict_16_192_64_0p5_0p02_0006_0001.uasset" 5736
"../../../Engine/Content/EngineMaterials/Substrate/GLints/dict_16_192_64_0p5_0p02_0006_0002.uasset" 5737
"../../../Engine/Content/EngineMaterials/Substrate/GLints/dict_16_192_64_0p5_0p02_0006_0003.uasset" 5738
"../../../Engine/Content/EngineMaterials/Substrate/GLints/dict_16_192_64_0p5_0p02_0006_0006.uasset" 5739
"../../../Engine/Content/EngineMaterials/Substrate/GLints/dict_16_192_64_0p5_0p02_0006_0005.uasset" 5740
"../../../Engine/Content/EngineMaterials/Substrate/GLints/dict_16_192_64_0p5_0p02_0006_0004.uasset" 5741
"/Engine/EngineMaterials/Substrate/GLints/dict_16_192_64_0p5_0p02_0006_0000" 5742
"/Engine/EngineMaterials/Substrate/GLints/dict_16_192_64_0p5_0p02_0005_0015" 5743
"/Engine/EngineMaterials/Substrate/GLints/dict_16_192_64_0p5_0p02_0005_0014" 5744
"/Engine/EngineMaterials/Substrate/GLints/dict_16_192_64_0p5_0p02_0005_0013" 5745
"/Engine/EngineMaterials/Substrate/GLints/dict_16_192_64_0p5_0p02_0005_0012" 5746
"/Engine/EngineMaterials/Substrate/GLints/dict_16_192_64_0p5_0p02_0005_0011" 5747
"/Engine/EngineMaterials/Substrate/GLints/dict_16_192_64_0p5_0p02_0005_0010" 5748
"/Engine/EngineMaterials/Substrate/GLints/dict_16_192_64_0p5_0p02_0005_0009" 5749
"/Engine/EngineMaterials/Substrate/GLints/dict_16_192_64_0p5_0p02_0005_0008" 5750
"/Engine/EngineMaterials/Substrate/GLints/dict_16_192_64_0p5_0p02_0005_0007" 5751
"/Engine/EngineMaterials/Substrate/GLints/dict_16_192_64_0p5_0p02_0005_0006" 5752
"/Engine/EngineMaterials/Substrate/GLints/dict_16_192_64_0p5_0p02_0005_0005" 5753
"/Engine/EngineMaterials/Substrate/GLints/dict_16_192_64_0p5_0p02_0005_0004" 5754
"/Engine/EngineMaterials/Substrate/GLints/dict_16_192_64_0p5_0p02_0005_0003" 5755
"/Engine/EngineMaterials/Substrate/GLints/dict_16_192_64_0p5_0p02_0005_0002" 5756
"/Engine/EngineMaterials/Substrate/GLints/dict_16_192_64_0p5_0p02_0005_0001" 5757
"/Engine/EngineMaterials/Substrate/GLints/dict_16_192_64_0p5_0p02_0005_0000" 5758
"/Engine/EngineMaterials/Substrate/GLints/dict_16_192_64_0p5_0p02_0004_0015" 5759
"/Engine/EngineMaterials/Substrate/GLints/dict_16_192_64_0p5_0p02_0004_0014" 5760
"/Engine/EngineMaterials/Substrate/GLints/dict_16_192_64_0p5_0p02_0004_0013" 5761
"/Engine/EngineMaterials/Substrate/GLints/dict_16_192_64_0p5_0p02_0004_0012" 5762
"/Engine/EngineMaterials/Substrate/GLints/dict_16_192_64_0p5_0p02_0004_0011" 5763
"/Engine/EngineMaterials/Substrate/GLints/dict_16_192_64_0p5_0p02_0006_0006" 5764
"/Engine/EngineMaterials/Substrate/GLints/dict_16_192_64_0p5_0p02_0006_0005" 5765
"/Engine/EngineMaterials/Substrate/GLints/dict_16_192_64_0p5_0p02_0006_0004" 5766
"/Engine/EngineMaterials/Substrate/GLints/dict_16_192_64_0p5_0p02_0004_0008" 5767
"/Engine/EngineMaterials/Substrate/GLints/dict_16_192_64_0p5_0p02_0004_0007" 5768
"/Engine/EngineMaterials/Substrate/GLints/dict_16_192_64_0p5_0p02_0006_0003" 5769
"/Engine/EngineMaterials/Substrate/GLints/dict_16_192_64_0p5_0p02_0006_0002" 5770
"/Engine/EngineMaterials/Substrate/GLints/dict_16_192_64_0p5_0p02_0004_0004" 5771
"/Engine/EngineMaterials/Substrate/GLints/dict_16_192_64_0p5_0p02_0006_0001" 5772
"/Engine/EngineMaterials/Substrate/GLints/dict_16_192_64_0p5_0p02_0004_0002" 5773
"../../../Engine/Content/EngineMaterials/Substrate/GLints/dict_16_192_64_0p5_0p02_0006_0009.uasset" 5774
"../../../Engine/Content/EngineMaterials/Substrate/GLints/dict_16_192_64_0p5_0p02_0006_0007.uasset" 5775
"../../../Engine/Content/EngineMaterials/Substrate/GLints/dict_16_192_64_0p5_0p02_0006_0014.uasset" 5776
"../../../Engine/Content/EngineMaterials/Substrate/GLints/dict_16_192_64_0p5_0p02_0006_0015.uasset" 5777
"../../../Engine/Content/EngineMaterials/Substrate/GLints/dict_16_192_64_0p5_0p02_0007_0002.uasset" 5778
"../../../Engine/Content/EngineMaterials/Substrate/GLints/dict_16_192_64_0p5_0p02_0007_0004.uasset" 5779
"../../../Engine/Content/EngineMaterials/Substrate/GLints/dict_16_192_64_0p5_0p02_0007_0003.uasset" 5780
"../../../Engine/Content/EngineMaterials/Substrate/GLints/dict_16_192_64_0p5_0p02_0007_0001.uasset" 5781
"../../../Engine/Content/EngineMaterials/Substrate/GLints/dict_16_192_64_0p5_0p02_0006_0011.uasset" 5782
"../../../Engine/Content/EngineMaterials/Substrate/GLints/dict_16_192_64_0p5_0p02_0006_0008.uasset" 5783
"../../../Engine/Content/EngineMaterials/Substrate/GLints/dict_16_192_64_0p5_0p02_0007_0007.uasset" 5784
"../../../Engine/Content/EngineMaterials/Substrate/GLints/dict_16_192_64_0p5_0p02_0007_0006.uasset" 5785
"../../../Engine/Content/EngineMaterials/Substrate/GLints/dict_16_192_64_0p5_0p02_0007_0000.uasset" 5786
"../../../Engine/Content/EngineMaterials/Substrate/GLints/dict_16_192_64_0p5_0p02_0006_0012.uasset" 5787
"../../../Engine/Content/EngineMaterials/Substrate/GLints/dict_16_192_64_0p5_0p02_0007_0011.uasset" 5788
"../../../Engine/Content/EngineMaterials/Substrate/GLints/dict_16_192_64_0p5_0p02_0007_0005.uasset" 5789
"../../../Engine/Content/EngineMaterials/Substrate/GLints/dict_16_192_64_0p5_0p02_0007_0013.uasset" 5790
"../../../Engine/Content/EngineMaterials/Substrate/GLints/dict_16_192_64_0p5_0p02_0007_0012.uasset" 5791
"../../../Engine/Content/EngineMaterials/Substrate/GLints/dict_16_192_64_0p5_0p02_0007_0008.uasset" 5792
"../../../Engine/Content/EngineMaterials/Substrate/GLints/dict_16_192_64_0p5_0p02_0007_0014.uasset" 5793
"../../../Engine/Content/EngineMaterials/Substrate/GLints/dict_16_192_64_0p5_0p02_0008_0000.uasset" 5794
"../../../Engine/Content/EngineMaterials/Substrate/GLints/dict_16_192_64_0p5_0p02_0006_0010.uasset" 5795
"../../../Engine/Content/EngineMaterials/Substrate/GLints/dict_16_192_64_0p5_0p02_0008_0001.uasset" 5796
"../../../Engine/Content/EngineMaterials/Substrate/GLints/dict_16_192_64_0p5_0p02_0008_0002.uasset" 5797
"/Engine/EngineMaterials/Substrate/GLints/dict_16_192_64_0p5_0p02_0007_0002" 5798
"../../../Engine/Content/EngineMaterials/Substrate/GLints/dict_16_192_64_0p5_0p02_0008_0005.uasset" 5799
"../../../Engine/Content/EngineMaterials/Substrate/GLints/dict_16_192_64_0p5_0p02_0007_0010.uasset" 5800
"../../../Engine/Content/EngineMaterials/Substrate/GLints/dict_16_192_64_0p5_0p02_0008_0006.uasset" 5801
"../../../Engine/Content/EngineMaterials/Substrate/GLints/dict_16_192_64_0p5_0p02_0006_0013.uasset" 5802
"../../../Engine/Content/EngineMaterials/Substrate/GLints/dict_16_192_64_0p5_0p02_0007_0015.uasset" 5803
"../../../Engine/Content/EngineMaterials/Substrate/GLints/dict_16_192_64_0p5_0p02_0007_0009.uasset" 5804
"../../../Engine/Content/EngineMaterials/Substrate/GLints/dict_16_192_64_0p5_0p02_0008_0003.uasset" 5805
"../../../Engine/Content/EngineMaterials/Substrate/GLints/dict_16_192_64_0p5_0p02_0008_0004.uasset" 5806
"/Engine/EngineMaterials/Substrate/GLints/dict_16_192_64_0p5_0p02_0006_0015" 5807
"/Engine/EngineMaterials/Substrate/GLints/dict_16_192_64_0p5_0p02_0006_0014" 5808
"/Engine/EngineMaterials/Substrate/GLints/dict_16_192_64_0p5_0p02_0006_0009" 5809
"/Engine/EngineMaterials/Substrate/GLints/dict_16_192_64_0p5_0p02_0006_0007" 5810
"../../../Engine/Content/EngineMaterials/Substrate/GLints/dict_16_192_64_0p5_0p02_0008_0007.uasset" 5811
"../../../Engine/Content/EngineMaterials/Substrate/GLints/dict_16_192_64_0p5_0p02_0008_0010.uasset" 5812
"../../../Engine/Content/EngineMaterials/Substrate/GLints/dict_16_192_64_0p5_0p02_0008_0009.uasset" 5813
"../../../Engine/Content/EngineMaterials/Substrate/GLints/dict_16_192_64_0p5_0p02_0008_0011.uasset" 5814
"../../../Engine/Content/EngineMaterials/Substrate/GLints/dict_16_192_64_0p5_0p02_0008_0008.uasset" 5815
"/Engine/EngineMaterials/Substrate/GLints/dict_16_192_64_0p5_0p02_0008_0006" 5816
"/Engine/EngineMaterials/Substrate/GLints/dict_16_192_64_0p5_0p02_0008_0005" 5817
"/Engine/EngineMaterials/Substrate/GLints/dict_16_192_64_0p5_0p02_0008_0004" 5818
"/Engine/EngineMaterials/Substrate/GLints/dict_16_192_64_0p5_0p02_0008_0003" 5819
"/Engine/EngineMaterials/Substrate/GLints/dict_16_192_64_0p5_0p02_0008_0002" 5820
"/Engine/EngineMaterials/Substrate/GLints/dict_16_192_64_0p5_0p02_0008_0001" 5821
"/Engine/EngineMaterials/Substrate/GLints/dict_16_192_64_0p5_0p02_0008_0000" 5822
"/Engine/EngineMaterials/Substrate/GLints/dict_16_192_64_0p5_0p02_0007_0015" 5823
"/Engine/EngineMaterials/Substrate/GLints/dict_16_192_64_0p5_0p02_0007_0014" 5824
"/Engine/EngineMaterials/Substrate/GLints/dict_16_192_64_0p5_0p02_0007_0013" 5825
"/Engine/EngineMaterials/Substrate/GLints/dict_16_192_64_0p5_0p02_0007_0012" 5826
"/Engine/EngineMaterials/Substrate/GLints/dict_16_192_64_0p5_0p02_0007_0011" 5827
"/Engine/EngineMaterials/Substrate/GLints/dict_16_192_64_0p5_0p02_0007_0010" 5828
"/Engine/EngineMaterials/Substrate/GLints/dict_16_192_64_0p5_0p02_0007_0009" 5829
"/Engine/EngineMaterials/Substrate/GLints/dict_16_192_64_0p5_0p02_0007_0008" 5830
"/Engine/EngineMaterials/Substrate/GLints/dict_16_192_64_0p5_0p02_0007_0007" 5831
"/Engine/EngineMaterials/Substrate/GLints/dict_16_192_64_0p5_0p02_0007_0006" 5832
"/Engine/EngineMaterials/Substrate/GLints/dict_16_192_64_0p5_0p02_0007_0005" 5833
"/Engine/EngineMaterials/Substrate/GLints/dict_16_192_64_0p5_0p02_0007_0004" 5834
"/Engine/EngineMaterials/Substrate/GLints/dict_16_192_64_0p5_0p02_0007_0003" 5835
"/Engine/EngineMaterials/Substrate/GLints/dict_16_192_64_0p5_0p02_0007_0001" 5836
"/Engine/EngineMaterials/Substrate/GLints/dict_16_192_64_0p5_0p02_0007_0000" 5837
"/Engine/EngineMaterials/Substrate/GLints/dict_16_192_64_0p5_0p02_0008_0010" 5838
"/Engine/EngineMaterials/Substrate/GLints/dict_16_192_64_0p5_0p02_0006_0013" 5839
"/Engine/EngineMaterials/Substrate/GLints/dict_16_192_64_0p5_0p02_0006_0012" 5840
"/Engine/EngineMaterials/Substrate/GLints/dict_16_192_64_0p5_0p02_0006_0011" 5841
"/Engine/EngineMaterials/Substrate/GLints/dict_16_192_64_0p5_0p02_0006_0010" 5842
"/Engine/EngineMaterials/Substrate/GLints/dict_16_192_64_0p5_0p02_0008_0008" 5843
"/Engine/EngineMaterials/Substrate/GLints/dict_16_192_64_0p5_0p02_0006_0008" 5844
"/Engine/EngineMaterials/Substrate/GLints/dict_16_192_64_0p5_0p02_0008_0007" 5845
"../../../Engine/Content/EngineMaterials/Substrate/GLints/dict_16_192_64_0p5_0p02_0008_0013.uasset" 5846
"../../../Engine/Content/EngineMaterials/Substrate/GLints/dict_16_192_64_0p5_0p02_0008_0014.uasset" 5847
"../../../Engine/Content/EngineMaterials/Substrate/GLints/dict_16_192_64_0p5_0p02_0009_0002.uasset" 5848
"../../../Engine/Content/EngineMaterials/Substrate/GLints/dict_16_192_64_0p5_0p02_0009_0000.uasset" 5849
"../../../Engine/Content/EngineMaterials/Substrate/GLints/dict_16_192_64_0p5_0p02_0009_0004.uasset" 5850
"../../../Engine/Content/EngineMaterials/Substrate/GLints/dict_16_192_64_0p5_0p02_0009_0005.uasset" 5851
"../../../Engine/Content/EngineMaterials/Substrate/GLints/dict_16_192_64_0p5_0p02_0009_0007.uasset" 5852
"../../../Engine/Content/EngineMaterials/Substrate/GLints/dict_16_192_64_0p5_0p02_0009_0008.uasset" 5853
"../../../Engine/Content/EngineMaterials/Substrate/GLints/dict_16_192_64_0p5_0p02_0008_0015.uasset" 5854
"../../../Engine/Content/EngineMaterials/Substrate/GLints/dict_16_192_64_0p5_0p02_0009_0009.uasset" 5855
"../../../Engine/Content/EngineMaterials/Substrate/GLints/dict_16_192_64_0p5_0p02_0008_0012.uasset" 5856
"../../../Engine/Content/EngineMaterials/Substrate/GLints/dict_16_192_64_0p5_0p02_0009_0001.uasset" 5857
"../../../Engine/Content/EngineMaterials/Substrate/GLints/dict_16_192_64_0p5_0p02_0009_0011.uasset" 5858
"../../../Engine/Content/EngineMaterials/Substrate/GLints/dict_16_192_64_0p5_0p02_0009_0012.uasset" 5859
"../../../Engine/Content/EngineMaterials/Substrate/GLints/dict_16_192_64_0p5_0p02_0010_0002.uasset" 5860
"../../../Engine/Content/EngineMaterials/Substrate/GLints/dict_16_192_64_0p5_0p02_0010_0003.uasset" 5861
"../../../Engine/Content/EngineMaterials/Substrate/GLints/dict_16_192_64_0p5_0p02_0010_0000.uasset" 5862
"../../../Engine/Content/EngineMaterials/Substrate/GLints/dict_16_192_64_0p5_0p02_0009_0006.uasset" 5863
"../../../Engine/Content/EngineMaterials/Substrate/GLints/dict_16_192_64_0p5_0p02_0010_0005.uasset" 5864
"../../../Engine/Content/EngineMaterials/Substrate/GLints/dict_16_192_64_0p5_0p02_0009_0003.uasset" 5865
"../../../Engine/Content/EngineMaterials/Substrate/GLints/dict_16_192_64_0p5_0p02_0009_0014.uasset" 5866
"../../../Engine/Content/EngineMaterials/Substrate/GLints/dict_16_192_64_0p5_0p02_0010_0008.uasset" 5867
"../../../Engine/Content/EngineMaterials/Substrate/GLints/dict_16_192_64_0p5_0p02_0010_0001.uasset" 5868
"../../../Engine/Content/EngineMaterials/Substrate/GLints/dict_16_192_64_0p5_0p02_0010_0009.uasset" 5869
"../../../Engine/Content/EngineMaterials/Substrate/GLints/dict_16_192_64_0p5_0p02_0009_0013.uasset" 5870
"../../../Engine/Content/EngineMaterials/Substrate/GLints/dict_16_192_64_0p5_0p02_0009_0010.uasset" 5871
"../../../Engine/Content/EngineMaterials/Substrate/GLints/dict_16_192_64_0p5_0p02_0010_0004.uasset" 5872
"/Engine/EngineMaterials/Substrate/GLints/dict_16_192_64_0p5_0p02_0009_0009" 5873
"../../../Engine/Content/EngineMaterials/Substrate/GLints/dict_16_192_64_0p5_0p02_0010_0006.uasset" 5874
"../../../Engine/Content/EngineMaterials/Substrate/GLints/dict_16_192_64_0p5_0p02_0009_0015.uasset" 5875
"../../../Engine/Content/EngineMaterials/Substrate/GLints/dict_16_192_64_0p5_0p02_0010_0007.uasset" 5876
"/Engine/EngineMaterials/Substrate/GLints/dict_16_192_64_0p5_0p02_0009_0008" 5877
"/Engine/EngineMaterials/Substrate/GLints/dict_16_192_64_0p5_0p02_0009_0007" 5878
"/Engine/EngineMaterials/Substrate/GLints/dict_16_192_64_0p5_0p02_0008_0011" 5879
"/Engine/EngineMaterials/Substrate/GLints/dict_16_192_64_0p5_0p02_0009_0005" 5880
"/Engine/EngineMaterials/Substrate/GLints/dict_16_192_64_0p5_0p02_0009_0004" 5881
"/Engine/EngineMaterials/Substrate/GLints/dict_16_192_64_0p5_0p02_0008_0009" 5882
"/Engine/EngineMaterials/Substrate/GLints/dict_16_192_64_0p5_0p02_0009_0002" 5883
"/Engine/EngineMaterials/Substrate/GLints/dict_16_192_64_0p5_0p02_0009_0001" 5884
"/Engine/EngineMaterials/Substrate/GLints/dict_16_192_64_0p5_0p02_0009_0000" 5885
"/Engine/EngineMaterials/Substrate/GLints/dict_16_192_64_0p5_0p02_0008_0015" 5886
"/Engine/EngineMaterials/Substrate/GLints/dict_16_192_64_0p5_0p02_0008_0014" 5887
"/Engine/EngineMaterials/Substrate/GLints/dict_16_192_64_0p5_0p02_0008_0013" 5888
"/Engine/EngineMaterials/Substrate/GLints/dict_16_192_64_0p5_0p02_0008_0012" 5889
"../../../Engine/Content/EngineMaterials/Substrate/GLints/dict_16_192_64_0p5_0p02_0010_0011.uasset" 5890
"../../../Engine/Content/EngineMaterials/Substrate/GLints/dict_16_192_64_0p5_0p02_0010_0014.uasset" 5891
"../../../Engine/Content/EngineMaterials/Substrate/GLints/dict_16_192_64_0p5_0p02_0010_0015.uasset" 5892
"../../../Engine/Content/EngineMaterials/Substrate/GLints/dict_16_192_64_0p5_0p02_0010_0013.uasset" 5893
"../../../Engine/Content/EngineMaterials/Substrate/GLints/dict_16_192_64_0p5_0p02_0011_0000.uasset" 5894
"../../../Engine/Content/EngineMaterials/Substrate/GLints/dict_16_192_64_0p5_0p02_0011_0003.uasset" 5895
"../../../Engine/Content/EngineMaterials/Substrate/GLints/dict_16_192_64_0p5_0p02_0011_0004.uasset" 5896
"../../../Engine/Content/EngineMaterials/Substrate/GLints/dict_16_192_64_0p5_0p02_0011_0006.uasset" 5897
"../../../Engine/Content/EngineMaterials/Substrate/GLints/dict_16_192_64_0p5_0p02_0010_0010.uasset" 5898
"../../../Engine/Content/EngineMaterials/Substrate/GLints/dict_16_192_64_0p5_0p02_0010_0012.uasset" 5899
"../../../Engine/Content/EngineMaterials/Substrate/GLints/dict_16_192_64_0p5_0p02_0011_0005.uasset" 5900
"../../../Engine/Content/EngineMaterials/Substrate/GLints/dict_16_192_64_0p5_0p02_0011_0002.uasset" 5901
"../../../Engine/Content/EngineMaterials/Substrate/GLints/dict_16_192_64_0p5_0p02_0011_0001.uasset" 5902
"../../../Engine/Content/EngineMaterials/Substrate/GLints/dict_16_192_64_0p5_0p02_0011_0007.uasset" 5903
"/Engine/EngineMaterials/Substrate/GLints/dict_16_192_64_0p5_0p02_0010_0009" 5904
"/Engine/EngineMaterials/Substrate/GLints/dict_16_192_64_0p5_0p02_0010_0008" 5905
"/Engine/EngineMaterials/Substrate/GLints/dict_16_192_64_0p5_0p02_0010_0007" 5906
"/Engine/EngineMaterials/Substrate/GLints/dict_16_192_64_0p5_0p02_0010_0006" 5907
"/Engine/EngineMaterials/Substrate/GLints/dict_16_192_64_0p5_0p02_0010_0005" 5908
"/Engine/EngineMaterials/Substrate/GLints/dict_16_192_64_0p5_0p02_0010_0004" 5909
"/Engine/EngineMaterials/Substrate/GLints/dict_16_192_64_0p5_0p02_0010_0003" 5910
"/Engine/EngineMaterials/Substrate/GLints/dict_16_192_64_0p5_0p02_0010_0002" 5911
"/Engine/EngineMaterials/Substrate/GLints/dict_16_192_64_0p5_0p02_0010_0001" 5912
"/Engine/EngineMaterials/Substrate/GLints/dict_16_192_64_0p5_0p02_0010_0000" 5913
"/Engine/EngineMaterials/Substrate/GLints/dict_16_192_64_0p5_0p02_0009_0015" 5914
"/Engine/EngineMaterials/Substrate/GLints/dict_16_192_64_0p5_0p02_0009_0014" 5915
"/Engine/EngineMaterials/Substrate/GLints/dict_16_192_64_0p5_0p02_0009_0013" 5916
"/Engine/EngineMaterials/Substrate/GLints/dict_16_192_64_0p5_0p02_0009_0012" 5917
"/Engine/EngineMaterials/Substrate/GLints/dict_16_192_64_0p5_0p02_0009_0011" 5918
"/Engine/EngineMaterials/Substrate/GLints/dict_16_192_64_0p5_0p02_0009_0010" 5919
"/Engine/EngineMaterials/Substrate/GLints/dict_16_192_64_0p5_0p02_0009_0006" 5920
"/Engine/EngineMaterials/Substrate/GLints/dict_16_192_64_0p5_0p02_0011_0004" 5921
"/Engine/EngineMaterials/Substrate/GLints/dict_16_192_64_0p5_0p02_0011_0003" 5922
"/Engine/EngineMaterials/Substrate/GLints/dict_16_192_64_0p5_0p02_0009_0003" 5923
"/Engine/EngineMaterials/Substrate/GLints/dict_16_192_64_0p5_0p02_0011_0000" 5924
"/Engine/EngineMaterials/Substrate/GLints/dict_16_192_64_0p5_0p02_0010_0015" 5925
"/Engine/EngineMaterials/Substrate/GLints/dict_16_192_64_0p5_0p02_0010_0014" 5926
"/Engine/EngineMaterials/Substrate/GLints/dict_16_192_64_0p5_0p02_0010_0013" 5927
"/Engine/EngineMaterials/Substrate/GLints/dict_16_192_64_0p5_0p02_0010_0012" 5928
"/Engine/EngineMaterials/Substrate/GLints/dict_16_192_64_0p5_0p02_0010_0011" 5929
"/Engine/EngineMaterials/Substrate/GLints/dict_16_192_64_0p5_0p02_0010_0010" 5930
"../../../Engine/Content/EngineMaterials/Substrate/GLints/dict_16_192_64_0p5_0p02_0011_0009.uasset" 5931
"../../../Engine/Content/EngineMaterials/Substrate/GLints/dict_16_192_64_0p5_0p02_0011_0008.uasset" 5932
"../../../Engine/Content/EngineMaterials/Substrate/GLints/dict_16_192_64_0p5_0p02_0011_0011.uasset" 5933
"../../../Engine/Content/EngineMaterials/Substrate/GLints/dict_16_192_64_0p5_0p02_0011_0014.uasset" 5934
"../../../Engine/Content/EngineMaterials/Substrate/GLints/dict_16_192_64_0p5_0p02_0011_0015.uasset" 5935
"../../../Engine/Content/EngineMaterials/Substrate/GLints/dict_16_192_64_0p5_0p02_0012_0002.uasset" 5936
"../../../Engine/Content/EngineMaterials/Substrate/GLints/dict_16_192_64_0p5_0p02_0011_0010.uasset" 5937
"../../../Engine/Content/EngineMaterials/Substrate/GLints/dict_16_192_64_0p5_0p02_0012_0003.uasset" 5938
"../../../Engine/Content/EngineMaterials/Substrate/GLints/dict_16_192_64_0p5_0p02_0012_0005.uasset" 5939
"../../../Engine/Content/EngineMaterials/Substrate/GLints/dict_16_192_64_0p5_0p02_0012_0001.uasset" 5940
"../../../Engine/Content/EngineMaterials/Substrate/GLints/dict_16_192_64_0p5_0p02_0011_0012.uasset" 5941
"../../../Engine/Content/EngineMaterials/Substrate/GLints/dict_16_192_64_0p5_0p02_0012_0007.uasset" 5942
"../../../Engine/Content/EngineMaterials/Substrate/GLints/dict_16_192_64_0p5_0p02_0012_0006.uasset" 5943
"../../../Engine/Content/EngineMaterials/Substrate/GLints/dict_16_192_64_0p5_0p02_0012_0009.uasset" 5944
"../../../Engine/Content/EngineMaterials/Substrate/GLints/dict_16_192_64_0p5_0p02_0012_0011.uasset" 5945
"../../../Engine/Content/EngineMaterials/Substrate/GLints/dict_16_192_64_0p5_0p02_0012_0012.uasset" 5946
"../../../Engine/Content/EngineMaterials/Substrate/GLints/dict_16_192_64_0p5_0p02_0012_0004.uasset" 5947
"../../../Engine/Content/EngineMaterials/Substrate/GLints/dict_16_192_64_0p5_0p02_0012_0014.uasset" 5948
"../../../Engine/Content/EngineMaterials/Substrate/GLints/dict_16_192_64_0p5_0p02_0012_0015.uasset" 5949
"../../../Engine/Content/EngineMaterials/Substrate/GLints/dict_16_192_64_0p5_0p02_0012_0010.uasset" 5950
"../../../Engine/Content/EngineMaterials/Substrate/GLints/dict_16_192_64_0p5_0p02_0013_0001.uasset" 5951
"../../../Engine/Content/EngineMaterials/Substrate/GLints/dict_16_192_64_0p5_0p02_0013_0000.uasset" 5952
"../../../Engine/Content/EngineMaterials/Substrate/GLints/dict_16_192_64_0p5_0p02_0012_0008.uasset" 5953
"/Engine/EngineMaterials/Substrate/GLints/dict_16_192_64_0p5_0p02_0011_0007" 5954
"../../../Engine/Content/EngineMaterials/Substrate/GLints/dict_16_192_64_0p5_0p02_0012_0013.uasset" 5955
"../../../Engine/Content/EngineMaterials/Substrate/GLints/dict_16_192_64_0p5_0p02_0012_0000.uasset" 5956
"../../../Engine/Content/EngineMaterials/Substrate/GLints/dict_16_192_64_0p5_0p02_0013_0002.uasset" 5957
"../../../Engine/Content/EngineMaterials/Substrate/GLints/dict_16_192_64_0p5_0p02_0011_0013.uasset" 5958
"/Engine/EngineMaterials/Substrate/GLints/dict_16_192_64_0p5_0p02_0011_0006" 5959
"/Engine/EngineMaterials/Substrate/GLints/dict_16_192_64_0p5_0p02_0011_0005" 5960
"/Engine/EngineMaterials/Substrate/GLints/dict_16_192_64_0p5_0p02_0012_0002" 5961
"/Engine/EngineMaterials/Substrate/GLints/dict_16_192_64_0p5_0p02_0012_0001" 5962
"/Engine/EngineMaterials/Substrate/GLints/dict_16_192_64_0p5_0p02_0011_0002" 5963
"/Engine/EngineMaterials/Substrate/GLints/dict_16_192_64_0p5_0p02_0011_0015" 5964
"/Engine/EngineMaterials/Substrate/GLints/dict_16_192_64_0p5_0p02_0011_0001" 5965
"/Engine/EngineMaterials/Substrate/GLints/dict_16_192_64_0p5_0p02_0011_0014" 5966
"/Engine/EngineMaterials/Substrate/GLints/dict_16_192_64_0p5_0p02_0011_0012" 5967
"/Engine/EngineMaterials/Substrate/GLints/dict_16_192_64_0p5_0p02_0011_0011" 5968
"/Engine/EngineMaterials/Substrate/GLints/dict_16_192_64_0p5_0p02_0011_0010" 5969
"/Engine/EngineMaterials/Substrate/GLints/dict_16_192_64_0p5_0p02_0011_0009" 5970
"/Engine/EngineMaterials/Substrate/GLints/dict_16_192_64_0p5_0p02_0011_0008" 5971
"../../../Engine/Content/EngineMaterials/Substrate/GLints/dict_16_192_64_0p5_0p02_0013_0006.uasset" 5972
"../../../Engine/Content/EngineMaterials/Substrate/GLints/dict_16_192_64_0p5_0p02_0013_0009.uasset" 5973
"../../../Engine/Content/EngineMaterials/Substrate/GLints/dict_16_192_64_0p5_0p02_0013_0013.uasset" 5974
"../../../Engine/Content/EngineMaterials/Substrate/GLints/dict_16_192_64_0p5_0p02_0013_0012.uasset" 5975
"../../../Engine/Content/EngineMaterials/Substrate/GLints/dict_16_192_64_0p5_0p02_0013_0003.uasset" 5976
"../../../Engine/Content/EngineMaterials/Substrate/GLints/dict_16_192_64_0p5_0p02_0013_0014.uasset" 5977
"../../../Engine/Content/EngineMaterials/Substrate/GLints/dict_16_192_64_0p5_0p02_0013_0007.uasset" 5978
"../../../Engine/Content/EngineMaterials/Substrate/GLints/dict_16_192_64_0p5_0p02_0014_0000.uasset" 5979
"../../../Engine/Content/EngineMaterials/Substrate/GLints/dict_16_192_64_0p5_0p02_0013_0008.uasset" 5980
"../../../Engine/Content/EngineMaterials/Substrate/GLints/dict_16_192_64_0p5_0p02_0013_0011.uasset" 5981
"../../../Engine/Content/EngineMaterials/Substrate/GLints/dict_16_192_64_0p5_0p02_0013_0004.uasset" 5982
"../../../Engine/Content/EngineMaterials/Substrate/GLints/dict_16_192_64_0p5_0p02_0013_0010.uasset" 5983
"../../../Engine/Content/EngineMaterials/Substrate/GLints/dict_16_192_64_0p5_0p02_0013_0005.uasset" 5984
"../../../Engine/Content/EngineMaterials/Substrate/GLints/dict_16_192_64_0p5_0p02_0013_0015.uasset" 5985
"/Engine/EngineMaterials/Substrate/GLints/dict_16_192_64_0p5_0p02_0013_0002" 5986
"/Engine/EngineMaterials/Substrate/GLints/dict_16_192_64_0p5_0p02_0013_0001" 5987
"/Engine/EngineMaterials/Substrate/GLints/dict_16_192_64_0p5_0p02_0013_0000" 5988
"/Engine/EngineMaterials/Substrate/GLints/dict_16_192_64_0p5_0p02_0012_0015" 5989
"/Engine/EngineMaterials/Substrate/GLints/dict_16_192_64_0p5_0p02_0012_0014" 5990
"/Engine/EngineMaterials/Substrate/GLints/dict_16_192_64_0p5_0p02_0012_0013" 5991
"/Engine/EngineMaterials/Substrate/GLints/dict_16_192_64_0p5_0p02_0012_0012" 5992
"/Engine/EngineMaterials/Substrate/GLints/dict_16_192_64_0p5_0p02_0012_0011" 5993
"/Engine/EngineMaterials/Substrate/GLints/dict_16_192_64_0p5_0p02_0012_0010" 5994
"/Engine/EngineMaterials/Substrate/GLints/dict_16_192_64_0p5_0p02_0012_0009" 5995
"/Engine/EngineMaterials/Substrate/GLints/dict_16_192_64_0p5_0p02_0012_0008" 5996
"/Engine/EngineMaterials/Substrate/GLints/dict_16_192_64_0p5_0p02_0012_0007" 5997
"/Engine/EngineMaterials/Substrate/GLints/dict_16_192_64_0p5_0p02_0012_0006" 5998
"/Engine/EngineMaterials/Substrate/GLints/dict_16_192_64_0p5_0p02_0012_0005" 5999
"/Engine/EngineMaterials/Substrate/GLints/dict_16_192_64_0p5_0p02_0012_0004" 6000
"/Engine/EngineMaterials/Substrate/GLints/dict_16_192_64_0p5_0p02_0012_0003" 6001
"/Engine/EngineMaterials/Substrate/GLints/dict_16_192_64_0p5_0p02_0013_0014" 6002
"/Engine/EngineMaterials/Substrate/GLints/dict_16_192_64_0p5_0p02_0013_0013" 6003
"/Engine/EngineMaterials/Substrate/GLints/dict_16_192_64_0p5_0p02_0013_0012" 6004
"/Engine/EngineMaterials/Substrate/GLints/dict_16_192_64_0p5_0p02_0012_0000" 6005
"/Engine/EngineMaterials/Substrate/GLints/dict_16_192_64_0p5_0p02_0013_0009" 6006
"/Engine/EngineMaterials/Substrate/GLints/dict_16_192_64_0p5_0p02_0013_0008" 6007
"/Engine/EngineMaterials/Substrate/GLints/dict_16_192_64_0p5_0p02_0011_0013" 6008
"/Engine/EngineMaterials/Substrate/GLints/dict_16_192_64_0p5_0p02_0013_0007" 6009
"/Engine/EngineMaterials/Substrate/GLints/dict_16_192_64_0p5_0p02_0013_0006" 6010
"/Engine/EngineMaterials/Substrate/GLints/dict_16_192_64_0p5_0p02_0013_0003" 6011
"../../../Engine/Content/EngineMaterials/Substrate/GLints/dict_16_192_64_0p5_0p02_0014_0002.uasset" 6012
"../../../Engine/Content/EngineMaterials/Substrate/GLints/dict_16_192_64_0p5_0p02_0014_0007.uasset" 6013
"../../../Engine/Content/EngineMaterials/Substrate/GLints/dict_16_192_64_0p5_0p02_0014_0006.uasset" 6014
"../../../Engine/Content/EngineMaterials/Substrate/GLints/dict_16_192_64_0p5_0p02_0014_0008.uasset" 6015
"../../../Engine/Content/EngineMaterials/Substrate/GLints/dict_16_192_64_0p5_0p02_0014_0005.uasset" 6016
"../../../Engine/Content/EngineMaterials/Substrate/GLints/dict_16_192_64_0p5_0p02_0014_0009.uasset" 6017
"../../../Engine/Content/EngineMaterials/Substrate/GLints/dict_16_192_64_0p5_0p02_0014_0003.uasset" 6018
"../../../Engine/Content/EngineMaterials/Substrate/GLints/dict_16_192_64_0p5_0p02_0014_0012.uasset" 6019
"../../../Engine/Content/EngineMaterials/Substrate/GLints/dict_16_192_64_0p5_0p02_0014_0013.uasset" 6020
"../../../Engine/Content/EngineMaterials/Substrate/GLints/dict_16_192_64_0p5_0p02_0014_0001.uasset" 6021
"../../../Engine/Content/EngineMaterials/Substrate/GLints/dict_16_192_64_0p5_0p02_0014_0014.uasset" 6022
"../../../Engine/Content/EngineMaterials/Substrate/GLints/dict_16_192_64_0p5_0p02_0014_0004.uasset" 6023
"../../../Engine/Content/EngineMaterials/Substrate/GLints/dict_16_192_64_0p5_0p02_0015_0000.uasset" 6024
"../../../Engine/Content/EngineMaterials/Substrate/GLints/dict_16_192_64_0p5_0p02_0014_0015.uasset" 6025
"../../../Engine/Content/EngineMaterials/Substrate/GLints/dict_16_192_64_0p5_0p02_0014_0011.uasset" 6026
"../../../Engine/Content/EngineMaterials/Substrate/GLints/dict_16_192_64_0p5_0p02_0015_0002.uasset" 6027
"../../../Engine/Content/EngineMaterials/Substrate/GLints/dict_16_192_64_0p5_0p02_0015_0006.uasset" 6028
"../../../Engine/Content/EngineMaterials/Substrate/GLints/dict_16_192_64_0p5_0p02_0015_0005.uasset" 6029
"../../../Engine/Content/EngineMaterials/Substrate/GLints/dict_16_192_64_0p5_0p02_0015_0007.uasset" 6030
"../../../Engine/Content/EngineMaterials/Substrate/GLints/dict_16_192_64_0p5_0p02_0015_0001.uasset" 6031
"../../../Engine/Content/EngineMaterials/Substrate/GLints/dict_16_192_64_0p5_0p02_0014_0010.uasset" 6032
"../../../Engine/Content/EngineMaterials/Substrate/GLints/dict_16_192_64_0p5_0p02_0015_0008.uasset" 6033
"/Engine/EngineMaterials/Substrate/GLints/dict_16_192_64_0p5_0p02_0014_0000" 6034
"../../../Engine/Content/EngineMaterials/Substrate/GLints/dict_16_192_64_0p5_0p02_0015_0004.uasset" 6035
"../../../Engine/Content/EngineMaterials/Substrate/GLints/dict_16_192_64_0p5_0p02_0015_0010.uasset" 6036
"../../../Engine/Content/EngineMaterials/Substrate/GLints/dict_16_192_64_0p5_0p02_0015_0009.uasset" 6037
"../../../Engine/Content/EngineMaterials/Substrate/GLints/dict_16_192_64_0p5_0p02_0015_0003.uasset" 6038
"/Engine/EngineMaterials/Substrate/GLints/dict_16_192_64_0p5_0p02_0013_0015" 6039
"/Engine/EngineMaterials/Substrate/GLints/dict_16_192_64_0p5_0p02_0014_0009" 6040
"/Engine/EngineMaterials/Substrate/GLints/dict_16_192_64_0p5_0p02_0014_0008" 6041
"/Engine/EngineMaterials/Substrate/GLints/dict_16_192_64_0p5_0p02_0014_0007" 6042
"/Engine/EngineMaterials/Substrate/GLints/dict_16_192_64_0p5_0p02_0013_0011" 6043
"/Engine/EngineMaterials/Substrate/GLints/dict_16_192_64_0p5_0p02_0013_0010" 6044
"/Engine/EngineMaterials/Substrate/GLints/dict_16_192_64_0p5_0p02_0014_0006" 6045
"/Engine/EngineMaterials/Substrate/GLints/dict_16_192_64_0p5_0p02_0014_0005" 6046
"/Engine/EngineMaterials/Substrate/GLints/dict_16_192_64_0p5_0p02_0014_0003" 6047
"/Engine/EngineMaterials/Substrate/GLints/dict_16_192_64_0p5_0p02_0014_0002" 6048
"/Engine/EngineMaterials/Substrate/GLints/dict_16_192_64_0p5_0p02_0013_0005" 6049
"/Engine/EngineMaterials/Substrate/GLints/dict_16_192_64_0p5_0p02_0013_0004" 6050
"/Engine/EngineMaterials/Substrate/GLints/dict_16_192_64_0p5_0p02_0014_0001" 6051
"../../../Engine/Content/EngineMaterials/Substrate/GLints/dict_16_192_64_0p5_0p02_0015_0011.uasset" 6052
"../../../Engine/Content/EngineMaterials/Substrate/GLints/dict_16_192_64_0p5_0p02_0015_0013.uasset" 6053
"../../../Engine/Content/EngineMaterials/Substrate/GLints/dict_16_192_64_0p5_0p02_0015_0012.uasset" 6054
"../../../Engine/Content/EngineMaterials/Substrate/GLints/dict_16_192_64_0p5_0p02_0016_0003.uasset" 6055
"../../../Engine/Content/EngineMaterials/Substrate/GLints/dict_16_192_64_0p5_0p02_0016_0002.uasset" 6056
"../../../Engine/Content/EngineMaterials/Substrate/GLints/dict_16_192_64_0p5_0p02_0016_0007.uasset" 6057
"../../../Engine/Content/EngineMaterials/Substrate/GLints/dict_16_192_64_0p5_0p02_0015_0015.uasset" 6058
"../../../Engine/Content/EngineMaterials/Substrate/GLints/dict_16_192_64_0p5_0p02_0016_0005.uasset" 6059
"../../../Engine/Content/EngineMaterials/Substrate/GLints/dict_16_192_64_0p5_0p02_0015_0014.uasset" 6060
"../../../Engine/Content/EngineMaterials/Substrate/GLints/dict_16_192_64_0p5_0p02_0016_0006.uasset" 6061
"../../../Engine/Content/EngineMaterials/Substrate/GLints/dict_16_192_64_0p5_0p02_0016_0000.uasset" 6062
"../../../Engine/Content/EngineMaterials/Substrate/GLints/dict_16_192_64_0p5_0p02_0016_0001.uasset" 6063
"../../../Engine/Content/EngineMaterials/Substrate/GLints/dict_16_192_64_0p5_0p02_0016_0004.uasset" 6064
"../../../Engine/Content/EngineMaterials/Substrate/GLints/dict_16_192_64_0p5_0p02_0016_0008.uasset" 6065
"/Engine/EngineMaterials/Substrate/GLints/dict_16_192_64_0p5_0p02_0015_0010" 6066
"/Engine/EngineMaterials/Substrate/GLints/dict_16_192_64_0p5_0p02_0015_0009" 6067
"/Engine/EngineMaterials/Substrate/GLints/dict_16_192_64_0p5_0p02_0015_0008" 6068
"/Engine/EngineMaterials/Substrate/GLints/dict_16_192_64_0p5_0p02_0015_0007" 6069
"/Engine/EngineMaterials/Substrate/GLints/dict_16_192_64_0p5_0p02_0015_0006" 6070
"/Engine/EngineMaterials/Substrate/GLints/dict_16_192_64_0p5_0p02_0015_0005" 6071
"/Engine/EngineMaterials/Substrate/GLints/dict_16_192_64_0p5_0p02_0015_0004" 6072
"/Engine/EngineMaterials/Substrate/GLints/dict_16_192_64_0p5_0p02_0015_0003" 6073
"/Engine/EngineMaterials/Substrate/GLints/dict_16_192_64_0p5_0p02_0015_0002" 6074
"/Engine/EngineMaterials/Substrate/GLints/dict_16_192_64_0p5_0p02_0015_0001" 6075
"/Engine/EngineMaterials/Substrate/GLints/dict_16_192_64_0p5_0p02_0015_0000" 6076
"/Engine/EngineMaterials/Substrate/GLints/dict_16_192_64_0p5_0p02_0014_0015" 6077
"/Engine/EngineMaterials/Substrate/GLints/dict_16_192_64_0p5_0p02_0014_0014" 6078
"/Engine/EngineMaterials/Substrate/GLints/dict_16_192_64_0p5_0p02_0014_0013" 6079
"/Engine/EngineMaterials/Substrate/GLints/dict_16_192_64_0p5_0p02_0014_0012" 6080
"/Engine/EngineMaterials/Substrate/GLints/dict_16_192_64_0p5_0p02_0014_0011" 6081
"/Engine/EngineMaterials/Substrate/GLints/dict_16_192_64_0p5_0p02_0014_0010" 6082
"/Engine/EngineMaterials/Substrate/GLints/dict_16_192_64_0p5_0p02_0016_0003" 6083
"/Engine/EngineMaterials/Substrate/GLints/dict_16_192_64_0p5_0p02_0016_0002" 6084
"/Engine/EngineMaterials/Substrate/GLints/dict_16_192_64_0p5_0p02_0014_0004" 6085
"/Engine/EngineMaterials/Substrate/GLints/dict_16_192_64_0p5_0p02_0015_0015" 6086
"/Engine/EngineMaterials/Substrate/GLints/dict_16_192_64_0p5_0p02_0015_0013" 6087
"/Engine/EngineMaterials/Substrate/GLints/dict_16_192_64_0p5_0p02_0015_0012" 6088
"/Engine/EngineMaterials/Substrate/GLints/dict_16_192_64_0p5_0p02_0015_0011" 6089
"../../../Engine/Content/EngineMaterials/Substrate/GLints/dict_16_192_64_0p5_0p02_0016_0011.uasset" 6090
"../../../Engine/Content/EngineMaterials/Substrate/GLints/dict_16_192_64_0p5_0p02_0016_0012.uasset" 6091
"../../../Engine/Content/EngineMaterials/Substrate/GLints/dict_16_192_64_0p5_0p02_0016_0014.uasset" 6092
"../../../Engine/Content/EngineMaterials/Substrate/GLints/dict_16_192_64_0p5_0p02_0017_0001.uasset" 6093
"../../../Engine/Content/EngineMaterials/Substrate/GLints/dict_16_192_64_0p5_0p02_0017_0000.uasset" 6094
"../../../Engine/Content/EngineMaterials/Substrate/GLints/dict_16_192_64_0p5_0p02_0017_0002.uasset" 6095
"../../../Engine/Content/EngineMaterials/Substrate/GLints/dict_16_192_64_0p5_0p02_0017_0004.uasset" 6096
"../../../Engine/Content/EngineMaterials/Substrate/GLints/dict_16_192_64_0p5_0p02_0016_0015.uasset" 6097
"../../../Engine/Content/EngineMaterials/Substrate/GLints/dict_16_192_64_0p5_0p02_0016_0009.uasset" 6098
"../../../Engine/Content/EngineMaterials/Substrate/GLints/dict_16_192_64_0p5_0p02_0016_0013.uasset" 6099
"../../../Engine/Content/EngineMaterials/Substrate/GLints/dict_16_192_64_0p5_0p02_0017_0005.uasset" 6100
"../../../Engine/Content/EngineMaterials/Substrate/GLints/dict_16_192_64_0p5_0p02_0017_0009.uasset" 6101
"../../../Engine/Content/EngineMaterials/Substrate/GLints/dict_16_192_64_0p5_0p02_0016_0010.uasset" 6102
"../../../Engine/Content/EngineMaterials/Substrate/GLints/dict_16_192_64_0p5_0p02_0017_0010.uasset" 6103
"../../../Engine/Content/EngineMaterials/Substrate/GLints/dict_16_192_64_0p5_0p02_0017_0012.uasset" 6104
"../../../Engine/Content/EngineMaterials/Substrate/GLints/dict_16_192_64_0p5_0p02_0017_0006.uasset" 6105
"../../../Engine/Content/EngineMaterials/Substrate/GLints/dict_16_192_64_0p5_0p02_0017_0014.uasset" 6106
"../../../Engine/Content/EngineMaterials/Substrate/GLints/dict_16_192_64_0p5_0p02_0017_0003.uasset" 6107
"../../../Engine/Content/EngineMaterials/Substrate/GLints/dict_16_192_64_0p5_0p02_0017_0015.uasset" 6108
"../../../Engine/Content/EngineMaterials/Substrate/GLints/dict_16_192_64_0p5_0p02_0018_0000.uasset" 6109
"../../../Engine/Content/EngineMaterials/Substrate/GLints/dict_16_192_64_0p5_0p02_0017_0011.uasset" 6110
"../../../Engine/Content/EngineMaterials/Substrate/GLints/dict_16_192_64_0p5_0p02_0017_0013.uasset" 6111
"/Engine/EngineMaterials/Substrate/GLints/dict_16_192_64_0p5_0p02_0017_0001" 6112
"../../../Engine/Content/EngineMaterials/Substrate/GLints/dict_16_192_64_0p5_0p02_0017_0007.uasset" 6113
"../../../Engine/Content/EngineMaterials/Substrate/GLints/dict_16_192_64_0p5_0p02_0017_0008.uasset" 6114
"/Engine/EngineMaterials/Substrate/GLints/dict_16_192_64_0p5_0p02_0016_0008" 6115
"/Engine/EngineMaterials/Substrate/GLints/dict_16_192_64_0p5_0p02_0016_0007" 6116
"/Engine/EngineMaterials/Substrate/GLints/dict_16_192_64_0p5_0p02_0017_0000" 6117
"/Engine/EngineMaterials/Substrate/GLints/dict_16_192_64_0p5_0p02_0016_0006" 6118
"/Engine/EngineMaterials/Substrate/GLints/dict_16_192_64_0p5_0p02_0016_0005" 6119
"/Engine/EngineMaterials/Substrate/GLints/dict_16_192_64_0p5_0p02_0016_0004" 6120
"/Engine/EngineMaterials/Substrate/GLints/dict_16_192_64_0p5_0p02_0016_0015" 6121
"/Engine/EngineMaterials/Substrate/GLints/dict_16_192_64_0p5_0p02_0016_0014" 6122
"/Engine/EngineMaterials/Substrate/GLints/dict_16_192_64_0p5_0p02_0016_0001" 6123
"/Engine/EngineMaterials/Substrate/GLints/dict_16_192_64_0p5_0p02_0016_0000" 6124
"/Engine/EngineMaterials/Substrate/GLints/dict_16_192_64_0p5_0p02_0016_0013" 6125
"/Engine/EngineMaterials/Substrate/GLints/dict_16_192_64_0p5_0p02_0016_0012" 6126
"/Engine/EngineMaterials/Substrate/GLints/dict_16_192_64_0p5_0p02_0015_0014" 6127
"/Engine/EngineMaterials/Substrate/GLints/dict_16_192_64_0p5_0p02_0016_0011" 6128
"/Engine/EngineMaterials/Substrate/GLints/dict_16_192_64_0p5_0p02_0016_0009" 6129
"../../../Engine/Content/EngineMaterials/Substrate/GLints/dict_16_192_64_0p5_0p02_0018_0003.uasset" 6130
"../../../Engine/Content/EngineMaterials/Substrate/GLints/dict_16_192_64_0p5_0p02_0018_0002.uasset" 6131
"../../../Engine/Content/EngineMaterials/Substrate/GLints/dict_16_192_64_0p5_0p02_0018_0004.uasset" 6132
"../../../Engine/Content/EngineMaterials/Substrate/GLints/dict_16_192_64_0p5_0p02_0018_0007.uasset" 6133
"../../../Engine/Content/EngineMaterials/Substrate/GLints/dict_16_192_64_0p5_0p02_0018_0008.uasset" 6134
"../../../Engine/Content/EngineMaterials/Substrate/GLints/dict_16_192_64_0p5_0p02_0018_0005.uasset" 6135
"../../../Engine/Content/EngineMaterials/Substrate/GLints/dict_16_192_64_0p5_0p02_0018_0010.uasset" 6136
"../../../Engine/Content/EngineMaterials/Substrate/GLints/dict_16_192_64_0p5_0p02_0018_0001.uasset" 6137
"../../../Engine/Content/EngineMaterials/Substrate/GLints/dict_16_192_64_0p5_0p02_0018_0012.uasset" 6138
"../../../Engine/Content/EngineMaterials/Substrate/GLints/dict_16_192_64_0p5_0p02_0018_0014.uasset" 6139
"../../../Engine/Content/EngineMaterials/Substrate/GLints/dict_16_192_64_0p5_0p02_0019_0000.uasset" 6140
"../../../Engine/Content/EngineMaterials/Substrate/GLints/dict_16_192_64_0p5_0p02_0018_0011.uasset" 6141
"../../../Engine/Content/EngineMaterials/Substrate/GLints/dict_16_192_64_0p5_0p02_0018_0006.uasset" 6142
"../../../Engine/Content/EngineMaterials/Substrate/GLints/dict_16_192_64_0p5_0p02_0018_0009.uasset" 6143
"../../../Engine/Content/EngineMaterials/Substrate/GLints/dict_16_192_64_0p5_0p02_0018_0015.uasset" 6144
"/Engine/EngineMaterials/Substrate/GLints/dict_16_192_64_0p5_0p02_0018_0000" 6145
"../../../Engine/Content/EngineMaterials/Substrate/GLints/dict_16_192_64_0p5_0p02_0018_0013.uasset" 6146
"/Engine/EngineMaterials/Substrate/GLints/dict_16_192_64_0p5_0p02_0017_0015" 6147
"/Engine/EngineMaterials/Substrate/GLints/dict_16_192_64_0p5_0p02_0017_0014" 6148
"/Engine/EngineMaterials/Substrate/GLints/dict_16_192_64_0p5_0p02_0017_0013" 6149
"/Engine/EngineMaterials/Substrate/GLints/dict_16_192_64_0p5_0p02_0017_0012" 6150
"/Engine/EngineMaterials/Substrate/GLints/dict_16_192_64_0p5_0p02_0017_0011" 6151
"/Engine/EngineMaterials/Substrate/GLints/dict_16_192_64_0p5_0p02_0017_0010" 6152
"/Engine/EngineMaterials/Substrate/GLints/dict_16_192_64_0p5_0p02_0017_0009" 6153
"/Engine/EngineMaterials/Substrate/GLints/dict_16_192_64_0p5_0p02_0017_0008" 6154
"/Engine/EngineMaterials/Substrate/GLints/dict_16_192_64_0p5_0p02_0017_0007" 6155
"/Engine/EngineMaterials/Substrate/GLints/dict_16_192_64_0p5_0p02_0017_0006" 6156
"/Engine/EngineMaterials/Substrate/GLints/dict_16_192_64_0p5_0p02_0017_0005" 6157
"/Engine/EngineMaterials/Substrate/GLints/dict_16_192_64_0p5_0p02_0017_0004" 6158
"/Engine/EngineMaterials/Substrate/GLints/dict_16_192_64_0p5_0p02_0017_0003" 6159
"/Engine/EngineMaterials/Substrate/GLints/dict_16_192_64_0p5_0p02_0017_0002" 6160
"/Engine/EngineMaterials/Substrate/GLints/dict_16_192_64_0p5_0p02_0018_0010" 6161
"/Engine/EngineMaterials/Substrate/GLints/dict_16_192_64_0p5_0p02_0018_0008" 6162
"/Engine/EngineMaterials/Substrate/GLints/dict_16_192_64_0p5_0p02_0018_0007" 6163
"/Engine/EngineMaterials/Substrate/GLints/dict_16_192_64_0p5_0p02_0018_0005" 6164
"/Engine/EngineMaterials/Substrate/GLints/dict_16_192_64_0p5_0p02_0018_0004" 6165
"/Engine/EngineMaterials/Substrate/GLints/dict_16_192_64_0p5_0p02_0018_0003" 6166
"/Engine/EngineMaterials/Substrate/GLints/dict_16_192_64_0p5_0p02_0018_0002" 6167
"/Engine/EngineMaterials/Substrate/GLints/dict_16_192_64_0p5_0p02_0016_0010" 6168
"/Engine/EngineMaterials/Substrate/GLints/dict_16_192_64_0p5_0p02_0018_0001" 6169
"../../../Engine/Content/EngineMaterials/Substrate/GLints/dict_16_192_64_0p5_0p02_0019_0003.uasset" 6170
"../../../Engine/Content/EngineMaterials/Substrate/GLints/dict_16_192_64_0p5_0p02_0019_0002.uasset" 6171
"../../../Engine/Content/EngineMaterials/Substrate/GLints/dict_16_192_64_0p5_0p02_0019_0008.uasset" 6172
"../../../Engine/Content/EngineMaterials/Substrate/GLints/dict_16_192_64_0p5_0p02_0019_0009.uasset" 6173
"../../../Engine/Content/EngineMaterials/Substrate/GLints/dict_16_192_64_0p5_0p02_0019_0013.uasset" 6174
"../../../Engine/Content/EngineMaterials/Substrate/GLints/dict_16_192_64_0p5_0p02_0019_0014.uasset" 6175
"../../../Engine/Content/EngineMaterials/Substrate/GLints/dict_16_192_64_0p5_0p02_0019_0005.uasset" 6176
"../../../Engine/Content/EngineMaterials/Substrate/GLints/dict_16_192_64_0p5_0p02_0019_0006.uasset" 6177
"../../../Engine/Content/EngineMaterials/Substrate/GLints/dict_16_192_64_0p5_0p02_0019_0004.uasset" 6178
"../../../Engine/Content/EngineMaterials/Substrate/GLints/dict_16_192_64_0p5_0p02_0019_0015.uasset" 6179
"../../../Engine/Content/EngineMaterials/Substrate/GLints/dict_16_192_64_0p5_0p02_0020_0000.uasset" 6180
"../../../Engine/Content/EngineMaterials/Substrate/GLints/dict_16_192_64_0p5_0p02_0020_0003.uasset" 6181
"../../../Engine/Content/EngineMaterials/Substrate/GLints/dict_16_192_64_0p5_0p02_0019_0012.uasset" 6182
"/Engine/EngineMaterials/Substrate/GLints/dict_16_192_64_0p5_0p02_0019_0000" 6183
"../../../Engine/Content/EngineMaterials/Substrate/GLints/dict_16_192_64_0p5_0p02_0019_0001.uasset" 6184
"../../../Engine/Content/EngineMaterials/Substrate/GLints/dict_16_192_64_0p5_0p02_0019_0010.uasset" 6185
"../../../Engine/Content/EngineMaterials/Substrate/GLints/dict_16_192_64_0p5_0p02_0020_0005.uasset" 6186
"../../../Engine/Content/EngineMaterials/Substrate/GLints/dict_16_192_64_0p5_0p02_0019_0007.uasset" 6187
"../../../Engine/Content/EngineMaterials/Substrate/GLints/dict_16_192_64_0p5_0p02_0020_0006.uasset" 6188
"../../../Engine/Content/EngineMaterials/Substrate/GLints/dict_16_192_64_0p5_0p02_0020_0007.uasset" 6189
"../../../Engine/Content/EngineMaterials/Substrate/GLints/dict_16_192_64_0p5_0p02_0019_0011.uasset" 6190
"../../../Engine/Content/EngineMaterials/Substrate/GLints/dict_16_192_64_0p5_0p02_0020_0004.uasset" 6191
"../../../Engine/Content/EngineMaterials/Substrate/GLints/dict_16_192_64_0p5_0p02_0020_0008.uasset" 6192
"../../../Engine/Content/EngineMaterials/Substrate/GLints/dict_16_192_64_0p5_0p02_0020_0001.uasset" 6193
"../../../Engine/Content/EngineMaterials/Substrate/GLints/dict_16_192_64_0p5_0p02_0020_0002.uasset" 6194
"/Engine/EngineMaterials/Substrate/GLints/dict_16_192_64_0p5_0p02_0018_0015" 6195
"/Engine/EngineMaterials/Substrate/GLints/dict_16_192_64_0p5_0p02_0018_0014" 6196
"/Engine/EngineMaterials/Substrate/GLints/dict_16_192_64_0p5_0p02_0018_0013" 6197
"/Engine/EngineMaterials/Substrate/GLints/dict_16_192_64_0p5_0p02_0018_0012" 6198
"/Engine/EngineMaterials/Substrate/GLints/dict_16_192_64_0p5_0p02_0018_0011" 6199
"/Engine/EngineMaterials/Substrate/GLints/dict_16_192_64_0p5_0p02_0019_0009" 6200
"/Engine/EngineMaterials/Substrate/GLints/dict_16_192_64_0p5_0p02_0018_0009" 6201
"/Engine/EngineMaterials/Substrate/GLints/dict_16_192_64_0p5_0p02_0019_0008" 6202
"/Engine/EngineMaterials/Substrate/GLints/dict_16_192_64_0p5_0p02_0018_0006" 6203
"/Engine/EngineMaterials/Substrate/GLints/dict_16_192_64_0p5_0p02_0019_0003" 6204
"/Engine/EngineMaterials/Substrate/GLints/dict_16_192_64_0p5_0p02_0019_0002" 6205
"../../../Engine/Content/EngineMaterials/Substrate/GLints/dict_16_192_64_0p5_0p02_0020_0010.uasset" 6206
"../../../Engine/Content/EngineMaterials/Substrate/GLints/dict_16_192_64_0p5_0p02_0020_0009.uasset" 6207
"../../../Engine/Content/EngineMaterials/Substrate/GLints/dict_16_192_64_0p5_0p02_0020_0012.uasset" 6208
"../../../Engine/Content/EngineMaterials/Substrate/GLints/dict_16_192_64_0p5_0p02_0020_0011.uasset" 6209
"../../../Engine/Content/EngineMaterials/Substrate/GLints/dict_16_192_64_0p5_0p02_0020_0013.uasset" 6210
"../../../Engine/Content/EngineMaterials/Substrate/GLints/dict_16_192_64_0p5_0p02_0020_0014.uasset" 6211
"../../../Engine/Content/EngineMaterials/Substrate/GLints/dict_16_192_64_0p5_0p02_0020_0015.uasset" 6212
"../../../Engine/Content/EngineMaterials/Substrate/GLints/dict_16_192_64_0p5_0p02_0021_0001.uasset" 6213
"../../../Engine/Content/EngineMaterials/Substrate/GLints/dict_16_192_64_0p5_0p02_0021_0003.uasset" 6214
"../../../Engine/Content/EngineMaterials/Substrate/GLints/dict_16_192_64_0p5_0p02_0021_0004.uasset" 6215
"../../../Engine/Content/EngineMaterials/Substrate/GLints/dict_16_192_64_0p5_0p02_0021_0002.uasset" 6216
"../../../Engine/Content/EngineMaterials/Substrate/GLints/dict_16_192_64_0p5_0p02_0021_0000.uasset" 6217
"/Engine/EngineMaterials/Substrate/GLints/dict_16_192_64_0p5_0p02_0020_0008" 6218
"/Engine/EngineMaterials/Substrate/GLints/dict_16_192_64_0p5_0p02_0020_0007" 6219
"/Engine/EngineMaterials/Substrate/GLints/dict_16_192_64_0p5_0p02_0020_0006" 6220
"/Engine/EngineMaterials/Substrate/GLints/dict_16_192_64_0p5_0p02_0020_0005" 6221
"/Engine/EngineMaterials/Substrate/GLints/dict_16_192_64_0p5_0p02_0020_0004" 6222
"/Engine/EngineMaterials/Substrate/GLints/dict_16_192_64_0p5_0p02_0020_0003" 6223
"/Engine/EngineMaterials/Substrate/GLints/dict_16_192_64_0p5_0p02_0020_0002" 6224
"/Engine/EngineMaterials/Substrate/GLints/dict_16_192_64_0p5_0p02_0020_0001" 6225
"/Engine/EngineMaterials/Substrate/GLints/dict_16_192_64_0p5_0p02_0020_0000" 6226
"/Engine/EngineMaterials/Substrate/GLints/dict_16_192_64_0p5_0p02_0019_0015" 6227
"/Engine/EngineMaterials/Substrate/GLints/dict_16_192_64_0p5_0p02_0019_0014" 6228
"/Engine/EngineMaterials/Substrate/GLints/dict_16_192_64_0p5_0p02_0019_0013" 6229
"/Engine/EngineMaterials/Substrate/GLints/dict_16_192_64_0p5_0p02_0019_0012" 6230
"/Engine/EngineMaterials/Substrate/GLints/dict_16_192_64_0p5_0p02_0019_0011" 6231
"/Engine/EngineMaterials/Substrate/GLints/dict_16_192_64_0p5_0p02_0019_0010" 6232
"/Engine/EngineMaterials/Substrate/GLints/dict_16_192_64_0p5_0p02_0020_0014" 6233
"/Engine/EngineMaterials/Substrate/GLints/dict_16_192_64_0p5_0p02_0020_0013" 6234
"/Engine/EngineMaterials/Substrate/GLints/dict_16_192_64_0p5_0p02_0020_0012" 6235
"/Engine/EngineMaterials/Substrate/GLints/dict_16_192_64_0p5_0p02_0019_0007" 6236
"/Engine/EngineMaterials/Substrate/GLints/dict_16_192_64_0p5_0p02_0020_0011" 6237
"/Engine/EngineMaterials/Substrate/GLints/dict_16_192_64_0p5_0p02_0019_0006" 6238
"/Engine/EngineMaterials/Substrate/GLints/dict_16_192_64_0p5_0p02_0019_0005" 6239
"/Engine/EngineMaterials/Substrate/GLints/dict_16_192_64_0p5_0p02_0019_0004" 6240
"/Engine/EngineMaterials/Substrate/GLints/dict_16_192_64_0p5_0p02_0020_0010" 6241
"/Engine/EngineMaterials/Substrate/GLints/dict_16_192_64_0p5_0p02_0020_0009" 6242
"/Engine/EngineMaterials/Substrate/GLints/dict_16_192_64_0p5_0p02_0019_0001" 6243
"../../../Engine/Content/EngineMaterials/Substrate/GLints/dict_16_192_64_0p5_0p02_0021_0007.uasset" 6244
"../../../Engine/Content/EngineMaterials/Substrate/GLints/dict_16_192_64_0p5_0p02_0021_0006.uasset" 6245
"../../../Engine/Content/EngineMaterials/Substrate/GLints/dict_16_192_64_0p5_0p02_0021_0009.uasset" 6246
"../../../Engine/Content/EngineMaterials/Substrate/GLints/dict_16_192_64_0p5_0p02_0021_0010.uasset" 6247
"../../../Engine/Content/EngineMaterials/Substrate/GLints/dict_16_192_64_0p5_0p02_0021_0012.uasset" 6248
"../../../Engine/Content/EngineMaterials/Substrate/GLints/dict_16_192_64_0p5_0p02_0021_0015.uasset" 6249
"../../../Engine/Content/EngineMaterials/Substrate/GLints/dict_16_192_64_0p5_0p02_0021_0005.uasset" 6250
"../../../Engine/Content/EngineMaterials/Substrate/GLints/dict_16_192_64_0p5_0p02_0022_0000.uasset" 6251
"../../../Engine/Content/EngineMaterials/Substrate/GLints/dict_16_192_64_0p5_0p02_0021_0008.uasset" 6252
"../../../Engine/Content/EngineMaterials/Substrate/GLints/dict_16_192_64_0p5_0p02_0022_0003.uasset" 6253
"../../../Engine/Content/EngineMaterials/Substrate/GLints/dict_16_192_64_0p5_0p02_0022_0004.uasset" 6254
"../../../Engine/Content/EngineMaterials/Substrate/GLints/dict_16_192_64_0p5_0p02_0021_0014.uasset" 6255
"../../../Engine/Content/EngineMaterials/Substrate/GLints/dict_16_192_64_0p5_0p02_0022_0005.uasset" 6256
"../../../Engine/Content/EngineMaterials/Substrate/GLints/dict_16_192_64_0p5_0p02_0022_0002.uasset" 6257
"../../../Engine/Content/EngineMaterials/Substrate/GLints/dict_16_192_64_0p5_0p02_0022_0008.uasset" 6258
"../../../Engine/Content/EngineMaterials/Substrate/GLints/dict_16_192_64_0p5_0p02_0022_0006.uasset" 6259
"../../../Engine/Content/EngineMaterials/Substrate/GLints/dict_16_192_64_0p5_0p02_0022_0001.uasset" 6260
"../../../Engine/Content/EngineMaterials/Substrate/GLints/dict_16_192_64_0p5_0p02_0022_0011.uasset" 6261
"../../../Engine/Content/EngineMaterials/Substrate/GLints/dict_16_192_64_0p5_0p02_0022_0009.uasset" 6262
"../../../Engine/Content/EngineMaterials/Substrate/GLints/dict_16_192_64_0p5_0p02_0022_0010.uasset" 6263
"../../../Engine/Content/EngineMaterials/Substrate/GLints/dict_16_192_64_0p5_0p02_0022_0012.uasset" 6264
"/Engine/EngineMaterials/Substrate/GLints/dict_16_192_64_0p5_0p02_0021_0004" 6265
"../../../Engine/Content/EngineMaterials/Substrate/GLints/dict_16_192_64_0p5_0p02_0022_0007.uasset" 6266
"../../../Engine/Content/EngineMaterials/Substrate/GLints/dict_16_192_64_0p5_0p02_0021_0013.uasset" 6267
"../../../Engine/Content/EngineMaterials/Substrate/GLints/dict_16_192_64_0p5_0p02_0021_0011.uasset" 6268
"../../../Engine/Content/EngineMaterials/Substrate/GLints/dict_16_192_64_0p5_0p02_0022_0013.uasset" 6269
"../../../Engine/Content/EngineMaterials/Substrate/GLints/dict_16_192_64_0p5_0p02_0022_0014.uasset" 6270
"/Engine/EngineMaterials/Substrate/GLints/dict_16_192_64_0p5_0p02_0021_0003" 6271
"/Engine/EngineMaterials/Substrate/GLints/dict_16_192_64_0p5_0p02_0021_0002" 6272
"/Engine/EngineMaterials/Substrate/GLints/dict_16_192_64_0p5_0p02_0021_0001" 6273
"/Engine/EngineMaterials/Substrate/GLints/dict_16_192_64_0p5_0p02_0021_0000" 6274
"/Engine/EngineMaterials/Substrate/GLints/dict_16_192_64_0p5_0p02_0020_0015" 6275
"/Engine/EngineMaterials/Substrate/GLints/dict_16_192_64_0p5_0p02_0021_0015" 6276
"/Engine/EngineMaterials/Substrate/GLints/dict_16_192_64_0p5_0p02_0021_0012" 6277
"/Engine/EngineMaterials/Substrate/GLints/dict_16_192_64_0p5_0p02_0021_0010" 6278
"/Engine/EngineMaterials/Substrate/GLints/dict_16_192_64_0p5_0p02_0021_0009" 6279
"/Engine/EngineMaterials/Substrate/GLints/dict_16_192_64_0p5_0p02_0021_0008" 6280
"/Engine/EngineMaterials/Substrate/GLints/dict_16_192_64_0p5_0p02_0021_0007" 6281
"/Engine/EngineMaterials/Substrate/GLints/dict_16_192_64_0p5_0p02_0021_0006" 6282
"/Engine/EngineMaterials/Substrate/GLints/dict_16_192_64_0p5_0p02_0021_0005" 6283
"../../../Engine/Content/EngineMaterials/Substrate/GLints/dict_16_192_64_0p5_0p02_0023_0001.uasset" 6284
"../../../Engine/Content/EngineMaterials/Substrate/GLints/dict_16_192_64_0p5_0p02_0023_0000.uasset" 6285
"../../../Engine/Content/EngineMaterials/Substrate/GLints/dict_16_192_64_0p5_0p02_0023_0005.uasset" 6286
"../../../Engine/Content/EngineMaterials/Substrate/GLints/dict_16_192_64_0p5_0p02_0023_0007.uasset" 6287
"../../../Engine/Content/EngineMaterials/Substrate/GLints/dict_16_192_64_0p5_0p02_0023_0009.uasset" 6288
"../../../Engine/Content/EngineMaterials/Substrate/GLints/dict_16_192_64_0p5_0p02_0023_0010.uasset" 6289
"../../../Engine/Content/EngineMaterials/Substrate/GLints/dict_16_192_64_0p5_0p02_0023_0011.uasset" 6290
"../../../Engine/Content/EngineMaterials/Substrate/GLints/dict_16_192_64_0p5_0p02_0023_0012.uasset" 6291
"../../../Engine/Content/EngineMaterials/Substrate/GLints/dict_16_192_64_0p5_0p02_0023_0003.uasset" 6292
"../../../Engine/Content/EngineMaterials/Substrate/GLints/dict_16_192_64_0p5_0p02_0023_0006.uasset" 6293
"../../../Engine/Content/EngineMaterials/Substrate/GLints/dict_16_192_64_0p5_0p02_0023_0004.uasset" 6294
"../../../Engine/Content/EngineMaterials/Substrate/GLints/dict_16_192_64_0p5_0p02_0023_0008.uasset" 6295
"../../../Engine/Content/EngineMaterials/Substrate/GLints/dict_16_192_64_0p5_0p02_0023_0002.uasset" 6296
"../../../Engine/Content/EngineMaterials/Substrate/GLints/dict_16_192_64_0p5_0p02_0022_0015.uasset" 6297
"/Engine/EngineMaterials/Substrate/GLints/dict_16_192_64_0p5_0p02_0022_0014" 6298
"/Engine/EngineMaterials/Substrate/GLints/dict_16_192_64_0p5_0p02_0022_0013" 6299
"/Engine/EngineMaterials/Substrate/GLints/dict_16_192_64_0p5_0p02_0022_0012" 6300
"/Engine/EngineMaterials/Substrate/GLints/dict_16_192_64_0p5_0p02_0022_0011" 6301
"/Engine/EngineMaterials/Substrate/GLints/dict_16_192_64_0p5_0p02_0022_0010" 6302
"/Engine/EngineMaterials/Substrate/GLints/dict_16_192_64_0p5_0p02_0022_0009" 6303
"/Engine/EngineMaterials/Substrate/GLints/dict_16_192_64_0p5_0p02_0022_0008" 6304
"/Engine/EngineMaterials/Substrate/GLints/dict_16_192_64_0p5_0p02_0022_0007" 6305
"/Engine/EngineMaterials/Substrate/GLints/dict_16_192_64_0p5_0p02_0022_0006" 6306
"/Engine/EngineMaterials/Substrate/GLints/dict_16_192_64_0p5_0p02_0022_0005" 6307
"/Engine/EngineMaterials/Substrate/GLints/dict_16_192_64_0p5_0p02_0022_0004" 6308
"/Engine/EngineMaterials/Substrate/GLints/dict_16_192_64_0p5_0p02_0022_0003" 6309
"/Engine/EngineMaterials/Substrate/GLints/dict_16_192_64_0p5_0p02_0022_0002" 6310
"/Engine/EngineMaterials/Substrate/GLints/dict_16_192_64_0p5_0p02_0022_0001" 6311
"/Engine/EngineMaterials/Substrate/GLints/dict_16_192_64_0p5_0p02_0022_0000" 6312
"/Engine/EngineMaterials/Substrate/GLints/dict_16_192_64_0p5_0p02_0023_0010" 6313
"/Engine/EngineMaterials/Substrate/GLints/dict_16_192_64_0p5_0p02_0023_0009" 6314
"/Engine/EngineMaterials/Substrate/GLints/dict_16_192_64_0p5_0p02_0023_0007" 6315
"/Engine/EngineMaterials/Substrate/GLints/dict_16_192_64_0p5_0p02_0021_0014" 6316
"/Engine/EngineMaterials/Substrate/GLints/dict_16_192_64_0p5_0p02_0021_0013" 6317
"/Engine/EngineMaterials/Substrate/GLints/dict_16_192_64_0p5_0p02_0023_0005" 6318
"/Engine/EngineMaterials/Substrate/GLints/dict_16_192_64_0p5_0p02_0021_0011" 6319
"/Engine/EngineMaterials/Substrate/GLints/dict_16_192_64_0p5_0p02_0023_0001" 6320
"/Engine/EngineMaterials/Substrate/GLints/dict_16_192_64_0p5_0p02_0023_0000" 6321
"../../../Engine/Content/EngineMaterials/Substrate/GLints/dict_16_192_64_0p5_0p02_0023_0015.uasset" 6322
"../../../Engine/Content/EngineMaterials/Substrate/GLints/dict_16_192_64_0p5_0p02_0024_0001.uasset" 6323
"../../../Engine/Content/EngineMaterials/Substrate/GLints/dict_16_192_64_0p5_0p02_0024_0002.uasset" 6324
"../../../Engine/Content/EngineMaterials/Substrate/GLints/dict_16_192_64_0p5_0p02_0024_0004.uasset" 6325
"../../../Engine/Content/EngineMaterials/Substrate/GLints/dict_16_192_64_0p5_0p02_0023_0013.uasset" 6326
"../../../Engine/Content/EngineMaterials/Substrate/GLints/dict_16_192_64_0p5_0p02_0024_0006.uasset" 6327
"../../../Engine/Content/EngineMaterials/Substrate/GLints/dict_16_192_64_0p5_0p02_0024_0008.uasset" 6328
"../../../Engine/Content/EngineMaterials/Substrate/GLints/dict_16_192_64_0p5_0p02_0024_0009.uasset" 6329
"../../../Engine/Content/EngineMaterials/Substrate/GLints/dict_16_192_64_0p5_0p02_0023_0014.uasset" 6330
"../../../Engine/Content/EngineMaterials/Substrate/GLints/dict_16_192_64_0p5_0p02_0024_0005.uasset" 6331
"../../../Engine/Content/EngineMaterials/Substrate/GLints/dict_16_192_64_0p5_0p02_0024_0010.uasset" 6332
"../../../Engine/Content/EngineMaterials/Substrate/GLints/dict_16_192_64_0p5_0p02_0024_0003.uasset" 6333
"../../../Engine/Content/EngineMaterials/Substrate/GLints/dict_16_192_64_0p5_0p02_0024_0007.uasset" 6334
"../../../Engine/Content/EngineMaterials/Substrate/GLints/dict_16_192_64_0p5_0p02_0024_0013.uasset" 6335
"../../../Engine/Content/EngineMaterials/Substrate/GLints/dict_16_192_64_0p5_0p02_0024_0015.uasset" 6336
"../../../Engine/Content/EngineMaterials/Substrate/GLints/dict_16_192_64_0p5_0p02_0024_0011.uasset" 6337
"../../../Engine/Content/EngineMaterials/Substrate/GLints/dict_16_192_64_0p5_0p02_0024_0012.uasset" 6338
"../../../Engine/Content/EngineMaterials/Substrate/GLints/dict_16_192_64_0p5_0p02_0025_0004.uasset" 6339
"../../../Engine/Content/EngineMaterials/Substrate/GLints/dict_16_192_64_0p5_0p02_0025_0002.uasset" 6340
"../../../Engine/Content/EngineMaterials/Substrate/GLints/dict_16_192_64_0p5_0p02_0024_0014.uasset" 6341
"/Engine/EngineMaterials/Substrate/GLints/dict_16_192_64_0p5_0p02_0023_0012" 6342
"../../../Engine/Content/EngineMaterials/Substrate/GLints/dict_16_192_64_0p5_0p02_0025_0000.uasset" 6343
"../../../Engine/Content/EngineMaterials/Substrate/GLints/dict_16_192_64_0p5_0p02_0025_0001.uasset" 6344
"../../../Engine/Content/EngineMaterials/Substrate/GLints/dict_16_192_64_0p5_0p02_0024_0000.uasset" 6345
"../../../Engine/Content/EngineMaterials/Substrate/GLints/dict_16_192_64_0p5_0p02_0025_0003.uasset" 6346
"/Engine/EngineMaterials/Substrate/GLints/dict_16_192_64_0p5_0p02_0023_0011" 6347
"/Engine/EngineMaterials/Substrate/GLints/dict_16_192_64_0p5_0p02_0024_0004" 6348
"/Engine/EngineMaterials/Substrate/GLints/dict_16_192_64_0p5_0p02_0023_0008" 6349
"/Engine/EngineMaterials/Substrate/GLints/dict_16_192_64_0p5_0p02_0023_0006" 6350
"/Engine/EngineMaterials/Substrate/GLints/dict_16_192_64_0p5_0p02_0024_0002" 6351
"/Engine/EngineMaterials/Substrate/GLints/dict_16_192_64_0p5_0p02_0024_0001" 6352
"/Engine/EngineMaterials/Substrate/GLints/dict_16_192_64_0p5_0p02_0023_0015" 6353
"/Engine/EngineMaterials/Substrate/GLints/dict_16_192_64_0p5_0p02_0023_0004" 6354
"/Engine/EngineMaterials/Substrate/GLints/dict_16_192_64_0p5_0p02_0023_0003" 6355
"/Engine/EngineMaterials/Substrate/GLints/dict_16_192_64_0p5_0p02_0023_0002" 6356
"/Engine/EngineMaterials/Substrate/GLints/dict_16_192_64_0p5_0p02_0023_0014" 6357
"/Engine/EngineMaterials/Substrate/GLints/dict_16_192_64_0p5_0p02_0023_0013" 6358
"/Engine/EngineMaterials/Substrate/GLints/dict_16_192_64_0p5_0p02_0022_0015" 6359
"../../../Engine/Content/EngineMaterials/Substrate/GLints/dict_16_192_64_0p5_0p02_0025_0006.uasset" 6360
"../../../Engine/Content/EngineMaterials/Substrate/GLints/dict_16_192_64_0p5_0p02_0025_0008.uasset" 6361
"../../../Engine/Content/EngineMaterials/Substrate/GLints/dict_16_192_64_0p5_0p02_0025_0007.uasset" 6362
"../../../Engine/Content/EngineMaterials/Substrate/GLints/dict_16_192_64_0p5_0p02_0025_0009.uasset" 6363
"../../../Engine/Content/EngineMaterials/Substrate/GLints/dict_16_192_64_0p5_0p02_0025_0011.uasset" 6364
"../../../Engine/Content/EngineMaterials/Substrate/GLints/dict_16_192_64_0p5_0p02_0025_0013.uasset" 6365
"../../../Engine/Content/EngineMaterials/Substrate/GLints/dict_16_192_64_0p5_0p02_0025_0010.uasset" 6366
"../../../Engine/Content/EngineMaterials/Substrate/GLints/dict_16_192_64_0p5_0p02_0025_0015.uasset" 6367
"../../../Engine/Content/EngineMaterials/Substrate/GLints/dict_16_192_64_0p5_0p02_0026_0000.uasset" 6368
"../../../Engine/Content/EngineMaterials/Substrate/GLints/dict_16_192_64_0p5_0p02_0026_0002.uasset" 6369
"../../../Engine/Content/EngineMaterials/Substrate/GLints/dict_16_192_64_0p5_0p02_0025_0005.uasset" 6370
"../../../Engine/Content/EngineMaterials/Substrate/GLints/dict_16_192_64_0p5_0p02_0025_0014.uasset" 6371
"../../../Engine/Content/EngineMaterials/Substrate/GLints/dict_16_192_64_0p5_0p02_0026_0001.uasset" 6372
"../../../Engine/Content/EngineMaterials/Substrate/GLints/dict_16_192_64_0p5_0p02_0025_0012.uasset" 6373
"/Engine/EngineMaterials/Substrate/GLints/dict_16_192_64_0p5_0p02_0025_0004" 6374
"/Engine/EngineMaterials/Substrate/GLints/dict_16_192_64_0p5_0p02_0025_0003" 6375
"/Engine/EngineMaterials/Substrate/GLints/dict_16_192_64_0p5_0p02_0025_0002" 6376
"/Engine/EngineMaterials/Substrate/GLints/dict_16_192_64_0p5_0p02_0025_0001" 6377
"/Engine/EngineMaterials/Substrate/GLints/dict_16_192_64_0p5_0p02_0025_0000" 6378
"/Engine/EngineMaterials/Substrate/GLints/dict_16_192_64_0p5_0p02_0024_0015" 6379
"/Engine/EngineMaterials/Substrate/GLints/dict_16_192_64_0p5_0p02_0024_0014" 6380
"/Engine/EngineMaterials/Substrate/GLints/dict_16_192_64_0p5_0p02_0024_0013" 6381
"/Engine/EngineMaterials/Substrate/GLints/dict_16_192_64_0p5_0p02_0024_0012" 6382
"/Engine/EngineMaterials/Substrate/GLints/dict_16_192_64_0p5_0p02_0024_0011" 6383
"/Engine/EngineMaterials/Substrate/GLints/dict_16_192_64_0p5_0p02_0024_0010" 6384
"/Engine/EngineMaterials/Substrate/GLints/dict_16_192_64_0p5_0p02_0024_0009" 6385
"/Engine/EngineMaterials/Substrate/GLints/dict_16_192_64_0p5_0p02_0024_0008" 6386
"/Engine/EngineMaterials/Substrate/GLints/dict_16_192_64_0p5_0p02_0024_0007" 6387
"/Engine/EngineMaterials/Substrate/GLints/dict_16_192_64_0p5_0p02_0024_0006" 6388
"/Engine/EngineMaterials/Substrate/GLints/dict_16_192_64_0p5_0p02_0024_0005" 6389
"/Engine/EngineMaterials/Substrate/GLints/dict_16_192_64_0p5_0p02_0026_0000" 6390
"/Engine/EngineMaterials/Substrate/GLints/dict_16_192_64_0p5_0p02_0024_0003" 6391
"/Engine/EngineMaterials/Substrate/GLints/dict_16_192_64_0p5_0p02_0025_0013" 6392
"/Engine/EngineMaterials/Substrate/GLints/dict_16_192_64_0p5_0p02_0024_0000" 6393
"/Engine/EngineMaterials/Substrate/GLints/dict_16_192_64_0p5_0p02_0025_0011" 6394
"/Engine/EngineMaterials/Substrate/GLints/dict_16_192_64_0p5_0p02_0025_0010" 6395
"/Engine/EngineMaterials/Substrate/GLints/dict_16_192_64_0p5_0p02_0025_0009" 6396
"/Engine/EngineMaterials/Substrate/GLints/dict_16_192_64_0p5_0p02_0025_0008" 6397
"/Engine/EngineMaterials/Substrate/GLints/dict_16_192_64_0p5_0p02_0025_0007" 6398
"/Engine/EngineMaterials/Substrate/GLints/dict_16_192_64_0p5_0p02_0025_0006" 6399
"/Engine/EngineMaterials/Substrate/GLints/dict_16_192_64_0p5_0p02_0025_0005" 6400
"../../../Engine/Content/EngineMaterials/Substrate/GLints/dict_16_192_64_0p5_0p02_0026_0005.uasset" 6401
"../../../Engine/Content/EngineMaterials/Substrate/GLints/dict_16_192_64_0p5_0p02_0026_0003.uasset" 6402
"../../../Engine/Content/EngineMaterials/Substrate/GLints/dict_16_192_64_0p5_0p02_0026_0008.uasset" 6403
"../../../Engine/Content/EngineMaterials/Substrate/GLints/dict_16_192_64_0p5_0p02_0026_0010.uasset" 6404
"../../../Engine/Content/EngineMaterials/Substrate/GLints/dict_16_192_64_0p5_0p02_0026_0012.uasset" 6405
"../../../Engine/Content/EngineMaterials/Substrate/GLints/dict_16_192_64_0p5_0p02_0026_0011.uasset" 6406
"../../../Engine/Content/EngineMaterials/Substrate/GLints/dict_16_192_64_0p5_0p02_0026_0013.uasset" 6407
"../../../Engine/Content/EngineMaterials/Substrate/GLints/dict_16_192_64_0p5_0p02_0026_0015.uasset" 6408
"../../../Engine/Content/EngineMaterials/Substrate/GLints/dict_16_192_64_0p5_0p02_0026_0004.uasset" 6409
"../../../Engine/Content/EngineMaterials/Substrate/GLints/dict_16_192_64_0p5_0p02_0027_0000.uasset" 6410
"../../../Engine/Content/EngineMaterials/Substrate/GLints/dict_16_192_64_0p5_0p02_0027_0001.uasset" 6411
"../../../Engine/Content/EngineMaterials/Substrate/GLints/dict_16_192_64_0p5_0p02_0027_0004.uasset" 6412
"../../../Engine/Content/EngineMaterials/Substrate/GLints/dict_16_192_64_0p5_0p02_0027_0002.uasset" 6413
"../../../Engine/Content/EngineMaterials/Substrate/GLints/dict_16_192_64_0p5_0p02_0027_0005.uasset" 6414
"../../../Engine/Content/EngineMaterials/Substrate/GLints/dict_16_192_64_0p5_0p02_0027_0003.uasset" 6415
"../../../Engine/Content/EngineMaterials/Substrate/GLints/dict_16_192_64_0p5_0p02_0027_0006.uasset" 6416
"../../../Engine/Content/EngineMaterials/Substrate/GLints/dict_16_192_64_0p5_0p02_0027_0007.uasset" 6417
"../../../Engine/Content/EngineMaterials/Substrate/GLints/dict_16_192_64_0p5_0p02_0026_0014.uasset" 6418
"../../../Engine/Content/EngineMaterials/Substrate/GLints/dict_16_192_64_0p5_0p02_0027_0010.uasset" 6419
"../../../Engine/Content/EngineMaterials/Substrate/GLints/dict_16_192_64_0p5_0p02_0027_0012.uasset" 6420
"../../../Engine/Content/EngineMaterials/Substrate/GLints/dict_16_192_64_0p5_0p02_0027_0011.uasset" 6421
"../../../Engine/Content/EngineMaterials/Substrate/GLints/dict_16_192_64_0p5_0p02_0027_0013.uasset" 6422
"../../../Engine/Content/EngineMaterials/Substrate/GLints/dict_16_192_64_0p5_0p02_0027_0009.uasset" 6423
"../../../Engine/Content/EngineMaterials/Substrate/GLints/dict_16_192_64_0p5_0p02_0027_0008.uasset" 6424
"../../../Engine/Content/EngineMaterials/Substrate/GLints/dict_16_192_64_0p5_0p02_0026_0009.uasset" 6425
"../../../Engine/Content/EngineMaterials/Substrate/GLints/dict_16_192_64_0p5_0p02_0026_0006.uasset" 6426
"/Engine/EngineMaterials/Substrate/GLints/dict_16_192_64_0p5_0p02_0026_0002" 6427
"../../../Engine/Content/EngineMaterials/Substrate/GLints/dict_16_192_64_0p5_0p02_0026_0007.uasset" 6428
"/Engine/EngineMaterials/Substrate/GLints/dict_16_192_64_0p5_0p02_0026_0001" 6429
"/Engine/EngineMaterials/Substrate/GLints/dict_16_192_64_0p5_0p02_0026_0013" 6430
"/Engine/EngineMaterials/Substrate/GLints/dict_16_192_64_0p5_0p02_0025_0015" 6431
"/Engine/EngineMaterials/Substrate/GLints/dict_16_192_64_0p5_0p02_0026_0012" 6432
"/Engine/EngineMaterials/Substrate/GLints/dict_16_192_64_0p5_0p02_0025_0014" 6433
"/Engine/EngineMaterials/Substrate/GLints/dict_16_192_64_0p5_0p02_0026_0011" 6434
"/Engine/EngineMaterials/Substrate/GLints/dict_16_192_64_0p5_0p02_0025_0012" 6435
"/Engine/EngineMaterials/Substrate/GLints/dict_16_192_64_0p5_0p02_0026_0010" 6436
"/Engine/EngineMaterials/Substrate/GLints/dict_16_192_64_0p5_0p02_0026_0008" 6437
"/Engine/EngineMaterials/Substrate/GLints/dict_16_192_64_0p5_0p02_0026_0005" 6438
"/Engine/EngineMaterials/Substrate/GLints/dict_16_192_64_0p5_0p02_0026_0004" 6439
"/Engine/EngineMaterials/Substrate/GLints/dict_16_192_64_0p5_0p02_0026_0003" 6440
"../../../Engine/Content/EngineMaterials/Substrate/GLints/dict_16_192_64_0p5_0p02_0027_0015.uasset" 6441
"../../../Engine/Content/EngineMaterials/Substrate/GLints/dict_16_192_64_0p5_0p02_0028_0000.uasset" 6442
"../../../Engine/Content/EngineMaterials/Substrate/GLints/dict_16_192_64_0p5_0p02_0028_0003.uasset" 6443
"../../../Engine/Content/EngineMaterials/Substrate/GLints/dict_16_192_64_0p5_0p02_0028_0006.uasset" 6444
"../../../Engine/Content/EngineMaterials/Substrate/GLints/dict_16_192_64_0p5_0p02_0027_0014.uasset" 6445
"../../../Engine/Content/EngineMaterials/Substrate/GLints/dict_16_192_64_0p5_0p02_0028_0007.uasset" 6446
"../../../Engine/Content/EngineMaterials/Substrate/GLints/dict_16_192_64_0p5_0p02_0028_0009.uasset" 6447
"../../../Engine/Content/EngineMaterials/Substrate/GLints/dict_16_192_64_0p5_0p02_0028_0010.uasset" 6448
"../../../Engine/Content/EngineMaterials/Substrate/GLints/dict_16_192_64_0p5_0p02_0028_0001.uasset" 6449
"../../../Engine/Content/EngineMaterials/Substrate/GLints/dict_16_192_64_0p5_0p02_0028_0005.uasset" 6450
"../../../Engine/Content/EngineMaterials/Substrate/GLints/dict_16_192_64_0p5_0p02_0028_0002.uasset" 6451
"../../../Engine/Content/EngineMaterials/Substrate/GLints/dict_16_192_64_0p5_0p02_0028_0008.uasset" 6452
"../../../Engine/Content/EngineMaterials/Substrate/GLints/dict_16_192_64_0p5_0p02_0028_0004.uasset" 6453
"/Engine/EngineMaterials/Substrate/GLints/dict_16_192_64_0p5_0p02_0027_0013" 6454
"/Engine/EngineMaterials/Substrate/GLints/dict_16_192_64_0p5_0p02_0027_0012" 6455
"/Engine/EngineMaterials/Substrate/GLints/dict_16_192_64_0p5_0p02_0027_0011" 6456
"/Engine/EngineMaterials/Substrate/GLints/dict_16_192_64_0p5_0p02_0027_0010" 6457
"/Engine/EngineMaterials/Substrate/GLints/dict_16_192_64_0p5_0p02_0027_0009" 6458
"/Engine/EngineMaterials/Substrate/GLints/dict_16_192_64_0p5_0p02_0027_0008" 6459
"/Engine/EngineMaterials/Substrate/GLints/dict_16_192_64_0p5_0p02_0027_0007" 6460
"/Engine/EngineMaterials/Substrate/GLints/dict_16_192_64_0p5_0p02_0027_0006" 6461
"/Engine/EngineMaterials/Substrate/GLints/dict_16_192_64_0p5_0p02_0027_0005" 6462
"/Engine/EngineMaterials/Substrate/GLints/dict_16_192_64_0p5_0p02_0027_0004" 6463
"/Engine/EngineMaterials/Substrate/GLints/dict_16_192_64_0p5_0p02_0027_0003" 6464
"/Engine/EngineMaterials/Substrate/GLints/dict_16_192_64_0p5_0p02_0027_0002" 6465
"/Engine/EngineMaterials/Substrate/GLints/dict_16_192_64_0p5_0p02_0027_0001" 6466
"/Engine/EngineMaterials/Substrate/GLints/dict_16_192_64_0p5_0p02_0027_0000" 6467
"/Engine/EngineMaterials/Substrate/GLints/dict_16_192_64_0p5_0p02_0026_0015" 6468
"/Engine/EngineMaterials/Substrate/GLints/dict_16_192_64_0p5_0p02_0026_0014" 6469
"/Engine/EngineMaterials/Substrate/GLints/dict_16_192_64_0p5_0p02_0028_0007" 6470
"/Engine/EngineMaterials/Substrate/GLints/dict_16_192_64_0p5_0p02_0028_0006" 6471
"/Engine/EngineMaterials/Substrate/GLints/dict_16_192_64_0p5_0p02_0028_0003" 6472
"/Engine/EngineMaterials/Substrate/GLints/dict_16_192_64_0p5_0p02_0026_0009" 6473
"/Engine/EngineMaterials/Substrate/GLints/dict_16_192_64_0p5_0p02_0026_0007" 6474
"/Engine/EngineMaterials/Substrate/GLints/dict_16_192_64_0p5_0p02_0026_0006" 6475
"/Engine/EngineMaterials/Substrate/GLints/dict_16_192_64_0p5_0p02_0028_0000" 6476
"/Engine/EngineMaterials/Substrate/GLints/dict_16_192_64_0p5_0p02_0027_0015" 6477
"/Engine/EngineMaterials/Substrate/GLints/dict_16_192_64_0p5_0p02_0027_0014" 6478
"../../../Engine/Content/EngineMaterials/Substrate/GLints/dict_16_192_64_0p5_0p02_0028_0013.uasset" 6479
"../../../Engine/Content/EngineMaterials/Substrate/GLints/dict_16_192_64_0p5_0p02_0028_0011.uasset" 6480
"../../../Engine/Content/EngineMaterials/Substrate/GLints/dict_16_192_64_0p5_0p02_0029_0008.uasset" 6481
"../../../Engine/Content/EngineMaterials/Substrate/GLints/dict_16_192_64_0p5_0p02_0029_0009.uasset" 6482
"../../../Engine/Content/EngineMaterials/Substrate/GLints/dict_16_192_64_0p5_0p02_0028_0012.uasset" 6483
"../../../Engine/Content/EngineMaterials/Substrate/GLints/dict_16_192_64_0p5_0p02_0028_0014.uasset" 6484
"../../../Engine/Content/EngineMaterials/Substrate/GLints/dict_16_192_64_0p5_0p02_0029_0000.uasset" 6485
"../../../Engine/Content/EngineMaterials/Substrate/GLints/dict_16_192_64_0p5_0p02_0028_0015.uasset" 6486
"/Engine/EngineMaterials/Substrate/GLints/dict_16_192_64_0p5_0p02_0028_0010" 6487
"../../../Engine/Content/EngineMaterials/Substrate/GLints/dict_16_192_64_0p5_0p02_0029_0010.uasset" 6488
"../../../Engine/Content/EngineMaterials/Substrate/GLints/dict_16_192_64_0p5_0p02_0029_0002.uasset" 6489
"../../../Engine/Content/EngineMaterials/Substrate/GLints/dict_16_192_64_0p5_0p02_0029_0013.uasset" 6490
"../../../Engine/Content/EngineMaterials/Substrate/GLints/dict_16_192_64_0p5_0p02_0029_0007.uasset" 6491
"../../../Engine/Content/EngineMaterials/Substrate/GLints/dict_16_192_64_0p5_0p02_0029_0006.uasset" 6492
"../../../Engine/Content/EngineMaterials/Substrate/GLints/dict_16_192_64_0p5_0p02_0029_0014.uasset" 6493
"../../../Engine/Content/EngineMaterials/Substrate/GLints/dict_16_192_64_0p5_0p02_0029_0004.uasset" 6494
"../../../Engine/Content/EngineMaterials/Substrate/GLints/dict_16_192_64_0p5_0p02_0030_0000.uasset" 6495
"../../../Engine/Content/EngineMaterials/Substrate/GLints/dict_16_192_64_0p5_0p02_0029_0012.uasset" 6496
"../../../Engine/Content/EngineMaterials/Substrate/GLints/dict_16_192_64_0p5_0p02_0030_0001.uasset" 6497
"../../../Engine/Content/EngineMaterials/Substrate/GLints/dict_16_192_64_0p5_0p02_0029_0005.uasset" 6498
"../../../Engine/Content/EngineMaterials/Substrate/GLints/dict_16_192_64_0p5_0p02_0030_0002.uasset" 6499
"../../../Engine/Content/EngineMaterials/Substrate/GLints/dict_16_192_64_0p5_0p02_0029_0003.uasset" 6500
"../../../Engine/Content/EngineMaterials/Substrate/GLints/dict_16_192_64_0p5_0p02_0029_0011.uasset" 6501
"../../../Engine/Content/EngineMaterials/Substrate/GLints/dict_16_192_64_0p5_0p02_0029_0015.uasset" 6502
"../../../Engine/Content/EngineMaterials/Substrate/GLints/dict_16_192_64_0p5_0p02_0030_0003.uasset" 6503
"../../../Engine/Content/EngineMaterials/Substrate/GLints/dict_16_192_64_0p5_0p02_0029_0001.uasset" 6504
"/Engine/EngineMaterials/Substrate/GLints/dict_16_192_64_0p5_0p02_0028_0009" 6505
"/Engine/EngineMaterials/Substrate/GLints/dict_16_192_64_0p5_0p02_0028_0008" 6506
"/Engine/EngineMaterials/Substrate/GLints/dict_16_192_64_0p5_0p02_0028_0005" 6507
"/Engine/EngineMaterials/Substrate/GLints/dict_16_192_64_0p5_0p02_0028_0004" 6508
"/Engine/EngineMaterials/Substrate/GLints/dict_16_192_64_0p5_0p02_0028_0002" 6509
"/Engine/EngineMaterials/Substrate/GLints/dict_16_192_64_0p5_0p02_0028_0001" 6510
"/Engine/EngineMaterials/Substrate/GLints/dict_16_192_64_0p5_0p02_0028_0013" 6511
"../../../Engine/Content/EngineMaterials/Substrate/GLints/dict_16_192_64_0p5_0p02_0030_0004.uasset" 6512
"../../../Engine/Content/EngineMaterials/Substrate/GLints/dict_16_192_64_0p5_0p02_0030_0005.uasset" 6513
"../../../Engine/Content/EngineMaterials/Substrate/GLints/dict_16_192_64_0p5_0p02_0030_0006.uasset" 6514
"../../../Engine/Content/EngineMaterials/Substrate/GLints/dict_16_192_64_0p5_0p02_0030_0008.uasset" 6515
"../../../Engine/Content/EngineMaterials/Substrate/GLints/dict_16_192_64_0p5_0p02_0030_0007.uasset" 6516
"../../../Engine/Content/EngineMaterials/Substrate/GLints/dict_16_192_64_0p5_0p02_0030_0011.uasset" 6517
"../../../Engine/Content/EngineMaterials/Substrate/GLints/dict_16_192_64_0p5_0p02_0030_0010.uasset" 6518
"../../../Engine/Content/EngineMaterials/Substrate/GLints/dict_16_192_64_0p5_0p02_0030_0009.uasset" 6519
"/Engine/EngineMaterials/Substrate/GLints/dict_16_192_64_0p5_0p02_0030_0003" 6520
"/Engine/EngineMaterials/Substrate/GLints/dict_16_192_64_0p5_0p02_0030_0002" 6521
"/Engine/EngineMaterials/Substrate/GLints/dict_16_192_64_0p5_0p02_0030_0001" 6522
"/Engine/EngineMaterials/Substrate/GLints/dict_16_192_64_0p5_0p02_0030_0000" 6523
"/Engine/EngineMaterials/Substrate/GLints/dict_16_192_64_0p5_0p02_0029_0015" 6524
"/Engine/EngineMaterials/Substrate/GLints/dict_16_192_64_0p5_0p02_0029_0014" 6525
"/Engine/EngineMaterials/Substrate/GLints/dict_16_192_64_0p5_0p02_0029_0013" 6526
"/Engine/EngineMaterials/Substrate/GLints/dict_16_192_64_0p5_0p02_0029_0012" 6527
"/Engine/EngineMaterials/Substrate/GLints/dict_16_192_64_0p5_0p02_0029_0011" 6528
"/Engine/EngineMaterials/Substrate/GLints/dict_16_192_64_0p5_0p02_0029_0010" 6529
"/Engine/EngineMaterials/Substrate/GLints/dict_16_192_64_0p5_0p02_0029_0009" 6530
"/Engine/EngineMaterials/Substrate/GLints/dict_16_192_64_0p5_0p02_0029_0008" 6531
"/Engine/EngineMaterials/Substrate/GLints/dict_16_192_64_0p5_0p02_0029_0007" 6532
"/Engine/EngineMaterials/Substrate/GLints/dict_16_192_64_0p5_0p02_0029_0006" 6533
"/Engine/EngineMaterials/Substrate/GLints/dict_16_192_64_0p5_0p02_0029_0005" 6534
"/Engine/EngineMaterials/Substrate/GLints/dict_16_192_64_0p5_0p02_0029_0004" 6535
"/Engine/EngineMaterials/Substrate/GLints/dict_16_192_64_0p5_0p02_0029_0003" 6536
"/Engine/EngineMaterials/Substrate/GLints/dict_16_192_64_0p5_0p02_0029_0002" 6537
"/Engine/EngineMaterials/Substrate/GLints/dict_16_192_64_0p5_0p02_0030_0008" 6538
"/Engine/EngineMaterials/Substrate/GLints/dict_16_192_64_0p5_0p02_0029_0001" 6539
"/Engine/EngineMaterials/Substrate/GLints/dict_16_192_64_0p5_0p02_0029_0000" 6540
"/Engine/EngineMaterials/Substrate/GLints/dict_16_192_64_0p5_0p02_0030_0005" 6541
"/Engine/EngineMaterials/Substrate/GLints/dict_16_192_64_0p5_0p02_0028_0015" 6542
"/Engine/EngineMaterials/Substrate/GLints/dict_16_192_64_0p5_0p02_0028_0014" 6543
"/Engine/EngineMaterials/Substrate/GLints/dict_16_192_64_0p5_0p02_0030_0004" 6544
"/Engine/EngineMaterials/Substrate/GLints/dict_16_192_64_0p5_0p02_0028_0012" 6545
"/Engine/EngineMaterials/Substrate/GLints/dict_16_192_64_0p5_0p02_0028_0011" 6546
"../../../Engine/Content/EngineMaterials/Substrate/GLints/dict_16_192_64_0p5_0p02_0030_0013.uasset" 6547
"../../../Engine/Content/EngineMaterials/Substrate/GLints/dict_16_192_64_0p5_0p02_0031_0004.uasset" 6548
"../../../Engine/Content/EngineMaterials/Substrate/GLints/dict_16_192_64_0p5_0p02_0031_0001.uasset" 6549
"../../../Engine/Content/EngineMaterials/Substrate/GLints/dict_16_192_64_0p5_0p02_0031_0003.uasset" 6550
"../../../Engine/Content/EngineMaterials/Substrate/GLints/dict_16_192_64_0p5_0p02_0031_0008.uasset" 6551
"../../../Engine/Content/EngineMaterials/Substrate/GLints/dict_16_192_64_0p5_0p02_0031_0007.uasset" 6552
"../../../Engine/Content/EngineMaterials/Substrate/GLints/dict_16_192_64_0p5_0p02_0031_0009.uasset" 6553
"../../../Engine/Content/EngineMaterials/Substrate/GLints/dict_16_192_64_0p5_0p02_0030_0014.uasset" 6554
"../../../Engine/Content/EngineMaterials/Substrate/GLints/dict_16_192_64_0p5_0p02_0031_0002.uasset" 6555
"../../../Engine/Content/EngineMaterials/Substrate/GLints/dict_16_192_64_0p5_0p02_0031_0005.uasset" 6556
"../../../Engine/Content/EngineMaterials/Substrate/GLints/dict_16_192_64_0p5_0p02_0030_0012.uasset" 6557
"../../../Engine/Content/EngineMaterials/Substrate/GLints/dict_16_192_64_0p5_0p02_0031_0011.uasset" 6558
"../../../Engine/Content/EngineMaterials/Substrate/GLints/dict_16_192_64_0p5_0p02_0031_0010.uasset" 6559
"../../../Engine/Content/EngineMaterials/Substrate/GLints/dict_16_192_64_0p5_0p02_0031_0015.uasset" 6560
"/Engine/EngineMaterials/Substrate/GLints/dict_16_192_64_0p5_0p02_0030_0011" 6561
"../../../Engine/Content/EngineMaterials/Substrate/GLints/dict_16_192_64_0p5_0p02_0032_0002.uasset" 6562
"../../../Engine/Content/EngineMaterials/Substrate/GLints/dict_16_192_64_0p5_0p02_0031_0006.uasset" 6563
"../../../Engine/Content/EngineMaterials/Substrate/GLints/dict_16_192_64_0p5_0p02_0031_0014.uasset" 6564
"../../../Engine/Content/EngineMaterials/Substrate/GLints/dict_16_192_64_0p5_0p02_0031_0013.uasset" 6565
"../../../Engine/Content/EngineMaterials/Substrate/GLints/dict_16_192_64_0p5_0p02_0032_0004.uasset" 6566
"../../../Engine/Content/EngineMaterials/Substrate/GLints/dict_16_192_64_0p5_0p02_0032_0000.uasset" 6567
"../../../Engine/Content/EngineMaterials/Substrate/GLints/dict_16_192_64_0p5_0p02_0032_0001.uasset" 6568
"../../../Engine/Content/EngineMaterials/Substrate/GLints/dict_16_192_64_0p5_0p02_0030_0015.uasset" 6569
"../../../Engine/Content/EngineMaterials/Substrate/GLints/dict_16_192_64_0p5_0p02_0032_0003.uasset" 6570
"../../../Engine/Content/EngineMaterials/Substrate/GLints/dict_16_192_64_0p5_0p02_0031_0000.uasset" 6571
"../../../Engine/Content/EngineMaterials/Substrate/GLints/dict_16_192_64_0p5_0p02_0032_0005.uasset" 6572
"../../../Engine/Content/EngineMaterials/Substrate/GLints/dict_16_192_64_0p5_0p02_0031_0012.uasset" 6573
"../../../Engine/Content/EngineMaterials/Substrate/GLints/dict_16_192_64_0p5_0p02_0032_0006.uasset" 6574
"/Engine/EngineMaterials/Substrate/GLints/dict_16_192_64_0p5_0p02_0030_0010" 6575
"/Engine/EngineMaterials/Substrate/GLints/dict_16_192_64_0p5_0p02_0030_0009" 6576
"/Engine/EngineMaterials/Substrate/GLints/dict_16_192_64_0p5_0p02_0031_0004" 6577
"/Engine/EngineMaterials/Substrate/GLints/dict_16_192_64_0p5_0p02_0030_0007" 6578
"/Engine/EngineMaterials/Substrate/GLints/dict_16_192_64_0p5_0p02_0031_0003" 6579
"/Engine/EngineMaterials/Substrate/GLints/dict_16_192_64_0p5_0p02_0030_0006" 6580
"/Engine/EngineMaterials/Substrate/GLints/dict_16_192_64_0p5_0p02_0031_0001" 6581
"/Engine/EngineMaterials/Substrate/GLints/dict_16_192_64_0p5_0p02_0030_0013" 6582
"../../../Engine/Content/EngineMaterials/Substrate/GLints/dict_16_192_64_0p5_0p02_0032_0007.uasset" 6583
"../../../Engine/Content/EngineMaterials/Substrate/GLints/dict_16_192_64_0p5_0p02_0032_0008.uasset" 6584
"../../../Engine/Content/EngineMaterials/Substrate/GLints/dict_16_192_64_0p5_0p02_0032_0010.uasset" 6585
"../../../Engine/Content/EngineMaterials/Substrate/GLints/dict_16_192_64_0p5_0p02_0032_0012.uasset" 6586
"../../../Engine/Content/EngineMaterials/Substrate/GLints/dict_16_192_64_0p5_0p02_0032_0011.uasset" 6587
"../../../Engine/Content/EngineMaterials/Substrate/GLints/dict_16_192_64_0p5_0p02_0032_0013.uasset" 6588
"../../../Engine/Content/EngineMaterials/Substrate/GLints/dict_16_192_64_0p5_0p02_0032_0014.uasset" 6589
"../../../Engine/Content/EngineMaterials/Substrate/GLints/dict_16_192_64_0p5_0p02_0032_0015.uasset" 6590
"../../../Engine/Content/EngineMaterials/Substrate/GLints/dict_16_192_64_0p5_0p02_0032_0009.uasset" 6591
"/Engine/EngineMaterials/Substrate/GLints/dict_16_192_64_0p5_0p02_0032_0006" 6592
"/Engine/EngineMaterials/Substrate/GLints/dict_16_192_64_0p5_0p02_0032_0005" 6593
"/Engine/EngineMaterials/Substrate/GLints/dict_16_192_64_0p5_0p02_0032_0004" 6594
"/Engine/EngineMaterials/Substrate/GLints/dict_16_192_64_0p5_0p02_0032_0003" 6595
"/Engine/EngineMaterials/Substrate/GLints/dict_16_192_64_0p5_0p02_0032_0002" 6596
"/Engine/EngineMaterials/Substrate/GLints/dict_16_192_64_0p5_0p02_0032_0001" 6597
"/Engine/EngineMaterials/Substrate/GLints/dict_16_192_64_0p5_0p02_0032_0000" 6598
"/Engine/EngineMaterials/Substrate/GLints/dict_16_192_64_0p5_0p02_0031_0015" 6599
"/Engine/EngineMaterials/Substrate/GLints/dict_16_192_64_0p5_0p02_0031_0014" 6600
"/Engine/EngineMaterials/Substrate/GLints/dict_16_192_64_0p5_0p02_0031_0013" 6601
"/Engine/EngineMaterials/Substrate/GLints/dict_16_192_64_0p5_0p02_0031_0012" 6602
"/Engine/EngineMaterials/Substrate/GLints/dict_16_192_64_0p5_0p02_0031_0011" 6603
"/Engine/EngineMaterials/Substrate/GLints/dict_16_192_64_0p5_0p02_0031_0010" 6604
"/Engine/EngineMaterials/Substrate/GLints/dict_16_192_64_0p5_0p02_0031_0009" 6605
"/Engine/EngineMaterials/Substrate/GLints/dict_16_192_64_0p5_0p02_0031_0008" 6606
"/Engine/EngineMaterials/Substrate/GLints/dict_16_192_64_0p5_0p02_0032_0014" 6607
"/Engine/EngineMaterials/Substrate/GLints/dict_16_192_64_0p5_0p02_0031_0007" 6608
"/Engine/EngineMaterials/Substrate/GLints/dict_16_192_64_0p5_0p02_0032_0013" 6609
"/Engine/EngineMaterials/Substrate/GLints/dict_16_192_64_0p5_0p02_0031_0006" 6610
"/Engine/EngineMaterials/Substrate/GLints/dict_16_192_64_0p5_0p02_0031_0005" 6611
"/Engine/EngineMaterials/Substrate/GLints/dict_16_192_64_0p5_0p02_0032_0012" 6612
"/Engine/EngineMaterials/Substrate/GLints/dict_16_192_64_0p5_0p02_0032_0011" 6613
"/Engine/EngineMaterials/Substrate/GLints/dict_16_192_64_0p5_0p02_0032_0010" 6614
"/Engine/EngineMaterials/Substrate/GLints/dict_16_192_64_0p5_0p02_0032_0009" 6615
"/Engine/EngineMaterials/Substrate/GLints/dict_16_192_64_0p5_0p02_0031_0002" 6616
"/Engine/EngineMaterials/Substrate/GLints/dict_16_192_64_0p5_0p02_0032_0008" 6617
"/Engine/EngineMaterials/Substrate/GLints/dict_16_192_64_0p5_0p02_0031_0000" 6618
"/Engine/EngineMaterials/Substrate/GLints/dict_16_192_64_0p5_0p02_0030_0015" 6619
"/Engine/EngineMaterials/Substrate/GLints/dict_16_192_64_0p5_0p02_0030_0014" 6620
"/Engine/EngineMaterials/Substrate/GLints/dict_16_192_64_0p5_0p02_0032_0007" 6621
"/Engine/EngineMaterials/Substrate/GLints/dict_16_192_64_0p5_0p02_0030_0012" 6622
"../../../Engine/Content/EngineMaterials/Substrate/GLints/dict_16_192_64_0p5_0p02_0033_0000.uasset" 6623
"../../../Engine/Content/EngineMaterials/Substrate/GLints/dict_16_192_64_0p5_0p02_0033_0004.uasset" 6624
"../../../Engine/Content/EngineMaterials/Substrate/GLints/dict_16_192_64_0p5_0p02_0033_0001.uasset" 6625
"../../../Engine/Content/EngineMaterials/Substrate/GLints/dict_16_192_64_0p5_0p02_0033_0002.uasset" 6626
"../../../Engine/Content/EngineMaterials/Substrate/GLints/dict_16_192_64_0p5_0p02_0033_0012.uasset" 6627
"../../../Engine/Content/EngineMaterials/Substrate/GLints/dict_16_192_64_0p5_0p02_0033_0011.uasset" 6628
"../../../Engine/Content/EngineMaterials/Substrate/GLints/dict_16_192_64_0p5_0p02_0033_0005.uasset" 6629
"../../../Engine/Content/EngineMaterials/Substrate/GLints/dict_16_192_64_0p5_0p02_0033_0013.uasset" 6630
"../../../Engine/Content/EngineMaterials/Substrate/GLints/dict_16_192_64_0p5_0p02_0033_0007.uasset" 6631
"../../../Engine/Content/EngineMaterials/Substrate/GLints/dict_16_192_64_0p5_0p02_0033_0003.uasset" 6632
"../../../Engine/Content/EngineMaterials/Substrate/GLints/dict_16_192_64_0p5_0p02_0033_0006.uasset" 6633
"../../../Engine/Content/EngineMaterials/Substrate/GLints/dict_16_192_64_0p5_0p02_0034_0003.uasset" 6634
"../../../Engine/Content/EngineMaterials/Substrate/GLints/dict_16_192_64_0p5_0p02_0033_0009.uasset" 6635
"../../../Engine/Content/EngineMaterials/Substrate/GLints/dict_16_192_64_0p5_0p02_0034_0005.uasset" 6636
"/Engine/EngineMaterials/Substrate/GLints/dict_16_192_64_0p5_0p02_0032_0015" 6637
"../../../Engine/Content/EngineMaterials/Substrate/GLints/dict_16_192_64_0p5_0p02_0034_0006.uasset" 6638
"../../../Engine/Content/EngineMaterials/Substrate/GLints/dict_16_192_64_0p5_0p02_0033_0014.uasset" 6639
"../../../Engine/Content/EngineMaterials/Substrate/GLints/dict_16_192_64_0p5_0p02_0034_0007.uasset" 6640
"../../../Engine/Content/EngineMaterials/Substrate/GLints/dict_16_192_64_0p5_0p02_0033_0010.uasset" 6641
"../../../Engine/Content/EngineMaterials/Substrate/GLints/dict_16_192_64_0p5_0p02_0034_0008.uasset" 6642
"../../../Engine/Content/EngineMaterials/Substrate/GLints/dict_16_192_64_0p5_0p02_0034_0000.uasset" 6643
"../../../Engine/Content/EngineMaterials/Substrate/GLints/dict_16_192_64_0p5_0p02_0033_0015.uasset" 6644
"../../../Engine/Content/EngineMaterials/Substrate/GLints/dict_16_192_64_0p5_0p02_0034_0011.uasset" 6645
"../../../Engine/Content/EngineMaterials/Substrate/GLints/dict_16_192_64_0p5_0p02_0034_0004.uasset" 6646
"../../../Engine/Content/EngineMaterials/Substrate/GLints/dict_16_192_64_0p5_0p02_0034_0012.uasset" 6647
"../../../Engine/Content/EngineMaterials/Substrate/GLints/dict_16_192_64_0p5_0p02_0034_0002.uasset" 6648
"../../../Engine/Content/EngineMaterials/Substrate/GLints/dict_16_192_64_0p5_0p02_0034_0013.uasset" 6649
"../../../Engine/Content/EngineMaterials/Substrate/GLints/dict_16_192_64_0p5_0p02_0034_0009.uasset" 6650
"../../../Engine/Content/EngineMaterials/Substrate/GLints/dict_16_192_64_0p5_0p02_0033_0008.uasset" 6651
"../../../Engine/Content/EngineMaterials/Substrate/GLints/dict_16_192_64_0p5_0p02_0034_0010.uasset" 6652
"../../../Engine/Content/EngineMaterials/Substrate/GLints/dict_16_192_64_0p5_0p02_0034_0001.uasset" 6653
"../../../Engine/Content/EngineMaterials/Substrate/GLints/dict_16_192_64_0p5_0p02_0034_0014.uasset" 6654
"/Engine/EngineMaterials/Substrate/GLints/dict_16_192_64_0p5_0p02_0033_0012" 6655
"/Engine/EngineMaterials/Substrate/GLints/dict_16_192_64_0p5_0p02_0033_0011" 6656
"/Engine/EngineMaterials/Substrate/GLints/dict_16_192_64_0p5_0p02_0033_0004" 6657
"/Engine/EngineMaterials/Substrate/GLints/dict_16_192_64_0p5_0p02_0033_0002" 6658
"/Engine/EngineMaterials/Substrate/GLints/dict_16_192_64_0p5_0p02_0033_0001" 6659
"/Engine/EngineMaterials/Substrate/GLints/dict_16_192_64_0p5_0p02_0033_0000" 6660
"../../../Engine/Content/EngineMaterials/Substrate/GLints/dict_16_192_64_0p5_0p02_0034_0015.uasset" 6661
"../../../Engine/Content/EngineMaterials/Substrate/GLints/dict_16_192_64_0p5_0p02_0035_0000.uasset" 6662
"../../../Engine/Content/EngineMaterials/Substrate/GLints/dict_16_192_64_0p5_0p02_0035_0002.uasset" 6663
"../../../Engine/Content/EngineMaterials/Substrate/GLints/dict_16_192_64_0p5_0p02_0035_0003.uasset" 6664
"../../../Engine/Content/EngineMaterials/Substrate/GLints/dict_16_192_64_0p5_0p02_0035_0004.uasset" 6665
"../../../Engine/Content/EngineMaterials/Substrate/GLints/dict_16_192_64_0p5_0p02_0035_0001.uasset" 6666
"../../../Engine/Content/EngineMaterials/Substrate/GLints/dict_16_192_64_0p5_0p02_0035_0005.uasset" 6667
"/Engine/EngineMaterials/Substrate/GLints/dict_16_192_64_0p5_0p02_0034_0014" 6668
"/Engine/EngineMaterials/Substrate/GLints/dict_16_192_64_0p5_0p02_0034_0013" 6669
"/Engine/EngineMaterials/Substrate/GLints/dict_16_192_64_0p5_0p02_0034_0012" 6670
"/Engine/EngineMaterials/Substrate/GLints/dict_16_192_64_0p5_0p02_0034_0011" 6671
"/Engine/EngineMaterials/Substrate/GLints/dict_16_192_64_0p5_0p02_0034_0010" 6672
"/Engine/EngineMaterials/Substrate/GLints/dict_16_192_64_0p5_0p02_0034_0009" 6673
"/Engine/EngineMaterials/Substrate/GLints/dict_16_192_64_0p5_0p02_0034_0008" 6674
"/Engine/EngineMaterials/Substrate/GLints/dict_16_192_64_0p5_0p02_0034_0007" 6675
"/Engine/EngineMaterials/Substrate/GLints/dict_16_192_64_0p5_0p02_0034_0006" 6676
"/Engine/EngineMaterials/Substrate/GLints/dict_16_192_64_0p5_0p02_0034_0005" 6677
"/Engine/EngineMaterials/Substrate/GLints/dict_16_192_64_0p5_0p02_0034_0004" 6678
"/Engine/EngineMaterials/Substrate/GLints/dict_16_192_64_0p5_0p02_0034_0003" 6679
"/Engine/EngineMaterials/Substrate/GLints/dict_16_192_64_0p5_0p02_0034_0002" 6680
"/Engine/EngineMaterials/Substrate/GLints/dict_16_192_64_0p5_0p02_0034_0001" 6681
"/Engine/EngineMaterials/Substrate/GLints/dict_16_192_64_0p5_0p02_0034_0000" 6682
"/Engine/EngineMaterials/Substrate/GLints/dict_16_192_64_0p5_0p02_0033_0015" 6683
"/Engine/EngineMaterials/Substrate/GLints/dict_16_192_64_0p5_0p02_0033_0014" 6684
"/Engine/EngineMaterials/Substrate/GLints/dict_16_192_64_0p5_0p02_0033_0013" 6685
"/Engine/EngineMaterials/Substrate/GLints/dict_16_192_64_0p5_0p02_0033_0010" 6686
"/Engine/EngineMaterials/Substrate/GLints/dict_16_192_64_0p5_0p02_0033_0009" 6687
"/Engine/EngineMaterials/Substrate/GLints/dict_16_192_64_0p5_0p02_0033_0008" 6688
"/Engine/EngineMaterials/Substrate/GLints/dict_16_192_64_0p5_0p02_0033_0007" 6689
"/Engine/EngineMaterials/Substrate/GLints/dict_16_192_64_0p5_0p02_0033_0006" 6690
"/Engine/EngineMaterials/Substrate/GLints/dict_16_192_64_0p5_0p02_0033_0005" 6691
"/Engine/EngineMaterials/Substrate/GLints/dict_16_192_64_0p5_0p02_0035_0002" 6692
"/Engine/EngineMaterials/Substrate/GLints/dict_16_192_64_0p5_0p02_0033_0003" 6693
"/Engine/EngineMaterials/Substrate/GLints/dict_16_192_64_0p5_0p02_0035_0001" 6694
"/Engine/EngineMaterials/Substrate/GLints/dict_16_192_64_0p5_0p02_0035_0000" 6695
"/Engine/EngineMaterials/Substrate/GLints/dict_16_192_64_0p5_0p02_0034_0015" 6696
"../../../Engine/Content/EngineMaterials/Substrate/GLints/dict_16_192_64_0p5_0p02_0035_0006.uasset" 6697
"../../../Engine/Content/EngineMaterials/Substrate/GLints/dict_16_192_64_0p5_0p02_0035_0007.uasset" 6698
"../../../Engine/Content/EngineMaterials/Substrate/GLints/dict_16_192_64_0p5_0p02_0035_0010.uasset" 6699
"../../../Engine/Content/EngineMaterials/Substrate/GLints/dict_16_192_64_0p5_0p02_0036_0002.uasset" 6700
"../../../Engine/Content/EngineMaterials/Substrate/GLints/dict_16_192_64_0p5_0p02_0036_0001.uasset" 6701
"../../../Engine/Content/EngineMaterials/Substrate/GLints/dict_16_192_64_0p5_0p02_0036_0000.uasset" 6702
"../../../Engine/Content/EngineMaterials/Substrate/GLints/dict_16_192_64_0p5_0p02_0036_0005.uasset" 6703
"../../../Engine/Content/EngineMaterials/Substrate/GLints/dict_16_192_64_0p5_0p02_0036_0004.uasset" 6704
"../../../Engine/Content/EngineMaterials/Substrate/GLints/dict_16_192_64_0p5_0p02_0035_0015.uasset" 6705
"/Engine/EngineMaterials/Substrate/GLints/dict_16_192_64_0p5_0p02_0035_0005" 6706
"../../../Engine/Content/EngineMaterials/Substrate/GLints/dict_16_192_64_0p5_0p02_0035_0014.uasset" 6707
"../../../Engine/Content/EngineMaterials/Substrate/GLints/dict_16_192_64_0p5_0p02_0036_0006.uasset" 6708
"../../../Engine/Content/EngineMaterials/Substrate/GLints/dict_16_192_64_0p5_0p02_0035_0008.uasset" 6709
"../../../Engine/Content/EngineMaterials/Substrate/GLints/dict_16_192_64_0p5_0p02_0035_0013.uasset" 6710
"../../../Engine/Content/EngineMaterials/Substrate/GLints/dict_16_192_64_0p5_0p02_0036_0007.uasset" 6711
"../../../Engine/Content/EngineMaterials/Substrate/GLints/dict_16_192_64_0p5_0p02_0036_0011.uasset" 6712
"../../../Engine/Content/EngineMaterials/Substrate/GLints/dict_16_192_64_0p5_0p02_0035_0011.uasset" 6713
"../../../Engine/Content/EngineMaterials/Substrate/GLints/dict_16_192_64_0p5_0p02_0035_0009.uasset" 6714
"../../../Engine/Content/EngineMaterials/Substrate/GLints/dict_16_192_64_0p5_0p02_0036_0013.uasset" 6715
"../../../Engine/Content/EngineMaterials/Substrate/GLints/dict_16_192_64_0p5_0p02_0036_0008.uasset" 6716
"../../../Engine/Content/EngineMaterials/Substrate/GLints/dict_16_192_64_0p5_0p02_0036_0012.uasset" 6717
"../../../Engine/Content/EngineMaterials/Substrate/GLints/dict_16_192_64_0p5_0p02_0036_0015.uasset" 6718
"../../../Engine/Content/EngineMaterials/Substrate/GLints/dict_16_192_64_0p5_0p02_0035_0012.uasset" 6719
"../../../Engine/Content/EngineMaterials/Substrate/GLints/dict_16_192_64_0p5_0p02_0037_0000.uasset" 6720
"../../../Engine/Content/EngineMaterials/Substrate/GLints/dict_16_192_64_0p5_0p02_0037_0002.uasset" 6721
"../../../Engine/Content/EngineMaterials/Substrate/GLints/dict_16_192_64_0p5_0p02_0036_0009.uasset" 6722
"../../../Engine/Content/EngineMaterials/Substrate/GLints/dict_16_192_64_0p5_0p02_0036_0014.uasset" 6723
"../../../Engine/Content/EngineMaterials/Substrate/GLints/dict_16_192_64_0p5_0p02_0036_0003.uasset" 6724
"../../../Engine/Content/EngineMaterials/Substrate/GLints/dict_16_192_64_0p5_0p02_0037_0001.uasset" 6725
"../../../Engine/Content/EngineMaterials/Substrate/GLints/dict_16_192_64_0p5_0p02_0036_0010.uasset" 6726
"/Engine/EngineMaterials/Substrate/GLints/dict_16_192_64_0p5_0p02_0035_0004" 6727
"/Engine/EngineMaterials/Substrate/GLints/dict_16_192_64_0p5_0p02_0035_0003" 6728
"/Engine/EngineMaterials/Substrate/GLints/dict_16_192_64_0p5_0p02_0035_0007" 6729
"/Engine/EngineMaterials/Substrate/GLints/dict_16_192_64_0p5_0p02_0035_0006" 6730
"../../../Engine/Content/EngineMaterials/Substrate/GLints/dict_16_192_64_0p5_0p02_0037_0003.uasset" 6731
"../../../Engine/Content/EngineMaterials/Substrate/GLints/dict_16_192_64_0p5_0p02_0037_0004.uasset" 6732
"../../../Engine/Content/EngineMaterials/Substrate/GLints/dict_16_192_64_0p5_0p02_0037_0005.uasset" 6733
"../../../Engine/Content/EngineMaterials/Substrate/GLints/dict_16_192_64_0p5_0p02_0037_0006.uasset" 6734
"../../../Engine/Content/EngineMaterials/Substrate/GLints/dict_16_192_64_0p5_0p02_0037_0007.uasset" 6735
"/Engine/EngineMaterials/Substrate/GLints/dict_16_192_64_0p5_0p02_0037_0002" 6736
"/Engine/EngineMaterials/Substrate/GLints/dict_16_192_64_0p5_0p02_0037_0001" 6737
"/Engine/EngineMaterials/Substrate/GLints/dict_16_192_64_0p5_0p02_0037_0000" 6738
"/Engine/EngineMaterials/Substrate/GLints/dict_16_192_64_0p5_0p02_0036_0015" 6739
"/Engine/EngineMaterials/Substrate/GLints/dict_16_192_64_0p5_0p02_0036_0014" 6740
"/Engine/EngineMaterials/Substrate/GLints/dict_16_192_64_0p5_0p02_0036_0013" 6741
"/Engine/EngineMaterials/Substrate/GLints/dict_16_192_64_0p5_0p02_0036_0012" 6742
"/Engine/EngineMaterials/Substrate/GLints/dict_16_192_64_0p5_0p02_0036_0011" 6743
"/Engine/EngineMaterials/Substrate/GLints/dict_16_192_64_0p5_0p02_0036_0010" 6744
"/Engine/EngineMaterials/Substrate/GLints/dict_16_192_64_0p5_0p02_0036_0009" 6745
"/Engine/EngineMaterials/Substrate/GLints/dict_16_192_64_0p5_0p02_0036_0008" 6746
"/Engine/EngineMaterials/Substrate/GLints/dict_16_192_64_0p5_0p02_0036_0007" 6747
"/Engine/EngineMaterials/Substrate/GLints/dict_16_192_64_0p5_0p02_0036_0006" 6748
"/Engine/EngineMaterials/Substrate/GLints/dict_16_192_64_0p5_0p02_0036_0005" 6749
"/Engine/EngineMaterials/Substrate/GLints/dict_16_192_64_0p5_0p02_0036_0004" 6750
"/Engine/EngineMaterials/Substrate/GLints/dict_16_192_64_0p5_0p02_0036_0003" 6751
"/Engine/EngineMaterials/Substrate/GLints/dict_16_192_64_0p5_0p02_0036_0002" 6752
"/Engine/EngineMaterials/Substrate/GLints/dict_16_192_64_0p5_0p02_0036_0001" 6753
"/Engine/EngineMaterials/Substrate/GLints/dict_16_192_64_0p5_0p02_0036_0000" 6754
"/Engine/EngineMaterials/Substrate/GLints/dict_16_192_64_0p5_0p02_0035_0015" 6755
"/Engine/EngineMaterials/Substrate/GLints/dict_16_192_64_0p5_0p02_0035_0014" 6756
"/Engine/EngineMaterials/Substrate/GLints/dict_16_192_64_0p5_0p02_0035_0013" 6757
"/Engine/EngineMaterials/Substrate/GLints/dict_16_192_64_0p5_0p02_0035_0012" 6758
"/Engine/EngineMaterials/Substrate/GLints/dict_16_192_64_0p5_0p02_0035_0011" 6759
"/Engine/EngineMaterials/Substrate/GLints/dict_16_192_64_0p5_0p02_0035_0010" 6760
"/Engine/EngineMaterials/Substrate/GLints/dict_16_192_64_0p5_0p02_0035_0009" 6761
"/Engine/EngineMaterials/Substrate/GLints/dict_16_192_64_0p5_0p02_0035_0008" 6762
"/Engine/EngineMaterials/Substrate/GLints/dict_16_192_64_0p5_0p02_0037_0004" 6763
"/Engine/EngineMaterials/Substrate/GLints/dict_16_192_64_0p5_0p02_0037_0003" 6764
"../../../Engine/Content/EngineMaterials/Substrate/GLints/dict_16_192_64_0p5_0p02_0037_0009.uasset" 6765
"../../../Engine/Content/EngineMaterials/Substrate/GLints/dict_16_192_64_0p5_0p02_0037_0010.uasset" 6766
"../../../Engine/Content/EngineMaterials/Substrate/GLints/dict_16_192_64_0p5_0p02_0037_0008.uasset" 6767
"../../../Engine/Content/EngineMaterials/Substrate/GLints/dict_16_192_64_0p5_0p02_0037_0011.uasset" 6768
"../../../Engine/Content/EngineMaterials/Substrate/GLints/dict_16_192_64_0p5_0p02_0037_0015.uasset" 6769
"../../../Engine/Content/EngineMaterials/Substrate/GLints/dict_16_192_64_0p5_0p02_0038_0000.uasset" 6770
"../../../Engine/Content/EngineMaterials/Substrate/GLints/dict_16_192_64_0p5_0p02_0038_0002.uasset" 6771
"../../../Engine/Content/EngineMaterials/Substrate/GLints/dict_16_192_64_0p5_0p02_0038_0004.uasset" 6772
"../../../Engine/Content/EngineMaterials/Substrate/GLints/dict_16_192_64_0p5_0p02_0037_0014.uasset" 6773
"../../../Engine/Content/EngineMaterials/Substrate/GLints/dict_16_192_64_0p5_0p02_0038_0005.uasset" 6774
"../../../Engine/Content/EngineMaterials/Substrate/GLints/dict_16_192_64_0p5_0p02_0037_0013.uasset" 6775
"../../../Engine/Content/EngineMaterials/Substrate/GLints/dict_16_192_64_0p5_0p02_0037_0012.uasset" 6776
"../../../Engine/Content/EngineMaterials/Substrate/GLints/dict_16_192_64_0p5_0p02_0038_0006.uasset" 6777
"../../../Engine/Content/EngineMaterials/Substrate/GLints/dict_16_192_64_0p5_0p02_0038_0001.uasset" 6778
"../../../Engine/Content/EngineMaterials/Substrate/GLints/dict_16_192_64_0p5_0p02_0038_0011.uasset" 6779
"../../../Engine/Content/EngineMaterials/Substrate/GLints/dict_16_192_64_0p5_0p02_0038_0008.uasset" 6780
"../../../Engine/Content/EngineMaterials/Substrate/GLints/dict_16_192_64_0p5_0p02_0038_0010.uasset" 6781
"../../../Engine/Content/EngineMaterials/Substrate/GLints/dict_16_192_64_0p5_0p02_0038_0012.uasset" 6782
"../../../Engine/Content/EngineMaterials/Substrate/GLints/dict_16_192_64_0p5_0p02_0038_0009.uasset" 6783
"../../../Engine/Content/EngineMaterials/Substrate/GLints/dict_16_192_64_0p5_0p02_0038_0013.uasset" 6784
"/Engine/EngineMaterials/Substrate/GLints/dict_16_192_64_0p5_0p02_0037_0007" 6785
"../../../Engine/Content/EngineMaterials/Substrate/GLints/dict_16_192_64_0p5_0p02_0038_0015.uasset" 6786
"../../../Engine/Content/EngineMaterials/Substrate/GLints/dict_16_192_64_0p5_0p02_0039_0003.uasset" 6787
"../../../Engine/Content/EngineMaterials/Substrate/GLints/dict_16_192_64_0p5_0p02_0039_0000.uasset" 6788
"../../../Engine/Content/EngineMaterials/Substrate/GLints/dict_16_192_64_0p5_0p02_0038_0007.uasset" 6789
"../../../Engine/Content/EngineMaterials/Substrate/GLints/dict_16_192_64_0p5_0p02_0039_0002.uasset" 6790
"../../../Engine/Content/EngineMaterials/Substrate/GLints/dict_16_192_64_0p5_0p02_0038_0014.uasset" 6791
"../../../Engine/Content/EngineMaterials/Substrate/GLints/dict_16_192_64_0p5_0p02_0039_0001.uasset" 6792
"../../../Engine/Content/EngineMaterials/Substrate/GLints/dict_16_192_64_0p5_0p02_0039_0004.uasset" 6793
"../../../Engine/Content/EngineMaterials/Substrate/GLints/dict_16_192_64_0p5_0p02_0038_0003.uasset" 6794
"/Engine/EngineMaterials/Substrate/GLints/dict_16_192_64_0p5_0p02_0038_0004" 6795
"/Engine/EngineMaterials/Substrate/GLints/dict_16_192_64_0p5_0p02_0037_0006" 6796
"/Engine/EngineMaterials/Substrate/GLints/dict_16_192_64_0p5_0p02_0037_0005" 6797
"/Engine/EngineMaterials/Substrate/GLints/dict_16_192_64_0p5_0p02_0038_0002" 6798
"/Engine/EngineMaterials/Substrate/GLints/dict_16_192_64_0p5_0p02_0038_0000" 6799
"/Engine/EngineMaterials/Substrate/GLints/dict_16_192_64_0p5_0p02_0037_0014" 6800
"/Engine/EngineMaterials/Substrate/GLints/dict_16_192_64_0p5_0p02_0037_0011" 6801
"/Engine/EngineMaterials/Substrate/GLints/dict_16_192_64_0p5_0p02_0037_0010" 6802
"/Engine/EngineMaterials/Substrate/GLints/dict_16_192_64_0p5_0p02_0037_0008" 6803
"../../../Engine/Content/EngineMaterials/Substrate/GLints/dict_16_192_64_0p5_0p02_0039_0007.uasset" 6804
"../../../Engine/Content/EngineMaterials/Substrate/GLints/dict_16_192_64_0p5_0p02_0039_0009.uasset" 6805
"../../../Engine/Content/EngineMaterials/Substrate/GLints/dict_16_192_64_0p5_0p02_0039_0005.uasset" 6806
"../../../Engine/Content/EngineMaterials/Substrate/GLints/dict_16_192_64_0p5_0p02_0039_0011.uasset" 6807
"../../../Engine/Content/EngineMaterials/Substrate/GLints/dict_16_192_64_0p5_0p02_0039_0008.uasset" 6808
"../../../Engine/Content/EngineMaterials/Substrate/GLints/dict_16_192_64_0p5_0p02_0039_0012.uasset" 6809
"../../../Engine/Content/EngineMaterials/Substrate/GLints/dict_16_192_64_0p5_0p02_0039_0010.uasset" 6810
"../../../Engine/Content/EngineMaterials/Substrate/GLints/dict_16_192_64_0p5_0p02_0039_0014.uasset" 6811
"../../../Engine/Content/EngineMaterials/Substrate/GLints/dict_16_192_64_0p5_0p02_0039_0013.uasset" 6812
"../../../Engine/Content/EngineMaterials/Substrate/GLints/dict_16_192_64_0p5_0p02_0039_0006.uasset" 6813
"/Engine/EngineMaterials/Substrate/GLints/dict_16_192_64_0p5_0p02_0039_0004" 6814
"/Engine/EngineMaterials/Substrate/GLints/dict_16_192_64_0p5_0p02_0039_0003" 6815
"/Engine/EngineMaterials/Substrate/GLints/dict_16_192_64_0p5_0p02_0039_0002" 6816
"/Engine/EngineMaterials/Substrate/GLints/dict_16_192_64_0p5_0p02_0039_0001" 6817
"/Engine/EngineMaterials/Substrate/GLints/dict_16_192_64_0p5_0p02_0039_0000" 6818
"/Engine/EngineMaterials/Substrate/GLints/dict_16_192_64_0p5_0p02_0038_0015" 6819
"/Engine/EngineMaterials/Substrate/GLints/dict_16_192_64_0p5_0p02_0038_0014" 6820
"/Engine/EngineMaterials/Substrate/GLints/dict_16_192_64_0p5_0p02_0038_0013" 6821
"/Engine/EngineMaterials/Substrate/GLints/dict_16_192_64_0p5_0p02_0038_0012" 6822
"/Engine/EngineMaterials/Substrate/GLints/dict_16_192_64_0p5_0p02_0038_0011" 6823
"/Engine/EngineMaterials/Substrate/GLints/dict_16_192_64_0p5_0p02_0038_0010" 6824
"/Engine/EngineMaterials/Substrate/GLints/dict_16_192_64_0p5_0p02_0038_0009" 6825
"/Engine/EngineMaterials/Substrate/GLints/dict_16_192_64_0p5_0p02_0038_0008" 6826
"/Engine/EngineMaterials/Substrate/GLints/dict_16_192_64_0p5_0p02_0038_0007" 6827
"/Engine/EngineMaterials/Substrate/GLints/dict_16_192_64_0p5_0p02_0038_0006" 6828
"/Engine/EngineMaterials/Substrate/GLints/dict_16_192_64_0p5_0p02_0038_0005" 6829
"/Engine/EngineMaterials/Substrate/GLints/dict_16_192_64_0p5_0p02_0038_0003" 6830
"/Engine/EngineMaterials/Substrate/GLints/dict_16_192_64_0p5_0p02_0039_0012" 6831
"/Engine/EngineMaterials/Substrate/GLints/dict_16_192_64_0p5_0p02_0039_0011" 6832
"/Engine/EngineMaterials/Substrate/GLints/dict_16_192_64_0p5_0p02_0039_0010" 6833
"/Engine/EngineMaterials/Substrate/GLints/dict_16_192_64_0p5_0p02_0038_0001" 6834
"/Engine/EngineMaterials/Substrate/GLints/dict_16_192_64_0p5_0p02_0039_0009" 6835
"/Engine/EngineMaterials/Substrate/GLints/dict_16_192_64_0p5_0p02_0037_0015" 6836
"/Engine/EngineMaterials/Substrate/GLints/dict_16_192_64_0p5_0p02_0039_0008" 6837
"/Engine/EngineMaterials/Substrate/GLints/dict_16_192_64_0p5_0p02_0037_0013" 6838
"/Engine/EngineMaterials/Substrate/GLints/dict_16_192_64_0p5_0p02_0037_0012" 6839
"/Engine/EngineMaterials/Substrate/GLints/dict_16_192_64_0p5_0p02_0039_0007" 6840
"/Engine/EngineMaterials/Substrate/GLints/dict_16_192_64_0p5_0p02_0037_0009" 6841
"/Engine/EngineMaterials/Substrate/GLints/dict_16_192_64_0p5_0p02_0039_0005" 6842
"../../../Engine/Content/EngineMaterials/Substrate/GLints/dict_16_192_64_0p5_0p02_0040_0002.uasset" 6843
"../../../Engine/Content/EngineMaterials/Substrate/GLints/dict_16_192_64_0p5_0p02_0040_0003.uasset" 6844
"../../../Engine/Content/EngineMaterials/Substrate/GLints/dict_16_192_64_0p5_0p02_0040_0005.uasset" 6845
"../../../Engine/Content/EngineMaterials/Substrate/GLints/dict_16_192_64_0p5_0p02_0040_0007.uasset" 6846
"../../../Engine/Content/EngineMaterials/Substrate/GLints/dict_16_192_64_0p5_0p02_0040_0009.uasset" 6847
"../../../Engine/Content/EngineMaterials/Substrate/GLints/dict_16_192_64_0p5_0p02_0040_0010.uasset" 6848
"../../../Engine/Content/EngineMaterials/Substrate/GLints/dict_16_192_64_0p5_0p02_0040_0011.uasset" 6849
"../../../Engine/Content/EngineMaterials/Substrate/GLints/dict_16_192_64_0p5_0p02_0040_0001.uasset" 6850
"../../../Engine/Content/EngineMaterials/Substrate/GLints/dict_16_192_64_0p5_0p02_0040_0006.uasset" 6851
"../../../Engine/Content/EngineMaterials/Substrate/GLints/dict_16_192_64_0p5_0p02_0039_0015.uasset" 6852
"../../../Engine/Content/EngineMaterials/Substrate/GLints/dict_16_192_64_0p5_0p02_0040_0013.uasset" 6853
"../../../Engine/Content/EngineMaterials/Substrate/GLints/dict_16_192_64_0p5_0p02_0040_0014.uasset" 6854
"../../../Engine/Content/EngineMaterials/Substrate/GLints/dict_16_192_64_0p5_0p02_0041_0002.uasset" 6855
"../../../Engine/Content/EngineMaterials/Substrate/GLints/dict_16_192_64_0p5_0p02_0041_0000.uasset" 6856
"../../../Engine/Content/EngineMaterials/Substrate/GLints/dict_16_192_64_0p5_0p02_0040_0012.uasset" 6857
"../../../Engine/Content/EngineMaterials/Substrate/GLints/dict_16_192_64_0p5_0p02_0040_0000.uasset" 6858
"/Engine/EngineMaterials/Substrate/GLints/dict_16_192_64_0p5_0p02_0039_0014" 6859
"../../../Engine/Content/EngineMaterials/Substrate/GLints/dict_16_192_64_0p5_0p02_0040_0015.uasset" 6860
"../../../Engine/Content/EngineMaterials/Substrate/GLints/dict_16_192_64_0p5_0p02_0041_0004.uasset" 6861
"../../../Engine/Content/EngineMaterials/Substrate/GLints/dict_16_192_64_0p5_0p02_0041_0006.uasset" 6862
"../../../Engine/Content/EngineMaterials/Substrate/GLints/dict_16_192_64_0p5_0p02_0040_0004.uasset" 6863
"../../../Engine/Content/EngineMaterials/Substrate/GLints/dict_16_192_64_0p5_0p02_0041_0009.uasset" 6864
"../../../Engine/Content/EngineMaterials/Substrate/GLints/dict_16_192_64_0p5_0p02_0041_0010.uasset" 6865
"../../../Engine/Content/EngineMaterials/Substrate/GLints/dict_16_192_64_0p5_0p02_0040_0008.uasset" 6866
"../../../Engine/Content/EngineMaterials/Substrate/GLints/dict_16_192_64_0p5_0p02_0041_0011.uasset" 6867
"../../../Engine/Content/EngineMaterials/Substrate/GLints/dict_16_192_64_0p5_0p02_0041_0005.uasset" 6868
"../../../Engine/Content/EngineMaterials/Substrate/GLints/dict_16_192_64_0p5_0p02_0041_0007.uasset" 6869
"../../../Engine/Content/EngineMaterials/Substrate/GLints/dict_16_192_64_0p5_0p02_0041_0001.uasset" 6870
"../../../Engine/Content/EngineMaterials/Substrate/GLints/dict_16_192_64_0p5_0p02_0041_0008.uasset" 6871
"../../../Engine/Content/EngineMaterials/Substrate/GLints/dict_16_192_64_0p5_0p02_0041_0003.uasset" 6872
"/Engine/EngineMaterials/Substrate/GLints/dict_16_192_64_0p5_0p02_0039_0013" 6873
"/Engine/EngineMaterials/Substrate/GLints/dict_16_192_64_0p5_0p02_0040_0010" 6874
"/Engine/EngineMaterials/Substrate/GLints/dict_16_192_64_0p5_0p02_0040_0009" 6875
"/Engine/EngineMaterials/Substrate/GLints/dict_16_192_64_0p5_0p02_0040_0007" 6876
"/Engine/EngineMaterials/Substrate/GLints/dict_16_192_64_0p5_0p02_0040_0005" 6877
"/Engine/EngineMaterials/Substrate/GLints/dict_16_192_64_0p5_0p02_0040_0003" 6878
"/Engine/EngineMaterials/Substrate/GLints/dict_16_192_64_0p5_0p02_0040_0002" 6879
"/Engine/EngineMaterials/Substrate/GLints/dict_16_192_64_0p5_0p02_0039_0006" 6880
"../../../Engine/Content/EngineMaterials/Substrate/GLints/dict_16_192_64_0p5_0p02_0041_0012.uasset" 6881
"../../../Engine/Content/EngineMaterials/Substrate/GLints/dict_16_192_64_0p5_0p02_0041_0013.uasset" 6882
"../../../Engine/Content/EngineMaterials/Substrate/GLints/dict_16_192_64_0p5_0p02_0041_0014.uasset" 6883
"../../../Engine/Content/EngineMaterials/Substrate/GLints/dict_16_192_64_0p5_0p02_0042_0000.uasset" 6884
"../../../Engine/Content/EngineMaterials/Substrate/GLints/dict_16_192_64_0p5_0p02_0041_0015.uasset" 6885
"../../../Engine/Content/EngineMaterials/Substrate/GLints/dict_16_192_64_0p5_0p02_0042_0002.uasset" 6886
"../../../Engine/Content/EngineMaterials/Substrate/GLints/dict_16_192_64_0p5_0p02_0042_0004.uasset" 6887
"../../../Engine/Content/EngineMaterials/Substrate/GLints/dict_16_192_64_0p5_0p02_0042_0001.uasset" 6888
"../../../Engine/Content/EngineMaterials/Substrate/GLints/dict_16_192_64_0p5_0p02_0042_0003.uasset" 6889
"/Engine/EngineMaterials/Substrate/GLints/dict_16_192_64_0p5_0p02_0041_0011" 6890
"/Engine/EngineMaterials/Substrate/GLints/dict_16_192_64_0p5_0p02_0041_0010" 6891
"/Engine/EngineMaterials/Substrate/GLints/dict_16_192_64_0p5_0p02_0041_0009" 6892
"/Engine/EngineMaterials/Substrate/GLints/dict_16_192_64_0p5_0p02_0041_0008" 6893
"/Engine/EngineMaterials/Substrate/GLints/dict_16_192_64_0p5_0p02_0041_0007" 6894
"/Engine/EngineMaterials/Substrate/GLints/dict_16_192_64_0p5_0p02_0041_0006" 6895
"/Engine/EngineMaterials/Substrate/GLints/dict_16_192_64_0p5_0p02_0041_0005" 6896
"/Engine/EngineMaterials/Substrate/GLints/dict_16_192_64_0p5_0p02_0041_0004" 6897
"/Engine/EngineMaterials/Substrate/GLints/dict_16_192_64_0p5_0p02_0041_0003" 6898
"/Engine/EngineMaterials/Substrate/GLints/dict_16_192_64_0p5_0p02_0041_0002" 6899
"/Engine/EngineMaterials/Substrate/GLints/dict_16_192_64_0p5_0p02_0041_0001" 6900
"/Engine/EngineMaterials/Substrate/GLints/dict_16_192_64_0p5_0p02_0041_0000" 6901
"/Engine/EngineMaterials/Substrate/GLints/dict_16_192_64_0p5_0p02_0040_0015" 6902
"/Engine/EngineMaterials/Substrate/GLints/dict_16_192_64_0p5_0p02_0040_0014" 6903
"/Engine/EngineMaterials/Substrate/GLints/dict_16_192_64_0p5_0p02_0040_0013" 6904
"/Engine/EngineMaterials/Substrate/GLints/dict_16_192_64_0p5_0p02_0040_0012" 6905
"/Engine/EngineMaterials/Substrate/GLints/dict_16_192_64_0p5_0p02_0040_0011" 6906
"/Engine/EngineMaterials/Substrate/GLints/dict_16_192_64_0p5_0p02_0040_0008" 6907
"/Engine/EngineMaterials/Substrate/GLints/dict_16_192_64_0p5_0p02_0042_0000" 6908
"/Engine/EngineMaterials/Substrate/GLints/dict_16_192_64_0p5_0p02_0040_0006" 6909
"/Engine/EngineMaterials/Substrate/GLints/dict_16_192_64_0p5_0p02_0041_0015" 6910
"/Engine/EngineMaterials/Substrate/GLints/dict_16_192_64_0p5_0p02_0040_0004" 6911
"/Engine/EngineMaterials/Substrate/GLints/dict_16_192_64_0p5_0p02_0041_0014" 6912
"/Engine/EngineMaterials/Substrate/GLints/dict_16_192_64_0p5_0p02_0041_0013" 6913
"/Engine/EngineMaterials/Substrate/GLints/dict_16_192_64_0p5_0p02_0040_0001" 6914
"/Engine/EngineMaterials/Substrate/GLints/dict_16_192_64_0p5_0p02_0041_0012" 6915
"/Engine/EngineMaterials/Substrate/GLints/dict_16_192_64_0p5_0p02_0040_0000" 6916
"/Engine/EngineMaterials/Substrate/GLints/dict_16_192_64_0p5_0p02_0039_0015" 6917
"../../../Engine/Content/EngineMaterials/Substrate/GLints/dict_16_192_64_0p5_0p02_0042_0007.uasset" 6918
"../../../Engine/Content/EngineMaterials/Substrate/GLints/dict_16_192_64_0p5_0p02_0042_0015.uasset" 6919
"../../../Engine/Content/EngineMaterials/Substrate/GLints/dict_16_192_64_0p5_0p02_0042_0006.uasset" 6920
"../../../Engine/Content/EngineMaterials/Substrate/GLints/dict_16_192_64_0p5_0p02_0043_0000.uasset" 6921
"../../../Engine/Content/EngineMaterials/Substrate/GLints/dict_16_192_64_0p5_0p02_0042_0005.uasset" 6922
"../../../Engine/Content/EngineMaterials/Substrate/GLints/dict_16_192_64_0p5_0p02_0043_0002.uasset" 6923
"../../../Engine/Content/EngineMaterials/Substrate/GLints/dict_16_192_64_0p5_0p02_0042_0009.uasset" 6924
"../../../Engine/Content/EngineMaterials/Substrate/GLints/dict_16_192_64_0p5_0p02_0042_0008.uasset" 6925
"../../../Engine/Content/EngineMaterials/Substrate/GLints/dict_16_192_64_0p5_0p02_0042_0011.uasset" 6926
"/Engine/EngineMaterials/Substrate/GLints/dict_16_192_64_0p5_0p02_0042_0004" 6927
"../../../Engine/Content/EngineMaterials/Substrate/GLints/dict_16_192_64_0p5_0p02_0042_0010.uasset" 6928
"../../../Engine/Content/EngineMaterials/Substrate/GLints/dict_16_192_64_0p5_0p02_0042_0012.uasset" 6929
"../../../Engine/Content/EngineMaterials/Substrate/GLints/dict_16_192_64_0p5_0p02_0043_0008.uasset" 6930
"../../../Engine/Content/EngineMaterials/Substrate/GLints/dict_16_192_64_0p5_0p02_0043_0003.uasset" 6931
"../../../Engine/Content/EngineMaterials/Substrate/GLints/dict_16_192_64_0p5_0p02_0043_0001.uasset" 6932
"../../../Engine/Content/EngineMaterials/Substrate/GLints/dict_16_192_64_0p5_0p02_0043_0009.uasset" 6933
"../../../Engine/Content/EngineMaterials/Substrate/GLints/dict_16_192_64_0p5_0p02_0043_0004.uasset" 6934
"../../../Engine/Content/EngineMaterials/Substrate/GLints/dict_16_192_64_0p5_0p02_0043_0011.uasset" 6935
"../../../Engine/Content/EngineMaterials/Substrate/GLints/dict_16_192_64_0p5_0p02_0042_0013.uasset" 6936
"../../../Engine/Content/EngineMaterials/Substrate/GLints/dict_16_192_64_0p5_0p02_0043_0007.uasset" 6937
"../../../Engine/Content/EngineMaterials/Substrate/GLints/dict_16_192_64_0p5_0p02_0043_0013.uasset" 6938
"../../../Engine/Content/EngineMaterials/Substrate/GLints/dict_16_192_64_0p5_0p02_0043_0005.uasset" 6939
"../../../Engine/Content/EngineMaterials/Substrate/GLints/dict_16_192_64_0p5_0p02_0043_0006.uasset" 6940
"../../../Engine/Content/EngineMaterials/Substrate/GLints/dict_16_192_64_0p5_0p02_0043_0014.uasset" 6941
"../../../Engine/Content/EngineMaterials/Substrate/GLints/dict_16_192_64_0p5_0p02_0042_0014.uasset" 6942
"../../../Engine/Content/EngineMaterials/Substrate/GLints/dict_16_192_64_0p5_0p02_0043_0010.uasset" 6943
"../../../Engine/Content/EngineMaterials/Substrate/GLints/dict_16_192_64_0p5_0p02_0043_0012.uasset" 6944
"../../../Engine/Content/EngineMaterials/Substrate/GLints/dict_16_192_64_0p5_0p02_0043_0015.uasset" 6945
"/Engine/EngineMaterials/Substrate/GLints/dict_16_192_64_0p5_0p02_0042_0003" 6946
"../../../Engine/Content/EngineMaterials/Substrate/GLints/dict_16_192_64_0p5_0p02_0044_0000.uasset" 6947
"/Engine/EngineMaterials/Substrate/GLints/dict_16_192_64_0p5_0p02_0042_0002" 6948
"/Engine/EngineMaterials/Substrate/GLints/dict_16_192_64_0p5_0p02_0042_0001" 6949
"../../../Engine/Content/EngineMaterials/Substrate/GLints/dict_16_192_64_0p5_0p02_0044_0001.uasset" 6950
"../../../Engine/Content/EngineMaterials/Substrate/GLints/dict_16_192_64_0p5_0p02_0044_0002.uasset" 6951
"../../../Engine/Content/EngineMaterials/Substrate/GLints/dict_16_192_64_0p5_0p02_0044_0003.uasset" 6952
"../../../Engine/Content/EngineMaterials/Substrate/GLints/dict_16_192_64_0p5_0p02_0044_0004.uasset" 6953
"/Engine/EngineMaterials/Substrate/GLints/dict_16_192_64_0p5_0p02_0044_0000" 6954
"/Engine/EngineMaterials/Substrate/GLints/dict_16_192_64_0p5_0p02_0043_0015" 6955
"/Engine/EngineMaterials/Substrate/GLints/dict_16_192_64_0p5_0p02_0043_0014" 6956
"/Engine/EngineMaterials/Substrate/GLints/dict_16_192_64_0p5_0p02_0043_0013" 6957
"/Engine/EngineMaterials/Substrate/GLints/dict_16_192_64_0p5_0p02_0043_0012" 6958
"/Engine/EngineMaterials/Substrate/GLints/dict_16_192_64_0p5_0p02_0043_0011" 6959
"/Engine/EngineMaterials/Substrate/GLints/dict_16_192_64_0p5_0p02_0043_0010" 6960
"/Engine/EngineMaterials/Substrate/GLints/dict_16_192_64_0p5_0p02_0043_0009" 6961
"/Engine/EngineMaterials/Substrate/GLints/dict_16_192_64_0p5_0p02_0043_0008" 6962
"/Engine/EngineMaterials/Substrate/GLints/dict_16_192_64_0p5_0p02_0043_0007" 6963
"/Engine/EngineMaterials/Substrate/GLints/dict_16_192_64_0p5_0p02_0043_0006" 6964
"/Engine/EngineMaterials/Substrate/GLints/dict_16_192_64_0p5_0p02_0043_0005" 6965
"/Engine/EngineMaterials/Substrate/GLints/dict_16_192_64_0p5_0p02_0043_0004" 6966
"/Engine/EngineMaterials/Substrate/GLints/dict_16_192_64_0p5_0p02_0043_0003" 6967
"/Engine/EngineMaterials/Substrate/GLints/dict_16_192_64_0p5_0p02_0043_0002" 6968
"/Engine/EngineMaterials/Substrate/GLints/dict_16_192_64_0p5_0p02_0043_0001" 6969
"/Engine/EngineMaterials/Substrate/GLints/dict_16_192_64_0p5_0p02_0043_0000" 6970
"/Engine/EngineMaterials/Substrate/GLints/dict_16_192_64_0p5_0p02_0044_0001" 6971
"/Engine/EngineMaterials/Substrate/GLints/dict_16_192_64_0p5_0p02_0042_0015" 6972
"/Engine/EngineMaterials/Substrate/GLints/dict_16_192_64_0p5_0p02_0042_0014" 6973
"/Engine/EngineMaterials/Substrate/GLints/dict_16_192_64_0p5_0p02_0042_0013" 6974
"/Engine/EngineMaterials/Substrate/GLints/dict_16_192_64_0p5_0p02_0042_0012" 6975
"/Engine/EngineMaterials/Substrate/GLints/dict_16_192_64_0p5_0p02_0042_0011" 6976
"/Engine/EngineMaterials/Substrate/GLints/dict_16_192_64_0p5_0p02_0042_0010" 6977
"/Engine/EngineMaterials/Substrate/GLints/dict_16_192_64_0p5_0p02_0042_0009" 6978
"/Engine/EngineMaterials/Substrate/GLints/dict_16_192_64_0p5_0p02_0042_0008" 6979
"/Engine/EngineMaterials/Substrate/GLints/dict_16_192_64_0p5_0p02_0042_0007" 6980
"/Engine/EngineMaterials/Substrate/GLints/dict_16_192_64_0p5_0p02_0042_0006" 6981
"/Engine/EngineMaterials/Substrate/GLints/dict_16_192_64_0p5_0p02_0042_0005" 6982
"../../../Engine/Content/EngineMaterials/Substrate/GLints/dict_16_192_64_0p5_0p02_0044_0008.uasset" 6983
"../../../Engine/Content/EngineMaterials/Substrate/GLints/dict_16_192_64_0p5_0p02_0044_0006.uasset" 6984
"../../../Engine/Content/EngineMaterials/Substrate/GLints/dict_16_192_64_0p5_0p02_0044_0012.uasset" 6985
"../../../Engine/Content/EngineMaterials/Substrate/GLints/dict_16_192_64_0p5_0p02_0044_0013.uasset" 6986
"../../../Engine/Content/EngineMaterials/Substrate/GLints/dict_16_192_64_0p5_0p02_0045_0000.uasset" 6987
"../../../Engine/Content/EngineMaterials/Substrate/GLints/dict_16_192_64_0p5_0p02_0044_0014.uasset" 6988
"../../../Engine/Content/EngineMaterials/Substrate/GLints/dict_16_192_64_0p5_0p02_0045_0001.uasset" 6989
"../../../Engine/Content/EngineMaterials/Substrate/GLints/dict_16_192_64_0p5_0p02_0044_0009.uasset" 6990
"../../../Engine/Content/EngineMaterials/Substrate/GLints/dict_16_192_64_0p5_0p02_0044_0005.uasset" 6991
"../../../Engine/Content/EngineMaterials/Substrate/GLints/dict_16_192_64_0p5_0p02_0045_0002.uasset" 6992
"../../../Engine/Content/EngineMaterials/Substrate/GLints/dict_16_192_64_0p5_0p02_0044_0010.uasset" 6993
"../../../Engine/Content/EngineMaterials/Substrate/GLints/dict_16_192_64_0p5_0p02_0044_0011.uasset" 6994
"../../../Engine/Content/EngineMaterials/Substrate/GLints/dict_16_192_64_0p5_0p02_0044_0007.uasset" 6995
"../../../Engine/Content/EngineMaterials/Substrate/GLints/dict_16_192_64_0p5_0p02_0045_0008.uasset" 6996
"../../../Engine/Content/EngineMaterials/Substrate/GLints/dict_16_192_64_0p5_0p02_0045_0007.uasset" 6997
"../../../Engine/Content/EngineMaterials/Substrate/GLints/dict_16_192_64_0p5_0p02_0045_0010.uasset" 6998
"../../../Engine/Content/EngineMaterials/Substrate/GLints/dict_16_192_64_0p5_0p02_0045_0011.uasset" 6999
"../../../Engine/Content/EngineMaterials/Substrate/GLints/dict_16_192_64_0p5_0p02_0044_0015.uasset" 7000
"/Engine/EngineMaterials/Substrate/GLints/dict_16_192_64_0p5_0p02_0044_0004" 7001
"../../../Engine/Content/EngineMaterials/Substrate/GLints/dict_16_192_64_0p5_0p02_0045_0004.uasset" 7002
"../../../Engine/Content/EngineMaterials/Substrate/GLints/dict_16_192_64_0p5_0p02_0045_0014.uasset" 7003
"../../../Engine/Content/EngineMaterials/Substrate/GLints/dict_16_192_64_0p5_0p02_0045_0013.uasset" 7004
"../../../Engine/Content/EngineMaterials/Substrate/GLints/dict_16_192_64_0p5_0p02_0046_0000.uasset" 7005
"../../../Engine/Content/EngineMaterials/Substrate/GLints/dict_16_192_64_0p5_0p02_0046_0001.uasset" 7006
"../../../Engine/Content/EngineMaterials/Substrate/GLints/dict_16_192_64_0p5_0p02_0045_0003.uasset" 7007
"../../../Engine/Content/EngineMaterials/Substrate/GLints/dict_16_192_64_0p5_0p02_0045_0009.uasset" 7008
"../../../Engine/Content/EngineMaterials/Substrate/GLints/dict_16_192_64_0p5_0p02_0045_0015.uasset" 7009
"../../../Engine/Content/EngineMaterials/Substrate/GLints/dict_16_192_64_0p5_0p02_0045_0006.uasset" 7010
"../../../Engine/Content/EngineMaterials/Substrate/GLints/dict_16_192_64_0p5_0p02_0045_0005.uasset" 7011
"../../../Engine/Content/EngineMaterials/Substrate/GLints/dict_16_192_64_0p5_0p02_0045_0012.uasset" 7012
"/Engine/EngineMaterials/Substrate/GLints/dict_16_192_64_0p5_0p02_0044_0003" 7013
"/Engine/EngineMaterials/Substrate/GLints/dict_16_192_64_0p5_0p02_0044_0002" 7014
"/Engine/EngineMaterials/Substrate/GLints/dict_16_192_64_0p5_0p02_0045_0000" 7015
"/Engine/EngineMaterials/Substrate/GLints/dict_16_192_64_0p5_0p02_0044_0014" 7016
"/Engine/EngineMaterials/Substrate/GLints/dict_16_192_64_0p5_0p02_0044_0013" 7017
"/Engine/EngineMaterials/Substrate/GLints/dict_16_192_64_0p5_0p02_0044_0012" 7018
"/Engine/EngineMaterials/Substrate/GLints/dict_16_192_64_0p5_0p02_0044_0009" 7019
"/Engine/EngineMaterials/Substrate/GLints/dict_16_192_64_0p5_0p02_0044_0008" 7020
"/Engine/EngineMaterials/Substrate/GLints/dict_16_192_64_0p5_0p02_0044_0006" 7021
"/Engine/EngineMaterials/Substrate/GLints/dict_16_192_64_0p5_0p02_0044_0005" 7022
"../../../Engine/Content/EngineMaterials/Substrate/GLints/dict_16_192_64_0p5_0p02_0046_0003.uasset" 7023
"../../../Engine/Content/EngineMaterials/Substrate/GLints/dict_16_192_64_0p5_0p02_0046_0004.uasset" 7024
"../../../Engine/Content/EngineMaterials/Substrate/GLints/dict_16_192_64_0p5_0p02_0046_0005.uasset" 7025
"../../../Engine/Content/EngineMaterials/Substrate/GLints/dict_16_192_64_0p5_0p02_0046_0002.uasset" 7026
"../../../Engine/Content/EngineMaterials/Substrate/GLints/dict_16_192_64_0p5_0p02_0046_0007.uasset" 7027
"../../../Engine/Content/EngineMaterials/Substrate/GLints/dict_16_192_64_0p5_0p02_0046_0010.uasset" 7028
"../../../Engine/Content/EngineMaterials/Substrate/GLints/dict_16_192_64_0p5_0p02_0046_0009.uasset" 7029
"../../../Engine/Content/EngineMaterials/Substrate/GLints/dict_16_192_64_0p5_0p02_0046_0012.uasset" 7030
"../../../Engine/Content/EngineMaterials/Substrate/GLints/dict_16_192_64_0p5_0p02_0046_0008.uasset" 7031
"../../../Engine/Content/EngineMaterials/Substrate/GLints/dict_16_192_64_0p5_0p02_0046_0011.uasset" 7032
"../../../Engine/Content/EngineMaterials/Substrate/GLints/dict_16_192_64_0p5_0p02_0046_0006.uasset" 7033
"/Engine/EngineMaterials/Substrate/GLints/dict_16_192_64_0p5_0p02_0046_0001" 7034
"/Engine/EngineMaterials/Substrate/GLints/dict_16_192_64_0p5_0p02_0046_0000" 7035
"/Engine/EngineMaterials/Substrate/GLints/dict_16_192_64_0p5_0p02_0045_0015" 7036
"/Engine/EngineMaterials/Substrate/GLints/dict_16_192_64_0p5_0p02_0045_0014" 7037
"/Engine/EngineMaterials/Substrate/GLints/dict_16_192_64_0p5_0p02_0045_0013" 7038
"/Engine/EngineMaterials/Substrate/GLints/dict_16_192_64_0p5_0p02_0045_0012" 7039
"/Engine/EngineMaterials/Substrate/GLints/dict_16_192_64_0p5_0p02_0045_0011" 7040
"/Engine/EngineMaterials/Substrate/GLints/dict_16_192_64_0p5_0p02_0045_0010" 7041
"/Engine/EngineMaterials/Substrate/GLints/dict_16_192_64_0p5_0p02_0045_0009" 7042
"/Engine/EngineMaterials/Substrate/GLints/dict_16_192_64_0p5_0p02_0045_0008" 7043
"/Engine/EngineMaterials/Substrate/GLints/dict_16_192_64_0p5_0p02_0045_0007" 7044
"/Engine/EngineMaterials/Substrate/GLints/dict_16_192_64_0p5_0p02_0045_0006" 7045
"/Engine/EngineMaterials/Substrate/GLints/dict_16_192_64_0p5_0p02_0045_0005" 7046
"/Engine/EngineMaterials/Substrate/GLints/dict_16_192_64_0p5_0p02_0045_0004" 7047
"/Engine/EngineMaterials/Substrate/GLints/dict_16_192_64_0p5_0p02_0045_0003" 7048
"/Engine/EngineMaterials/Substrate/GLints/dict_16_192_64_0p5_0p02_0045_0002" 7049
"/Engine/EngineMaterials/Substrate/GLints/dict_16_192_64_0p5_0p02_0045_0001" 7050
"/Engine/EngineMaterials/Substrate/GLints/dict_16_192_64_0p5_0p02_0046_0010" 7051
"/Engine/EngineMaterials/Substrate/GLints/dict_16_192_64_0p5_0p02_0046_0009" 7052
"/Engine/EngineMaterials/Substrate/GLints/dict_16_192_64_0p5_0p02_0044_0015" 7053
"/Engine/EngineMaterials/Substrate/GLints/dict_16_192_64_0p5_0p02_0046_0008" 7054
"/Engine/EngineMaterials/Substrate/GLints/dict_16_192_64_0p5_0p02_0046_0007" 7055
"/Engine/EngineMaterials/Substrate/GLints/dict_16_192_64_0p5_0p02_0044_0011" 7056
"/Engine/EngineMaterials/Substrate/GLints/dict_16_192_64_0p5_0p02_0044_0010" 7057
"/Engine/EngineMaterials/Substrate/GLints/dict_16_192_64_0p5_0p02_0046_0005" 7058
"/Engine/EngineMaterials/Substrate/GLints/dict_16_192_64_0p5_0p02_0046_0004" 7059
"/Engine/EngineMaterials/Substrate/GLints/dict_16_192_64_0p5_0p02_0044_0007" 7060
"/Engine/EngineMaterials/Substrate/GLints/dict_16_192_64_0p5_0p02_0046_0003" 7061
"/Engine/EngineMaterials/Substrate/GLints/dict_16_192_64_0p5_0p02_0046_0002" 7062
"../../../Engine/Content/EngineMaterials/Substrate/GLints/dict_16_192_64_0p5_0p02_0046_0015.uasset" 7063
"../../../Engine/Content/EngineMaterials/Substrate/GLints/dict_16_192_64_0p5_0p02_0047_0000.uasset" 7064
"../../../Engine/Content/EngineMaterials/Substrate/GLints/dict_16_192_64_0p5_0p02_0047_0003.uasset" 7065
"../../../Engine/Content/EngineMaterials/Substrate/GLints/dict_16_192_64_0p5_0p02_0047_0004.uasset" 7066
"../../../Engine/Content/EngineMaterials/Substrate/GLints/dict_16_192_64_0p5_0p02_0047_0007.uasset" 7067
"../../../Engine/Content/EngineMaterials/Substrate/GLints/dict_16_192_64_0p5_0p02_0047_0009.uasset" 7068
"../../../Engine/Content/EngineMaterials/Substrate/GLints/dict_16_192_64_0p5_0p02_0047_0008.uasset" 7069
"../../../Engine/Content/EngineMaterials/Substrate/GLints/dict_16_192_64_0p5_0p02_0047_0001.uasset" 7070
"../../../Engine/Content/EngineMaterials/Substrate/GLints/dict_16_192_64_0p5_0p02_0047_0005.uasset" 7071
"../../../Engine/Content/EngineMaterials/Substrate/GLints/dict_16_192_64_0p5_0p02_0047_0011.uasset" 7072
"../../../Engine/Content/EngineMaterials/Substrate/GLints/dict_16_192_64_0p5_0p02_0047_0012.uasset" 7073
"../../../Engine/Content/EngineMaterials/Substrate/GLints/dict_16_192_64_0p5_0p02_0047_0014.uasset" 7074
"../../../Engine/Content/EngineMaterials/Substrate/GLints/dict_16_192_64_0p5_0p02_0047_0013.uasset" 7075
"../../../Engine/Content/EngineMaterials/Substrate/GLints/dict_16_192_64_0p5_0p02_0047_0015.uasset" 7076
"../../../Engine/Content/EngineMaterials/Substrate/GLints/dict_16_192_64_0p5_0p02_0048_0000.uasset" 7077
"../../../Engine/Content/EngineMaterials/Substrate/GLints/dict_16_192_64_0p5_0p02_0047_0002.uasset" 7078
"../../../Engine/Content/EngineMaterials/Substrate/GLints/dict_16_192_64_0p5_0p02_0048_0001.uasset" 7079
"/Engine/EngineMaterials/Substrate/GLints/dict_16_192_64_0p5_0p02_0046_0012" 7080
"../../../Engine/Content/EngineMaterials/Substrate/GLints/dict_16_192_64_0p5_0p02_0046_0013.uasset" 7081
"../../../Engine/Content/EngineMaterials/Substrate/GLints/dict_16_192_64_0p5_0p02_0048_0002.uasset" 7082
"../../../Engine/Content/EngineMaterials/Substrate/GLints/dict_16_192_64_0p5_0p02_0046_0014.uasset" 7083
"../../../Engine/Content/EngineMaterials/Substrate/GLints/dict_16_192_64_0p5_0p02_0048_0004.uasset" 7084
"../../../Engine/Content/EngineMaterials/Substrate/GLints/dict_16_192_64_0p5_0p02_0048_0005.uasset" 7085
"../../../Engine/Content/EngineMaterials/Substrate/GLints/dict_16_192_64_0p5_0p02_0048_0008.uasset" 7086
"../../../Engine/Content/EngineMaterials/Substrate/GLints/dict_16_192_64_0p5_0p02_0048_0009.uasset" 7087
"../../../Engine/Content/EngineMaterials/Substrate/GLints/dict_16_192_64_0p5_0p02_0048_0007.uasset" 7088
"../../../Engine/Content/EngineMaterials/Substrate/GLints/dict_16_192_64_0p5_0p02_0048_0003.uasset" 7089
"../../../Engine/Content/EngineMaterials/Substrate/GLints/dict_16_192_64_0p5_0p02_0047_0006.uasset" 7090
"../../../Engine/Content/EngineMaterials/Substrate/GLints/dict_16_192_64_0p5_0p02_0048_0006.uasset" 7091
"../../../Engine/Content/EngineMaterials/Substrate/GLints/dict_16_192_64_0p5_0p02_0047_0010.uasset" 7092
"/Engine/EngineMaterials/Substrate/GLints/dict_16_192_64_0p5_0p02_0046_0011" 7093
"/Engine/EngineMaterials/Substrate/GLints/dict_16_192_64_0p5_0p02_0047_0009" 7094
"/Engine/EngineMaterials/Substrate/GLints/dict_16_192_64_0p5_0p02_0047_0007" 7095
"/Engine/EngineMaterials/Substrate/GLints/dict_16_192_64_0p5_0p02_0047_0004" 7096
"/Engine/EngineMaterials/Substrate/GLints/dict_16_192_64_0p5_0p02_0046_0006" 7097
"/Engine/EngineMaterials/Substrate/GLints/dict_16_192_64_0p5_0p02_0047_0003" 7098
"/Engine/EngineMaterials/Substrate/GLints/dict_16_192_64_0p5_0p02_0047_0000" 7099
"/Engine/EngineMaterials/Substrate/GLints/dict_16_192_64_0p5_0p02_0046_0015" 7100
"../../../Engine/Content/EngineMaterials/Substrate/GLints/dict_16_192_64_0p5_0p02_0048_0010.uasset" 7101
"../../../Engine/Content/EngineMaterials/Substrate/GLints/dict_16_192_64_0p5_0p02_0048_0011.uasset" 7102
"../../../Engine/Content/EngineMaterials/Substrate/GLints/dict_16_192_64_0p5_0p02_0048_0012.uasset" 7103
"../../../Engine/Content/EngineMaterials/Substrate/GLints/dict_16_192_64_0p5_0p02_0048_0013.uasset" 7104
"../../../Engine/Content/EngineMaterials/Substrate/GLints/dict_16_192_64_0p5_0p02_0048_0014.uasset" 7105
"../../../Engine/Content/EngineMaterials/Substrate/GLints/dict_16_192_64_0p5_0p02_0048_0015.uasset" 7106
"../../../Engine/Content/EngineMaterials/Substrate/GLints/dict_16_192_64_0p5_0p02_0049_0001.uasset" 7107
"../../../Engine/Content/EngineMaterials/Substrate/GLints/dict_16_192_64_0p5_0p02_0049_0000.uasset" 7108
"../../../Engine/Content/EngineMaterials/Substrate/GLints/dict_16_192_64_0p5_0p02_0049_0002.uasset" 7109
"/Engine/EngineMaterials/Substrate/GLints/dict_16_192_64_0p5_0p02_0048_0009" 7110
"/Engine/EngineMaterials/Substrate/GLints/dict_16_192_64_0p5_0p02_0048_0008" 7111
"/Engine/EngineMaterials/Substrate/GLints/dict_16_192_64_0p5_0p02_0048_0007" 7112
"/Engine/EngineMaterials/Substrate/GLints/dict_16_192_64_0p5_0p02_0048_0006" 7113
"/Engine/EngineMaterials/Substrate/GLints/dict_16_192_64_0p5_0p02_0048_0005" 7114
"/Engine/EngineMaterials/Substrate/GLints/dict_16_192_64_0p5_0p02_0048_0004" 7115
"/Engine/EngineMaterials/Substrate/GLints/dict_16_192_64_0p5_0p02_0048_0003" 7116
"/Engine/EngineMaterials/Substrate/GLints/dict_16_192_64_0p5_0p02_0048_0002" 7117
"/Engine/EngineMaterials/Substrate/GLints/dict_16_192_64_0p5_0p02_0048_0001" 7118
"/Engine/EngineMaterials/Substrate/GLints/dict_16_192_64_0p5_0p02_0048_0000" 7119
"/Engine/EngineMaterials/Substrate/GLints/dict_16_192_64_0p5_0p02_0047_0015" 7120
"/Engine/EngineMaterials/Substrate/GLints/dict_16_192_64_0p5_0p02_0047_0014" 7121
"/Engine/EngineMaterials/Substrate/GLints/dict_16_192_64_0p5_0p02_0047_0013" 7122
"/Engine/EngineMaterials/Substrate/GLints/dict_16_192_64_0p5_0p02_0047_0012" 7123
"/Engine/EngineMaterials/Substrate/GLints/dict_16_192_64_0p5_0p02_0047_0011" 7124
"/Engine/EngineMaterials/Substrate/GLints/dict_16_192_64_0p5_0p02_0047_0010" 7125
"/Engine/EngineMaterials/Substrate/GLints/dict_16_192_64_0p5_0p02_0049_0001" 7126
"/Engine/EngineMaterials/Substrate/GLints/dict_16_192_64_0p5_0p02_0047_0008" 7127
"/Engine/EngineMaterials/Substrate/GLints/dict_16_192_64_0p5_0p02_0048_0015" 7128
"/Engine/EngineMaterials/Substrate/GLints/dict_16_192_64_0p5_0p02_0047_0006" 7129
"/Engine/EngineMaterials/Substrate/GLints/dict_16_192_64_0p5_0p02_0047_0005" 7130
"/Engine/EngineMaterials/Substrate/GLints/dict_16_192_64_0p5_0p02_0048_0014" 7131
"/Engine/EngineMaterials/Substrate/GLints/dict_16_192_64_0p5_0p02_0048_0013" 7132
"/Engine/EngineMaterials/Substrate/GLints/dict_16_192_64_0p5_0p02_0048_0012" 7133
"/Engine/EngineMaterials/Substrate/GLints/dict_16_192_64_0p5_0p02_0047_0002" 7134
"/Engine/EngineMaterials/Substrate/GLints/dict_16_192_64_0p5_0p02_0047_0001" 7135
"/Engine/EngineMaterials/Substrate/GLints/dict_16_192_64_0p5_0p02_0048_0011" 7136
"/Engine/EngineMaterials/Substrate/GLints/dict_16_192_64_0p5_0p02_0048_0010" 7137
"/Engine/EngineMaterials/Substrate/GLints/dict_16_192_64_0p5_0p02_0046_0014" 7138
"/Engine/EngineMaterials/Substrate/GLints/dict_16_192_64_0p5_0p02_0046_0013" 7139
"../../../Engine/Content/EngineMaterials/Substrate/GLints/dict_16_192_64_0p5_0p02_0049_0005.uasset" 7140
"../../../Engine/Content/EngineMaterials/Substrate/GLints/dict_16_192_64_0p5_0p02_0049_0003.uasset" 7141
"../../../Engine/Content/EngineMaterials/Substrate/GLints/dict_16_192_64_0p5_0p02_0049_0006.uasset" 7142
"../../../Engine/Content/EngineMaterials/Substrate/GLints/dict_16_192_64_0p5_0p02_0049_0009.uasset" 7143
"../../../Engine/Content/EngineMaterials/Substrate/GLints/dict_16_192_64_0p5_0p02_0049_0011.uasset" 7144
"../../../Engine/Content/EngineMaterials/Substrate/GLints/dict_16_192_64_0p5_0p02_0049_0013.uasset" 7145
"../../../Engine/Content/EngineMaterials/Substrate/GLints/dict_16_192_64_0p5_0p02_0049_0004.uasset" 7146
"../../../Engine/Content/EngineMaterials/Substrate/GLints/dict_16_192_64_0p5_0p02_0049_0014.uasset" 7147
"../../../Engine/Content/EngineMaterials/Substrate/GLints/dict_16_192_64_0p5_0p02_0049_0008.uasset" 7148
"../../../Engine/Content/EngineMaterials/Substrate/GLints/dict_16_192_64_0p5_0p02_0050_0001.uasset" 7149
"../../../Engine/Content/EngineMaterials/Substrate/GLints/dict_16_192_64_0p5_0p02_0049_0007.uasset" 7150
"../../../Engine/Content/EngineMaterials/Substrate/GLints/dict_16_192_64_0p5_0p02_0049_0012.uasset" 7151
"../../../Engine/Content/EngineMaterials/Substrate/GLints/dict_16_192_64_0p5_0p02_0050_0003.uasset" 7152
"../../../Engine/Content/EngineMaterials/Substrate/GLints/dict_16_192_64_0p5_0p02_0050_0005.uasset" 7153
"../../../Engine/Content/EngineMaterials/Substrate/GLints/dict_16_192_64_0p5_0p02_0050_0000.uasset" 7154
"../../../Engine/Content/EngineMaterials/Substrate/GLints/dict_16_192_64_0p5_0p02_0050_0006.uasset" 7155
"../../../Engine/Content/EngineMaterials/Substrate/GLints/dict_16_192_64_0p5_0p02_0050_0007.uasset" 7156
"../../../Engine/Content/EngineMaterials/Substrate/GLints/dict_16_192_64_0p5_0p02_0050_0010.uasset" 7157
"/Engine/EngineMaterials/Substrate/GLints/dict_16_192_64_0p5_0p02_0049_0002" 7158
"../../../Engine/Content/EngineMaterials/Substrate/GLints/dict_16_192_64_0p5_0p02_0049_0015.uasset" 7159
"../../../Engine/Content/EngineMaterials/Substrate/GLints/dict_16_192_64_0p5_0p02_0050_0004.uasset" 7160
"../../../Engine/Content/EngineMaterials/Substrate/GLints/dict_16_192_64_0p5_0p02_0050_0011.uasset" 7161
"../../../Engine/Content/EngineMaterials/Substrate/GLints/dict_16_192_64_0p5_0p02_0049_0010.uasset" 7162
"../../../Engine/Content/EngineMaterials/Substrate/GLints/dict_16_192_64_0p5_0p02_0050_0008.uasset" 7163
"../../../Engine/Content/EngineMaterials/Substrate/GLints/dict_16_192_64_0p5_0p02_0050_0002.uasset" 7164
"../../../Engine/Content/EngineMaterials/Substrate/GLints/dict_16_192_64_0p5_0p02_0051_0000.uasset" 7165
"../../../Engine/Content/EngineMaterials/Substrate/GLints/dict_16_192_64_0p5_0p02_0050_0012.uasset" 7166
"../../../Engine/Content/EngineMaterials/Substrate/GLints/dict_16_192_64_0p5_0p02_0050_0014.uasset" 7167
"../../../Engine/Content/EngineMaterials/Substrate/GLints/dict_16_192_64_0p5_0p02_0050_0015.uasset" 7168
"../../../Engine/Content/EngineMaterials/Substrate/GLints/dict_16_192_64_0p5_0p02_0050_0009.uasset" 7169
"../../../Engine/Content/EngineMaterials/Substrate/GLints/dict_16_192_64_0p5_0p02_0050_0013.uasset" 7170
"/Engine/EngineMaterials/Substrate/GLints/dict_16_192_64_0p5_0p02_0049_0000" 7171
"/Engine/EngineMaterials/Substrate/GLints/dict_16_192_64_0p5_0p02_0049_0013" 7172
"/Engine/EngineMaterials/Substrate/GLints/dict_16_192_64_0p5_0p02_0049_0011" 7173
"/Engine/EngineMaterials/Substrate/GLints/dict_16_192_64_0p5_0p02_0049_0009" 7174
"/Engine/EngineMaterials/Substrate/GLints/dict_16_192_64_0p5_0p02_0049_0008" 7175
"/Engine/EngineMaterials/Substrate/GLints/dict_16_192_64_0p5_0p02_0049_0006" 7176
"/Engine/EngineMaterials/Substrate/GLints/dict_16_192_64_0p5_0p02_0049_0005" 7177
"/Engine/EngineMaterials/Substrate/GLints/dict_16_192_64_0p5_0p02_0049_0004" 7178
"/Engine/EngineMaterials/Substrate/GLints/dict_16_192_64_0p5_0p02_0049_0003" 7179
"../../../Engine/Content/EngineMaterials/Substrate/GLints/dict_16_192_64_0p5_0p02_0051_0001.uasset" 7180
"../../../Engine/Content/EngineMaterials/Substrate/GLints/dict_16_192_64_0p5_0p02_0051_0003.uasset" 7181
"../../../Engine/Content/EngineMaterials/Substrate/GLints/dict_16_192_64_0p5_0p02_0051_0004.uasset" 7182
"../../../Engine/Content/EngineMaterials/Substrate/GLints/dict_16_192_64_0p5_0p02_0051_0006.uasset" 7183
"../../../Engine/Content/EngineMaterials/Substrate/GLints/dict_16_192_64_0p5_0p02_0051_0005.uasset" 7184
"../../../Engine/Content/EngineMaterials/Substrate/GLints/dict_16_192_64_0p5_0p02_0051_0007.uasset" 7185
"../../../Engine/Content/EngineMaterials/Substrate/GLints/dict_16_192_64_0p5_0p02_0051_0009.uasset" 7186
"../../../Engine/Content/EngineMaterials/Substrate/GLints/dict_16_192_64_0p5_0p02_0051_0010.uasset" 7187
"../../../Engine/Content/EngineMaterials/Substrate/GLints/dict_16_192_64_0p5_0p02_0051_0002.uasset" 7188
"../../../Engine/Content/EngineMaterials/Substrate/GLints/dict_16_192_64_0p5_0p02_0051_0008.uasset" 7189
"/Engine/EngineMaterials/Substrate/GLints/dict_16_192_64_0p5_0p02_0051_0000" 7190
"/Engine/EngineMaterials/Substrate/GLints/dict_16_192_64_0p5_0p02_0050_0015" 7191
"/Engine/EngineMaterials/Substrate/GLints/dict_16_192_64_0p5_0p02_0050_0014" 7192
"/Engine/EngineMaterials/Substrate/GLints/dict_16_192_64_0p5_0p02_0050_0013" 7193
"/Engine/EngineMaterials/Substrate/GLints/dict_16_192_64_0p5_0p02_0050_0012" 7194
"/Engine/EngineMaterials/Substrate/GLints/dict_16_192_64_0p5_0p02_0050_0011" 7195
"/Engine/EngineMaterials/Substrate/GLints/dict_16_192_64_0p5_0p02_0050_0010" 7196
"/Engine/EngineMaterials/Substrate/GLints/dict_16_192_64_0p5_0p02_0050_0009" 7197
"/Engine/EngineMaterials/Substrate/GLints/dict_16_192_64_0p5_0p02_0050_0008" 7198
"/Engine/EngineMaterials/Substrate/GLints/dict_16_192_64_0p5_0p02_0050_0007" 7199
"/Engine/EngineMaterials/Substrate/GLints/dict_16_192_64_0p5_0p02_0050_0006" 7200
"/Engine/EngineMaterials/Substrate/GLints/dict_16_192_64_0p5_0p02_0050_0005" 7201
"/Engine/EngineMaterials/Substrate/GLints/dict_16_192_64_0p5_0p02_0050_0004" 7202
"/Engine/EngineMaterials/Substrate/GLints/dict_16_192_64_0p5_0p02_0050_0003" 7203
"/Engine/EngineMaterials/Substrate/GLints/dict_16_192_64_0p5_0p02_0050_0002" 7204
"/Engine/EngineMaterials/Substrate/GLints/dict_16_192_64_0p5_0p02_0050_0001" 7205
"/Engine/EngineMaterials/Substrate/GLints/dict_16_192_64_0p5_0p02_0050_0000" 7206
"/Engine/EngineMaterials/Substrate/GLints/dict_16_192_64_0p5_0p02_0051_0009" 7207
"/Engine/EngineMaterials/Substrate/GLints/dict_16_192_64_0p5_0p02_0049_0015" 7208
"/Engine/EngineMaterials/Substrate/GLints/dict_16_192_64_0p5_0p02_0049_0014" 7209
"/Engine/EngineMaterials/Substrate/GLints/dict_16_192_64_0p5_0p02_0049_0012" 7210
"/Engine/EngineMaterials/Substrate/GLints/dict_16_192_64_0p5_0p02_0051_0007" 7211
"/Engine/EngineMaterials/Substrate/GLints/dict_16_192_64_0p5_0p02_0049_0010" 7212
"/Engine/EngineMaterials/Substrate/GLints/dict_16_192_64_0p5_0p02_0051_0006" 7213
"/Engine/EngineMaterials/Substrate/GLints/dict_16_192_64_0p5_0p02_0051_0005" 7214
"/Engine/EngineMaterials/Substrate/GLints/dict_16_192_64_0p5_0p02_0049_0007" 7215
"/Engine/EngineMaterials/Substrate/GLints/dict_16_192_64_0p5_0p02_0051_0004" 7216
"/Engine/EngineMaterials/Substrate/GLints/dict_16_192_64_0p5_0p02_0051_0003" 7217
"/Engine/EngineMaterials/Substrate/GLints/dict_16_192_64_0p5_0p02_0051_0002" 7218
"/Engine/EngineMaterials/Substrate/GLints/dict_16_192_64_0p5_0p02_0051_0001" 7219
"../../../Engine/Content/EngineMaterials/Substrate/GLints/dict_16_192_64_0p5_0p02_0052_0001.uasset" 7220
"../../../Engine/Content/EngineMaterials/Substrate/GLints/dict_16_192_64_0p5_0p02_0051_0011.uasset" 7221
"../../../Engine/Content/EngineMaterials/Substrate/GLints/dict_16_192_64_0p5_0p02_0052_0002.uasset" 7222
"../../../Engine/Content/EngineMaterials/Substrate/GLints/dict_16_192_64_0p5_0p02_0052_0007.uasset" 7223
"../../../Engine/Content/EngineMaterials/Substrate/GLints/dict_16_192_64_0p5_0p02_0052_0006.uasset" 7224
"../../../Engine/Content/EngineMaterials/Substrate/GLints/dict_16_192_64_0p5_0p02_0051_0015.uasset" 7225
"../../../Engine/Content/EngineMaterials/Substrate/GLints/dict_16_192_64_0p5_0p02_0052_0008.uasset" 7226
"../../../Engine/Content/EngineMaterials/Substrate/GLints/dict_16_192_64_0p5_0p02_0051_0014.uasset" 7227
"../../../Engine/Content/EngineMaterials/Substrate/GLints/dict_16_192_64_0p5_0p02_0052_0004.uasset" 7228
"../../../Engine/Content/EngineMaterials/Substrate/GLints/dict_16_192_64_0p5_0p02_0052_0003.uasset" 7229
"../../../Engine/Content/EngineMaterials/Substrate/GLints/dict_16_192_64_0p5_0p02_0052_0012.uasset" 7230
"../../../Engine/Content/EngineMaterials/Substrate/GLints/dict_16_192_64_0p5_0p02_0052_0000.uasset" 7231
"../../../Engine/Content/EngineMaterials/Substrate/GLints/dict_16_192_64_0p5_0p02_0052_0013.uasset" 7232
"../../../Engine/Content/EngineMaterials/Substrate/GLints/dict_16_192_64_0p5_0p02_0052_0014.uasset" 7233
"../../../Engine/Content/EngineMaterials/Substrate/GLints/dict_16_192_64_0p5_0p02_0051_0013.uasset" 7234
"../../../Engine/Content/EngineMaterials/Substrate/GLints/dict_16_192_64_0p5_0p02_0052_0015.uasset" 7235
"../../../Engine/Content/EngineMaterials/Substrate/GLints/dict_16_192_64_0p5_0p02_0051_0012.uasset" 7236
"../../../Engine/Content/EngineMaterials/Substrate/GLints/dict_16_192_64_0p5_0p02_0053_0000.uasset" 7237
"../../../Engine/Content/EngineMaterials/Substrate/GLints/dict_16_192_64_0p5_0p02_0053_0001.uasset" 7238
"/Engine/EngineMaterials/Substrate/GLints/dict_16_192_64_0p5_0p02_0051_0010" 7239
"../../../Engine/Content/EngineMaterials/Substrate/GLints/dict_16_192_64_0p5_0p02_0053_0005.uasset" 7240
"../../../Engine/Content/EngineMaterials/Substrate/GLints/dict_16_192_64_0p5_0p02_0053_0004.uasset" 7241
"../../../Engine/Content/EngineMaterials/Substrate/GLints/dict_16_192_64_0p5_0p02_0053_0006.uasset" 7242
"../../../Engine/Content/EngineMaterials/Substrate/GLints/dict_16_192_64_0p5_0p02_0052_0010.uasset" 7243
"../../../Engine/Content/EngineMaterials/Substrate/GLints/dict_16_192_64_0p5_0p02_0052_0005.uasset" 7244
"../../../Engine/Content/EngineMaterials/Substrate/GLints/dict_16_192_64_0p5_0p02_0053_0008.uasset" 7245
"../../../Engine/Content/EngineMaterials/Substrate/GLints/dict_16_192_64_0p5_0p02_0052_0009.uasset" 7246
"../../../Engine/Content/EngineMaterials/Substrate/GLints/dict_16_192_64_0p5_0p02_0053_0003.uasset" 7247
"../../../Engine/Content/EngineMaterials/Substrate/GLints/dict_16_192_64_0p5_0p02_0052_0011.uasset" 7248
"../../../Engine/Content/EngineMaterials/Substrate/GLints/dict_16_192_64_0p5_0p02_0053_0007.uasset" 7249
"../../../Engine/Content/EngineMaterials/Substrate/GLints/dict_16_192_64_0p5_0p02_0053_0002.uasset" 7250
"/Engine/EngineMaterials/Substrate/GLints/dict_16_192_64_0p5_0p02_0051_0008" 7251
"/Engine/EngineMaterials/Substrate/GLints/dict_16_192_64_0p5_0p02_0052_0001" 7252
"/Engine/EngineMaterials/Substrate/GLints/dict_16_192_64_0p5_0p02_0051_0011" 7253
"../../../Engine/Content/EngineMaterials/Substrate/GLints/dict_16_192_64_0p5_0p02_0053_0009.uasset" 7254
"../../../Engine/Content/EngineMaterials/Substrate/GLints/dict_16_192_64_0p5_0p02_0053_0012.uasset" 7255
"../../../Engine/Content/EngineMaterials/Substrate/GLints/dict_16_192_64_0p5_0p02_0053_0011.uasset" 7256
"../../../Engine/Content/EngineMaterials/Substrate/GLints/dict_16_192_64_0p5_0p02_0053_0010.uasset" 7257
"/Engine/EngineMaterials/Substrate/GLints/dict_16_192_64_0p5_0p02_0053_0008" 7258
"/Engine/EngineMaterials/Substrate/GLints/dict_16_192_64_0p5_0p02_0053_0007" 7259
"/Engine/EngineMaterials/Substrate/GLints/dict_16_192_64_0p5_0p02_0053_0006" 7260
"/Engine/EngineMaterials/Substrate/GLints/dict_16_192_64_0p5_0p02_0053_0005" 7261
"/Engine/EngineMaterials/Substrate/GLints/dict_16_192_64_0p5_0p02_0053_0004" 7262
"/Engine/EngineMaterials/Substrate/GLints/dict_16_192_64_0p5_0p02_0053_0003" 7263
"/Engine/EngineMaterials/Substrate/GLints/dict_16_192_64_0p5_0p02_0053_0002" 7264
"/Engine/EngineMaterials/Substrate/GLints/dict_16_192_64_0p5_0p02_0053_0001" 7265
"/Engine/EngineMaterials/Substrate/GLints/dict_16_192_64_0p5_0p02_0053_0000" 7266
"/Engine/EngineMaterials/Substrate/GLints/dict_16_192_64_0p5_0p02_0052_0015" 7267
"/Engine/EngineMaterials/Substrate/GLints/dict_16_192_64_0p5_0p02_0052_0014" 7268
"/Engine/EngineMaterials/Substrate/GLints/dict_16_192_64_0p5_0p02_0052_0013" 7269
"/Engine/EngineMaterials/Substrate/GLints/dict_16_192_64_0p5_0p02_0052_0012" 7270
"/Engine/EngineMaterials/Substrate/GLints/dict_16_192_64_0p5_0p02_0052_0011" 7271
"/Engine/EngineMaterials/Substrate/GLints/dict_16_192_64_0p5_0p02_0052_0010" 7272
"/Engine/EngineMaterials/Substrate/GLints/dict_16_192_64_0p5_0p02_0053_0012" 7273
"/Engine/EngineMaterials/Substrate/GLints/dict_16_192_64_0p5_0p02_0052_0009" 7274
"/Engine/EngineMaterials/Substrate/GLints/dict_16_192_64_0p5_0p02_0052_0008" 7275
"/Engine/EngineMaterials/Substrate/GLints/dict_16_192_64_0p5_0p02_0052_0007" 7276
"/Engine/EngineMaterials/Substrate/GLints/dict_16_192_64_0p5_0p02_0052_0006" 7277
"/Engine/EngineMaterials/Substrate/GLints/dict_16_192_64_0p5_0p02_0052_0005" 7278
"/Engine/EngineMaterials/Substrate/GLints/dict_16_192_64_0p5_0p02_0053_0011" 7279
"/Engine/EngineMaterials/Substrate/GLints/dict_16_192_64_0p5_0p02_0052_0004" 7280
"/Engine/EngineMaterials/Substrate/GLints/dict_16_192_64_0p5_0p02_0052_0003" 7281
"/Engine/EngineMaterials/Substrate/GLints/dict_16_192_64_0p5_0p02_0052_0002" 7282
"/Engine/EngineMaterials/Substrate/GLints/dict_16_192_64_0p5_0p02_0053_0010" 7283
"/Engine/EngineMaterials/Substrate/GLints/dict_16_192_64_0p5_0p02_0052_0000" 7284
"/Engine/EngineMaterials/Substrate/GLints/dict_16_192_64_0p5_0p02_0051_0015" 7285
"/Engine/EngineMaterials/Substrate/GLints/dict_16_192_64_0p5_0p02_0051_0014" 7286
"/Engine/EngineMaterials/Substrate/GLints/dict_16_192_64_0p5_0p02_0051_0013" 7287
"/Engine/EngineMaterials/Substrate/GLints/dict_16_192_64_0p5_0p02_0051_0012" 7288
"/Engine/EngineMaterials/Substrate/GLints/dict_16_192_64_0p5_0p02_0053_0009" 7289
"../../../Engine/Content/EngineMaterials/Substrate/GLints/dict_16_192_64_0p5_0p02_0053_0014.uasset" 7290
"../../../Engine/Content/EngineMaterials/Substrate/GLints/dict_16_192_64_0p5_0p02_0054_0002.uasset" 7291
"../../../Engine/Content/EngineMaterials/Substrate/GLints/dict_16_192_64_0p5_0p02_0054_0003.uasset" 7292
"../../../Engine/Content/EngineMaterials/Substrate/GLints/dict_16_192_64_0p5_0p02_0054_0006.uasset" 7293
"../../../Engine/Content/EngineMaterials/Substrate/GLints/dict_16_192_64_0p5_0p02_0054_0008.uasset" 7294
"../../../Engine/Content/EngineMaterials/Substrate/GLints/dict_16_192_64_0p5_0p02_0054_0009.uasset" 7295
"../../../Engine/Content/EngineMaterials/Substrate/GLints/dict_16_192_64_0p5_0p02_0054_0007.uasset" 7296
"../../../Engine/Content/EngineMaterials/Substrate/GLints/dict_16_192_64_0p5_0p02_0054_0010.uasset" 7297
"../../../Engine/Content/EngineMaterials/Substrate/GLints/dict_16_192_64_0p5_0p02_0053_0013.uasset" 7298
"../../../Engine/Content/EngineMaterials/Substrate/GLints/dict_16_192_64_0p5_0p02_0054_0001.uasset" 7299
"../../../Engine/Content/EngineMaterials/Substrate/GLints/dict_16_192_64_0p5_0p02_0054_0013.uasset" 7300
"../../../Engine/Content/EngineMaterials/Substrate/GLints/dict_16_192_64_0p5_0p02_0054_0004.uasset" 7301
"../../../Engine/Content/EngineMaterials/Substrate/GLints/dict_16_192_64_0p5_0p02_0054_0014.uasset" 7302
"/Engine/EngineMaterials/Substrate/GLints/dict_16_192_64_0p5_0p02_0054_0006" 7303
"../../../Engine/Content/EngineMaterials/Substrate/GLints/dict_16_192_64_0p5_0p02_0055_0000.uasset" 7304
"../../../Engine/Content/EngineMaterials/Substrate/GLints/dict_16_192_64_0p5_0p02_0054_0005.uasset" 7305
"../../../Engine/Content/EngineMaterials/Substrate/GLints/dict_16_192_64_0p5_0p02_0055_0001.uasset" 7306
"../../../Engine/Content/EngineMaterials/Substrate/GLints/dict_16_192_64_0p5_0p02_0055_0002.uasset" 7307
"../../../Engine/Content/EngineMaterials/Substrate/GLints/dict_16_192_64_0p5_0p02_0054_0012.uasset" 7308
"../../../Engine/Content/EngineMaterials/Substrate/GLints/dict_16_192_64_0p5_0p02_0055_0004.uasset" 7309
"../../../Engine/Content/EngineMaterials/Substrate/GLints/dict_16_192_64_0p5_0p02_0055_0005.uasset" 7310
"../../../Engine/Content/EngineMaterials/Substrate/GLints/dict_16_192_64_0p5_0p02_0055_0003.uasset" 7311
"../../../Engine/Content/EngineMaterials/Substrate/GLints/dict_16_192_64_0p5_0p02_0054_0000.uasset" 7312
"../../../Engine/Content/EngineMaterials/Substrate/GLints/dict_16_192_64_0p5_0p02_0055_0008.uasset" 7313
"../../../Engine/Content/EngineMaterials/Substrate/GLints/dict_16_192_64_0p5_0p02_0054_0015.uasset" 7314
"../../../Engine/Content/EngineMaterials/Substrate/GLints/dict_16_192_64_0p5_0p02_0055_0009.uasset" 7315
"../../../Engine/Content/EngineMaterials/Substrate/GLints/dict_16_192_64_0p5_0p02_0055_0012.uasset" 7316
"../../../Engine/Content/EngineMaterials/Substrate/GLints/dict_16_192_64_0p5_0p02_0053_0015.uasset" 7317
"../../../Engine/Content/EngineMaterials/Substrate/GLints/dict_16_192_64_0p5_0p02_0055_0006.uasset" 7318
"../../../Engine/Content/EngineMaterials/Substrate/GLints/dict_16_192_64_0p5_0p02_0055_0007.uasset" 7319
"../../../Engine/Content/EngineMaterials/Substrate/GLints/dict_16_192_64_0p5_0p02_0055_0011.uasset" 7320
"../../../Engine/Content/EngineMaterials/Substrate/GLints/dict_16_192_64_0p5_0p02_0055_0010.uasset" 7321
"../../../Engine/Content/EngineMaterials/Substrate/GLints/dict_16_192_64_0p5_0p02_0054_0011.uasset" 7322
"/Engine/EngineMaterials/Substrate/GLints/dict_16_192_64_0p5_0p02_0054_0003" 7323
"/Engine/EngineMaterials/Substrate/GLints/dict_16_192_64_0p5_0p02_0054_0002" 7324
"/Engine/EngineMaterials/Substrate/GLints/dict_16_192_64_0p5_0p02_0053_0014" 7325
"../../../Engine/Content/EngineMaterials/Substrate/GLints/dict_16_192_64_0p5_0p02_0055_0013.uasset" 7326
"../../../Engine/Content/EngineMaterials/Substrate/GLints/dict_16_192_64_0p5_0p02_0056_0000.uasset" 7327
"../../../Engine/Content/EngineMaterials/Substrate/GLints/dict_16_192_64_0p5_0p02_0055_0014.uasset" 7328
"../../../Engine/Content/EngineMaterials/Substrate/GLints/dict_16_192_64_0p5_0p02_0055_0015.uasset" 7329
"/Engine/EngineMaterials/Substrate/GLints/dict_16_192_64_0p5_0p02_0055_0012" 7330
"/Engine/EngineMaterials/Substrate/GLints/dict_16_192_64_0p5_0p02_0055_0011" 7331
"/Engine/EngineMaterials/Substrate/GLints/dict_16_192_64_0p5_0p02_0055_0010" 7332
"/Engine/EngineMaterials/Substrate/GLints/dict_16_192_64_0p5_0p02_0055_0009" 7333
"/Engine/EngineMaterials/Substrate/GLints/dict_16_192_64_0p5_0p02_0055_0008" 7334
"/Engine/EngineMaterials/Substrate/GLints/dict_16_192_64_0p5_0p02_0055_0007" 7335
"/Engine/EngineMaterials/Substrate/GLints/dict_16_192_64_0p5_0p02_0055_0006" 7336
"/Engine/EngineMaterials/Substrate/GLints/dict_16_192_64_0p5_0p02_0055_0005" 7337
"/Engine/EngineMaterials/Substrate/GLints/dict_16_192_64_0p5_0p02_0055_0004" 7338
"/Engine/EngineMaterials/Substrate/GLints/dict_16_192_64_0p5_0p02_0055_0003" 7339
"/Engine/EngineMaterials/Substrate/GLints/dict_16_192_64_0p5_0p02_0055_0002" 7340
"/Engine/EngineMaterials/Substrate/GLints/dict_16_192_64_0p5_0p02_0055_0001" 7341
"/Engine/EngineMaterials/Substrate/GLints/dict_16_192_64_0p5_0p02_0055_0000" 7342
"/Engine/EngineMaterials/Substrate/GLints/dict_16_192_64_0p5_0p02_0054_0015" 7343
"/Engine/EngineMaterials/Substrate/GLints/dict_16_192_64_0p5_0p02_0054_0014" 7344
"/Engine/EngineMaterials/Substrate/GLints/dict_16_192_64_0p5_0p02_0054_0013" 7345
"/Engine/EngineMaterials/Substrate/GLints/dict_16_192_64_0p5_0p02_0054_0012" 7346
"/Engine/EngineMaterials/Substrate/GLints/dict_16_192_64_0p5_0p02_0054_0011" 7347
"/Engine/EngineMaterials/Substrate/GLints/dict_16_192_64_0p5_0p02_0054_0010" 7348
"/Engine/EngineMaterials/Substrate/GLints/dict_16_192_64_0p5_0p02_0054_0009" 7349
"/Engine/EngineMaterials/Substrate/GLints/dict_16_192_64_0p5_0p02_0054_0008" 7350
"/Engine/EngineMaterials/Substrate/GLints/dict_16_192_64_0p5_0p02_0054_0007" 7351
"/Engine/EngineMaterials/Substrate/GLints/dict_16_192_64_0p5_0p02_0054_0005" 7352
"/Engine/EngineMaterials/Substrate/GLints/dict_16_192_64_0p5_0p02_0054_0004" 7353
"/Engine/EngineMaterials/Substrate/GLints/dict_16_192_64_0p5_0p02_0054_0001" 7354
"/Engine/EngineMaterials/Substrate/GLints/dict_16_192_64_0p5_0p02_0054_0000" 7355
"/Engine/EngineMaterials/Substrate/GLints/dict_16_192_64_0p5_0p02_0053_0015" 7356
"/Engine/EngineMaterials/Substrate/GLints/dict_16_192_64_0p5_0p02_0053_0013" 7357
"../../../Engine/Content/EngineMaterials/Substrate/GLints/dict_16_192_64_0p5_0p02_0056_0004.uasset" 7358
"../../../Engine/Content/EngineMaterials/Substrate/GLints/dict_16_192_64_0p5_0p02_0056_0007.uasset" 7359
"../../../Engine/Content/EngineMaterials/Substrate/GLints/dict_16_192_64_0p5_0p02_0056_0003.uasset" 7360
"../../../Engine/Content/EngineMaterials/Substrate/GLints/dict_16_192_64_0p5_0p02_0056_0011.uasset" 7361
"../../../Engine/Content/EngineMaterials/Substrate/GLints/dict_16_192_64_0p5_0p02_0056_0014.uasset" 7362
"../../../Engine/Content/EngineMaterials/Substrate/GLints/dict_16_192_64_0p5_0p02_0056_0005.uasset" 7363
"../../../Engine/Content/EngineMaterials/Substrate/GLints/dict_16_192_64_0p5_0p02_0056_0008.uasset" 7364
"../../../Engine/Content/EngineMaterials/Substrate/GLints/dict_16_192_64_0p5_0p02_0056_0001.uasset" 7365
"../../../Engine/Content/EngineMaterials/Substrate/GLints/dict_16_192_64_0p5_0p02_0056_0010.uasset" 7366
"../../../Engine/Content/EngineMaterials/Substrate/GLints/dict_16_192_64_0p5_0p02_0056_0009.uasset" 7367
"/Engine/EngineMaterials/Substrate/GLints/dict_16_192_64_0p5_0p02_0056_0000" 7368
"../../../Engine/Content/EngineMaterials/Substrate/GLints/dict_16_192_64_0p5_0p02_0056_0006.uasset" 7369
"../../../Engine/Content/EngineMaterials/Substrate/GLints/dict_16_192_64_0p5_0p02_0056_0015.uasset" 7370
"../../../Engine/Content/EngineMaterials/Substrate/GLints/dict_16_192_64_0p5_0p02_0057_0002.uasset" 7371
"../../../Engine/Content/EngineMaterials/Substrate/GLints/dict_16_192_64_0p5_0p02_0057_0000.uasset" 7372
"../../../Engine/Content/EngineMaterials/Substrate/GLints/dict_16_192_64_0p5_0p02_0057_0003.uasset" 7373
"../../../Engine/Content/EngineMaterials/Substrate/GLints/dict_16_192_64_0p5_0p02_0057_0004.uasset" 7374
"../../../Engine/Content/EngineMaterials/Substrate/GLints/dict_16_192_64_0p5_0p02_0056_0002.uasset" 7375
"../../../Engine/Content/EngineMaterials/Substrate/GLints/dict_16_192_64_0p5_0p02_0057_0006.uasset" 7376
"../../../Engine/Content/EngineMaterials/Substrate/GLints/dict_16_192_64_0p5_0p02_0057_0009.uasset" 7377
"../../../Engine/Content/EngineMaterials/Substrate/GLints/dict_16_192_64_0p5_0p02_0057_0010.uasset" 7378
"../../../Engine/Content/EngineMaterials/Substrate/GLints/dict_16_192_64_0p5_0p02_0057_0008.uasset" 7379
"../../../Engine/Content/EngineMaterials/Substrate/GLints/dict_16_192_64_0p5_0p02_0056_0013.uasset" 7380
"../../../Engine/Content/EngineMaterials/Substrate/GLints/dict_16_192_64_0p5_0p02_0057_0012.uasset" 7381
"../../../Engine/Content/EngineMaterials/Substrate/GLints/dict_16_192_64_0p5_0p02_0056_0012.uasset" 7382
"../../../Engine/Content/EngineMaterials/Substrate/GLints/dict_16_192_64_0p5_0p02_0057_0007.uasset" 7383
"../../../Engine/Content/EngineMaterials/Substrate/GLints/dict_16_192_64_0p5_0p02_0057_0001.uasset" 7384
"../../../Engine/Content/EngineMaterials/Substrate/GLints/dict_16_192_64_0p5_0p02_0057_0011.uasset" 7385
"../../../Engine/Content/EngineMaterials/Substrate/GLints/dict_16_192_64_0p5_0p02_0057_0005.uasset" 7386
"/Engine/EngineMaterials/Substrate/GLints/dict_16_192_64_0p5_0p02_0055_0015" 7387
"/Engine/EngineMaterials/Substrate/GLints/dict_16_192_64_0p5_0p02_0055_0014" 7388
"/Engine/EngineMaterials/Substrate/GLints/dict_16_192_64_0p5_0p02_0055_0013" 7389
"../../../Engine/Content/EngineMaterials/Substrate/GLints/dict_16_192_64_0p5_0p02_0057_0013.uasset" 7390
"../../../Engine/Content/EngineMaterials/Substrate/GLints/dict_16_192_64_0p5_0p02_0057_0014.uasset" 7391
"../../../Engine/Content/EngineMaterials/Substrate/GLints/dict_16_192_64_0p5_0p02_0057_0015.uasset" 7392
"../../../Engine/Content/EngineMaterials/Substrate/GLints/dict_16_192_64_0p5_0p02_0058_0000.uasset" 7393
"/Engine/EngineMaterials/Substrate/GLints/dict_16_192_64_0p5_0p02_0057_0012" 7394
"/Engine/EngineMaterials/Substrate/GLints/dict_16_192_64_0p5_0p02_0057_0011" 7395
"/Engine/EngineMaterials/Substrate/GLints/dict_16_192_64_0p5_0p02_0057_0010" 7396
"/Engine/EngineMaterials/Substrate/GLints/dict_16_192_64_0p5_0p02_0057_0009" 7397
"/Engine/EngineMaterials/Substrate/GLints/dict_16_192_64_0p5_0p02_0057_0008" 7398
"/Engine/EngineMaterials/Substrate/GLints/dict_16_192_64_0p5_0p02_0057_0007" 7399
"/Engine/EngineMaterials/Substrate/GLints/dict_16_192_64_0p5_0p02_0057_0006" 7400
"/Engine/EngineMaterials/Substrate/GLints/dict_16_192_64_0p5_0p02_0057_0005" 7401
"/Engine/EngineMaterials/Substrate/GLints/dict_16_192_64_0p5_0p02_0057_0004" 7402
"/Engine/EngineMaterials/Substrate/GLints/dict_16_192_64_0p5_0p02_0057_0003" 7403
"/Engine/EngineMaterials/Substrate/GLints/dict_16_192_64_0p5_0p02_0057_0002" 7404
"/Engine/EngineMaterials/Substrate/GLints/dict_16_192_64_0p5_0p02_0057_0001" 7405
"/Engine/EngineMaterials/Substrate/GLints/dict_16_192_64_0p5_0p02_0057_0000" 7406
"/Engine/EngineMaterials/Substrate/GLints/dict_16_192_64_0p5_0p02_0056_0015" 7407
"/Engine/EngineMaterials/Substrate/GLints/dict_16_192_64_0p5_0p02_0056_0014" 7408
"/Engine/EngineMaterials/Substrate/GLints/dict_16_192_64_0p5_0p02_0056_0013" 7409
"/Engine/EngineMaterials/Substrate/GLints/dict_16_192_64_0p5_0p02_0056_0012" 7410
"/Engine/EngineMaterials/Substrate/GLints/dict_16_192_64_0p5_0p02_0056_0011" 7411
"/Engine/EngineMaterials/Substrate/GLints/dict_16_192_64_0p5_0p02_0056_0010" 7412
"/Engine/EngineMaterials/Substrate/GLints/dict_16_192_64_0p5_0p02_0056_0009" 7413
"/Engine/EngineMaterials/Substrate/GLints/dict_16_192_64_0p5_0p02_0056_0008" 7414
"/Engine/EngineMaterials/Substrate/GLints/dict_16_192_64_0p5_0p02_0056_0007" 7415
"/Engine/EngineMaterials/Substrate/GLints/dict_16_192_64_0p5_0p02_0056_0006" 7416
"/Engine/EngineMaterials/Substrate/GLints/dict_16_192_64_0p5_0p02_0056_0005" 7417
"/Engine/EngineMaterials/Substrate/GLints/dict_16_192_64_0p5_0p02_0057_0014" 7418
"/Engine/EngineMaterials/Substrate/GLints/dict_16_192_64_0p5_0p02_0056_0004" 7419
"/Engine/EngineMaterials/Substrate/GLints/dict_16_192_64_0p5_0p02_0056_0003" 7420
"/Engine/EngineMaterials/Substrate/GLints/dict_16_192_64_0p5_0p02_0056_0002" 7421
"/Engine/EngineMaterials/Substrate/GLints/dict_16_192_64_0p5_0p02_0057_0013" 7422
"/Engine/EngineMaterials/Substrate/GLints/dict_16_192_64_0p5_0p02_0056_0001" 7423
"../../../Engine/Content/EngineMaterials/Substrate/GLints/dict_16_192_64_0p5_0p02_0058_0004.uasset" 7424
"../../../Engine/Content/EngineMaterials/Substrate/GLints/dict_16_192_64_0p5_0p02_0058_0003.uasset" 7425
"../../../Engine/Content/EngineMaterials/Substrate/GLints/dict_16_192_64_0p5_0p02_0058_0005.uasset" 7426
"../../../Engine/Content/EngineMaterials/Substrate/GLints/dict_16_192_64_0p5_0p02_0058_0007.uasset" 7427
"../../../Engine/Content/EngineMaterials/Substrate/GLints/dict_16_192_64_0p5_0p02_0058_0012.uasset" 7428
"../../../Engine/Content/EngineMaterials/Substrate/GLints/dict_16_192_64_0p5_0p02_0058_0014.uasset" 7429
"../../../Engine/Content/EngineMaterials/Substrate/GLints/dict_16_192_64_0p5_0p02_0058_0008.uasset" 7430
"../../../Engine/Content/EngineMaterials/Substrate/GLints/dict_16_192_64_0p5_0p02_0058_0001.uasset" 7431
"../../../Engine/Content/EngineMaterials/Substrate/GLints/dict_16_192_64_0p5_0p02_0058_0015.uasset" 7432
"../../../Engine/Content/EngineMaterials/Substrate/GLints/dict_16_192_64_0p5_0p02_0058_0009.uasset" 7433
"../../../Engine/Content/EngineMaterials/Substrate/GLints/dict_16_192_64_0p5_0p02_0058_0010.uasset" 7434
"../../../Engine/Content/EngineMaterials/Substrate/GLints/dict_16_192_64_0p5_0p02_0059_0001.uasset" 7435
"../../../Engine/Content/EngineMaterials/Substrate/GLints/dict_16_192_64_0p5_0p02_0059_0000.uasset" 7436
"../../../Engine/Content/EngineMaterials/Substrate/GLints/dict_16_192_64_0p5_0p02_0059_0004.uasset" 7437
"/Engine/EngineMaterials/Substrate/GLints/dict_16_192_64_0p5_0p02_0058_0000" 7438
"../../../Engine/Content/EngineMaterials/Substrate/GLints/dict_16_192_64_0p5_0p02_0058_0013.uasset" 7439
"../../../Engine/Content/EngineMaterials/Substrate/GLints/dict_16_192_64_0p5_0p02_0059_0006.uasset" 7440
"../../../Engine/Content/EngineMaterials/Substrate/GLints/dict_16_192_64_0p5_0p02_0059_0005.uasset" 7441
"../../../Engine/Content/EngineMaterials/Substrate/GLints/dict_16_192_64_0p5_0p02_0058_0006.uasset" 7442
"../../../Engine/Content/EngineMaterials/Substrate/GLints/dict_16_192_64_0p5_0p02_0059_0008.uasset" 7443
"../../../Engine/Content/EngineMaterials/Substrate/GLints/dict_16_192_64_0p5_0p02_0058_0011.uasset" 7444
"../../../Engine/Content/EngineMaterials/Substrate/GLints/dict_16_192_64_0p5_0p02_0059_0009.uasset" 7445
"../../../Engine/Content/EngineMaterials/Substrate/GLints/dict_16_192_64_0p5_0p02_0059_0011.uasset" 7446
"../../../Engine/Content/EngineMaterials/Substrate/GLints/dict_16_192_64_0p5_0p02_0059_0012.uasset" 7447
"../../../Engine/Content/EngineMaterials/Substrate/GLints/dict_16_192_64_0p5_0p02_0059_0013.uasset" 7448
"../../../Engine/Content/EngineMaterials/Substrate/GLints/dict_16_192_64_0p5_0p02_0058_0002.uasset" 7449
"../../../Engine/Content/EngineMaterials/Substrate/GLints/dict_16_192_64_0p5_0p02_0059_0014.uasset" 7450
"../../../Engine/Content/EngineMaterials/Substrate/GLints/dict_16_192_64_0p5_0p02_0059_0010.uasset" 7451
"../../../Engine/Content/EngineMaterials/Substrate/GLints/dict_16_192_64_0p5_0p02_0059_0003.uasset" 7452
"../../../Engine/Content/EngineMaterials/Substrate/GLints/dict_16_192_64_0p5_0p02_0059_0007.uasset" 7453
"../../../Engine/Content/EngineMaterials/Substrate/GLints/dict_16_192_64_0p5_0p02_0059_0002.uasset" 7454
"/Engine/EngineMaterials/Substrate/GLints/dict_16_192_64_0p5_0p02_0058_0007" 7455
"/Engine/EngineMaterials/Substrate/GLints/dict_16_192_64_0p5_0p02_0057_0015" 7456
"/Engine/EngineMaterials/Substrate/GLints/dict_16_192_64_0p5_0p02_0058_0005" 7457
"/Engine/EngineMaterials/Substrate/GLints/dict_16_192_64_0p5_0p02_0058_0004" 7458
"/Engine/EngineMaterials/Substrate/GLints/dict_16_192_64_0p5_0p02_0058_0003" 7459
"../../../Engine/Content/EngineMaterials/Substrate/GLints/dict_16_192_64_0p5_0p02_0060_0000.uasset" 7460
"../../../Engine/Content/EngineMaterials/Substrate/GLints/dict_16_192_64_0p5_0p02_0059_0015.uasset" 7461
"../../../Engine/Content/EngineMaterials/Substrate/GLints/dict_16_192_64_0p5_0p02_0060_0001.uasset" 7462
"../../../Engine/Content/EngineMaterials/Substrate/GLints/dict_16_192_64_0p5_0p02_0060_0004.uasset" 7463
"../../../Engine/Content/EngineMaterials/Substrate/GLints/dict_16_192_64_0p5_0p02_0060_0003.uasset" 7464
"../../../Engine/Content/EngineMaterials/Substrate/GLints/dict_16_192_64_0p5_0p02_0060_0002.uasset" 7465
"/Engine/EngineMaterials/Substrate/GLints/dict_16_192_64_0p5_0p02_0059_0014" 7466
"/Engine/EngineMaterials/Substrate/GLints/dict_16_192_64_0p5_0p02_0059_0013" 7467
"/Engine/EngineMaterials/Substrate/GLints/dict_16_192_64_0p5_0p02_0059_0012" 7468
"/Engine/EngineMaterials/Substrate/GLints/dict_16_192_64_0p5_0p02_0059_0011" 7469
"/Engine/EngineMaterials/Substrate/GLints/dict_16_192_64_0p5_0p02_0059_0010" 7470
"/Engine/EngineMaterials/Substrate/GLints/dict_16_192_64_0p5_0p02_0059_0009" 7471
"/Engine/EngineMaterials/Substrate/GLints/dict_16_192_64_0p5_0p02_0059_0008" 7472
"/Engine/EngineMaterials/Substrate/GLints/dict_16_192_64_0p5_0p02_0059_0007" 7473
"/Engine/EngineMaterials/Substrate/GLints/dict_16_192_64_0p5_0p02_0059_0006" 7474
"/Engine/EngineMaterials/Substrate/GLints/dict_16_192_64_0p5_0p02_0059_0005" 7475
"/Engine/EngineMaterials/Substrate/GLints/dict_16_192_64_0p5_0p02_0059_0004" 7476
"/Engine/EngineMaterials/Substrate/GLints/dict_16_192_64_0p5_0p02_0059_0003" 7477
"/Engine/EngineMaterials/Substrate/GLints/dict_16_192_64_0p5_0p02_0059_0002" 7478
"/Engine/EngineMaterials/Substrate/GLints/dict_16_192_64_0p5_0p02_0059_0001" 7479
"/Engine/EngineMaterials/Substrate/GLints/dict_16_192_64_0p5_0p02_0059_0000" 7480
"/Engine/EngineMaterials/Substrate/GLints/dict_16_192_64_0p5_0p02_0058_0015" 7481
"/Engine/EngineMaterials/Substrate/GLints/dict_16_192_64_0p5_0p02_0058_0014" 7482
"/Engine/EngineMaterials/Substrate/GLints/dict_16_192_64_0p5_0p02_0058_0013" 7483
"/Engine/EngineMaterials/Substrate/GLints/dict_16_192_64_0p5_0p02_0058_0012" 7484
"/Engine/EngineMaterials/Substrate/GLints/dict_16_192_64_0p5_0p02_0058_0011" 7485
"/Engine/EngineMaterials/Substrate/GLints/dict_16_192_64_0p5_0p02_0058_0010" 7486
"/Engine/EngineMaterials/Substrate/GLints/dict_16_192_64_0p5_0p02_0058_0009" 7487
"/Engine/EngineMaterials/Substrate/GLints/dict_16_192_64_0p5_0p02_0058_0008" 7488
"/Engine/EngineMaterials/Substrate/GLints/dict_16_192_64_0p5_0p02_0058_0006" 7489
"/Engine/EngineMaterials/Substrate/GLints/dict_16_192_64_0p5_0p02_0060_0001" 7490
"/Engine/EngineMaterials/Substrate/GLints/dict_16_192_64_0p5_0p02_0060_0000" 7491
"/Engine/EngineMaterials/Substrate/GLints/dict_16_192_64_0p5_0p02_0059_0015" 7492
"/Engine/EngineMaterials/Substrate/GLints/dict_16_192_64_0p5_0p02_0058_0002" 7493
"/Engine/EngineMaterials/Substrate/GLints/dict_16_192_64_0p5_0p02_0058_0001" 7494
"../../../Engine/Content/EngineMaterials/Substrate/GLints/dict_16_192_64_0p5_0p02_0060_0008.uasset" 7495
"../../../Engine/Content/EngineMaterials/Substrate/GLints/dict_16_192_64_0p5_0p02_0060_0006.uasset" 7496
"../../../Engine/Content/EngineMaterials/Substrate/GLints/dict_16_192_64_0p5_0p02_0060_0012.uasset" 7497
"../../../Engine/Content/EngineMaterials/Substrate/GLints/dict_16_192_64_0p5_0p02_0060_0007.uasset" 7498
"../../../Engine/Content/EngineMaterials/Substrate/GLints/dict_16_192_64_0p5_0p02_0060_0015.uasset" 7499
"../../../Engine/Content/EngineMaterials/Substrate/GLints/dict_16_192_64_0p5_0p02_0061_0001.uasset" 7500
"../../../Engine/Content/EngineMaterials/Substrate/GLints/dict_16_192_64_0p5_0p02_0060_0009.uasset" 7501
"../../../Engine/Content/EngineMaterials/Substrate/GLints/dict_16_192_64_0p5_0p02_0060_0013.uasset" 7502
"../../../Engine/Content/EngineMaterials/Substrate/GLints/dict_16_192_64_0p5_0p02_0060_0005.uasset" 7503
"../../../Engine/Content/EngineMaterials/Substrate/GLints/dict_16_192_64_0p5_0p02_0061_0003.uasset" 7504
"../../../Engine/Content/EngineMaterials/Substrate/GLints/dict_16_192_64_0p5_0p02_0060_0011.uasset" 7505
"../../../Engine/Content/EngineMaterials/Substrate/GLints/dict_16_192_64_0p5_0p02_0060_0014.uasset" 7506
"../../../Engine/Content/EngineMaterials/Substrate/GLints/dict_16_192_64_0p5_0p02_0061_0000.uasset" 7507
"/Engine/EngineMaterials/Substrate/GLints/dict_16_192_64_0p5_0p02_0060_0015" 7508
"../../../Engine/Content/EngineMaterials/Substrate/GLints/dict_16_192_64_0p5_0p02_0061_0006.uasset" 7509
"../../../Engine/Content/EngineMaterials/Substrate/GLints/dict_16_192_64_0p5_0p02_0061_0002.uasset" 7510
"../../../Engine/Content/EngineMaterials/Substrate/GLints/dict_16_192_64_0p5_0p02_0061_0007.uasset" 7511
"../../../Engine/Content/EngineMaterials/Substrate/GLints/dict_16_192_64_0p5_0p02_0061_0005.uasset" 7512
"../../../Engine/Content/EngineMaterials/Substrate/GLints/dict_16_192_64_0p5_0p02_0061_0009.uasset" 7513
"../../../Engine/Content/EngineMaterials/Substrate/GLints/dict_16_192_64_0p5_0p02_0060_0010.uasset" 7514
"../../../Engine/Content/EngineMaterials/Substrate/GLints/dict_16_192_64_0p5_0p02_0061_0004.uasset" 7515
"../../../Engine/Content/EngineMaterials/Substrate/GLints/dict_16_192_64_0p5_0p02_0061_0010.uasset" 7516
"../../../Engine/Content/EngineMaterials/Substrate/GLints/dict_16_192_64_0p5_0p02_0061_0011.uasset" 7517
"../../../Engine/Content/EngineMaterials/Substrate/GLints/dict_16_192_64_0p5_0p02_0061_0012.uasset" 7518
"../../../Engine/Content/EngineMaterials/Substrate/GLints/dict_16_192_64_0p5_0p02_0061_0013.uasset" 7519
"../../../Engine/Content/EngineMaterials/Substrate/GLints/dict_16_192_64_0p5_0p02_0061_0014.uasset" 7520
"../../../Engine/Content/EngineMaterials/Substrate/GLints/dict_16_192_64_0p5_0p02_0061_0015.uasset" 7521
"../../../Engine/Content/EngineMaterials/Substrate/GLints/dict_16_192_64_0p5_0p02_0062_0001.uasset" 7522
"../../../Engine/Content/EngineMaterials/Substrate/GLints/dict_16_192_64_0p5_0p02_0062_0000.uasset" 7523
"../../../Engine/Content/EngineMaterials/Substrate/GLints/dict_16_192_64_0p5_0p02_0061_0008.uasset" 7524
"/Engine/EngineMaterials/Substrate/GLints/dict_16_192_64_0p5_0p02_0060_0012" 7525
"/Engine/EngineMaterials/Substrate/GLints/dict_16_192_64_0p5_0p02_0060_0004" 7526
"/Engine/EngineMaterials/Substrate/GLints/dict_16_192_64_0p5_0p02_0060_0003" 7527
"/Engine/EngineMaterials/Substrate/GLints/dict_16_192_64_0p5_0p02_0060_0002" 7528
"/Engine/EngineMaterials/Substrate/GLints/dict_16_192_64_0p5_0p02_0060_0008" 7529
"/Engine/EngineMaterials/Substrate/GLints/dict_16_192_64_0p5_0p02_0060_0007" 7530
"/Engine/EngineMaterials/Substrate/GLints/dict_16_192_64_0p5_0p02_0060_0006" 7531
"../../../Engine/Content/EngineMaterials/Substrate/GLints/dict_16_192_64_0p5_0p02_0062_0002.uasset" 7532
"../../../Engine/Content/EngineMaterials/Substrate/GLints/dict_16_192_64_0p5_0p02_0062_0003.uasset" 7533
"../../../Engine/Content/EngineMaterials/Substrate/GLints/dict_16_192_64_0p5_0p02_0062_0004.uasset" 7534
"../../../Engine/Content/EngineMaterials/Substrate/GLints/dict_16_192_64_0p5_0p02_0062_0005.uasset" 7535
"../../../Engine/Content/EngineMaterials/Substrate/GLints/dict_16_192_64_0p5_0p02_0062_0006.uasset" 7536
"../../../Engine/Content/EngineMaterials/Substrate/GLints/dict_16_192_64_0p5_0p02_0062_0009.uasset" 7537
"../../../Engine/Content/EngineMaterials/Substrate/GLints/dict_16_192_64_0p5_0p02_0062_0007.uasset" 7538
"../../../Engine/Content/EngineMaterials/Substrate/GLints/dict_16_192_64_0p5_0p02_0062_0008.uasset" 7539
"/Engine/EngineMaterials/Substrate/GLints/dict_16_192_64_0p5_0p02_0062_0001" 7540
"/Engine/EngineMaterials/Substrate/GLints/dict_16_192_64_0p5_0p02_0062_0000" 7541
"/Engine/EngineMaterials/Substrate/GLints/dict_16_192_64_0p5_0p02_0061_0015" 7542
"/Engine/EngineMaterials/Substrate/GLints/dict_16_192_64_0p5_0p02_0061_0014" 7543
"/Engine/EngineMaterials/Substrate/GLints/dict_16_192_64_0p5_0p02_0061_0013" 7544
"/Engine/EngineMaterials/Substrate/GLints/dict_16_192_64_0p5_0p02_0061_0012" 7545
"/Engine/EngineMaterials/Substrate/GLints/dict_16_192_64_0p5_0p02_0061_0011" 7546
"/Engine/EngineMaterials/Substrate/GLints/dict_16_192_64_0p5_0p02_0061_0010" 7547
"/Engine/EngineMaterials/Substrate/GLints/dict_16_192_64_0p5_0p02_0061_0009" 7548
"/Engine/EngineMaterials/Substrate/GLints/dict_16_192_64_0p5_0p02_0061_0008" 7549
"/Engine/EngineMaterials/Substrate/GLints/dict_16_192_64_0p5_0p02_0061_0007" 7550
"/Engine/EngineMaterials/Substrate/GLints/dict_16_192_64_0p5_0p02_0061_0006" 7551
"/Engine/EngineMaterials/Substrate/GLints/dict_16_192_64_0p5_0p02_0061_0005" 7552
"/Engine/EngineMaterials/Substrate/GLints/dict_16_192_64_0p5_0p02_0061_0004" 7553
"/Engine/EngineMaterials/Substrate/GLints/dict_16_192_64_0p5_0p02_0061_0003" 7554
"/Engine/EngineMaterials/Substrate/GLints/dict_16_192_64_0p5_0p02_0061_0002" 7555
"/Engine/EngineMaterials/Substrate/GLints/dict_16_192_64_0p5_0p02_0061_0001" 7556
"/Engine/EngineMaterials/Substrate/GLints/dict_16_192_64_0p5_0p02_0061_0000" 7557
"/Engine/EngineMaterials/Substrate/GLints/dict_16_192_64_0p5_0p02_0062_0009" 7558
"/Engine/EngineMaterials/Substrate/GLints/dict_16_192_64_0p5_0p02_0060_0014" 7559
"/Engine/EngineMaterials/Substrate/GLints/dict_16_192_64_0p5_0p02_0060_0013" 7560
"/Engine/EngineMaterials/Substrate/GLints/dict_16_192_64_0p5_0p02_0062_0008" 7561
"/Engine/EngineMaterials/Substrate/GLints/dict_16_192_64_0p5_0p02_0062_0007" 7562
"/Engine/EngineMaterials/Substrate/GLints/dict_16_192_64_0p5_0p02_0060_0011" 7563
"/Engine/EngineMaterials/Substrate/GLints/dict_16_192_64_0p5_0p02_0062_0006" 7564
"/Engine/EngineMaterials/Substrate/GLints/dict_16_192_64_0p5_0p02_0062_0005" 7565
"/Engine/EngineMaterials/Substrate/GLints/dict_16_192_64_0p5_0p02_0060_0010" 7566
"/Engine/EngineMaterials/Substrate/GLints/dict_16_192_64_0p5_0p02_0060_0009" 7567
"/Engine/EngineMaterials/Substrate/GLints/dict_16_192_64_0p5_0p02_0062_0004" 7568
"/Engine/EngineMaterials/Substrate/GLints/dict_16_192_64_0p5_0p02_0062_0003" 7569
"/Engine/EngineMaterials/Substrate/GLints/dict_16_192_64_0p5_0p02_0062_0002" 7570
"/Engine/EngineMaterials/Substrate/GLints/dict_16_192_64_0p5_0p02_0060_0005" 7571
"../../../Engine/Content/EngineMaterials/Substrate/GLints/dict_16_192_64_0p5_0p02_0062_0012.uasset" 7572
"../../../Engine/Content/EngineMaterials/Substrate/GLints/dict_16_192_64_0p5_0p02_0062_0010.uasset" 7573
"../../../Engine/Content/EngineMaterials/Substrate/GLints/dict_16_192_64_0p5_0p02_0062_0013.uasset" 7574
"../../../Engine/Content/EngineMaterials/Substrate/GLints/dict_16_192_64_0p5_0p02_0063_0002.uasset" 7575
"../../../Engine/Content/EngineMaterials/Substrate/GLints/dict_16_192_64_0p5_0p02_0062_0015.uasset" 7576
"../../../Engine/Content/EngineMaterials/Substrate/GLints/dict_16_192_64_0p5_0p02_0063_0004.uasset" 7577
"../../../Engine/Content/EngineMaterials/Substrate/GLints/dict_16_192_64_0p5_0p02_0063_0007.uasset" 7578
"../../../Engine/Content/EngineMaterials/Substrate/GLints/dict_16_192_64_0p5_0p02_0063_0000.uasset" 7579
"../../../Engine/Content/EngineMaterials/Substrate/GLints/dict_16_192_64_0p5_0p02_0063_0008.uasset" 7580
"../../../Engine/Content/EngineMaterials/Substrate/GLints/dict_16_192_64_0p5_0p02_0062_0014.uasset" 7581
"../../../Engine/Content/EngineMaterials/Substrate/GLints/dict_16_192_64_0p5_0p02_0063_0009.uasset" 7582
"../../../Engine/Content/EngineMaterials/Substrate/GLints/dict_16_192_64_0p5_0p02_0063_0010.uasset" 7583
"../../../Engine/Content/EngineMaterials/Substrate/GLints/dict_16_192_64_0p5_0p02_0063_0011.uasset" 7584
"../../../Engine/Content/EngineMaterials/Substrate/GLints/dict_16_192_64_0p5_0p02_0063_0001.uasset" 7585
"../../../Engine/Content/EngineMaterials/Substrate/GLints/dict_16_192_64_0p5_0p02_0063_0014.uasset" 7586
"../../../Engine/Content/EngineMaterials/Substrate/GLints/dict_16_192_64_0p5_0p02_0063_0013.uasset" 7587
"../../../Engine/Content/EngineMaterials/Substrate/GLints/dict_16_192_64_0p5_0p02_0063_0015.uasset" 7588
"../../../Engine/Content/EngineMaterials/Substrate/GLints/dict_16_192_64_0p5_0p02_0063_0005.uasset" 7589
"../../../Engine/Content/EngineMaterials/Substrate/GLints/AGlintTex2dArray.uasset" 7590
"../../../Engine/Content/EngineMaterials/Substrate/Glints2/dict_0000_0002.uasset" 7591
"../../../Engine/Content/EngineMaterials/Substrate/Glints2/dict_0000_0001.uasset" 7592
"../../../Engine/Content/EngineMaterials/Substrate/GLints/dict_16_192_64_0p5_0p02_0063_0012.uasset" 7593
"../../../Engine/Content/EngineMaterials/Substrate/Glints2/dict_0000_0003.uasset" 7594
"/Engine/EngineMaterials/Substrate/GLints/dict_16_192_64_0p5_0p02_0063_0002" 7595
"../../../Engine/Content/EngineMaterials/Substrate/Glints2/dict_0000_0006.uasset" 7596
"../../../Engine/Content/EngineMaterials/Substrate/Glints2/dict_0000_0005.uasset" 7597
"../../../Engine/Content/EngineMaterials/Substrate/Glints2/dict_0000_0007.uasset" 7598
"../../../Engine/Content/EngineMaterials/Substrate/Glints2/dict_0000_0004.uasset" 7599
"../../../Engine/Content/EngineMaterials/Substrate/Glints2/dict_0000_0008.uasset" 7600
"../../../Engine/Content/EngineMaterials/Substrate/Glints2/dict_0000_0000.uasset" 7601
"../../../Engine/Content/EngineMaterials/Substrate/GLints/dict_16_192_64_0p5_0p02_0062_0011.uasset" 7602
"../../../Engine/Content/EngineMaterials/Substrate/GLints/dict_16_192_64_0p5_0p02_0063_0003.uasset" 7603
"../../../Engine/Content/EngineMaterials/Substrate/GLints/dict_16_192_64_0p5_0p02_0063_0006.uasset" 7604
"/Engine/EngineMaterials/Substrate/GLints/dict_16_192_64_0p5_0p02_0062_0015" 7605
"/Engine/EngineMaterials/Substrate/GLints/dict_16_192_64_0p5_0p02_0062_0013" 7606
"/Engine/EngineMaterials/Substrate/GLints/dict_16_192_64_0p5_0p02_0062_0012" 7607
"/Engine/EngineMaterials/Substrate/GLints/dict_16_192_64_0p5_0p02_0062_0010" 7608
"../../../Engine/Content/EngineMaterials/Substrate/Glints2/dict_0000_0009.uasset" 7609
"../../../Engine/Content/EngineMaterials/Substrate/Glints2/dict_0000_0010.uasset" 7610
"../../../Engine/Content/EngineMaterials/Substrate/Glints2/dict_0000_0011.uasset" 7611
"../../../Engine/Content/EngineMaterials/Substrate/Glints2/dict_0000_0012.uasset" 7612
"../../../Engine/Content/EngineMaterials/Substrate/Glints2/dict_0000_0013.uasset" 7613
"/Engine/EngineMaterials/Substrate/Glints2/dict_0000_0008" 7614
"/Engine/EngineMaterials/Substrate/Glints2/dict_0000_0007" 7615
"/Engine/EngineMaterials/Substrate/Glints2/dict_0000_0006" 7616
"/Engine/EngineMaterials/Substrate/Glints2/dict_0000_0005" 7617
"/Engine/EngineMaterials/Substrate/Glints2/dict_0000_0004" 7618
"/Engine/EngineMaterials/Substrate/Glints2/dict_0000_0003" 7619
"/Engine/EngineMaterials/Substrate/Glints2/dict_0000_0002" 7620
"/Engine/EngineMaterials/Substrate/Glints2/dict_0000_0001" 7621
"/Engine/EngineMaterials/Substrate/Glints2/dict_0000_0000" 7622
"/Engine/EngineMaterials/Substrate/GLints/AGlintTex2dArray" 7623
"/Engine/EngineMaterials/Substrate/Glints2/dict_0000_0012" 7624
"/Engine/EngineMaterials/Substrate/Glints2/dict_0000_0011" 7625
"/Engine/EngineMaterials/Substrate/Glints2/dict_0000_0010" 7626
"/Engine/EngineMaterials/Substrate/Glints2/dict_0000_0009" 7627
"../../../Engine/Content/EngineMaterials/Substrate/Glints2/dict_0000_0020.uasset" 7628
"../../../Engine/Content/EngineMaterials/Substrate/Glints2/dict_0000_0019.uasset" 7629
"../../../Engine/Content/EngineMaterials/Substrate/Glints2/dict_0000_0024.uasset" 7630
"../../../Engine/Content/EngineMaterials/Substrate/Glints2/dict_0000_0018.uasset" 7631
"../../../Engine/Content/EngineMaterials/Substrate/Glints2/dict_0000_0017.uasset" 7632
"../../../Engine/Content/EngineMaterials/Substrate/Glints2/dict_0000_0023.uasset" 7633
"../../../Engine/Content/EngineMaterials/Substrate/Glints2/dict_0000_0027.uasset" 7634
"../../../Engine/Content/EngineMaterials/Substrate/Glints2/dict_0000_0014.uasset" 7635
"/Engine/EngineMaterials/Substrate/Glints2/dict_0000_0013" 7636
"../../../Engine/Content/EngineMaterials/Substrate/Glints2/dict_0000_0021.uasset" 7637
"../../../Engine/Content/EngineMaterials/Substrate/Glints2/dict_0000_0025.uasset" 7638
"../../../Engine/Content/EngineMaterials/Substrate/Glints2/dict_0000_0026.uasset" 7639
"../../../Engine/Content/EngineMaterials/Substrate/Glints2/dict_0000_0016.uasset" 7640
"../../../Engine/Content/EngineMaterials/Substrate/Glints2/dict_0000_0028.uasset" 7641
"../../../Engine/Content/EngineMaterials/Substrate/Glints2/dict_0000_0015.uasset" 7642
"../../../Engine/Content/EngineMaterials/Substrate/Glints2/dict_0000_0031.uasset" 7643
"../../../Engine/Content/EngineMaterials/Substrate/Glints2/dict_0000_0022.uasset" 7644
"../../../Engine/Content/EngineMaterials/Substrate/Glints2/dict_0000_0033.uasset" 7645
"../../../Engine/Content/EngineMaterials/Substrate/Glints2/dict_0000_0029.uasset" 7646
"../../../Engine/Content/EngineMaterials/Substrate/Glints2/dict_0000_0035.uasset" 7647
"../../../Engine/Content/EngineMaterials/Substrate/Glints2/dict_0000_0030.uasset" 7648
"../../../Engine/Content/EngineMaterials/Substrate/Glints2/dict_0000_0038.uasset" 7649
"../../../Engine/Content/EngineMaterials/Substrate/Glints2/dict_0000_0040.uasset" 7650
"../../../Engine/Content/EngineMaterials/Substrate/Glints2/dict_0000_0041.uasset" 7651
"../../../Engine/Content/EngineMaterials/Substrate/Glints2/dict_0000_0034.uasset" 7652
"../../../Engine/Content/EngineMaterials/Substrate/Glints2/dict_0000_0042.uasset" 7653
"../../../Engine/Content/EngineMaterials/Substrate/Glints2/dict_0000_0037.uasset" 7654
"../../../Engine/Content/EngineMaterials/Substrate/Glints2/dict_0000_0044.uasset" 7655
"../../../Engine/Content/EngineMaterials/Substrate/Glints2/dict_0000_0039.uasset" 7656
"../../../Engine/Content/EngineMaterials/Substrate/Glints2/dict_0000_0032.uasset" 7657
"../../../Engine/Content/EngineMaterials/Substrate/Glints2/dict_0000_0036.uasset" 7658
"../../../Engine/Content/EngineMaterials/Substrate/Glints2/dict_0000_0043.uasset" 7659
"../../../Engine/Content/EngineMaterials/Substrate/Glints2/dict_0000_0045.uasset" 7660
"/Engine/EngineMaterials/Substrate/Glints2/dict_0000_0042" 7661
"/Engine/EngineMaterials/Substrate/Glints2/dict_0000_0041" 7662
"/Engine/EngineMaterials/Substrate/Glints2/dict_0000_0040" 7663
"/Engine/EngineMaterials/Substrate/Glints2/dict_0000_0038" 7664
"/Engine/EngineMaterials/Substrate/Glints2/dict_0000_0037" 7665
"/Engine/EngineMaterials/Substrate/Glints2/dict_0000_0035" 7666
"/Engine/EngineMaterials/Substrate/Glints2/dict_0000_0034" 7667
"/Engine/EngineMaterials/Substrate/Glints2/dict_0000_0033" 7668
"/Engine/EngineMaterials/Substrate/Glints2/dict_0000_0031" 7669
"/Engine/EngineMaterials/Substrate/Glints2/dict_0000_0030" 7670
"/Engine/EngineMaterials/Substrate/Glints2/dict_0000_0029" 7671
"/Engine/EngineMaterials/Substrate/Glints2/dict_0000_0028" 7672
"/Engine/EngineMaterials/Substrate/Glints2/dict_0000_0027" 7673
"/Engine/EngineMaterials/Substrate/Glints2/dict_0000_0026" 7674
"/Engine/EngineMaterials/Substrate/Glints2/dict_0000_0025" 7675
"/Engine/EngineMaterials/Substrate/Glints2/dict_0000_0024" 7676
"/Engine/EngineMaterials/Substrate/Glints2/dict_0000_0023" 7677
"/Engine/EngineMaterials/Substrate/Glints2/dict_0000_0022" 7678
"/Engine/EngineMaterials/Substrate/Glints2/dict_0000_0021" 7679
"/Engine/EngineMaterials/Substrate/Glints2/dict_0000_0020" 7680
"/Engine/EngineMaterials/Substrate/Glints2/dict_0000_0019" 7681
"/Engine/EngineMaterials/Substrate/Glints2/dict_0000_0018" 7682
"/Engine/EngineMaterials/Substrate/Glints2/dict_0000_0017" 7683
"/Engine/EngineMaterials/Substrate/Glints2/dict_0000_0016" 7684
"/Engine/EngineMaterials/Substrate/Glints2/dict_0000_0015" 7685
"/Engine/EngineMaterials/Substrate/Glints2/dict_0000_0014" 7686
"../../../Engine/Content/EngineMaterials/Substrate/Glints2/dict_0000_0051.uasset" 7687
"../../../Engine/Content/EngineMaterials/Substrate/Glints2/dict_0000_0050.uasset" 7688
"../../../Engine/Content/EngineMaterials/Substrate/Glints2/dict_0000_0047.uasset" 7689
"../../../Engine/Content/EngineMaterials/Substrate/Glints2/dict_0000_0057.uasset" 7690
"../../../Engine/Content/EngineMaterials/Substrate/Glints2/dict_0000_0052.uasset" 7691
"../../../Engine/Content/EngineMaterials/Substrate/Glints2/dict_0000_0058.uasset" 7692
"../../../Engine/Content/EngineMaterials/Substrate/Glints2/dict_0000_0053.uasset" 7693
"../../../Engine/Content/EngineMaterials/Substrate/Glints2/dict_0000_0046.uasset" 7694
"../../../Engine/Content/EngineMaterials/Substrate/Glints2/dict_0000_0054.uasset" 7695
"../../../Engine/Content/EngineMaterials/Substrate/Glints2/dict_0000_0048.uasset" 7696
"../../../Engine/Content/EngineMaterials/Substrate/Glints2/dict_0000_0055.uasset" 7697
"../../../Engine/Content/EngineMaterials/Substrate/Glints2/dict_0000_0056.uasset" 7698
"../../../Engine/Content/EngineMaterials/Substrate/Glints2/dict_0000_0049.uasset" 7699
"/Engine/EngineMaterials/Substrate/Glints2/dict_0000_0044" 7700
"../../../Engine/Content/EngineMaterials/Substrate/Glints2/dict_0000_0059.uasset" 7701
"../../../Engine/Content/EngineMaterials/Substrate/Glints2/dict_0000_0062.uasset" 7702
"../../../Engine/Content/EngineMaterials/Substrate/Glints2/dict_0000_0061.uasset" 7703
"../../../Engine/Content/EngineMaterials/Substrate/Glints2/dict_0000_0064.uasset" 7704
"../../../Engine/Content/EngineMaterials/Substrate/Glints2/dict_0000_0065.uasset" 7705
"../../../Engine/Content/EngineMaterials/Substrate/Glints2/dict_0000_0066.uasset" 7706
"../../../Engine/Content/EngineMaterials/Substrate/Glints2/dict_0000_0060.uasset" 7707
"../../../Engine/Content/EngineMaterials/Substrate/Glints2/dict_0000_0067.uasset" 7708
"../../../Engine/Content/EngineMaterials/Substrate/Glints2/dict_0000_0063.uasset" 7709
"../../../Engine/Content/EngineMaterials/Substrate/Glints2/dict_0000_0068.uasset" 7710
"../../../Engine/Content/EngineMaterials/Substrate/Glints2/dict_0000_0069.uasset" 7711
"../../../Engine/Content/EngineMaterials/Substrate/Glints2/dict_0000_0070.uasset" 7712
"../../../Engine/Content/EngineMaterials/Substrate/Glints2/dict_0000_0071.uasset" 7713
"/Engine/EngineMaterials/Substrate/Glints2/dict_0000_0043" 7714
"/Engine/EngineMaterials/Substrate/Glints2/dict_0000_0039" 7715
"/Engine/EngineMaterials/Substrate/Glints2/dict_0000_0036" 7716
"/Engine/EngineMaterials/Substrate/Glints2/dict_0000_0032" 7717
"/Engine/EngineMaterials/Substrate/Glints2/dict_0000_0045" 7718
"/Engine/EngineMaterials/Substrate/Glints2/dict_0000_0047" 7719
"../../../Engine/Content/EngineMaterials/Substrate/Glints2/dict_0000_0072.uasset" 7720
"../../../Engine/Content/EngineMaterials/Substrate/Glints2/dict_0000_0073.uasset" 7721
"../../../Engine/Content/EngineMaterials/Substrate/Glints2/dict_0000_0075.uasset" 7722
"../../../Engine/Content/EngineMaterials/Substrate/Glints2/dict_0000_0077.uasset" 7723
"../../../Engine/Content/EngineMaterials/Substrate/Glints2/dict_0000_0076.uasset" 7724
"../../../Engine/Content/EngineMaterials/Substrate/Glints2/dict_0000_0074.uasset" 7725
"../../../Engine/Content/EngineMaterials/Substrate/Glints2/dict_0000_0078.uasset" 7726
"/Engine/EngineMaterials/Substrate/Glints2/dict_0000_0071" 7727
"/Engine/EngineMaterials/Substrate/Glints2/dict_0000_0070" 7728
"/Engine/EngineMaterials/Substrate/Glints2/dict_0000_0069" 7729
"/Engine/EngineMaterials/Substrate/Glints2/dict_0000_0068" 7730
"/Engine/EngineMaterials/Substrate/Glints2/dict_0000_0067" 7731
"/Engine/EngineMaterials/Substrate/Glints2/dict_0000_0066" 7732
"/Engine/EngineMaterials/Substrate/Glints2/dict_0000_0065" 7733
"/Engine/EngineMaterials/Substrate/Glints2/dict_0000_0064" 7734
"/Engine/EngineMaterials/Substrate/Glints2/dict_0000_0063" 7735
"/Engine/EngineMaterials/Substrate/Glints2/dict_0000_0062" 7736
"/Engine/EngineMaterials/Substrate/Glints2/dict_0000_0061" 7737
"/Engine/EngineMaterials/Substrate/Glints2/dict_0000_0060" 7738
"/Engine/EngineMaterials/Substrate/Glints2/dict_0000_0059" 7739
"/Engine/EngineMaterials/Substrate/Glints2/dict_0000_0058" 7740
"/Engine/EngineMaterials/Substrate/Glints2/dict_0000_0057" 7741
"/Engine/EngineMaterials/Substrate/Glints2/dict_0000_0056" 7742
"/Engine/EngineMaterials/Substrate/Glints2/dict_0000_0055" 7743
"/Engine/EngineMaterials/Substrate/Glints2/dict_0000_0054" 7744
"/Engine/EngineMaterials/Substrate/Glints2/dict_0000_0053" 7745
"/Engine/EngineMaterials/Substrate/Glints2/dict_0000_0052" 7746
"/Engine/EngineMaterials/Substrate/Glints2/dict_0000_0051" 7747
"/Engine/EngineMaterials/Substrate/Glints2/dict_0000_0050" 7748
"/Engine/EngineMaterials/Substrate/Glints2/dict_0000_0049" 7749
"/Engine/EngineMaterials/Substrate/Glints2/dict_0000_0048" 7750
"/Engine/EngineMaterials/Substrate/Glints2/dict_0000_0072" 7751
"/Engine/EngineMaterials/Substrate/Glints2/dict_0000_0046" 7752
"../../../Engine/Content/EngineMaterials/Substrate/Glints2/dict_0000_0084.uasset" 7753
"../../../Engine/Content/EngineMaterials/Substrate/Glints2/dict_0000_0079.uasset" 7754
"../../../Engine/Content/EngineMaterials/Substrate/Glints2/dict_0000_0088.uasset" 7755
"../../../Engine/Content/EngineMaterials/Substrate/Glints2/dict_0000_0089.uasset" 7756
"../../../Engine/Content/EngineMaterials/Substrate/Glints2/dict_0000_0091.uasset" 7757
"../../../Engine/Content/EngineMaterials/Substrate/Glints2/dict_0000_0080.uasset" 7758
"../../../Engine/Content/EngineMaterials/Substrate/Glints2/dict_0000_0092.uasset" 7759
"../../../Engine/Content/EngineMaterials/Substrate/Glints2/dict_0000_0087.uasset" 7760
"../../../Engine/Content/EngineMaterials/Substrate/Glints2/dict_0000_0086.uasset" 7761
"../../../Engine/Content/EngineMaterials/Substrate/Glints2/dict_0000_0081.uasset" 7762
"../../../Engine/Content/EngineMaterials/Substrate/Glints2/dict_0000_0085.uasset" 7763
"../../../Engine/Content/EngineMaterials/Substrate/Glints2/dict_0000_0093.uasset" 7764
"../../../Engine/Content/EngineMaterials/Substrate/Glints2/dict_0000_0090.uasset" 7765
"../../../Engine/Content/EngineMaterials/Substrate/Glints2/dict_0000_0095.uasset" 7766
"../../../Engine/Content/EngineMaterials/Substrate/Glints2/dict_0000_0097.uasset" 7767
"../../../Engine/Content/EngineMaterials/Substrate/Glints2/dict_0000_0082.uasset" 7768
"../../../Engine/Content/EngineMaterials/Substrate/Glints2/dict_0000_0096.uasset" 7769
"../../../Engine/Content/EngineMaterials/Substrate/Glints2/dict_0000_0101.uasset" 7770
"../../../Engine/Content/EngineMaterials/Substrate/Glints2/dict_0000_0102.uasset" 7771
"../../../Engine/Content/EngineMaterials/Substrate/Glints2/dict_0000_0094.uasset" 7772
"/Engine/EngineMaterials/Substrate/Glints2/dict_0000_0078" 7773
"../../../Engine/Content/EngineMaterials/Substrate/Glints2/dict_0000_0099.uasset" 7774
"../../../Engine/Content/EngineMaterials/Substrate/Glints2/dict_0000_0104.uasset" 7775
"../../../Engine/Content/EngineMaterials/Substrate/Glints2/dict_0000_0103.uasset" 7776
"../../../Engine/Content/EngineMaterials/Substrate/Glints2/dict_0000_0083.uasset" 7777
"../../../Engine/Content/EngineMaterials/Substrate/Glints2/dict_0000_0100.uasset" 7778
"../../../Engine/Content/EngineMaterials/Substrate/Glints2/dict_0000_0098.uasset" 7779
"/Engine/EngineMaterials/Substrate/Glints2/dict_0000_0077" 7780
"/Engine/EngineMaterials/Substrate/Glints2/dict_0000_0076" 7781
"/Engine/EngineMaterials/Substrate/Glints2/dict_0000_0075" 7782
"/Engine/EngineMaterials/Substrate/Glints2/dict_0000_0074" 7783
"/Engine/EngineMaterials/Substrate/Glints2/dict_0000_0092" 7784
"/Engine/EngineMaterials/Substrate/Glints2/dict_0000_0091" 7785
"/Engine/EngineMaterials/Substrate/Glints2/dict_0000_0089" 7786
"/Engine/EngineMaterials/Substrate/Glints2/dict_0000_0088" 7787
"/Engine/EngineMaterials/Substrate/Glints2/dict_0000_0087" 7788
"/Engine/EngineMaterials/Substrate/Glints2/dict_0000_0073" 7789
"/Engine/EngineMaterials/Substrate/Glints2/dict_0000_0086" 7790
"/Engine/EngineMaterials/Substrate/Glints2/dict_0000_0084" 7791
"/Engine/EngineMaterials/Substrate/Glints2/dict_0000_0081" 7792
"/Engine/EngineMaterials/Substrate/Glints2/dict_0000_0080" 7793
"/Engine/EngineMaterials/Substrate/Glints2/dict_0000_0079" 7794
"../../../Engine/Content/EngineMaterials/Substrate/Glints2/dict_0000_0105.uasset" 7795
"../../../Engine/Content/EngineMaterials/Substrate/Glints2/dict_0000_0106.uasset" 7796
"../../../Engine/Content/EngineMaterials/Substrate/Glints2/dict_0000_0109.uasset" 7797
"../../../Engine/Content/EngineMaterials/Substrate/Glints2/dict_0000_0113.uasset" 7798
"../../../Engine/Content/EngineMaterials/Substrate/Glints2/dict_0000_0107.uasset" 7799
"../../../Engine/Content/EngineMaterials/Substrate/Glints2/dict_0000_0114.uasset" 7800
"../../../Engine/Content/EngineMaterials/Substrate/Glints2/dict_0000_0117.uasset" 7801
"../../../Engine/Content/EngineMaterials/Substrate/Glints2/dict_0000_0111.uasset" 7802
"../../../Engine/Content/EngineMaterials/Substrate/Glints2/dict_0000_0110.uasset" 7803
"../../../Engine/Content/EngineMaterials/Substrate/Glints2/dict_0000_0112.uasset" 7804
"../../../Engine/Content/EngineMaterials/Substrate/Glints2/dict_0000_0115.uasset" 7805
"../../../Engine/Content/EngineMaterials/Substrate/Glints2/dict_0000_0116.uasset" 7806
"../../../Engine/Content/EngineMaterials/Substrate/Glints2/dict_0000_0108.uasset" 7807
"../../../Engine/Content/EngineMaterials/Substrate/Glints2/dict_0000_0120.uasset" 7808
"../../../Engine/Content/EngineMaterials/Substrate/Glints2/dict_0000_0119.uasset" 7809
"/Engine/EngineMaterials/Substrate/Glints2/dict_0000_0104" 7810
"../../../Engine/Content/EngineMaterials/Substrate/Glints2/dict_0000_0118.uasset" 7811
"/Engine/EngineMaterials/Substrate/Glints2/dict_0000_0103" 7812
"/Engine/EngineMaterials/Substrate/Glints2/dict_0000_0102" 7813
"/Engine/EngineMaterials/Substrate/Glints2/dict_0000_0101" 7814
"/Engine/EngineMaterials/Substrate/Glints2/dict_0000_0100" 7815
"/Engine/EngineMaterials/Substrate/Glints2/dict_0000_0099" 7816
"/Engine/EngineMaterials/Substrate/Glints2/dict_0000_0098" 7817
"/Engine/EngineMaterials/Substrate/Glints2/dict_0000_0097" 7818
"/Engine/EngineMaterials/Substrate/Glints2/dict_0000_0096" 7819
"/Engine/EngineMaterials/Substrate/Glints2/dict_0000_0095" 7820
"/Engine/EngineMaterials/Substrate/Glints2/dict_0000_0094" 7821
"/Engine/EngineMaterials/Substrate/Glints2/dict_0000_0093" 7822
"/Engine/EngineMaterials/Substrate/Glints2/dict_0000_0090" 7823
"/Engine/EngineMaterials/Substrate/Glints2/dict_0000_0109" 7824
"/Engine/EngineMaterials/Substrate/Glints2/dict_0000_0085" 7825
"/Engine/EngineMaterials/Substrate/Glints2/dict_0000_0083" 7826
"/Engine/EngineMaterials/Substrate/Glints2/dict_0000_0082" 7827
"/Engine/EngineMaterials/Substrate/Glints2/dict_0000_0107" 7828
"/Engine/EngineMaterials/Substrate/Glints2/dict_0000_0106" 7829
"/Engine/EngineMaterials/Substrate/Glints2/dict_0000_0105" 7830
"../../../Engine/Content/EngineMaterials/Substrate/Glints2/dict_0000_0123.uasset" 7831
"../../../Engine/Content/EngineMaterials/Substrate/Glints2/dict_0000_0122.uasset" 7832
"../../../Engine/Content/EngineMaterials/Substrate/Glints2/dict_0000_0126.uasset" 7833
"../../../Engine/Content/EngineMaterials/Substrate/Glints2/dict_0000_0128.uasset" 7834
"../../../Engine/Content/EngineMaterials/Substrate/Glints2/dict_0000_0129.uasset" 7835
"../../../Engine/Content/EngineMaterials/Substrate/Glints2/dict_0000_0132.uasset" 7836
"../../../Engine/Content/EngineMaterials/Substrate/Glints2/dict_0000_0133.uasset" 7837
"../../../Engine/Content/EngineMaterials/Substrate/Glints2/dict_0000_0127.uasset" 7838
"../../../Engine/Content/EngineMaterials/Substrate/Glints2/dict_0000_0124.uasset" 7839
"../../../Engine/Content/EngineMaterials/Substrate/Glints2/dict_0000_0135.uasset" 7840
"../../../Engine/Content/EngineMaterials/Substrate/Glints2/dict_0000_0121.uasset" 7841
"../../../Engine/Content/EngineMaterials/Substrate/Glints2/dict_0000_0137.uasset" 7842
"../../../Engine/Content/EngineMaterials/Substrate/Glints2/dict_0000_0138.uasset" 7843
"../../../Engine/Content/EngineMaterials/Substrate/Glints2/dict_0000_0139.uasset" 7844
"../../../Engine/Content/EngineMaterials/Substrate/Glints2/dict_0000_0136.uasset" 7845
"../../../Engine/Content/EngineMaterials/Substrate/Glints2/dict_0000_0125.uasset" 7846
"/Engine/EngineMaterials/Substrate/Glints2/dict_0000_0120" 7847
"../../../Engine/Content/EngineMaterials/Substrate/Glints2/dict_0000_0130.uasset" 7848
"../../../Engine/Content/EngineMaterials/Substrate/Glints2/dict_0000_0134.uasset" 7849
"../../../Engine/Content/EngineMaterials/Substrate/Glints2/dict_0000_0131.uasset" 7850
"../../../Engine/Content/EngineMaterials/Substrate/Glints2/dict_0000_0140.uasset" 7851
"/Engine/EngineMaterials/Substrate/Glints2/dict_0000_0119" 7852
"/Engine/EngineMaterials/Substrate/Glints2/dict_0000_0118" 7853
"/Engine/EngineMaterials/Substrate/Glints2/dict_0000_0117" 7854
"/Engine/EngineMaterials/Substrate/Glints2/dict_0000_0116" 7855
"/Engine/EngineMaterials/Substrate/Glints2/dict_0000_0115" 7856
"/Engine/EngineMaterials/Substrate/Glints2/dict_0000_0114" 7857
"/Engine/EngineMaterials/Substrate/Glints2/dict_0000_0128" 7858
"/Engine/EngineMaterials/Substrate/Glints2/dict_0000_0113" 7859
"/Engine/EngineMaterials/Substrate/Glints2/dict_0000_0112" 7860
"/Engine/EngineMaterials/Substrate/Glints2/dict_0000_0111" 7861
"/Engine/EngineMaterials/Substrate/Glints2/dict_0000_0110" 7862
"/Engine/EngineMaterials/Substrate/Glints2/dict_0000_0126" 7863
"/Engine/EngineMaterials/Substrate/Glints2/dict_0000_0108" 7864
"/Engine/EngineMaterials/Substrate/Glints2/dict_0000_0123" 7865
"/Engine/EngineMaterials/Substrate/Glints2/dict_0000_0122" 7866
"../../../Engine/Content/EngineMaterials/Substrate/Glints2/dict_0000_0143.uasset" 7867
"../../../Engine/Content/EngineMaterials/Substrate/Glints2/dict_0000_0146.uasset" 7868
"../../../Engine/Content/EngineMaterials/Substrate/Glints2/dict_0000_0144.uasset" 7869
"../../../Engine/Content/EngineMaterials/Substrate/Glints2/dict_0000_0148.uasset" 7870
"../../../Engine/Content/EngineMaterials/Substrate/Glints2/dict_0000_0152.uasset" 7871
"../../../Engine/Content/EngineMaterials/Substrate/Glints2/dict_0000_0154.uasset" 7872
"../../../Engine/Content/EngineMaterials/Substrate/Glints2/dict_0000_0153.uasset" 7873
"../../../Engine/Content/EngineMaterials/Substrate/Glints2/dict_0000_0147.uasset" 7874
"../../../Engine/Content/EngineMaterials/Substrate/Glints2/dict_0000_0142.uasset" 7875
"/Engine/EngineMaterials/Substrate/Glints2/dict_0000_0140" 7876
"../../../Engine/Content/EngineMaterials/Substrate/Glints2/dict_0000_0155.uasset" 7877
"../../../Engine/Content/EngineMaterials/Substrate/Glints2/dict_0000_0149.uasset" 7878
"../../../Engine/Content/EngineMaterials/Substrate/Glints2/dict_0000_0156.uasset" 7879
"../../../Engine/Content/EngineMaterials/Substrate/Glints2/dict_0000_0145.uasset" 7880
"../../../Engine/Content/EngineMaterials/Substrate/Glints2/dict_0000_0151.uasset" 7881
"../../../Engine/Content/EngineMaterials/Substrate/Glints2/dict_0000_0150.uasset" 7882
"../../../Engine/Content/EngineMaterials/Substrate/Glints2/dict_0000_0141.uasset" 7883
"/Engine/EngineMaterials/Substrate/Glints2/dict_0000_0139" 7884
"/Engine/EngineMaterials/Substrate/Glints2/dict_0000_0138" 7885
"/Engine/EngineMaterials/Substrate/Glints2/dict_0000_0137" 7886
"/Engine/EngineMaterials/Substrate/Glints2/dict_0000_0136" 7887
"/Engine/EngineMaterials/Substrate/Glints2/dict_0000_0135" 7888
"/Engine/EngineMaterials/Substrate/Glints2/dict_0000_0134" 7889
"/Engine/EngineMaterials/Substrate/Glints2/dict_0000_0133" 7890
"/Engine/EngineMaterials/Substrate/Glints2/dict_0000_0132" 7891
"/Engine/EngineMaterials/Substrate/Glints2/dict_0000_0131" 7892
"/Engine/EngineMaterials/Substrate/Glints2/dict_0000_0130" 7893
"/Engine/EngineMaterials/Substrate/Glints2/dict_0000_0129" 7894
"/Engine/EngineMaterials/Substrate/Glints2/dict_0000_0127" 7895
"/Engine/EngineMaterials/Substrate/Glints2/dict_0000_0125" 7896
"/Engine/EngineMaterials/Substrate/Glints2/dict_0000_0124" 7897
"/Engine/EngineMaterials/Substrate/Glints2/dict_0000_0121" 7898
"../../../Engine/Content/EngineMaterials/Substrate/Glints2/dict_0000_0158.uasset" 7899
"../../../Engine/Content/EngineMaterials/Substrate/Glints2/dict_0000_0157.uasset" 7900
"../../../Engine/Content/EngineMaterials/Substrate/Glints2/dict_0000_0160.uasset" 7901
"../../../Engine/Content/EngineMaterials/Substrate/Glints2/dict_0000_0161.uasset" 7902
"../../../Engine/Content/EngineMaterials/Substrate/Glints2/dict_0000_0162.uasset" 7903
"../../../Engine/Content/EngineMaterials/Substrate/Glints2/dict_0000_0164.uasset" 7904
"../../../Engine/Content/EngineMaterials/Substrate/Glints2/dict_0000_0163.uasset" 7905
"../../../Engine/Content/EngineMaterials/Substrate/Glints2/dict_0000_0159.uasset" 7906
"../../../Engine/Content/EngineMaterials/Substrate/Glints2/dict_0000_0165.uasset" 7907
"../../../Engine/Content/EngineMaterials/Substrate/Glints2/dict_0000_0168.uasset" 7908
"../../../Engine/Content/EngineMaterials/Substrate/Glints2/dict_0000_0170.uasset" 7909
"../../../Engine/Content/EngineMaterials/Substrate/Glints2/dict_0000_0169.uasset" 7910
"../../../Engine/Content/EngineMaterials/Substrate/Glints2/dict_0000_0171.uasset" 7911
"../../../Engine/Content/EngineMaterials/Substrate/Glints2/dict_0000_0172.uasset" 7912
"../../../Engine/Content/EngineMaterials/Substrate/Glints2/dict_0000_0166.uasset" 7913
"/Engine/EngineMaterials/Substrate/Glints2/dict_0000_0156" 7914
"../../../Engine/Content/EngineMaterials/Substrate/Glints2/dict_0000_0167.uasset" 7915
"/Engine/EngineMaterials/Substrate/Glints2/dict_0000_0155" 7916
"/Engine/EngineMaterials/Substrate/Glints2/dict_0000_0154" 7917
"/Engine/EngineMaterials/Substrate/Glints2/dict_0000_0153" 7918
"/Engine/EngineMaterials/Substrate/Glints2/dict_0000_0152" 7919
"/Engine/EngineMaterials/Substrate/Glints2/dict_0000_0151" 7920
"/Engine/EngineMaterials/Substrate/Glints2/dict_0000_0150" 7921
"/Engine/EngineMaterials/Substrate/Glints2/dict_0000_0149" 7922
"/Engine/EngineMaterials/Substrate/Glints2/dict_0000_0148" 7923
"/Engine/EngineMaterials/Substrate/Glints2/dict_0000_0147" 7924
"/Engine/EngineMaterials/Substrate/Glints2/dict_0000_0146" 7925
"/Engine/EngineMaterials/Substrate/Glints2/dict_0000_0145" 7926
"/Engine/EngineMaterials/Substrate/Glints2/dict_0000_0160" 7927
"/Engine/EngineMaterials/Substrate/Glints2/dict_0000_0144" 7928
"/Engine/EngineMaterials/Substrate/Glints2/dict_0000_0143" 7929
"/Engine/EngineMaterials/Substrate/Glints2/dict_0000_0158" 7930
"/Engine/EngineMaterials/Substrate/Glints2/dict_0000_0142" 7931
"/Engine/EngineMaterials/Substrate/Glints2/dict_0000_0141" 7932
"/Engine/EngineMaterials/Substrate/Glints2/dict_0000_0157" 7933
"../../../Engine/Content/EngineMaterials/Substrate/Glints2/dict_0000_0178.uasset" 7934
"../../../Engine/Content/EngineMaterials/Substrate/Glints2/dict_0000_0173.uasset" 7935
"../../../Engine/Content/EngineMaterials/Substrate/Glints2/dict_0000_0174.uasset" 7936
"../../../Engine/Content/EngineMaterials/Substrate/Glints2/dict_0000_0180.uasset" 7937
"../../../Engine/Content/EngineMaterials/Substrate/Glints2/dict_0000_0186.uasset" 7938
"../../../Engine/Content/EngineMaterials/Substrate/Glints2/dict_0000_0175.uasset" 7939
"../../../Engine/Content/EngineMaterials/Substrate/Glints2/dict_0000_0181.uasset" 7940
"../../../Engine/Content/EngineMaterials/Substrate/Glints2/dict_0000_0177.uasset" 7941
"../../../Engine/Content/EngineMaterials/Substrate/Glints2/dict_0000_0179.uasset" 7942
"../../../Engine/Content/EngineMaterials/Substrate/Glints2/dict_0000_0182.uasset" 7943
"../../../Engine/Content/EngineMaterials/Substrate/Glints2/dict_0000_0184.uasset" 7944
"../../../Engine/Content/EngineMaterials/Substrate/Glints2/dict_0000_0188.uasset" 7945
"../../../Engine/Content/EngineMaterials/Substrate/Glints2/dict_0000_0176.uasset" 7946
"../../../Engine/Content/EngineMaterials/Substrate/Glints2/dict_0000_0191.uasset" 7947
"../../../Engine/Content/EngineMaterials/Substrate/Glints2/dict_0000_0185.uasset" 7948
"../../../Engine/Content/EngineMaterials/Substrate/Glints2/dict_0000_0183.uasset" 7949
"/Engine/EngineMaterials/Substrate/Glints2/dict_0000_0172" 7950
"../../../Engine/Content/EngineMaterials/Substrate/Glints2/dict_0000_0189.uasset" 7951
"../../../Engine/Content/EngineMaterials/Substrate/Glints2/dict_0000_0190.uasset" 7952
"../../../Engine/Content/EngineMaterials/Substrate/Glints2/dict_0000_0187.uasset" 7953
"/Engine/EngineMaterials/Substrate/Glints2/dict_0000_0171" 7954
"/Engine/EngineMaterials/Substrate/Glints2/dict_0000_0170" 7955
"/Engine/EngineMaterials/Substrate/Glints2/dict_0000_0169" 7956
"/Engine/EngineMaterials/Substrate/Glints2/dict_0000_0168" 7957
"/Engine/EngineMaterials/Substrate/Glints2/dict_0000_0167" 7958
"/Engine/EngineMaterials/Substrate/Glints2/dict_0000_0166" 7959
"/Engine/EngineMaterials/Substrate/Glints2/dict_0000_0165" 7960
"/Engine/EngineMaterials/Substrate/Glints2/dict_0000_0164" 7961
"/Engine/EngineMaterials/Substrate/Glints2/dict_0000_0163" 7962
"/Engine/EngineMaterials/Substrate/Glints2/dict_0000_0162" 7963
"/Engine/EngineMaterials/Substrate/Glints2/dict_0000_0161" 7964
"/Engine/EngineMaterials/Substrate/Glints2/dict_0000_0159" 7965
"/Engine/EngineMaterials/Substrate/Glints2/dict_0000_0174" 7966
"../../../Engine/Content/EngineMaterials/Substrate/Glints2/dict_0000_0197.uasset" 7967
"../../../Engine/Content/EngineMaterials/Substrate/Glints2/dict_0000_0192.uasset" 7968
"../../../Engine/Content/EngineMaterials/Substrate/Glints2/dict_0000_0193.uasset" 7969
"../../../Engine/Content/EngineMaterials/Substrate/Glints2/dict_0000_0200.uasset" 7970
"../../../Engine/Content/EngineMaterials/Substrate/Glints2/dict_0000_0201.uasset" 7971
"../../../Engine/Content/EngineMaterials/Substrate/Glints2/dict_0000_0203.uasset" 7972
"../../../Engine/Content/EngineMaterials/Substrate/Glints2/dict_0000_0196.uasset" 7973
"../../../Engine/Content/EngineMaterials/Substrate/Glints2/dict_0000_0205.uasset" 7974
"../../../Engine/Content/EngineMaterials/Substrate/Glints2/dict_0000_0195.uasset" 7975
"../../../Engine/Content/EngineMaterials/Substrate/Glints2/dict_0000_0198.uasset" 7976
"../../../Engine/Content/EngineMaterials/Substrate/Glints2/dict_0000_0202.uasset" 7977
"../../../Engine/Content/EngineMaterials/Substrate/Glints2/dict_0000_0199.uasset" 7978
"/Engine/EngineMaterials/Substrate/Glints2/dict_0000_0191" 7979
"../../../Engine/Content/EngineMaterials/Substrate/Glints2/dict_0000_0204.uasset" 7980
"../../../Engine/Content/EngineMaterials/Substrate/Glints2/dict_0000_0194.uasset" 7981
"/Engine/EngineMaterials/Substrate/Glints2/dict_0000_0190" 7982
"/Engine/EngineMaterials/Substrate/Glints2/dict_0000_0189" 7983
"/Engine/EngineMaterials/Substrate/Glints2/dict_0000_0188" 7984
"/Engine/EngineMaterials/Substrate/Glints2/dict_0000_0187" 7985
"/Engine/EngineMaterials/Substrate/Glints2/dict_0000_0186" 7986
"/Engine/EngineMaterials/Substrate/Glints2/dict_0000_0185" 7987
"/Engine/EngineMaterials/Substrate/Glints2/dict_0000_0184" 7988
"/Engine/EngineMaterials/Substrate/Glints2/dict_0000_0183" 7989
"/Engine/EngineMaterials/Substrate/Glints2/dict_0000_0182" 7990
"/Engine/EngineMaterials/Substrate/Glints2/dict_0000_0181" 7991
"/Engine/EngineMaterials/Substrate/Glints2/dict_0000_0180" 7992
"/Engine/EngineMaterials/Substrate/Glints2/dict_0000_0179" 7993
"/Engine/EngineMaterials/Substrate/Glints2/dict_0000_0178" 7994
"/Engine/EngineMaterials/Substrate/Glints2/dict_0000_0177" 7995
"/Engine/EngineMaterials/Substrate/Glints2/dict_0000_0176" 7996
"/Engine/EngineMaterials/Substrate/Glints2/dict_0000_0175" 7997
"/Engine/EngineMaterials/Substrate/Glints2/dict_0000_0192" 7998
"/Engine/EngineMaterials/Substrate/Glints2/dict_0000_0173" 7999
"../../../Engine/Content/EngineMaterials/Substrate/Glints2/dict_0000_0207.uasset" 8000
"../../../Engine/Content/EngineMaterials/Substrate/Glints2/dict_0000_0206.uasset" 8001
"../../../Engine/Content/EngineMaterials/Substrate/Glints2/dict_0000_0211.uasset" 8002
"../../../Engine/Content/EngineMaterials/Substrate/Glints2/dict_0000_0213.uasset" 8003
"../../../Engine/Content/EngineMaterials/Substrate/Glints2/dict_0000_0214.uasset" 8004
"../../../Engine/Content/EngineMaterials/Substrate/Glints2/dict_0000_0216.uasset" 8005
"../../../Engine/Content/EngineMaterials/Substrate/Glints2/dict_0000_0219.uasset" 8006
"../../../Engine/Content/EngineMaterials/Substrate/Glints2/dict_0000_0218.uasset" 8007
"../../../Engine/Content/EngineMaterials/Substrate/Glints2/dict_0000_0220.uasset" 8008
"../../../Engine/Content/EngineMaterials/Substrate/Glints2/dict_0000_0210.uasset" 8009
"../../../Engine/Content/EngineMaterials/Substrate/Glints2/dict_0000_0215.uasset" 8010
"../../../Engine/Content/EngineMaterials/Substrate/Glints2/dict_0000_0221.uasset" 8011
"../../../Engine/Content/EngineMaterials/Substrate/Glints2/dict_0000_0223.uasset" 8012
"../../../Engine/Content/EngineMaterials/Substrate/Glints2/dict_0000_0224.uasset" 8013
"../../../Engine/Content/EngineMaterials/Substrate/Glints2/dict_0000_0209.uasset" 8014
"../../../Engine/Content/EngineMaterials/Substrate/Glints2/dict_0000_0217.uasset" 8015
"/Engine/EngineMaterials/Substrate/Glints2/dict_0000_0205" 8016
"../../../Engine/Content/EngineMaterials/Substrate/Glints2/dict_0000_0208.uasset" 8017
"../../../Engine/Content/EngineMaterials/Substrate/Glints2/dict_0000_0212.uasset" 8018
"../../../Engine/Content/EngineMaterials/Substrate/Glints2/dict_0000_0222.uasset" 8019
"/Engine/EngineMaterials/Substrate/Glints2/dict_0000_0204" 8020
"/Engine/EngineMaterials/Substrate/Glints2/dict_0000_0203" 8021
"/Engine/EngineMaterials/Substrate/Glints2/dict_0000_0202" 8022
"/Engine/EngineMaterials/Substrate/Glints2/dict_0000_0201" 8023
"/Engine/EngineMaterials/Substrate/Glints2/dict_0000_0200" 8024
"/Engine/EngineMaterials/Substrate/Glints2/dict_0000_0199" 8025
"/Engine/EngineMaterials/Substrate/Glints2/dict_0000_0198" 8026
"/Engine/EngineMaterials/Substrate/Glints2/dict_0000_0197" 8027
"/Engine/EngineMaterials/Substrate/Glints2/dict_0000_0196" 8028
"/Engine/EngineMaterials/Substrate/Glints2/dict_0000_0195" 8029
"/Engine/EngineMaterials/Substrate/Glints2/dict_0000_0194" 8030
"/Engine/EngineMaterials/Substrate/Glints2/dict_0000_0216" 8031
"/Engine/EngineMaterials/Substrate/Glints2/dict_0000_0214" 8032
"/Engine/EngineMaterials/Substrate/Glints2/dict_0000_0213" 8033
"/Engine/EngineMaterials/Substrate/Glints2/dict_0000_0211" 8034
"/Engine/EngineMaterials/Substrate/Glints2/dict_0000_0193" 8035
"/Engine/EngineMaterials/Substrate/Glints2/dict_0000_0207" 8036
"/Engine/EngineMaterials/Substrate/Glints2/dict_0000_0206" 8037
"../../../Engine/Content/EngineMaterials/Substrate/Glints2/dict_0000_0225.uasset" 8038
"../../../Engine/Content/EngineMaterials/Substrate/Glints2/dict_0000_0226.uasset" 8039
"../../../Engine/Content/EngineMaterials/Substrate/Glints2/dict_0000_0227.uasset" 8040
"../../../Engine/Content/EngineMaterials/Substrate/Glints2/dict_0000_0231.uasset" 8041
"../../../Engine/Content/EngineMaterials/Substrate/Glints2/dict_0000_0232.uasset" 8042
"../../../Engine/Content/EngineMaterials/Substrate/Glints2/dict_0000_0230.uasset" 8043
"../../../Engine/Content/EngineMaterials/Substrate/Glints2/dict_0000_0235.uasset" 8044
"../../../Engine/Content/EngineMaterials/Substrate/Glints2/dict_0000_0238.uasset" 8045
"../../../Engine/Content/EngineMaterials/Substrate/Glints2/dict_0000_0237.uasset" 8046
"../../../Engine/Content/EngineMaterials/Substrate/Glints2/dict_0000_0233.uasset" 8047
"../../../Engine/Content/EngineMaterials/Substrate/Glints2/dict_0000_0239.uasset" 8048
"../../../Engine/Content/EngineMaterials/Substrate/Glints2/dict_0000_0240.uasset" 8049
"../../../Engine/Content/EngineMaterials/Substrate/Glints2/dict_0000_0241.uasset" 8050
"../../../Engine/Content/EngineMaterials/Substrate/Glints2/dict_0000_0242.uasset" 8051
"../../../Engine/Content/EngineMaterials/Substrate/Glints2/dict_0000_0243.uasset" 8052
"../../../Engine/Content/EngineMaterials/Substrate/Glints2/dict_0000_0236.uasset" 8053
"/Engine/EngineMaterials/Substrate/Glints2/dict_0000_0224" 8054
"../../../Engine/Content/EngineMaterials/Substrate/Glints2/dict_0000_0228.uasset" 8055
"../../../Engine/Content/EngineMaterials/Substrate/Glints2/dict_0000_0234.uasset" 8056
"../../../Engine/Content/EngineMaterials/Substrate/Glints2/dict_0000_0229.uasset" 8057
"/Engine/EngineMaterials/Substrate/Glints2/dict_0000_0223" 8058
"/Engine/EngineMaterials/Substrate/Glints2/dict_0000_0222" 8059
"/Engine/EngineMaterials/Substrate/Glints2/dict_0000_0221" 8060
"/Engine/EngineMaterials/Substrate/Glints2/dict_0000_0220" 8061
"/Engine/EngineMaterials/Substrate/Glints2/dict_0000_0219" 8062
"/Engine/EngineMaterials/Substrate/Glints2/dict_0000_0218" 8063
"/Engine/EngineMaterials/Substrate/Glints2/dict_0000_0217" 8064
"/Engine/EngineMaterials/Substrate/Glints2/dict_0000_0231" 8065
"/Engine/EngineMaterials/Substrate/Glints2/dict_0000_0215" 8066
"/Engine/EngineMaterials/Substrate/Glints2/dict_0000_0212" 8067
"/Engine/EngineMaterials/Substrate/Glints2/dict_0000_0210" 8068
"/Engine/EngineMaterials/Substrate/Glints2/dict_0000_0227" 8069
"/Engine/EngineMaterials/Substrate/Glints2/dict_0000_0209" 8070
"/Engine/EngineMaterials/Substrate/Glints2/dict_0000_0208" 8071
"/Engine/EngineMaterials/Substrate/Glints2/dict_0000_0226" 8072
"/Engine/EngineMaterials/Substrate/Glints2/dict_0000_0225" 8073
"../../../Engine/Content/EngineMaterials/Substrate/Glints2/dict_0000_0244.uasset" 8074
"../../../Engine/Content/EngineMaterials/Substrate/Glints2/dict_0000_0245.uasset" 8075
"../../../Engine/Content/EngineMaterials/Substrate/Glints2/dict_0000_0246.uasset" 8076
"../../../Engine/Content/EngineMaterials/Substrate/Glints2/dict_0000_0250.uasset" 8077
"../../../Engine/Content/EngineMaterials/Substrate/Glints2/dict_0000_0251.uasset" 8078
"../../../Engine/Content/EngineMaterials/Substrate/Glints2/dict_0000_0252.uasset" 8079
"../../../Engine/Content/EngineMaterials/Substrate/Glints2/dict_0000_0253.uasset" 8080
"../../../Engine/Content/EngineMaterials/Substrate/Glints2/dict_0000_0255.uasset" 8081
"../../../Engine/Content/EngineMaterials/Substrate/Glints2/dict_0001_0001.uasset" 8082
"../../../Engine/Content/EngineMaterials/Substrate/Glints2/dict_0000_0249.uasset" 8083
"../../../Engine/Content/EngineMaterials/Substrate/Glints2/dict_0001_0002.uasset" 8084
"../../../Engine/Content/EngineMaterials/Substrate/Glints2/dict_0001_0003.uasset" 8085
"../../../Engine/Content/EngineMaterials/Substrate/Glints2/dict_0000_0254.uasset" 8086
"../../../Engine/Content/EngineMaterials/Substrate/Glints2/dict_0001_0004.uasset" 8087
"../../../Engine/Content/EngineMaterials/Substrate/Glints2/dict_0000_0248.uasset" 8088
"../../../Engine/Content/EngineMaterials/Substrate/Glints2/dict_0001_0000.uasset" 8089
"../../../Engine/Content/EngineMaterials/Substrate/Glints2/dict_0000_0247.uasset" 8090
"/Engine/EngineMaterials/Substrate/Glints2/dict_0000_0243" 8091
"/Engine/EngineMaterials/Substrate/Glints2/dict_0000_0242" 8092
"/Engine/EngineMaterials/Substrate/Glints2/dict_0000_0241" 8093
"/Engine/EngineMaterials/Substrate/Glints2/dict_0000_0240" 8094
"/Engine/EngineMaterials/Substrate/Glints2/dict_0000_0239" 8095
"/Engine/EngineMaterials/Substrate/Glints2/dict_0000_0238" 8096
"/Engine/EngineMaterials/Substrate/Glints2/dict_0000_0237" 8097
"/Engine/EngineMaterials/Substrate/Glints2/dict_0000_0236" 8098
"/Engine/EngineMaterials/Substrate/Glints2/dict_0000_0235" 8099
"/Engine/EngineMaterials/Substrate/Glints2/dict_0000_0234" 8100
"/Engine/EngineMaterials/Substrate/Glints2/dict_0000_0233" 8101
"/Engine/EngineMaterials/Substrate/Glints2/dict_0000_0232" 8102
"/Engine/EngineMaterials/Substrate/Glints2/dict_0000_0252" 8103
"/Engine/EngineMaterials/Substrate/Glints2/dict_0000_0230" 8104
"/Engine/EngineMaterials/Substrate/Glints2/dict_0000_0229" 8105
"/Engine/EngineMaterials/Substrate/Glints2/dict_0000_0250" 8106
"/Engine/EngineMaterials/Substrate/Glints2/dict_0000_0228" 8107
"/Engine/EngineMaterials/Substrate/Glints2/dict_0000_0246" 8108
"/Engine/EngineMaterials/Substrate/Glints2/dict_0000_0245" 8109
"/Engine/EngineMaterials/Substrate/Glints2/dict_0000_0244" 8110
"../../../Engine/Content/EngineMaterials/Substrate/Glints2/dict_0001_0005.uasset" 8111
"../../../Engine/Content/EngineMaterials/Substrate/Glints2/dict_0001_0006.uasset" 8112
"../../../Engine/Content/EngineMaterials/Substrate/Glints2/dict_0001_0012.uasset" 8113
"../../../Engine/Content/EngineMaterials/Substrate/Glints2/dict_0001_0011.uasset" 8114
"../../../Engine/Content/EngineMaterials/Substrate/Glints2/dict_0001_0014.uasset" 8115
"../../../Engine/Content/EngineMaterials/Substrate/Glints2/dict_0001_0008.uasset" 8116
"../../../Engine/Content/EngineMaterials/Substrate/Glints2/dict_0001_0016.uasset" 8117
"../../../Engine/Content/EngineMaterials/Substrate/Glints2/dict_0001_0018.uasset" 8118
"../../../Engine/Content/EngineMaterials/Substrate/Glints2/dict_0001_0010.uasset" 8119
"../../../Engine/Content/EngineMaterials/Substrate/Glints2/dict_0001_0019.uasset" 8120
"../../../Engine/Content/EngineMaterials/Substrate/Glints2/dict_0001_0007.uasset" 8121
"../../../Engine/Content/EngineMaterials/Substrate/Glints2/dict_0001_0017.uasset" 8122
"../../../Engine/Content/EngineMaterials/Substrate/Glints2/dict_0001_0023.uasset" 8123
"../../../Engine/Content/EngineMaterials/Substrate/Glints2/dict_0001_0009.uasset" 8124
"/Engine/EngineMaterials/Substrate/Glints2/dict_0001_0004" 8125
"../../../Engine/Content/EngineMaterials/Substrate/Glints2/dict_0001_0015.uasset" 8126
"../../../Engine/Content/EngineMaterials/Substrate/Glints2/dict_0001_0024.uasset" 8127
"../../../Engine/Content/EngineMaterials/Substrate/Glints2/dict_0001_0013.uasset" 8128
"../../../Engine/Content/EngineMaterials/Substrate/Glints2/dict_0001_0020.uasset" 8129
"../../../Engine/Content/EngineMaterials/Substrate/Glints2/dict_0001_0021.uasset" 8130
"../../../Engine/Content/EngineMaterials/Substrate/Glints2/dict_0001_0022.uasset" 8131
"/Engine/EngineMaterials/Substrate/Glints2/dict_0001_0003" 8132
"/Engine/EngineMaterials/Substrate/Glints2/dict_0001_0002" 8133
"/Engine/EngineMaterials/Substrate/Glints2/dict_0001_0001" 8134
"/Engine/EngineMaterials/Substrate/Glints2/dict_0001_0000" 8135
"/Engine/EngineMaterials/Substrate/Glints2/dict_0000_0255" 8136
"/Engine/EngineMaterials/Substrate/Glints2/dict_0000_0254" 8137
"/Engine/EngineMaterials/Substrate/Glints2/dict_0000_0253" 8138
"/Engine/EngineMaterials/Substrate/Glints2/dict_0001_0012" 8139
"/Engine/EngineMaterials/Substrate/Glints2/dict_0000_0251" 8140
"/Engine/EngineMaterials/Substrate/Glints2/dict_0001_0011" 8141
"/Engine/EngineMaterials/Substrate/Glints2/dict_0000_0249" 8142
"/Engine/EngineMaterials/Substrate/Glints2/dict_0000_0248" 8143
"/Engine/EngineMaterials/Substrate/Glints2/dict_0000_0247" 8144
"/Engine/EngineMaterials/Substrate/Glints2/dict_0001_0006" 8145
"/Engine/EngineMaterials/Substrate/Glints2/dict_0001_0005" 8146
"../../../Engine/Content/EngineMaterials/Substrate/Glints2/dict_0001_0025.uasset" 8147
"../../../Engine/Content/EngineMaterials/Substrate/Glints2/dict_0001_0026.uasset" 8148
"../../../Engine/Content/EngineMaterials/Substrate/Glints2/dict_0001_0030.uasset" 8149
"../../../Engine/Content/EngineMaterials/Substrate/Glints2/dict_0001_0031.uasset" 8150
"../../../Engine/Content/EngineMaterials/Substrate/Glints2/dict_0001_0032.uasset" 8151
"../../../Engine/Content/EngineMaterials/Substrate/Glints2/dict_0001_0034.uasset" 8152
"../../../Engine/Content/EngineMaterials/Substrate/Glints2/dict_0001_0035.uasset" 8153
"../../../Engine/Content/EngineMaterials/Substrate/Glints2/dict_0001_0036.uasset" 8154
"../../../Engine/Content/EngineMaterials/Substrate/Glints2/dict_0001_0037.uasset" 8155
"../../../Engine/Content/EngineMaterials/Substrate/Glints2/dict_0001_0039.uasset" 8156
"../../../Engine/Content/EngineMaterials/Substrate/Glints2/dict_0001_0027.uasset" 8157
"../../../Engine/Content/EngineMaterials/Substrate/Glints2/dict_0001_0040.uasset" 8158
"../../../Engine/Content/EngineMaterials/Substrate/Glints2/dict_0001_0029.uasset" 8159
"/Engine/EngineMaterials/Substrate/Glints2/dict_0001_0024" 8160
"../../../Engine/Content/EngineMaterials/Substrate/Glints2/dict_0001_0028.uasset" 8161
"../../../Engine/Content/EngineMaterials/Substrate/Glints2/dict_0001_0038.uasset" 8162
"../../../Engine/Content/EngineMaterials/Substrate/Glints2/dict_0001_0033.uasset" 8163
"/Engine/EngineMaterials/Substrate/Glints2/dict_0001_0023" 8164
"/Engine/EngineMaterials/Substrate/Glints2/dict_0001_0022" 8165
"/Engine/EngineMaterials/Substrate/Glints2/dict_0001_0021" 8166
"/Engine/EngineMaterials/Substrate/Glints2/dict_0001_0020" 8167
"/Engine/EngineMaterials/Substrate/Glints2/dict_0001_0019" 8168
"/Engine/EngineMaterials/Substrate/Glints2/dict_0001_0018" 8169
"/Engine/EngineMaterials/Substrate/Glints2/dict_0001_0017" 8170
"/Engine/EngineMaterials/Substrate/Glints2/dict_0001_0016" 8171
"/Engine/EngineMaterials/Substrate/Glints2/dict_0001_0015" 8172
"/Engine/EngineMaterials/Substrate/Glints2/dict_0001_0014" 8173
"/Engine/EngineMaterials/Substrate/Glints2/dict_0001_0013" 8174
"/Engine/EngineMaterials/Substrate/Glints2/dict_0001_0031" 8175
"/Engine/EngineMaterials/Substrate/Glints2/dict_0001_0010" 8176
"/Engine/EngineMaterials/Substrate/Glints2/dict_0001_0009" 8177
"/Engine/EngineMaterials/Substrate/Glints2/dict_0001_0008" 8178
"/Engine/EngineMaterials/Substrate/Glints2/dict_0001_0007" 8179
"/Engine/EngineMaterials/Substrate/Glints2/dict_0001_0026" 8180
"/Engine/EngineMaterials/Substrate/Glints2/dict_0001_0025" 8181
"../../../Engine/Content/EngineMaterials/Substrate/Glints2/dict_0001_0046.uasset" 8182
"../../../Engine/Content/EngineMaterials/Substrate/Glints2/dict_0001_0048.uasset" 8183
"../../../Engine/Content/EngineMaterials/Substrate/Glints2/dict_0001_0042.uasset" 8184
"../../../Engine/Content/EngineMaterials/Substrate/Glints2/dict_0001_0052.uasset" 8185
"../../../Engine/Content/EngineMaterials/Substrate/Glints2/dict_0001_0054.uasset" 8186
"../../../Engine/Content/EngineMaterials/Substrate/Glints2/dict_0001_0053.uasset" 8187
"../../../Engine/Content/EngineMaterials/Substrate/Glints2/dict_0001_0041.uasset" 8188
"../../../Engine/Content/EngineMaterials/Substrate/Glints2/dict_0001_0050.uasset" 8189
"../../../Engine/Content/EngineMaterials/Substrate/Glints2/dict_0001_0045.uasset" 8190
"/Engine/EngineMaterials/Substrate/Glints2/dict_0001_0040" 8191
"../../../Engine/Content/EngineMaterials/Substrate/Glints2/dict_0001_0047.uasset" 8192
"../../../Engine/Content/EngineMaterials/Substrate/Glints2/dict_0001_0051.uasset" 8193
"../../../Engine/Content/EngineMaterials/Substrate/Glints2/dict_0001_0056.uasset" 8194
"../../../Engine/Content/EngineMaterials/Substrate/Glints2/dict_0001_0044.uasset" 8195
"../../../Engine/Content/EngineMaterials/Substrate/Glints2/dict_0001_0057.uasset" 8196
"../../../Engine/Content/EngineMaterials/Substrate/Glints2/dict_0001_0043.uasset" 8197
"../../../Engine/Content/EngineMaterials/Substrate/Glints2/dict_0001_0059.uasset" 8198
"../../../Engine/Content/EngineMaterials/Substrate/Glints2/dict_0001_0049.uasset" 8199
"../../../Engine/Content/EngineMaterials/Substrate/Glints2/dict_0001_0055.uasset" 8200
"../../../Engine/Content/EngineMaterials/Substrate/Glints2/dict_0001_0058.uasset" 8201
"/Engine/EngineMaterials/Substrate/Glints2/dict_0001_0039" 8202
"/Engine/EngineMaterials/Substrate/Glints2/dict_0001_0038" 8203
"/Engine/EngineMaterials/Substrate/Glints2/dict_0001_0037" 8204
"/Engine/EngineMaterials/Substrate/Glints2/dict_0001_0036" 8205
"/Engine/EngineMaterials/Substrate/Glints2/dict_0001_0035" 8206
"/Engine/EngineMaterials/Substrate/Glints2/dict_0001_0034" 8207
"/Engine/EngineMaterials/Substrate/Glints2/dict_0001_0033" 8208
"/Engine/EngineMaterials/Substrate/Glints2/dict_0001_0032" 8209
"/Engine/EngineMaterials/Substrate/Glints2/dict_0001_0030" 8210
"/Engine/EngineMaterials/Substrate/Glints2/dict_0001_0029" 8211
"/Engine/EngineMaterials/Substrate/Glints2/dict_0001_0028" 8212
"/Engine/EngineMaterials/Substrate/Glints2/dict_0001_0027" 8213
"../../../Engine/Content/EngineMaterials/Substrate/Glints2/dict_0001_0062.uasset" 8214
"../../../Engine/Content/EngineMaterials/Substrate/Glints2/dict_0001_0060.uasset" 8215
"../../../Engine/Content/EngineMaterials/Substrate/Glints2/dict_0001_0065.uasset" 8216
"../../../Engine/Content/EngineMaterials/Substrate/Glints2/dict_0001_0069.uasset" 8217
"../../../Engine/Content/EngineMaterials/Substrate/Glints2/dict_0001_0063.uasset" 8218
"../../../Engine/Content/EngineMaterials/Substrate/Glints2/dict_0001_0071.uasset" 8219
"../../../Engine/Content/EngineMaterials/Substrate/Glints2/dict_0001_0072.uasset" 8220
"../../../Engine/Content/EngineMaterials/Substrate/Glints2/dict_0001_0064.uasset" 8221
"../../../Engine/Content/EngineMaterials/Substrate/Glints2/dict_0001_0066.uasset" 8222
"../../../Engine/Content/EngineMaterials/Substrate/Glints2/dict_0001_0067.uasset" 8223
"/Engine/EngineMaterials/Substrate/Glints2/dict_0001_0059" 8224
"../../../Engine/Content/EngineMaterials/Substrate/Glints2/dict_0001_0068.uasset" 8225
"../../../Engine/Content/EngineMaterials/Substrate/Glints2/dict_0001_0061.uasset" 8226
"../../../Engine/Content/EngineMaterials/Substrate/Glints2/dict_0001_0070.uasset" 8227
"/Engine/EngineMaterials/Substrate/Glints2/dict_0001_0058" 8228
"/Engine/EngineMaterials/Substrate/Glints2/dict_0001_0057" 8229
"/Engine/EngineMaterials/Substrate/Glints2/dict_0001_0056" 8230
"/Engine/EngineMaterials/Substrate/Glints2/dict_0001_0055" 8231
"/Engine/EngineMaterials/Substrate/Glints2/dict_0001_0054" 8232
"/Engine/EngineMaterials/Substrate/Glints2/dict_0001_0053" 8233
"/Engine/EngineMaterials/Substrate/Glints2/dict_0001_0052" 8234
"/Engine/EngineMaterials/Substrate/Glints2/dict_0001_0051" 8235
"/Engine/EngineMaterials/Substrate/Glints2/dict_0001_0050" 8236
"/Engine/EngineMaterials/Substrate/Glints2/dict_0001_0049" 8237
"/Engine/EngineMaterials/Substrate/Glints2/dict_0001_0048" 8238
"/Engine/EngineMaterials/Substrate/Glints2/dict_0001_0047" 8239
"/Engine/EngineMaterials/Substrate/Glints2/dict_0001_0046" 8240
"/Engine/EngineMaterials/Substrate/Glints2/dict_0001_0045" 8241
"/Engine/EngineMaterials/Substrate/Glints2/dict_0001_0044" 8242
"/Engine/EngineMaterials/Substrate/Glints2/dict_0001_0062" 8243
"/Engine/EngineMaterials/Substrate/Glints2/dict_0001_0060" 8244
"/Engine/EngineMaterials/Substrate/Glints2/dict_0001_0043" 8245
"/Engine/EngineMaterials/Substrate/Glints2/dict_0001_0042" 8246
"/Engine/EngineMaterials/Substrate/Glints2/dict_0001_0041" 8247
"../../../Engine/Content/EngineMaterials/Substrate/Glints2/dict_0001_0076.uasset" 8248
"../../../Engine/Content/EngineMaterials/Substrate/Glints2/dict_0001_0075.uasset" 8249
"../../../Engine/Content/EngineMaterials/Substrate/Glints2/dict_0001_0078.uasset" 8250
"../../../Engine/Content/EngineMaterials/Substrate/Glints2/dict_0001_0082.uasset" 8251
"../../../Engine/Content/EngineMaterials/Substrate/Glints2/dict_0001_0077.uasset" 8252
"../../../Engine/Content/EngineMaterials/Substrate/Glints2/dict_0001_0073.uasset" 8253
"../../../Engine/Content/EngineMaterials/Substrate/Glints2/dict_0001_0084.uasset" 8254
"../../../Engine/Content/EngineMaterials/Substrate/Glints2/dict_0001_0086.uasset" 8255
"../../../Engine/Content/EngineMaterials/Substrate/Glints2/dict_0001_0074.uasset" 8256
"../../../Engine/Content/EngineMaterials/Substrate/Glints2/dict_0001_0079.uasset" 8257
"../../../Engine/Content/EngineMaterials/Substrate/Glints2/dict_0001_0085.uasset" 8258
"../../../Engine/Content/EngineMaterials/Substrate/Glints2/dict_0001_0083.uasset" 8259
"/Engine/EngineMaterials/Substrate/Glints2/dict_0001_0072" 8260
"../../../Engine/Content/EngineMaterials/Substrate/Glints2/dict_0001_0081.uasset" 8261
"../../../Engine/Content/EngineMaterials/Substrate/Glints2/dict_0001_0087.uasset" 8262
"../../../Engine/Content/EngineMaterials/Substrate/Glints2/dict_0001_0080.uasset" 8263
"../../../Engine/Content/EngineMaterials/Substrate/Glints2/dict_0001_0089.uasset" 8264
"../../../Engine/Content/EngineMaterials/Substrate/Glints2/dict_0001_0090.uasset" 8265
"../../../Engine/Content/EngineMaterials/Substrate/Glints2/dict_0001_0088.uasset" 8266
"../../../Engine/Content/EngineMaterials/Substrate/Glints2/dict_0001_0091.uasset" 8267
"../../../Engine/Content/EngineMaterials/Substrate/Glints2/dict_0001_0092.uasset" 8268
"../../../Engine/Content/EngineMaterials/Substrate/Glints2/dict_0001_0093.uasset" 8269
"/Engine/EngineMaterials/Substrate/Glints2/dict_0001_0071" 8270
"/Engine/EngineMaterials/Substrate/Glints2/dict_0001_0070" 8271
"/Engine/EngineMaterials/Substrate/Glints2/dict_0001_0069" 8272
"/Engine/EngineMaterials/Substrate/Glints2/dict_0001_0068" 8273
"/Engine/EngineMaterials/Substrate/Glints2/dict_0001_0067" 8274
"/Engine/EngineMaterials/Substrate/Glints2/dict_0001_0066" 8275
"/Engine/EngineMaterials/Substrate/Glints2/dict_0001_0065" 8276
"/Engine/EngineMaterials/Substrate/Glints2/dict_0001_0064" 8277
"/Engine/EngineMaterials/Substrate/Glints2/dict_0001_0063" 8278
"/Engine/EngineMaterials/Substrate/Glints2/dict_0001_0061" 8279
"../../../Engine/Content/EngineMaterials/Substrate/Glints2/dict_0001_0094.uasset" 8280
"../../../Engine/Content/EngineMaterials/Substrate/Glints2/dict_0001_0096.uasset" 8281
"../../../Engine/Content/EngineMaterials/Substrate/Glints2/dict_0001_0098.uasset" 8282
"../../../Engine/Content/EngineMaterials/Substrate/Glints2/dict_0001_0101.uasset" 8283
"../../../Engine/Content/EngineMaterials/Substrate/Glints2/dict_0001_0102.uasset" 8284
"../../../Engine/Content/EngineMaterials/Substrate/Glints2/dict_0001_0103.uasset" 8285
"../../../Engine/Content/EngineMaterials/Substrate/Glints2/dict_0001_0095.uasset" 8286
"../../../Engine/Content/EngineMaterials/Substrate/Glints2/dict_0001_0100.uasset" 8287
"../../../Engine/Content/EngineMaterials/Substrate/Glints2/dict_0001_0097.uasset" 8288
"../../../Engine/Content/EngineMaterials/Substrate/Glints2/dict_0001_0104.uasset" 8289
"/Engine/EngineMaterials/Substrate/Glints2/dict_0001_0093" 8290
"../../../Engine/Content/EngineMaterials/Substrate/Glints2/dict_0001_0099.uasset" 8291
"/Engine/EngineMaterials/Substrate/Glints2/dict_0001_0092" 8292
"/Engine/EngineMaterials/Substrate/Glints2/dict_0001_0091" 8293
"/Engine/EngineMaterials/Substrate/Glints2/dict_0001_0090" 8294
"/Engine/EngineMaterials/Substrate/Glints2/dict_0001_0089" 8295
"/Engine/EngineMaterials/Substrate/Glints2/dict_0001_0088" 8296
"/Engine/EngineMaterials/Substrate/Glints2/dict_0001_0087" 8297
"/Engine/EngineMaterials/Substrate/Glints2/dict_0001_0086" 8298
"/Engine/EngineMaterials/Substrate/Glints2/dict_0001_0085" 8299
"/Engine/EngineMaterials/Substrate/Glints2/dict_0001_0084" 8300
"/Engine/EngineMaterials/Substrate/Glints2/dict_0001_0083" 8301
"/Engine/EngineMaterials/Substrate/Glints2/dict_0001_0082" 8302
"/Engine/EngineMaterials/Substrate/Glints2/dict_0001_0081" 8303
"/Engine/EngineMaterials/Substrate/Glints2/dict_0001_0080" 8304
"/Engine/EngineMaterials/Substrate/Glints2/dict_0001_0079" 8305
"/Engine/EngineMaterials/Substrate/Glints2/dict_0001_0078" 8306
"/Engine/EngineMaterials/Substrate/Glints2/dict_0001_0077" 8307
"/Engine/EngineMaterials/Substrate/Glints2/dict_0001_0076" 8308
"/Engine/EngineMaterials/Substrate/Glints2/dict_0001_0075" 8309
"/Engine/EngineMaterials/Substrate/Glints2/dict_0001_0074" 8310
"/Engine/EngineMaterials/Substrate/Glints2/dict_0001_0073" 8311
"../../../Engine/Content/EngineMaterials/Substrate/Glints2/dict_0001_0106.uasset" 8312
"../../../Engine/Content/EngineMaterials/Substrate/Glints2/dict_0001_0105.uasset" 8313
"../../../Engine/Content/EngineMaterials/Substrate/Glints2/dict_0001_0108.uasset" 8314
"../../../Engine/Content/EngineMaterials/Substrate/Glints2/dict_0001_0112.uasset" 8315
"../../../Engine/Content/EngineMaterials/Substrate/Glints2/dict_0001_0110.uasset" 8316
"../../../Engine/Content/EngineMaterials/Substrate/Glints2/dict_0001_0113.uasset" 8317
"../../../Engine/Content/EngineMaterials/Substrate/Glints2/dict_0001_0114.uasset" 8318
"../../../Engine/Content/EngineMaterials/Substrate/Glints2/dict_0001_0116.uasset" 8319
"../../../Engine/Content/EngineMaterials/Substrate/Glints2/dict_0001_0118.uasset" 8320
"../../../Engine/Content/EngineMaterials/Substrate/Glints2/dict_0001_0107.uasset" 8321
"../../../Engine/Content/EngineMaterials/Substrate/Glints2/dict_0001_0109.uasset" 8322
"../../../Engine/Content/EngineMaterials/Substrate/Glints2/dict_0001_0119.uasset" 8323
"../../../Engine/Content/EngineMaterials/Substrate/Glints2/dict_0001_0122.uasset" 8324
"../../../Engine/Content/EngineMaterials/Substrate/Glints2/dict_0001_0123.uasset" 8325
"../../../Engine/Content/EngineMaterials/Substrate/Glints2/dict_0001_0120.uasset" 8326
"../../../Engine/Content/EngineMaterials/Substrate/Glints2/dict_0001_0125.uasset" 8327
"../../../Engine/Content/EngineMaterials/Substrate/Glints2/dict_0001_0111.uasset" 8328
"../../../Engine/Content/EngineMaterials/Substrate/Glints2/dict_0001_0121.uasset" 8329
"/Engine/EngineMaterials/Substrate/Glints2/dict_0001_0104" 8330
"../../../Engine/Content/EngineMaterials/Substrate/Glints2/dict_0001_0117.uasset" 8331
"../../../Engine/Content/EngineMaterials/Substrate/Glints2/dict_0001_0115.uasset" 8332
"../../../Engine/Content/EngineMaterials/Substrate/Glints2/dict_0001_0124.uasset" 8333
"/Engine/EngineMaterials/Substrate/Glints2/dict_0001_0103" 8334
"/Engine/EngineMaterials/Substrate/Glints2/dict_0001_0102" 8335
"/Engine/EngineMaterials/Substrate/Glints2/dict_0001_0101" 8336
"/Engine/EngineMaterials/Substrate/Glints2/dict_0001_0100" 8337
"/Engine/EngineMaterials/Substrate/Glints2/dict_0001_0099" 8338
"/Engine/EngineMaterials/Substrate/Glints2/dict_0001_0098" 8339
"/Engine/EngineMaterials/Substrate/Glints2/dict_0001_0097" 8340
"/Engine/EngineMaterials/Substrate/Glints2/dict_0001_0096" 8341
"/Engine/EngineMaterials/Substrate/Glints2/dict_0001_0113" 8342
"/Engine/EngineMaterials/Substrate/Glints2/dict_0001_0095" 8343
"/Engine/EngineMaterials/Substrate/Glints2/dict_0001_0112" 8344
"/Engine/EngineMaterials/Substrate/Glints2/dict_0001_0110" 8345
"/Engine/EngineMaterials/Substrate/Glints2/dict_0001_0094" 8346
"/Engine/EngineMaterials/Substrate/Glints2/dict_0001_0108" 8347
"/Engine/EngineMaterials/Substrate/Glints2/dict_0001_0107" 8348
"/Engine/EngineMaterials/Substrate/Glints2/dict_0001_0106" 8349
"/Engine/EngineMaterials/Substrate/Glints2/dict_0001_0105" 8350
"../../../Engine/Content/EngineMaterials/Substrate/Glints2/dict_0001_0127.uasset" 8351
"../../../Engine/Content/EngineMaterials/Substrate/Glints2/dict_0001_0126.uasset" 8352
"../../../Engine/Content/EngineMaterials/Substrate/Glints2/dict_0001_0130.uasset" 8353
"../../../Engine/Content/EngineMaterials/Substrate/Glints2/dict_0001_0134.uasset" 8354
"../../../Engine/Content/EngineMaterials/Substrate/Glints2/dict_0001_0129.uasset" 8355
"../../../Engine/Content/EngineMaterials/Substrate/Glints2/dict_0001_0135.uasset" 8356
"../../../Engine/Content/EngineMaterials/Substrate/Glints2/dict_0001_0138.uasset" 8357
"../../../Engine/Content/EngineMaterials/Substrate/Glints2/dict_0001_0137.uasset" 8358
"../../../Engine/Content/EngineMaterials/Substrate/Glints2/dict_0001_0139.uasset" 8359
"../../../Engine/Content/EngineMaterials/Substrate/Glints2/dict_0001_0131.uasset" 8360
"../../../Engine/Content/EngineMaterials/Substrate/Glints2/dict_0001_0140.uasset" 8361
"../../../Engine/Content/EngineMaterials/Substrate/Glints2/dict_0001_0136.uasset" 8362
"../../../Engine/Content/EngineMaterials/Substrate/Glints2/dict_0001_0141.uasset" 8363
"../../../Engine/Content/EngineMaterials/Substrate/Glints2/dict_0001_0143.uasset" 8364
"../../../Engine/Content/EngineMaterials/Substrate/Glints2/dict_0001_0132.uasset" 8365
"../../../Engine/Content/EngineMaterials/Substrate/Glints2/dict_0001_0128.uasset" 8366
"/Engine/EngineMaterials/Substrate/Glints2/dict_0001_0125" 8367
"../../../Engine/Content/EngineMaterials/Substrate/Glints2/dict_0001_0133.uasset" 8368
"../../../Engine/Content/EngineMaterials/Substrate/Glints2/dict_0001_0142.uasset" 8369
"/Engine/EngineMaterials/Substrate/Glints2/dict_0001_0124" 8370
"/Engine/EngineMaterials/Substrate/Glints2/dict_0001_0123" 8371
"/Engine/EngineMaterials/Substrate/Glints2/dict_0001_0122" 8372
"/Engine/EngineMaterials/Substrate/Glints2/dict_0001_0121" 8373
"/Engine/EngineMaterials/Substrate/Glints2/dict_0001_0120" 8374
"/Engine/EngineMaterials/Substrate/Glints2/dict_0001_0119" 8375
"/Engine/EngineMaterials/Substrate/Glints2/dict_0001_0118" 8376
"/Engine/EngineMaterials/Substrate/Glints2/dict_0001_0117" 8377
"/Engine/EngineMaterials/Substrate/Glints2/dict_0001_0116" 8378
"/Engine/EngineMaterials/Substrate/Glints2/dict_0001_0115" 8379
"/Engine/EngineMaterials/Substrate/Glints2/dict_0001_0114" 8380
"/Engine/EngineMaterials/Substrate/Glints2/dict_0001_0134" 8381
"/Engine/EngineMaterials/Substrate/Glints2/dict_0001_0111" 8382
"/Engine/EngineMaterials/Substrate/Glints2/dict_0001_0109" 8383
"/Engine/EngineMaterials/Substrate/Glints2/dict_0001_0130" 8384
"/Engine/EngineMaterials/Substrate/Glints2/dict_0001_0129" 8385
"/Engine/EngineMaterials/Substrate/Glints2/dict_0001_0127" 8386
"/Engine/EngineMaterials/Substrate/Glints2/dict_0001_0126" 8387
"../../../Engine/Content/EngineMaterials/Substrate/Glints2/dict_0001_0146.uasset" 8388
"../../../Engine/Content/EngineMaterials/Substrate/Glints2/dict_0001_0145.uasset" 8389
"../../../Engine/Content/EngineMaterials/Substrate/Glints2/dict_0001_0148.uasset" 8390
"../../../Engine/Content/EngineMaterials/Substrate/Glints2/dict_0001_0144.uasset" 8391
"../../../Engine/Content/EngineMaterials/Substrate/Glints2/dict_0001_0152.uasset" 8392
"../../../Engine/Content/EngineMaterials/Substrate/Glints2/dict_0001_0150.uasset" 8393
"../../../Engine/Content/EngineMaterials/Substrate/Glints2/dict_0001_0147.uasset" 8394
"../../../Engine/Content/EngineMaterials/Substrate/Glints2/dict_0001_0157.uasset" 8395
"../../../Engine/Content/EngineMaterials/Substrate/Glints2/dict_0001_0158.uasset" 8396
"../../../Engine/Content/EngineMaterials/Substrate/Glints2/dict_0001_0151.uasset" 8397
"../../../Engine/Content/EngineMaterials/Substrate/Glints2/dict_0001_0159.uasset" 8398
"../../../Engine/Content/EngineMaterials/Substrate/Glints2/dict_0001_0160.uasset" 8399
"../../../Engine/Content/EngineMaterials/Substrate/Glints2/dict_0001_0149.uasset" 8400
"../../../Engine/Content/EngineMaterials/Substrate/Glints2/dict_0001_0154.uasset" 8401
"../../../Engine/Content/EngineMaterials/Substrate/Glints2/dict_0001_0156.uasset" 8402
"/Engine/EngineMaterials/Substrate/Glints2/dict_0001_0143" 8403
"../../../Engine/Content/EngineMaterials/Substrate/Glints2/dict_0001_0155.uasset" 8404
"../../../Engine/Content/EngineMaterials/Substrate/Glints2/dict_0001_0153.uasset" 8405
"../../../Engine/Content/EngineMaterials/Substrate/Glints2/dict_0001_0161.uasset" 8406
"../../../Engine/Content/EngineMaterials/Substrate/Glints2/dict_0001_0162.uasset" 8407
"/Engine/EngineMaterials/Substrate/Glints2/dict_0001_0142" 8408
"/Engine/EngineMaterials/Substrate/Glints2/dict_0001_0141" 8409
"/Engine/EngineMaterials/Substrate/Glints2/dict_0001_0140" 8410
"/Engine/EngineMaterials/Substrate/Glints2/dict_0001_0139" 8411
"/Engine/EngineMaterials/Substrate/Glints2/dict_0001_0138" 8412
"/Engine/EngineMaterials/Substrate/Glints2/dict_0001_0137" 8413
"/Engine/EngineMaterials/Substrate/Glints2/dict_0001_0136" 8414
"/Engine/EngineMaterials/Substrate/Glints2/dict_0001_0135" 8415
"/Engine/EngineMaterials/Substrate/Glints2/dict_0001_0133" 8416
"/Engine/EngineMaterials/Substrate/Glints2/dict_0001_0132" 8417
"/Engine/EngineMaterials/Substrate/Glints2/dict_0001_0131" 8418
"/Engine/EngineMaterials/Substrate/Glints2/dict_0001_0148" 8419
"/Engine/EngineMaterials/Substrate/Glints2/dict_0001_0146" 8420
"/Engine/EngineMaterials/Substrate/Glints2/dict_0001_0128" 8421
"/Engine/EngineMaterials/Substrate/Glints2/dict_0001_0145" 8422
"/Engine/EngineMaterials/Substrate/Glints2/dict_0001_0144" 8423
"../../../Engine/Content/EngineMaterials/Substrate/Glints2/dict_0001_0164.uasset" 8424
"../../../Engine/Content/EngineMaterials/Substrate/Glints2/dict_0001_0165.uasset" 8425
"../../../Engine/Content/EngineMaterials/Substrate/Glints2/dict_0001_0170.uasset" 8426
"../../../Engine/Content/EngineMaterials/Substrate/Glints2/dict_0001_0171.uasset" 8427
"../../../Engine/Content/EngineMaterials/Substrate/Glints2/dict_0001_0173.uasset" 8428
"../../../Engine/Content/EngineMaterials/Substrate/Glints2/dict_0001_0176.uasset" 8429
"../../../Engine/Content/EngineMaterials/Substrate/Glints2/dict_0001_0166.uasset" 8430
"../../../Engine/Content/EngineMaterials/Substrate/Glints2/dict_0001_0168.uasset" 8431
"/Engine/EngineMaterials/Substrate/Glints2/dict_0001_0162" 8432
"../../../Engine/Content/EngineMaterials/Substrate/Glints2/dict_0001_0163.uasset" 8433
"../../../Engine/Content/EngineMaterials/Substrate/Glints2/dict_0001_0179.uasset" 8434
"../../../Engine/Content/EngineMaterials/Substrate/Glints2/dict_0001_0169.uasset" 8435
"../../../Engine/Content/EngineMaterials/Substrate/Glints2/dict_0001_0178.uasset" 8436
"../../../Engine/Content/EngineMaterials/Substrate/Glints2/dict_0001_0175.uasset" 8437
"../../../Engine/Content/EngineMaterials/Substrate/Glints2/dict_0001_0174.uasset" 8438
"../../../Engine/Content/EngineMaterials/Substrate/Glints2/dict_0001_0167.uasset" 8439
"../../../Engine/Content/EngineMaterials/Substrate/Glints2/dict_0001_0177.uasset" 8440
"../../../Engine/Content/EngineMaterials/Substrate/Glints2/dict_0001_0172.uasset" 8441
"/Engine/EngineMaterials/Substrate/Glints2/dict_0001_0161" 8442
"/Engine/EngineMaterials/Substrate/Glints2/dict_0001_0160" 8443
"/Engine/EngineMaterials/Substrate/Glints2/dict_0001_0159" 8444
"/Engine/EngineMaterials/Substrate/Glints2/dict_0001_0158" 8445
"/Engine/EngineMaterials/Substrate/Glints2/dict_0001_0157" 8446
"/Engine/EngineMaterials/Substrate/Glints2/dict_0001_0156" 8447
"/Engine/EngineMaterials/Substrate/Glints2/dict_0001_0155" 8448
"/Engine/EngineMaterials/Substrate/Glints2/dict_0001_0154" 8449
"/Engine/EngineMaterials/Substrate/Glints2/dict_0001_0153" 8450
"/Engine/EngineMaterials/Substrate/Glints2/dict_0001_0152" 8451
"/Engine/EngineMaterials/Substrate/Glints2/dict_0001_0151" 8452
"/Engine/EngineMaterials/Substrate/Glints2/dict_0001_0150" 8453
"/Engine/EngineMaterials/Substrate/Glints2/dict_0001_0149" 8454
"/Engine/EngineMaterials/Substrate/Glints2/dict_0001_0147" 8455
"/Engine/EngineMaterials/Substrate/Glints2/dict_0001_0164" 8456
"../../../Engine/Content/EngineMaterials/Substrate/Glints2/dict_0001_0181.uasset" 8457
"../../../Engine/Content/EngineMaterials/Substrate/Glints2/dict_0001_0180.uasset" 8458
"../../../Engine/Content/EngineMaterials/Substrate/Glints2/dict_0001_0182.uasset" 8459
"../../../Engine/Content/EngineMaterials/Substrate/Glints2/dict_0001_0185.uasset" 8460
"../../../Engine/Content/EngineMaterials/Substrate/Glints2/dict_0001_0187.uasset" 8461
"../../../Engine/Content/EngineMaterials/Substrate/Glints2/dict_0001_0191.uasset" 8462
"../../../Engine/Content/EngineMaterials/Substrate/Glints2/dict_0001_0190.uasset" 8463
"../../../Engine/Content/EngineMaterials/Substrate/Glints2/dict_0001_0183.uasset" 8464
"../../../Engine/Content/EngineMaterials/Substrate/Glints2/dict_0001_0192.uasset" 8465
"../../../Engine/Content/EngineMaterials/Substrate/Glints2/dict_0001_0194.uasset" 8466
"../../../Engine/Content/EngineMaterials/Substrate/Glints2/dict_0001_0188.uasset" 8467
"../../../Engine/Content/EngineMaterials/Substrate/Glints2/dict_0001_0189.uasset" 8468
"/Engine/EngineMaterials/Substrate/Glints2/dict_0001_0179" 8469
"../../../Engine/Content/EngineMaterials/Substrate/Glints2/dict_0001_0193.uasset" 8470
"../../../Engine/Content/EngineMaterials/Substrate/Glints2/dict_0001_0186.uasset" 8471
"../../../Engine/Content/EngineMaterials/Substrate/Glints2/dict_0001_0195.uasset" 8472
"../../../Engine/Content/EngineMaterials/Substrate/Glints2/dict_0001_0184.uasset" 8473
"/Engine/EngineMaterials/Substrate/Glints2/dict_0001_0178" 8474
"/Engine/EngineMaterials/Substrate/Glints2/dict_0001_0177" 8475
"/Engine/EngineMaterials/Substrate/Glints2/dict_0001_0176" 8476
"/Engine/EngineMaterials/Substrate/Glints2/dict_0001_0175" 8477
"/Engine/EngineMaterials/Substrate/Glints2/dict_0001_0174" 8478
"/Engine/EngineMaterials/Substrate/Glints2/dict_0001_0173" 8479
"/Engine/EngineMaterials/Substrate/Glints2/dict_0001_0172" 8480
"/Engine/EngineMaterials/Substrate/Glints2/dict_0001_0171" 8481
"/Engine/EngineMaterials/Substrate/Glints2/dict_0001_0170" 8482
"/Engine/EngineMaterials/Substrate/Glints2/dict_0001_0169" 8483
"/Engine/EngineMaterials/Substrate/Glints2/dict_0001_0168" 8484
"/Engine/EngineMaterials/Substrate/Glints2/dict_0001_0167" 8485
"/Engine/EngineMaterials/Substrate/Glints2/dict_0001_0181" 8486
"/Engine/EngineMaterials/Substrate/Glints2/dict_0001_0166" 8487
"/Engine/EngineMaterials/Substrate/Glints2/dict_0001_0165" 8488
"/Engine/EngineMaterials/Substrate/Glints2/dict_0001_0180" 8489
"/Engine/EngineMaterials/Substrate/Glints2/dict_0001_0163" 8490
"../../../Engine/Content/EngineMaterials/Substrate/Glints2/dict_0001_0196.uasset" 8491
"../../../Engine/Content/EngineMaterials/Substrate/Glints2/dict_0001_0198.uasset" 8492
"../../../Engine/Content/EngineMaterials/Substrate/Glints2/dict_0001_0200.uasset" 8493
"../../../Engine/Content/EngineMaterials/Substrate/Glints2/dict_0001_0201.uasset" 8494
"../../../Engine/Content/EngineMaterials/Substrate/Glints2/dict_0001_0205.uasset" 8495
"../../../Engine/Content/EngineMaterials/Substrate/Glints2/dict_0001_0203.uasset" 8496
"../../../Engine/Content/EngineMaterials/Substrate/Glints2/dict_0001_0208.uasset" 8497
"../../../Engine/Content/EngineMaterials/Substrate/Glints2/dict_0001_0204.uasset" 8498
"../../../Engine/Content/EngineMaterials/Substrate/Glints2/dict_0001_0209.uasset" 8499
"../../../Engine/Content/EngineMaterials/Substrate/Glints2/dict_0001_0206.uasset" 8500
"../../../Engine/Content/EngineMaterials/Substrate/Glints2/dict_0001_0199.uasset" 8501
"../../../Engine/Content/EngineMaterials/Substrate/Glints2/dict_0001_0207.uasset" 8502
"../../../Engine/Content/EngineMaterials/Substrate/Glints2/dict_0001_0197.uasset" 8503
"../../../Engine/Content/EngineMaterials/Substrate/Glints2/dict_0001_0210.uasset" 8504
"../../../Engine/Content/EngineMaterials/Substrate/Glints2/dict_0001_0211.uasset" 8505
"/Engine/EngineMaterials/Substrate/Glints2/dict_0001_0195" 8506
"../../../Engine/Content/EngineMaterials/Substrate/Glints2/dict_0001_0212.uasset" 8507
"../../../Engine/Content/EngineMaterials/Substrate/Glints2/dict_0001_0202.uasset" 8508
"../../../Engine/Content/EngineMaterials/Substrate/Glints2/dict_0001_0213.uasset" 8509
"/Engine/EngineMaterials/Substrate/Glints2/dict_0001_0194" 8510
"/Engine/EngineMaterials/Substrate/Glints2/dict_0001_0193" 8511
"/Engine/EngineMaterials/Substrate/Glints2/dict_0001_0192" 8512
"/Engine/EngineMaterials/Substrate/Glints2/dict_0001_0191" 8513
"/Engine/EngineMaterials/Substrate/Glints2/dict_0001_0190" 8514
"/Engine/EngineMaterials/Substrate/Glints2/dict_0001_0189" 8515
"/Engine/EngineMaterials/Substrate/Glints2/dict_0001_0188" 8516
"/Engine/EngineMaterials/Substrate/Glints2/dict_0001_0187" 8517
"/Engine/EngineMaterials/Substrate/Glints2/dict_0001_0186" 8518
"/Engine/EngineMaterials/Substrate/Glints2/dict_0001_0185" 8519
"/Engine/EngineMaterials/Substrate/Glints2/dict_0001_0184" 8520
"/Engine/EngineMaterials/Substrate/Glints2/dict_0001_0183" 8521
"/Engine/EngineMaterials/Substrate/Glints2/dict_0001_0182" 8522
"/Engine/EngineMaterials/Substrate/Glints2/dict_0001_0198" 8523
"/Engine/EngineMaterials/Substrate/Glints2/dict_0001_0196" 8524
"../../../Engine/Content/EngineMaterials/Substrate/Glints2/dict_0001_0215.uasset" 8525
"../../../Engine/Content/EngineMaterials/Substrate/Glints2/dict_0001_0214.uasset" 8526
"../../../Engine/Content/EngineMaterials/Substrate/Glints2/dict_0001_0216.uasset" 8527
"../../../Engine/Content/EngineMaterials/Substrate/Glints2/dict_0001_0218.uasset" 8528
"../../../Engine/Content/EngineMaterials/Substrate/Glints2/dict_0001_0222.uasset" 8529
"../../../Engine/Content/EngineMaterials/Substrate/Glints2/dict_0001_0221.uasset" 8530
"../../../Engine/Content/EngineMaterials/Substrate/Glints2/dict_0001_0219.uasset" 8531
"../../../Engine/Content/EngineMaterials/Substrate/Glints2/dict_0001_0226.uasset" 8532
"../../../Engine/Content/EngineMaterials/Substrate/Glints2/dict_0001_0227.uasset" 8533
"../../../Engine/Content/EngineMaterials/Substrate/Glints2/dict_0001_0223.uasset" 8534
"../../../Engine/Content/EngineMaterials/Substrate/Glints2/dict_0001_0228.uasset" 8535
"../../../Engine/Content/EngineMaterials/Substrate/Glints2/dict_0001_0217.uasset" 8536
"../../../Engine/Content/EngineMaterials/Substrate/Glints2/dict_0001_0229.uasset" 8537
"../../../Engine/Content/EngineMaterials/Substrate/Glints2/dict_0001_0225.uasset" 8538
"../../../Engine/Content/EngineMaterials/Substrate/Glints2/dict_0001_0224.uasset" 8539
"/Engine/EngineMaterials/Substrate/Glints2/dict_0001_0213" 8540
"../../../Engine/Content/EngineMaterials/Substrate/Glints2/dict_0001_0220.uasset" 8541
"/Engine/EngineMaterials/Substrate/Glints2/dict_0001_0212" 8542
"/Engine/EngineMaterials/Substrate/Glints2/dict_0001_0211" 8543
"/Engine/EngineMaterials/Substrate/Glints2/dict_0001_0210" 8544
"/Engine/EngineMaterials/Substrate/Glints2/dict_0001_0209" 8545
"/Engine/EngineMaterials/Substrate/Glints2/dict_0001_0208" 8546
"/Engine/EngineMaterials/Substrate/Glints2/dict_0001_0207" 8547
"/Engine/EngineMaterials/Substrate/Glints2/dict_0001_0206" 8548
"/Engine/EngineMaterials/Substrate/Glints2/dict_0001_0205" 8549
"/Engine/EngineMaterials/Substrate/Glints2/dict_0001_0204" 8550
"/Engine/EngineMaterials/Substrate/Glints2/dict_0001_0203" 8551
"/Engine/EngineMaterials/Substrate/Glints2/dict_0001_0216" 8552
"/Engine/EngineMaterials/Substrate/Glints2/dict_0001_0202" 8553
"/Engine/EngineMaterials/Substrate/Glints2/dict_0001_0201" 8554
"/Engine/EngineMaterials/Substrate/Glints2/dict_0001_0200" 8555
"/Engine/EngineMaterials/Substrate/Glints2/dict_0001_0199" 8556
"/Engine/EngineMaterials/Substrate/Glints2/dict_0001_0215" 8557
"/Engine/EngineMaterials/Substrate/Glints2/dict_0001_0197" 8558
"/Engine/EngineMaterials/Substrate/Glints2/dict_0001_0214" 8559
"../../../Engine/Content/EngineMaterials/Substrate/Glints2/dict_0001_0231.uasset" 8560
"../../../Engine/Content/EngineMaterials/Substrate/Glints2/dict_0001_0232.uasset" 8561
"../../../Engine/Content/EngineMaterials/Substrate/Glints2/dict_0001_0235.uasset" 8562
"../../../Engine/Content/EngineMaterials/Substrate/Glints2/dict_0001_0240.uasset" 8563
"../../../Engine/Content/EngineMaterials/Substrate/Glints2/dict_0001_0241.uasset" 8564
"../../../Engine/Content/EngineMaterials/Substrate/Glints2/dict_0001_0243.uasset" 8565
"../../../Engine/Content/EngineMaterials/Substrate/Glints2/dict_0001_0242.uasset" 8566
"../../../Engine/Content/EngineMaterials/Substrate/Glints2/dict_0001_0237.uasset" 8567
"../../../Engine/Content/EngineMaterials/Substrate/Glints2/dict_0001_0234.uasset" 8568
"../../../Engine/Content/EngineMaterials/Substrate/Glints2/dict_0001_0239.uasset" 8569
"../../../Engine/Content/EngineMaterials/Substrate/Glints2/dict_0001_0238.uasset" 8570
"../../../Engine/Content/EngineMaterials/Substrate/Glints2/dict_0001_0230.uasset" 8571
"../../../Engine/Content/EngineMaterials/Substrate/Glints2/dict_0001_0245.uasset" 8572
"../../../Engine/Content/EngineMaterials/Substrate/Glints2/dict_0001_0246.uasset" 8573
"../../../Engine/Content/EngineMaterials/Substrate/Glints2/dict_0001_0247.uasset" 8574
"/Engine/EngineMaterials/Substrate/Glints2/dict_0001_0229" 8575
"../../../Engine/Content/EngineMaterials/Substrate/Glints2/dict_0001_0233.uasset" 8576
"../../../Engine/Content/EngineMaterials/Substrate/Glints2/dict_0001_0248.uasset" 8577
"../../../Engine/Content/EngineMaterials/Substrate/Glints2/dict_0001_0244.uasset" 8578
"../../../Engine/Content/EngineMaterials/Substrate/Glints2/dict_0001_0236.uasset" 8579
"/Engine/EngineMaterials/Substrate/Glints2/dict_0001_0228" 8580
"/Engine/EngineMaterials/Substrate/Glints2/dict_0001_0227" 8581
"/Engine/EngineMaterials/Substrate/Glints2/dict_0001_0226" 8582
"/Engine/EngineMaterials/Substrate/Glints2/dict_0001_0225" 8583
"/Engine/EngineMaterials/Substrate/Glints2/dict_0001_0224" 8584
"/Engine/EngineMaterials/Substrate/Glints2/dict_0001_0223" 8585
"/Engine/EngineMaterials/Substrate/Glints2/dict_0001_0222" 8586
"/Engine/EngineMaterials/Substrate/Glints2/dict_0001_0221" 8587
"/Engine/EngineMaterials/Substrate/Glints2/dict_0001_0220" 8588
"/Engine/EngineMaterials/Substrate/Glints2/dict_0001_0219" 8589
"/Engine/EngineMaterials/Substrate/Glints2/dict_0001_0218" 8590
"/Engine/EngineMaterials/Substrate/Glints2/dict_0001_0241" 8591
"/Engine/EngineMaterials/Substrate/Glints2/dict_0001_0217" 8592
"/Engine/EngineMaterials/Substrate/Glints2/dict_0001_0235" 8593
"/Engine/EngineMaterials/Substrate/Glints2/dict_0001_0232" 8594
"/Engine/EngineMaterials/Substrate/Glints2/dict_0001_0231" 8595
"../../../Engine/Content/EngineMaterials/Substrate/Glints2/dict_0001_0252.uasset" 8596
"../../../Engine/Content/EngineMaterials/Substrate/Glints2/dict_0001_0255.uasset" 8597
"../../../Engine/Content/EngineMaterials/Substrate/Glints2/dict_0002_0001.uasset" 8598
"../../../Engine/Content/EngineMaterials/Substrate/Glints2/dict_0002_0003.uasset" 8599
"../../../Engine/Content/EngineMaterials/Substrate/Glints2/dict_0002_0004.uasset" 8600
"../../../Engine/Content/EngineMaterials/Substrate/Glints2/dict_0002_0006.uasset" 8601
"../../../Engine/Content/EngineMaterials/Substrate/Glints2/dict_0002_0005.uasset" 8602
"../../../Engine/Content/EngineMaterials/Substrate/Glints2/dict_0001_0254.uasset" 8603
"../../../Engine/Content/EngineMaterials/Substrate/Glints2/dict_0002_0000.uasset" 8604
"../../../Engine/Content/EngineMaterials/Substrate/Glints2/dict_0001_0253.uasset" 8605
"/Engine/EngineMaterials/Substrate/Glints2/dict_0001_0248" 8606
"../../../Engine/Content/EngineMaterials/Substrate/Glints2/dict_0001_0250.uasset" 8607
"../../../Engine/Content/EngineMaterials/Substrate/Glints2/dict_0002_0002.uasset" 8608
"../../../Engine/Content/EngineMaterials/Substrate/Glints2/dict_0002_0007.uasset" 8609
"../../../Engine/Content/EngineMaterials/Substrate/Glints2/dict_0001_0249.uasset" 8610
"../../../Engine/Content/EngineMaterials/Substrate/Glints2/dict_0002_0009.uasset" 8611
"../../../Engine/Content/EngineMaterials/Substrate/Glints2/dict_0001_0251.uasset" 8612
"../../../Engine/Content/EngineMaterials/Substrate/Glints2/dict_0002_0008.uasset" 8613
"/Engine/EngineMaterials/Substrate/Glints2/dict_0001_0247" 8614
"/Engine/EngineMaterials/Substrate/Glints2/dict_0001_0246" 8615
"/Engine/EngineMaterials/Substrate/Glints2/dict_0001_0245" 8616
"/Engine/EngineMaterials/Substrate/Glints2/dict_0001_0244" 8617
"/Engine/EngineMaterials/Substrate/Glints2/dict_0001_0243" 8618
"/Engine/EngineMaterials/Substrate/Glints2/dict_0001_0242" 8619
"/Engine/EngineMaterials/Substrate/Glints2/dict_0001_0240" 8620
"/Engine/EngineMaterials/Substrate/Glints2/dict_0001_0239" 8621
"/Engine/EngineMaterials/Substrate/Glints2/dict_0001_0238" 8622
"/Engine/EngineMaterials/Substrate/Glints2/dict_0001_0237" 8623
"/Engine/EngineMaterials/Substrate/Glints2/dict_0001_0236" 8624
"/Engine/EngineMaterials/Substrate/Glints2/dict_0001_0234" 8625
"/Engine/EngineMaterials/Substrate/Glints2/dict_0001_0233" 8626
"/Engine/EngineMaterials/Substrate/Glints2/dict_0001_0230" 8627
"../../../Engine/Content/EngineMaterials/Substrate/Glints2/dict_0002_0012.uasset" 8628
"../../../Engine/Content/EngineMaterials/Substrate/Glints2/dict_0002_0011.uasset" 8629
"../../../Engine/Content/EngineMaterials/Substrate/Glints2/dict_0002_0014.uasset" 8630
"../../../Engine/Content/EngineMaterials/Substrate/Glints2/dict_0002_0019.uasset" 8631
"../../../Engine/Content/EngineMaterials/Substrate/Glints2/dict_0002_0018.uasset" 8632
"../../../Engine/Content/EngineMaterials/Substrate/Glints2/dict_0002_0016.uasset" 8633
"../../../Engine/Content/EngineMaterials/Substrate/Glints2/dict_0002_0021.uasset" 8634
"../../../Engine/Content/EngineMaterials/Substrate/Glints2/dict_0002_0023.uasset" 8635
"../../../Engine/Content/EngineMaterials/Substrate/Glints2/dict_0002_0017.uasset" 8636
"../../../Engine/Content/EngineMaterials/Substrate/Glints2/dict_0002_0010.uasset" 8637
"../../../Engine/Content/EngineMaterials/Substrate/Glints2/dict_0002_0024.uasset" 8638
"../../../Engine/Content/EngineMaterials/Substrate/Glints2/dict_0002_0015.uasset" 8639
"/Engine/EngineMaterials/Substrate/Glints2/dict_0002_0009" 8640
"../../../Engine/Content/EngineMaterials/Substrate/Glints2/dict_0002_0013.uasset" 8641
"../../../Engine/Content/EngineMaterials/Substrate/Glints2/dict_0002_0020.uasset" 8642
"../../../Engine/Content/EngineMaterials/Substrate/Glints2/dict_0002_0022.uasset" 8643
"/Engine/EngineMaterials/Substrate/Glints2/dict_0002_0008" 8644
"/Engine/EngineMaterials/Substrate/Glints2/dict_0002_0007" 8645
"/Engine/EngineMaterials/Substrate/Glints2/dict_0002_0006" 8646
"/Engine/EngineMaterials/Substrate/Glints2/dict_0002_0005" 8647
"/Engine/EngineMaterials/Substrate/Glints2/dict_0002_0004" 8648
"/Engine/EngineMaterials/Substrate/Glints2/dict_0002_0003" 8649
"/Engine/EngineMaterials/Substrate/Glints2/dict_0002_0002" 8650
"/Engine/EngineMaterials/Substrate/Glints2/dict_0002_0001" 8651
"/Engine/EngineMaterials/Substrate/Glints2/dict_0002_0000" 8652
"/Engine/EngineMaterials/Substrate/Glints2/dict_0001_0255" 8653
"/Engine/EngineMaterials/Substrate/Glints2/dict_0001_0254" 8654
"/Engine/EngineMaterials/Substrate/Glints2/dict_0001_0253" 8655
"/Engine/EngineMaterials/Substrate/Glints2/dict_0001_0252" 8656
"/Engine/EngineMaterials/Substrate/Glints2/dict_0001_0251" 8657
"/Engine/EngineMaterials/Substrate/Glints2/dict_0002_0012" 8658
"/Engine/EngineMaterials/Substrate/Glints2/dict_0001_0250" 8659
"/Engine/EngineMaterials/Substrate/Glints2/dict_0001_0249" 8660
"../../../Engine/Content/EngineMaterials/Substrate/Glints2/dict_0002_0026.uasset" 8661
"../../../Engine/Content/EngineMaterials/Substrate/Glints2/dict_0002_0028.uasset" 8662
"../../../Engine/Content/EngineMaterials/Substrate/Glints2/dict_0002_0025.uasset" 8663
"../../../Engine/Content/EngineMaterials/Substrate/Glints2/dict_0002_0029.uasset" 8664
"../../../Engine/Content/EngineMaterials/Substrate/Glints2/dict_0002_0036.uasset" 8665
"../../../Engine/Content/EngineMaterials/Substrate/Glints2/dict_0002_0035.uasset" 8666
"../../../Engine/Content/EngineMaterials/Substrate/Glints2/dict_0002_0037.uasset" 8667
"../../../Engine/Content/EngineMaterials/Substrate/Glints2/dict_0002_0034.uasset" 8668
"../../../Engine/Content/EngineMaterials/Substrate/Glints2/dict_0002_0032.uasset" 8669
"../../../Engine/Content/EngineMaterials/Substrate/Glints2/dict_0002_0040.uasset" 8670
"../../../Engine/Content/EngineMaterials/Substrate/Glints2/dict_0002_0027.uasset" 8671
"../../../Engine/Content/EngineMaterials/Substrate/Glints2/dict_0002_0033.uasset" 8672
"../../../Engine/Content/EngineMaterials/Substrate/Glints2/dict_0002_0042.uasset" 8673
"../../../Engine/Content/EngineMaterials/Substrate/Glints2/dict_0002_0030.uasset" 8674
"/Engine/EngineMaterials/Substrate/Glints2/dict_0002_0024" 8675
"../../../Engine/Content/EngineMaterials/Substrate/Glints2/dict_0002_0038.uasset" 8676
"../../../Engine/Content/EngineMaterials/Substrate/Glints2/dict_0002_0039.uasset" 8677
"../../../Engine/Content/EngineMaterials/Substrate/Glints2/dict_0002_0041.uasset" 8678
"../../../Engine/Content/EngineMaterials/Substrate/Glints2/dict_0002_0031.uasset" 8679
"/Engine/EngineMaterials/Substrate/Glints2/dict_0002_0023" 8680
"/Engine/EngineMaterials/Substrate/Glints2/dict_0002_0022" 8681
"/Engine/EngineMaterials/Substrate/Glints2/dict_0002_0021" 8682
"/Engine/EngineMaterials/Substrate/Glints2/dict_0002_0020" 8683
"/Engine/EngineMaterials/Substrate/Glints2/dict_0002_0019" 8684
"/Engine/EngineMaterials/Substrate/Glints2/dict_0002_0018" 8685
"/Engine/EngineMaterials/Substrate/Glints2/dict_0002_0017" 8686
"/Engine/EngineMaterials/Substrate/Glints2/dict_0002_0016" 8687
"/Engine/EngineMaterials/Substrate/Glints2/dict_0002_0015" 8688
"/Engine/EngineMaterials/Substrate/Glints2/dict_0002_0014" 8689
"/Engine/EngineMaterials/Substrate/Glints2/dict_0002_0013" 8690
"/Engine/EngineMaterials/Substrate/Glints2/dict_0002_0028" 8691
"/Engine/EngineMaterials/Substrate/Glints2/dict_0002_0011" 8692
"/Engine/EngineMaterials/Substrate/Glints2/dict_0002_0026" 8693
"/Engine/EngineMaterials/Substrate/Glints2/dict_0002_0025" 8694
"/Engine/EngineMaterials/Substrate/Glints2/dict_0002_0010" 8695
"../../../Engine/Content/EngineMaterials/Substrate/Glints2/dict_0002_0045.uasset" 8696
"../../../Engine/Content/EngineMaterials/Substrate/Glints2/dict_0002_0046.uasset" 8697
"../../../Engine/Content/EngineMaterials/Substrate/Glints2/dict_0002_0044.uasset" 8698
"../../../Engine/Content/EngineMaterials/Substrate/Glints2/dict_0002_0043.uasset" 8699
"../../../Engine/Content/EngineMaterials/Substrate/Glints2/dict_0002_0050.uasset" 8700
"../../../Engine/Content/EngineMaterials/Substrate/Glints2/dict_0002_0053.uasset" 8701
"../../../Engine/Content/EngineMaterials/Substrate/Glints2/dict_0002_0048.uasset" 8702
"../../../Engine/Content/EngineMaterials/Substrate/Glints2/dict_0002_0056.uasset" 8703
"../../../Engine/Content/EngineMaterials/Substrate/Glints2/dict_0002_0055.uasset" 8704
"../../../Engine/Content/EngineMaterials/Substrate/Glints2/dict_0002_0057.uasset" 8705
"../../../Engine/Content/EngineMaterials/Substrate/Glints2/dict_0002_0049.uasset" 8706
"../../../Engine/Content/EngineMaterials/Substrate/Glints2/dict_0002_0047.uasset" 8707
"../../../Engine/Content/EngineMaterials/Substrate/Glints2/dict_0002_0059.uasset" 8708
"../../../Engine/Content/EngineMaterials/Substrate/Glints2/dict_0002_0052.uasset" 8709
"/Engine/EngineMaterials/Substrate/Glints2/dict_0002_0042" 8710
"../../../Engine/Content/EngineMaterials/Substrate/Glints2/dict_0002_0051.uasset" 8711
"../../../Engine/Content/EngineMaterials/Substrate/Glints2/dict_0002_0058.uasset" 8712
"../../../Engine/Content/EngineMaterials/Substrate/Glints2/dict_0002_0054.uasset" 8713
"/Engine/EngineMaterials/Substrate/Glints2/dict_0002_0041" 8714
"/Engine/EngineMaterials/Substrate/Glints2/dict_0002_0040" 8715
"/Engine/EngineMaterials/Substrate/Glints2/dict_0002_0039" 8716
"/Engine/EngineMaterials/Substrate/Glints2/dict_0002_0038" 8717
"/Engine/EngineMaterials/Substrate/Glints2/dict_0002_0037" 8718
"/Engine/EngineMaterials/Substrate/Glints2/dict_0002_0036" 8719
"/Engine/EngineMaterials/Substrate/Glints2/dict_0002_0035" 8720
"/Engine/EngineMaterials/Substrate/Glints2/dict_0002_0034" 8721
"/Engine/EngineMaterials/Substrate/Glints2/dict_0002_0033" 8722
"/Engine/EngineMaterials/Substrate/Glints2/dict_0002_0032" 8723
"/Engine/EngineMaterials/Substrate/Glints2/dict_0002_0031" 8724
"/Engine/EngineMaterials/Substrate/Glints2/dict_0002_0030" 8725
"/Engine/EngineMaterials/Substrate/Glints2/dict_0002_0029" 8726
"/Engine/EngineMaterials/Substrate/Glints2/dict_0002_0050" 8727
"/Engine/EngineMaterials/Substrate/Glints2/dict_0002_0027" 8728
"/Engine/EngineMaterials/Substrate/Glints2/dict_0002_0046" 8729
"/Engine/EngineMaterials/Substrate/Glints2/dict_0002_0045" 8730
"/Engine/EngineMaterials/Substrate/Glints2/dict_0002_0044" 8731
"/Engine/EngineMaterials/Substrate/Glints2/dict_0002_0043" 8732
"../../../Engine/Content/EngineMaterials/Substrate/Glints2/dict_0002_0060.uasset" 8733
"../../../Engine/Content/EngineMaterials/Substrate/Glints2/dict_0002_0063.uasset" 8734
"../../../Engine/Content/EngineMaterials/Substrate/Glints2/dict_0002_0067.uasset" 8735
"../../../Engine/Content/EngineMaterials/Substrate/Glints2/dict_0002_0066.uasset" 8736
"../../../Engine/Content/EngineMaterials/Substrate/Glints2/dict_0002_0068.uasset" 8737
"../../../Engine/Content/EngineMaterials/Substrate/Glints2/dict_0002_0073.uasset" 8738
"../../../Engine/Content/EngineMaterials/Substrate/Glints2/dict_0002_0071.uasset" 8739
"../../../Engine/Content/EngineMaterials/Substrate/Glints2/dict_0002_0065.uasset" 8740
"../../../Engine/Content/EngineMaterials/Substrate/Glints2/dict_0002_0069.uasset" 8741
"../../../Engine/Content/EngineMaterials/Substrate/Glints2/dict_0002_0062.uasset" 8742
"../../../Engine/Content/EngineMaterials/Substrate/Glints2/dict_0002_0070.uasset" 8743
"../../../Engine/Content/EngineMaterials/Substrate/Glints2/dict_0002_0074.uasset" 8744
"../../../Engine/Content/EngineMaterials/Substrate/Glints2/dict_0002_0075.uasset" 8745
"../../../Engine/Content/EngineMaterials/Substrate/Glints2/dict_0002_0077.uasset" 8746
"../../../Engine/Content/EngineMaterials/Substrate/Glints2/dict_0002_0078.uasset" 8747
"../../../Engine/Content/EngineMaterials/Substrate/Glints2/dict_0002_0064.uasset" 8748
"/Engine/EngineMaterials/Substrate/Glints2/dict_0002_0059" 8749
"../../../Engine/Content/EngineMaterials/Substrate/Glints2/dict_0002_0072.uasset" 8750
"../../../Engine/Content/EngineMaterials/Substrate/Glints2/dict_0002_0076.uasset" 8751
"../../../Engine/Content/EngineMaterials/Substrate/Glints2/dict_0002_0061.uasset" 8752
"../../../Engine/Content/EngineMaterials/Substrate/Glints2/dict_0002_0079.uasset" 8753
"/Engine/EngineMaterials/Substrate/Glints2/dict_0002_0058" 8754
"/Engine/EngineMaterials/Substrate/Glints2/dict_0002_0057" 8755
"/Engine/EngineMaterials/Substrate/Glints2/dict_0002_0056" 8756
"/Engine/EngineMaterials/Substrate/Glints2/dict_0002_0055" 8757
"/Engine/EngineMaterials/Substrate/Glints2/dict_0002_0054" 8758
"/Engine/EngineMaterials/Substrate/Glints2/dict_0002_0053" 8759
"/Engine/EngineMaterials/Substrate/Glints2/dict_0002_0067" 8760
"/Engine/EngineMaterials/Substrate/Glints2/dict_0002_0052" 8761
"/Engine/EngineMaterials/Substrate/Glints2/dict_0002_0066" 8762
"/Engine/EngineMaterials/Substrate/Glints2/dict_0002_0051" 8763
"/Engine/EngineMaterials/Substrate/Glints2/dict_0002_0049" 8764
"/Engine/EngineMaterials/Substrate/Glints2/dict_0002_0048" 8765
"/Engine/EngineMaterials/Substrate/Glints2/dict_0002_0047" 8766
"/Engine/EngineMaterials/Substrate/Glints2/dict_0002_0063" 8767
"/Engine/EngineMaterials/Substrate/Glints2/dict_0002_0060" 8768
"../../../Engine/Content/EngineMaterials/Substrate/Glints2/dict_0002_0080.uasset" 8769
"../../../Engine/Content/EngineMaterials/Substrate/Glints2/dict_0002_0083.uasset" 8770
"../../../Engine/Content/EngineMaterials/Substrate/Glints2/dict_0002_0085.uasset" 8771
"../../../Engine/Content/EngineMaterials/Substrate/Glints2/dict_0002_0082.uasset" 8772
"../../../Engine/Content/EngineMaterials/Substrate/Glints2/dict_0002_0087.uasset" 8773
"../../../Engine/Content/EngineMaterials/Substrate/Glints2/dict_0002_0091.uasset" 8774
"../../../Engine/Content/EngineMaterials/Substrate/Glints2/dict_0002_0090.uasset" 8775
"../../../Engine/Content/EngineMaterials/Substrate/Glints2/dict_0002_0088.uasset" 8776
"../../../Engine/Content/EngineMaterials/Substrate/Glints2/dict_0002_0089.uasset" 8777
"../../../Engine/Content/EngineMaterials/Substrate/Glints2/dict_0002_0081.uasset" 8778
"../../../Engine/Content/EngineMaterials/Substrate/Glints2/dict_0002_0094.uasset" 8779
"../../../Engine/Content/EngineMaterials/Substrate/Glints2/dict_0002_0086.uasset" 8780
"../../../Engine/Content/EngineMaterials/Substrate/Glints2/dict_0002_0084.uasset" 8781
"../../../Engine/Content/EngineMaterials/Substrate/Glints2/dict_0002_0092.uasset" 8782
"/Engine/EngineMaterials/Substrate/Glints2/dict_0002_0079" 8783
"../../../Engine/Content/EngineMaterials/Substrate/Glints2/dict_0002_0093.uasset" 8784
"../../../Engine/Content/EngineMaterials/Substrate/Glints2/dict_0002_0095.uasset" 8785
"/Engine/EngineMaterials/Substrate/Glints2/dict_0002_0078" 8786
"/Engine/EngineMaterials/Substrate/Glints2/dict_0002_0077" 8787
"/Engine/EngineMaterials/Substrate/Glints2/dict_0002_0076" 8788
"/Engine/EngineMaterials/Substrate/Glints2/dict_0002_0075" 8789
"/Engine/EngineMaterials/Substrate/Glints2/dict_0002_0074" 8790
"/Engine/EngineMaterials/Substrate/Glints2/dict_0002_0073" 8791
"/Engine/EngineMaterials/Substrate/Glints2/dict_0002_0072" 8792
"/Engine/EngineMaterials/Substrate/Glints2/dict_0002_0071" 8793
"/Engine/EngineMaterials/Substrate/Glints2/dict_0002_0070" 8794
"/Engine/EngineMaterials/Substrate/Glints2/dict_0002_0069" 8795
"/Engine/EngineMaterials/Substrate/Glints2/dict_0002_0068" 8796
"/Engine/EngineMaterials/Substrate/Glints2/dict_0002_0085" 8797
"/Engine/EngineMaterials/Substrate/Glints2/dict_0002_0065" 8798
"/Engine/EngineMaterials/Substrate/Glints2/dict_0002_0083" 8799
"/Engine/EngineMaterials/Substrate/Glints2/dict_0002_0064" 8800
"/Engine/EngineMaterials/Substrate/Glints2/dict_0002_0062" 8801
"/Engine/EngineMaterials/Substrate/Glints2/dict_0002_0061" 8802
"/Engine/EngineMaterials/Substrate/Glints2/dict_0002_0080" 8803
"../../../Engine/Content/EngineMaterials/Substrate/Glints2/dict_0002_0097.uasset" 8804
"../../../Engine/Content/EngineMaterials/Substrate/Glints2/dict_0002_0101.uasset" 8805
"../../../Engine/Content/EngineMaterials/Substrate/Glints2/dict_0002_0103.uasset" 8806
"../../../Engine/Content/EngineMaterials/Substrate/Glints2/dict_0002_0102.uasset" 8807
"../../../Engine/Content/EngineMaterials/Substrate/Glints2/dict_0002_0096.uasset" 8808
"../../../Engine/Content/EngineMaterials/Substrate/Glints2/dict_0002_0107.uasset" 8809
"../../../Engine/Content/EngineMaterials/Substrate/Glints2/dict_0002_0108.uasset" 8810
"../../../Engine/Content/EngineMaterials/Substrate/Glints2/dict_0002_0100.uasset" 8811
"../../../Engine/Content/EngineMaterials/Substrate/Glints2/dict_0002_0105.uasset" 8812
"../../../Engine/Content/EngineMaterials/Substrate/Glints2/dict_0002_0106.uasset" 8813
"../../../Engine/Content/EngineMaterials/Substrate/Glints2/dict_0002_0111.uasset" 8814
"../../../Engine/Content/EngineMaterials/Substrate/Glints2/dict_0002_0113.uasset" 8815
"../../../Engine/Content/EngineMaterials/Substrate/Glints2/dict_0002_0098.uasset" 8816
"/Engine/EngineMaterials/Substrate/Glints2/dict_0002_0095" 8817
"../../../Engine/Content/EngineMaterials/Substrate/Glints2/dict_0002_0109.uasset" 8818
"../../../Engine/Content/EngineMaterials/Substrate/Glints2/dict_0002_0099.uasset" 8819
"../../../Engine/Content/EngineMaterials/Substrate/Glints2/dict_0002_0110.uasset" 8820
"../../../Engine/Content/EngineMaterials/Substrate/Glints2/dict_0002_0104.uasset" 8821
"../../../Engine/Content/EngineMaterials/Substrate/Glints2/dict_0002_0112.uasset" 8822
"../../../Engine/Content/EngineMaterials/Substrate/Glints2/dict_0002_0114.uasset" 8823
"/Engine/EngineMaterials/Substrate/Glints2/dict_0002_0094" 8824
"/Engine/EngineMaterials/Substrate/Glints2/dict_0002_0093" 8825
"/Engine/EngineMaterials/Substrate/Glints2/dict_0002_0092" 8826
"/Engine/EngineMaterials/Substrate/Glints2/dict_0002_0091" 8827
"/Engine/EngineMaterials/Substrate/Glints2/dict_0002_0090" 8828
"/Engine/EngineMaterials/Substrate/Glints2/dict_0002_0089" 8829
"/Engine/EngineMaterials/Substrate/Glints2/dict_0002_0088" 8830
"/Engine/EngineMaterials/Substrate/Glints2/dict_0002_0087" 8831
"/Engine/EngineMaterials/Substrate/Glints2/dict_0002_0086" 8832
"/Engine/EngineMaterials/Substrate/Glints2/dict_0002_0101" 8833
"/Engine/EngineMaterials/Substrate/Glints2/dict_0002_0084" 8834
"/Engine/EngineMaterials/Substrate/Glints2/dict_0002_0082" 8835
"/Engine/EngineMaterials/Substrate/Glints2/dict_0002_0081" 8836
"/Engine/EngineMaterials/Substrate/Glints2/dict_0002_0097" 8837
"/Engine/EngineMaterials/Substrate/Glints2/dict_0002_0096" 8838
"../../../Engine/Content/EngineMaterials/Substrate/Glints2/dict_0002_0115.uasset" 8839
"../../../Engine/Content/EngineMaterials/Substrate/Glints2/dict_0002_0117.uasset" 8840
"../../../Engine/Content/EngineMaterials/Substrate/Glints2/dict_0002_0116.uasset" 8841
"../../../Engine/Content/EngineMaterials/Substrate/Glints2/dict_0002_0120.uasset" 8842
"../../../Engine/Content/EngineMaterials/Substrate/Glints2/dict_0002_0118.uasset" 8843
"../../../Engine/Content/EngineMaterials/Substrate/Glints2/dict_0002_0124.uasset" 8844
"../../../Engine/Content/EngineMaterials/Substrate/Glints2/dict_0002_0127.uasset" 8845
"../../../Engine/Content/EngineMaterials/Substrate/Glints2/dict_0002_0121.uasset" 8846
"../../../Engine/Content/EngineMaterials/Substrate/Glints2/dict_0002_0125.uasset" 8847
"../../../Engine/Content/EngineMaterials/Substrate/Glints2/dict_0002_0119.uasset" 8848
"../../../Engine/Content/EngineMaterials/Substrate/Glints2/dict_0002_0130.uasset" 8849
"../../../Engine/Content/EngineMaterials/Substrate/Glints2/dict_0002_0122.uasset" 8850
"/Engine/EngineMaterials/Substrate/Glints2/dict_0002_0114" 8851
"../../../Engine/Content/EngineMaterials/Substrate/Glints2/dict_0002_0128.uasset" 8852
"../../../Engine/Content/EngineMaterials/Substrate/Glints2/dict_0002_0123.uasset" 8853
"../../../Engine/Content/EngineMaterials/Substrate/Glints2/dict_0002_0129.uasset" 8854
"../../../Engine/Content/EngineMaterials/Substrate/Glints2/dict_0002_0126.uasset" 8855
"/Engine/EngineMaterials/Substrate/Glints2/dict_0002_0113" 8856
"/Engine/EngineMaterials/Substrate/Glints2/dict_0002_0112" 8857
"/Engine/EngineMaterials/Substrate/Glints2/dict_0002_0111" 8858
"/Engine/EngineMaterials/Substrate/Glints2/dict_0002_0110" 8859
"/Engine/EngineMaterials/Substrate/Glints2/dict_0002_0109" 8860
"/Engine/EngineMaterials/Substrate/Glints2/dict_0002_0108" 8861
"/Engine/EngineMaterials/Substrate/Glints2/dict_0002_0107" 8862
"/Engine/EngineMaterials/Substrate/Glints2/dict_0002_0106" 8863
"/Engine/EngineMaterials/Substrate/Glints2/dict_0002_0105" 8864
"/Engine/EngineMaterials/Substrate/Glints2/dict_0002_0104" 8865
"/Engine/EngineMaterials/Substrate/Glints2/dict_0002_0103" 8866
"/Engine/EngineMaterials/Substrate/Glints2/dict_0002_0102" 8867
"/Engine/EngineMaterials/Substrate/Glints2/dict_0002_0100" 8868
"/Engine/EngineMaterials/Substrate/Glints2/dict_0002_0099" 8869
"/Engine/EngineMaterials/Substrate/Glints2/dict_0002_0117" 8870
"/Engine/EngineMaterials/Substrate/Glints2/dict_0002_0098" 8871
"/Engine/EngineMaterials/Substrate/Glints2/dict_0002_0116" 8872
"/Engine/EngineMaterials/Substrate/Glints2/dict_0002_0115" 8873
"../../../Engine/Content/EngineMaterials/Substrate/Glints2/dict_0002_0133.uasset" 8874
"../../../Engine/Content/EngineMaterials/Substrate/Glints2/dict_0002_0131.uasset" 8875
"../../../Engine/Content/EngineMaterials/Substrate/Glints2/dict_0002_0138.uasset" 8876
"../../../Engine/Content/EngineMaterials/Substrate/Glints2/dict_0002_0139.uasset" 8877
"../../../Engine/Content/EngineMaterials/Substrate/Glints2/dict_0002_0141.uasset" 8878
"../../../Engine/Content/EngineMaterials/Substrate/Glints2/dict_0002_0137.uasset" 8879
"../../../Engine/Content/EngineMaterials/Substrate/Glints2/dict_0002_0144.uasset" 8880
"../../../Engine/Content/EngineMaterials/Substrate/Glints2/dict_0002_0143.uasset" 8881
"../../../Engine/Content/EngineMaterials/Substrate/Glints2/dict_0002_0132.uasset" 8882
"../../../Engine/Content/EngineMaterials/Substrate/Glints2/dict_0002_0136.uasset" 8883
"../../../Engine/Content/EngineMaterials/Substrate/Glints2/dict_0002_0140.uasset" 8884
"/Engine/EngineMaterials/Substrate/Glints2/dict_0002_0130" 8885
"../../../Engine/Content/EngineMaterials/Substrate/Glints2/dict_0002_0147.uasset" 8886
"../../../Engine/Content/EngineMaterials/Substrate/Glints2/dict_0002_0145.uasset" 8887
"../../../Engine/Content/EngineMaterials/Substrate/Glints2/dict_0002_0146.uasset" 8888
"../../../Engine/Content/EngineMaterials/Substrate/Glints2/dict_0002_0149.uasset" 8889
"../../../Engine/Content/EngineMaterials/Substrate/Glints2/dict_0002_0134.uasset" 8890
"../../../Engine/Content/EngineMaterials/Substrate/Glints2/dict_0002_0148.uasset" 8891
"../../../Engine/Content/EngineMaterials/Substrate/Glints2/dict_0002_0135.uasset" 8892
"../../../Engine/Content/EngineMaterials/Substrate/Glints2/dict_0002_0142.uasset" 8893
"/Engine/EngineMaterials/Substrate/Glints2/dict_0002_0129" 8894
"/Engine/EngineMaterials/Substrate/Glints2/dict_0002_0128" 8895
"/Engine/EngineMaterials/Substrate/Glints2/dict_0002_0127" 8896
"/Engine/EngineMaterials/Substrate/Glints2/dict_0002_0126" 8897
"/Engine/EngineMaterials/Substrate/Glints2/dict_0002_0125" 8898
"/Engine/EngineMaterials/Substrate/Glints2/dict_0002_0124" 8899
"/Engine/EngineMaterials/Substrate/Glints2/dict_0002_0123" 8900
"/Engine/EngineMaterials/Substrate/Glints2/dict_0002_0122" 8901
"/Engine/EngineMaterials/Substrate/Glints2/dict_0002_0121" 8902
"/Engine/EngineMaterials/Substrate/Glints2/dict_0002_0120" 8903
"/Engine/EngineMaterials/Substrate/Glints2/dict_0002_0119" 8904
"/Engine/EngineMaterials/Substrate/Glints2/dict_0002_0118" 8905
"../../../Engine/Content/EngineMaterials/Substrate/Glints2/dict_0002_0150.uasset" 8906
"../../../Engine/Content/EngineMaterials/Substrate/Glints2/dict_0002_0154.uasset" 8907
"../../../Engine/Content/EngineMaterials/Substrate/Glints2/dict_0002_0153.uasset" 8908
"../../../Engine/Content/EngineMaterials/Substrate/Glints2/dict_0002_0158.uasset" 8909
"../../../Engine/Content/EngineMaterials/Substrate/Glints2/dict_0002_0155.uasset" 8910
"../../../Engine/Content/EngineMaterials/Substrate/Glints2/dict_0002_0161.uasset" 8911
"../../../Engine/Content/EngineMaterials/Substrate/Glints2/dict_0002_0152.uasset" 8912
"../../../Engine/Content/EngineMaterials/Substrate/Glints2/dict_0002_0162.uasset" 8913
"../../../Engine/Content/EngineMaterials/Substrate/Glints2/dict_0002_0157.uasset" 8914
"../../../Engine/Content/EngineMaterials/Substrate/Glints2/dict_0002_0151.uasset" 8915
"../../../Engine/Content/EngineMaterials/Substrate/Glints2/dict_0002_0156.uasset" 8916
"../../../Engine/Content/EngineMaterials/Substrate/Glints2/dict_0002_0159.uasset" 8917
"/Engine/EngineMaterials/Substrate/Glints2/dict_0002_0149" 8918
"../../../Engine/Content/EngineMaterials/Substrate/Glints2/dict_0002_0160.uasset" 8919
"/Engine/EngineMaterials/Substrate/Glints2/dict_0002_0148" 8920
"/Engine/EngineMaterials/Substrate/Glints2/dict_0002_0147" 8921
"/Engine/EngineMaterials/Substrate/Glints2/dict_0002_0146" 8922
"/Engine/EngineMaterials/Substrate/Glints2/dict_0002_0145" 8923
"/Engine/EngineMaterials/Substrate/Glints2/dict_0002_0144" 8924
"/Engine/EngineMaterials/Substrate/Glints2/dict_0002_0143" 8925
"/Engine/EngineMaterials/Substrate/Glints2/dict_0002_0142" 8926
"/Engine/EngineMaterials/Substrate/Glints2/dict_0002_0141" 8927
"/Engine/EngineMaterials/Substrate/Glints2/dict_0002_0140" 8928
"/Engine/EngineMaterials/Substrate/Glints2/dict_0002_0139" 8929
"/Engine/EngineMaterials/Substrate/Glints2/dict_0002_0138" 8930
"/Engine/EngineMaterials/Substrate/Glints2/dict_0002_0154" 8931
"/Engine/EngineMaterials/Substrate/Glints2/dict_0002_0137" 8932
"/Engine/EngineMaterials/Substrate/Glints2/dict_0002_0136" 8933
"/Engine/EngineMaterials/Substrate/Glints2/dict_0002_0150" 8934
"/Engine/EngineMaterials/Substrate/Glints2/dict_0002_0135" 8935
"/Engine/EngineMaterials/Substrate/Glints2/dict_0002_0134" 8936
"/Engine/EngineMaterials/Substrate/Glints2/dict_0002_0133" 8937
"/Engine/EngineMaterials/Substrate/Glints2/dict_0002_0132" 8938
"/Engine/EngineMaterials/Substrate/Glints2/dict_0002_0131" 8939
"../../../Engine/Content/EngineMaterials/Substrate/Glints2/dict_0002_0169.uasset" 8940
"../../../Engine/Content/EngineMaterials/Substrate/Glints2/dict_0002_0167.uasset" 8941
"../../../Engine/Content/EngineMaterials/Substrate/Glints2/dict_0002_0163.uasset" 8942
"../../../Engine/Content/EngineMaterials/Substrate/Glints2/dict_0002_0172.uasset" 8943
"../../../Engine/Content/EngineMaterials/Substrate/Glints2/dict_0002_0175.uasset" 8944
"../../../Engine/Content/EngineMaterials/Substrate/Glints2/dict_0002_0174.uasset" 8945
"../../../Engine/Content/EngineMaterials/Substrate/Glints2/dict_0002_0176.uasset" 8946
"../../../Engine/Content/EngineMaterials/Substrate/Glints2/dict_0002_0168.uasset" 8947
"../../../Engine/Content/EngineMaterials/Substrate/Glints2/dict_0002_0170.uasset" 8948
"/Engine/EngineMaterials/Substrate/Glints2/dict_0002_0162" 8949
"../../../Engine/Content/EngineMaterials/Substrate/Glints2/dict_0002_0171.uasset" 8950
"../../../Engine/Content/EngineMaterials/Substrate/Glints2/dict_0002_0177.uasset" 8951
"../../../Engine/Content/EngineMaterials/Substrate/Glints2/dict_0002_0165.uasset" 8952
"../../../Engine/Content/EngineMaterials/Substrate/Glints2/dict_0002_0178.uasset" 8953
"../../../Engine/Content/EngineMaterials/Substrate/Glints2/dict_0002_0173.uasset" 8954
"../../../Engine/Content/EngineMaterials/Substrate/Glints2/dict_0002_0181.uasset" 8955
"../../../Engine/Content/EngineMaterials/Substrate/Glints2/dict_0002_0183.uasset" 8956
"../../../Engine/Content/EngineMaterials/Substrate/Glints2/dict_0002_0164.uasset" 8957
"../../../Engine/Content/EngineMaterials/Substrate/Glints2/dict_0002_0179.uasset" 8958
"../../../Engine/Content/EngineMaterials/Substrate/Glints2/dict_0002_0180.uasset" 8959
"../../../Engine/Content/EngineMaterials/Substrate/Glints2/dict_0002_0166.uasset" 8960
"../../../Engine/Content/EngineMaterials/Substrate/Glints2/dict_0002_0182.uasset" 8961
"/Engine/EngineMaterials/Substrate/Glints2/dict_0002_0161" 8962
"/Engine/EngineMaterials/Substrate/Glints2/dict_0002_0160" 8963
"/Engine/EngineMaterials/Substrate/Glints2/dict_0002_0159" 8964
"/Engine/EngineMaterials/Substrate/Glints2/dict_0002_0158" 8965
"/Engine/EngineMaterials/Substrate/Glints2/dict_0002_0157" 8966
"/Engine/EngineMaterials/Substrate/Glints2/dict_0002_0156" 8967
"/Engine/EngineMaterials/Substrate/Glints2/dict_0002_0155" 8968
"/Engine/EngineMaterials/Substrate/Glints2/dict_0002_0153" 8969
"/Engine/EngineMaterials/Substrate/Glints2/dict_0002_0152" 8970
"/Engine/EngineMaterials/Substrate/Glints2/dict_0002_0151" 8971
"../../../Engine/Content/EngineMaterials/Substrate/Glints2/dict_0002_0184.uasset" 8972
"../../../Engine/Content/EngineMaterials/Substrate/Glints2/dict_0002_0185.uasset" 8973
"../../../Engine/Content/EngineMaterials/Substrate/Glints2/dict_0002_0187.uasset" 8974
"../../../Engine/Content/EngineMaterials/Substrate/Glints2/dict_0002_0190.uasset" 8975
"../../../Engine/Content/EngineMaterials/Substrate/Glints2/dict_0002_0194.uasset" 8976
"../../../Engine/Content/EngineMaterials/Substrate/Glints2/dict_0002_0193.uasset" 8977
"../../../Engine/Content/EngineMaterials/Substrate/Glints2/dict_0002_0186.uasset" 8978
"../../../Engine/Content/EngineMaterials/Substrate/Glints2/dict_0002_0191.uasset" 8979
"../../../Engine/Content/EngineMaterials/Substrate/Glints2/dict_0002_0189.uasset" 8980
"../../../Engine/Content/EngineMaterials/Substrate/Glints2/dict_0002_0192.uasset" 8981
"../../../Engine/Content/EngineMaterials/Substrate/Glints2/dict_0002_0188.uasset" 8982
"/Engine/EngineMaterials/Substrate/Glints2/dict_0002_0183" 8983
"/Engine/EngineMaterials/Substrate/Glints2/dict_0002_0182" 8984
"/Engine/EngineMaterials/Substrate/Glints2/dict_0002_0181" 8985
"/Engine/EngineMaterials/Substrate/Glints2/dict_0002_0180" 8986
"/Engine/EngineMaterials/Substrate/Glints2/dict_0002_0179" 8987
"/Engine/EngineMaterials/Substrate/Glints2/dict_0002_0178" 8988
"/Engine/EngineMaterials/Substrate/Glints2/dict_0002_0177" 8989
"/Engine/EngineMaterials/Substrate/Glints2/dict_0002_0176" 8990
"/Engine/EngineMaterials/Substrate/Glints2/dict_0002_0175" 8991
"/Engine/EngineMaterials/Substrate/Glints2/dict_0002_0174" 8992
"/Engine/EngineMaterials/Substrate/Glints2/dict_0002_0173" 8993
"/Engine/EngineMaterials/Substrate/Glints2/dict_0002_0172" 8994
"/Engine/EngineMaterials/Substrate/Glints2/dict_0002_0171" 8995
"/Engine/EngineMaterials/Substrate/Glints2/dict_0002_0170" 8996
"/Engine/EngineMaterials/Substrate/Glints2/dict_0002_0184" 8997
"/Engine/EngineMaterials/Substrate/Glints2/dict_0002_0169" 8998
"/Engine/EngineMaterials/Substrate/Glints2/dict_0002_0168" 8999
"/Engine/EngineMaterials/Substrate/Glints2/dict_0002_0167" 9000
"/Engine/EngineMaterials/Substrate/Glints2/dict_0002_0166" 9001
"/Engine/EngineMaterials/Substrate/Glints2/dict_0002_0165" 9002
"/Engine/EngineMaterials/Substrate/Glints2/dict_0002_0164" 9003
"/Engine/EngineMaterials/Substrate/Glints2/dict_0002_0163" 9004
"../../../Engine/Content/EngineMaterials/Substrate/Glints2/dict_0002_0200.uasset" 9005
"../../../Engine/Content/EngineMaterials/Substrate/Glints2/dict_0002_0201.uasset" 9006
"../../../Engine/Content/EngineMaterials/Substrate/Glints2/dict_0002_0203.uasset" 9007
"../../../Engine/Content/EngineMaterials/Substrate/Glints2/dict_0002_0206.uasset" 9008
"../../../Engine/Content/EngineMaterials/Substrate/Glints2/dict_0002_0207.uasset" 9009
"../../../Engine/Content/EngineMaterials/Substrate/Glints2/dict_0002_0202.uasset" 9010
"../../../Engine/Content/EngineMaterials/Substrate/Glints2/dict_0002_0204.uasset" 9011
"../../../Engine/Content/EngineMaterials/Substrate/Glints2/dict_0002_0208.uasset" 9012
"../../../Engine/Content/EngineMaterials/Substrate/Glints2/dict_0002_0199.uasset" 9013
"../../../Engine/Content/EngineMaterials/Substrate/Glints2/dict_0002_0197.uasset" 9014
"../../../Engine/Content/EngineMaterials/Substrate/Glints2/dict_0002_0196.uasset" 9015
"../../../Engine/Content/EngineMaterials/Substrate/Glints2/dict_0002_0205.uasset" 9016
"../../../Engine/Content/EngineMaterials/Substrate/Glints2/dict_0002_0195.uasset" 9017
"/Engine/EngineMaterials/Substrate/Glints2/dict_0002_0194" 9018
"../../../Engine/Content/EngineMaterials/Substrate/Glints2/dict_0002_0209.uasset" 9019
"../../../Engine/Content/EngineMaterials/Substrate/Glints2/dict_0002_0210.uasset" 9020
"../../../Engine/Content/EngineMaterials/Substrate/Glints2/dict_0002_0211.uasset" 9021
"../../../Engine/Content/EngineMaterials/Substrate/Glints2/dict_0002_0198.uasset" 9022
"../../../Engine/Content/EngineMaterials/Substrate/Glints2/dict_0002_0213.uasset" 9023
"../../../Engine/Content/EngineMaterials/Substrate/Glints2/dict_0002_0212.uasset" 9024
"../../../Engine/Content/EngineMaterials/Substrate/Glints2/dict_0002_0216.uasset" 9025
"../../../Engine/Content/EngineMaterials/Substrate/Glints2/dict_0002_0214.uasset" 9026
"../../../Engine/Content/EngineMaterials/Substrate/Glints2/dict_0002_0215.uasset" 9027
"/Engine/EngineMaterials/Substrate/Glints2/dict_0002_0193" 9028
"/Engine/EngineMaterials/Substrate/Glints2/dict_0002_0192" 9029
"/Engine/EngineMaterials/Substrate/Glints2/dict_0002_0191" 9030
"/Engine/EngineMaterials/Substrate/Glints2/dict_0002_0190" 9031
"/Engine/EngineMaterials/Substrate/Glints2/dict_0002_0189" 9032
"/Engine/EngineMaterials/Substrate/Glints2/dict_0002_0188" 9033
"/Engine/EngineMaterials/Substrate/Glints2/dict_0002_0187" 9034
"/Engine/EngineMaterials/Substrate/Glints2/dict_0002_0186" 9035
"/Engine/EngineMaterials/Substrate/Glints2/dict_0002_0185" 9036
"../../../Engine/Content/EngineMaterials/Substrate/Glints2/dict_0002_0217.uasset" 9037
"../../../Engine/Content/EngineMaterials/Substrate/Glints2/dict_0002_0219.uasset" 9038
"../../../Engine/Content/EngineMaterials/Substrate/Glints2/dict_0002_0218.uasset" 9039
"../../../Engine/Content/EngineMaterials/Substrate/Glints2/dict_0002_0220.uasset" 9040
"../../../Engine/Content/EngineMaterials/Substrate/Glints2/dict_0002_0223.uasset" 9041
"../../../Engine/Content/EngineMaterials/Substrate/Glints2/dict_0002_0222.uasset" 9042
"../../../Engine/Content/EngineMaterials/Substrate/Glints2/dict_0002_0225.uasset" 9043
"../../../Engine/Content/EngineMaterials/Substrate/Glints2/dict_0002_0224.uasset" 9044
"../../../Engine/Content/EngineMaterials/Substrate/Glints2/dict_0002_0226.uasset" 9045
"../../../Engine/Content/EngineMaterials/Substrate/Glints2/dict_0002_0221.uasset" 9046
"/Engine/EngineMaterials/Substrate/Glints2/dict_0002_0216" 9047
"/Engine/EngineMaterials/Substrate/Glints2/dict_0002_0215" 9048
"/Engine/EngineMaterials/Substrate/Glints2/dict_0002_0214" 9049
"/Engine/EngineMaterials/Substrate/Glints2/dict_0002_0213" 9050
"/Engine/EngineMaterials/Substrate/Glints2/dict_0002_0212" 9051
"/Engine/EngineMaterials/Substrate/Glints2/dict_0002_0211" 9052
"/Engine/EngineMaterials/Substrate/Glints2/dict_0002_0210" 9053
"/Engine/EngineMaterials/Substrate/Glints2/dict_0002_0209" 9054
"/Engine/EngineMaterials/Substrate/Glints2/dict_0002_0208" 9055
"/Engine/EngineMaterials/Substrate/Glints2/dict_0002_0207" 9056
"/Engine/EngineMaterials/Substrate/Glints2/dict_0002_0206" 9057
"/Engine/EngineMaterials/Substrate/Glints2/dict_0002_0205" 9058
"/Engine/EngineMaterials/Substrate/Glints2/dict_0002_0219" 9059
"/Engine/EngineMaterials/Substrate/Glints2/dict_0002_0204" 9060
"/Engine/EngineMaterials/Substrate/Glints2/dict_0002_0218" 9061
"/Engine/EngineMaterials/Substrate/Glints2/dict_0002_0203" 9062
"/Engine/EngineMaterials/Substrate/Glints2/dict_0002_0217" 9063
"/Engine/EngineMaterials/Substrate/Glints2/dict_0002_0202" 9064
"/Engine/EngineMaterials/Substrate/Glints2/dict_0002_0201" 9065
"/Engine/EngineMaterials/Substrate/Glints2/dict_0002_0200" 9066
"/Engine/EngineMaterials/Substrate/Glints2/dict_0002_0199" 9067
"/Engine/EngineMaterials/Substrate/Glints2/dict_0002_0198" 9068
"/Engine/EngineMaterials/Substrate/Glints2/dict_0002_0197" 9069
"/Engine/EngineMaterials/Substrate/Glints2/dict_0002_0196" 9070
"/Engine/EngineMaterials/Substrate/Glints2/dict_0002_0195" 9071
"../../../Engine/Content/EngineMaterials/Substrate/Glints2/dict_0002_0227.uasset" 9072
"../../../Engine/Content/EngineMaterials/Substrate/Glints2/dict_0002_0230.uasset" 9073
"../../../Engine/Content/EngineMaterials/Substrate/Glints2/dict_0002_0232.uasset" 9074
"../../../Engine/Content/EngineMaterials/Substrate/Glints2/dict_0002_0233.uasset" 9075
"../../../Engine/Content/EngineMaterials/Substrate/Glints2/dict_0002_0236.uasset" 9076
"../../../Engine/Content/EngineMaterials/Substrate/Glints2/dict_0002_0228.uasset" 9077
"../../../Engine/Content/EngineMaterials/Substrate/Glints2/dict_0002_0238.uasset" 9078
"../../../Engine/Content/EngineMaterials/Substrate/Glints2/dict_0002_0234.uasset" 9079
"../../../Engine/Content/EngineMaterials/Substrate/Glints2/dict_0002_0231.uasset" 9080
"../../../Engine/Content/EngineMaterials/Substrate/Glints2/dict_0002_0235.uasset" 9081
"../../../Engine/Content/EngineMaterials/Substrate/Glints2/dict_0002_0241.uasset" 9082
"../../../Engine/Content/EngineMaterials/Substrate/Glints2/dict_0002_0243.uasset" 9083
"../../../Engine/Content/EngineMaterials/Substrate/Glints2/dict_0002_0229.uasset" 9084
"../../../Engine/Content/EngineMaterials/Substrate/Glints2/dict_0002_0246.uasset" 9085
"../../../Engine/Content/EngineMaterials/Substrate/Glints2/dict_0002_0247.uasset" 9086
"../../../Engine/Content/EngineMaterials/Substrate/Glints2/dict_0002_0239.uasset" 9087
"/Engine/EngineMaterials/Substrate/Glints2/dict_0002_0226" 9088
"../../../Engine/Content/EngineMaterials/Substrate/Glints2/dict_0002_0242.uasset" 9089
"../../../Engine/Content/EngineMaterials/Substrate/Glints2/dict_0002_0249.uasset" 9090
"../../../Engine/Content/EngineMaterials/Substrate/Glints2/dict_0002_0251.uasset" 9091
"../../../Engine/Content/EngineMaterials/Substrate/Glints2/dict_0002_0237.uasset" 9092
"../../../Engine/Content/EngineMaterials/Substrate/Glints2/dict_0002_0245.uasset" 9093
"../../../Engine/Content/EngineMaterials/Substrate/Glints2/dict_0002_0240.uasset" 9094
"../../../Engine/Content/EngineMaterials/Substrate/Glints2/dict_0002_0248.uasset" 9095
"../../../Engine/Content/EngineMaterials/Substrate/Glints2/dict_0002_0244.uasset" 9096
"../../../Engine/Content/EngineMaterials/Substrate/Glints2/dict_0002_0250.uasset" 9097
"/Engine/EngineMaterials/Substrate/Glints2/dict_0002_0225" 9098
"/Engine/EngineMaterials/Substrate/Glints2/dict_0002_0224" 9099
"/Engine/EngineMaterials/Substrate/Glints2/dict_0002_0223" 9100
"/Engine/EngineMaterials/Substrate/Glints2/dict_0002_0222" 9101
"/Engine/EngineMaterials/Substrate/Glints2/dict_0002_0221" 9102
"/Engine/EngineMaterials/Substrate/Glints2/dict_0002_0220" 9103
"/Engine/EngineMaterials/Substrate/Glints2/dict_0002_0238" 9104
"/Engine/EngineMaterials/Substrate/Glints2/dict_0002_0236" 9105
"/Engine/EngineMaterials/Substrate/Glints2/dict_0002_0233" 9106
"/Engine/EngineMaterials/Substrate/Glints2/dict_0002_0232" 9107
"/Engine/EngineMaterials/Substrate/Glints2/dict_0002_0230" 9108
"/Engine/EngineMaterials/Substrate/Glints2/dict_0002_0228" 9109
"/Engine/EngineMaterials/Substrate/Glints2/dict_0002_0227" 9110
"../../../Engine/Content/EngineMaterials/Substrate/Glints2/dict_0002_0253.uasset" 9111
"../../../Engine/Content/EngineMaterials/Substrate/Glints2/dict_0002_0252.uasset" 9112
"../../../Engine/Content/EngineMaterials/Substrate/Glints2/dict_0003_0000.uasset" 9113
"../../../Engine/Content/EngineMaterials/Substrate/Glints2/dict_0003_0002.uasset" 9114
"../../../Engine/Content/EngineMaterials/Substrate/Glints2/dict_0003_0004.uasset" 9115
"../../../Engine/Content/EngineMaterials/Substrate/Glints2/dict_0003_0005.uasset" 9116
"../../../Engine/Content/EngineMaterials/Substrate/Glints2/dict_0002_0254.uasset" 9117
"../../../Engine/Content/EngineMaterials/Substrate/Glints2/dict_0003_0007.uasset" 9118
"../../../Engine/Content/EngineMaterials/Substrate/Glints2/dict_0002_0255.uasset" 9119
"../../../Engine/Content/EngineMaterials/Substrate/Glints2/dict_0003_0003.uasset" 9120
"../../../Engine/Content/EngineMaterials/Substrate/Glints2/dict_0003_0001.uasset" 9121
"../../../Engine/Content/EngineMaterials/Substrate/Glints2/dict_0003_0009.uasset" 9122
"../../../Engine/Content/EngineMaterials/Substrate/Glints2/dict_0003_0006.uasset" 9123
"../../../Engine/Content/EngineMaterials/Substrate/Glints2/dict_0003_0008.uasset" 9124
"/Engine/EngineMaterials/Substrate/Glints2/dict_0002_0251" 9125
"/Engine/EngineMaterials/Substrate/Glints2/dict_0002_0250" 9126
"/Engine/EngineMaterials/Substrate/Glints2/dict_0002_0249" 9127
"/Engine/EngineMaterials/Substrate/Glints2/dict_0002_0248" 9128
"/Engine/EngineMaterials/Substrate/Glints2/dict_0002_0247" 9129
"/Engine/EngineMaterials/Substrate/Glints2/dict_0002_0246" 9130
"/Engine/EngineMaterials/Substrate/Glints2/dict_0002_0245" 9131
"/Engine/EngineMaterials/Substrate/Glints2/dict_0002_0244" 9132
"/Engine/EngineMaterials/Substrate/Glints2/dict_0002_0243" 9133
"/Engine/EngineMaterials/Substrate/Glints2/dict_0002_0242" 9134
"/Engine/EngineMaterials/Substrate/Glints2/dict_0002_0241" 9135
"/Engine/EngineMaterials/Substrate/Glints2/dict_0002_0240" 9136
"/Engine/EngineMaterials/Substrate/Glints2/dict_0002_0239" 9137
"/Engine/EngineMaterials/Substrate/Glints2/dict_0002_0237" 9138
"/Engine/EngineMaterials/Substrate/Glints2/dict_0002_0235" 9139
"/Engine/EngineMaterials/Substrate/Glints2/dict_0002_0234" 9140
"/Engine/EngineMaterials/Substrate/Glints2/dict_0003_0000" 9141
"/Engine/EngineMaterials/Substrate/Glints2/dict_0002_0231" 9142
"/Engine/EngineMaterials/Substrate/Glints2/dict_0002_0229" 9143
"/Engine/EngineMaterials/Substrate/Glints2/dict_0002_0253" 9144
"/Engine/EngineMaterials/Substrate/Glints2/dict_0002_0252" 9145
"../../../Engine/Content/EngineMaterials/Substrate/Glints2/dict_0003_0012.uasset" 9146
"../../../Engine/Content/EngineMaterials/Substrate/Glints2/dict_0003_0013.uasset" 9147
"../../../Engine/Content/EngineMaterials/Substrate/Glints2/dict_0003_0010.uasset" 9148
"../../../Engine/Content/EngineMaterials/Substrate/Glints2/dict_0003_0015.uasset" 9149
"../../../Engine/Content/EngineMaterials/Substrate/Glints2/dict_0003_0016.uasset" 9150
"../../../Engine/Content/EngineMaterials/Substrate/Glints2/dict_0003_0018.uasset" 9151
"../../../Engine/Content/EngineMaterials/Substrate/Glints2/dict_0003_0017.uasset" 9152
"../../../Engine/Content/EngineMaterials/Substrate/Glints2/dict_0003_0022.uasset" 9153
"../../../Engine/Content/EngineMaterials/Substrate/Glints2/dict_0003_0020.uasset" 9154
"../../../Engine/Content/EngineMaterials/Substrate/Glints2/dict_0003_0014.uasset" 9155
"../../../Engine/Content/EngineMaterials/Substrate/Glints2/dict_0003_0024.uasset" 9156
"../../../Engine/Content/EngineMaterials/Substrate/Glints2/dict_0003_0019.uasset" 9157
"../../../Engine/Content/EngineMaterials/Substrate/Glints2/dict_0003_0026.uasset" 9158
"../../../Engine/Content/EngineMaterials/Substrate/Glints2/dict_0003_0011.uasset" 9159
"../../../Engine/Content/EngineMaterials/Substrate/Glints2/dict_0003_0028.uasset" 9160
"../../../Engine/Content/EngineMaterials/Substrate/Glints2/dict_0003_0025.uasset" 9161
"../../../Engine/Content/EngineMaterials/Substrate/Glints2/dict_0003_0023.uasset" 9162
"../../../Engine/Content/EngineMaterials/Substrate/Glints2/dict_0003_0027.uasset" 9163
"../../../Engine/Content/EngineMaterials/Substrate/Glints2/dict_0003_0021.uasset" 9164
"../../../Engine/Content/EngineMaterials/Substrate/Glints2/dict_0003_0030.uasset" 9165
"../../../Engine/Content/EngineMaterials/Substrate/Glints2/dict_0003_0029.uasset" 9166
"/Engine/EngineMaterials/Substrate/Glints2/dict_0003_0009" 9167
"/Engine/EngineMaterials/Substrate/Glints2/dict_0003_0008" 9168
"/Engine/EngineMaterials/Substrate/Glints2/dict_0003_0007" 9169
"/Engine/EngineMaterials/Substrate/Glints2/dict_0003_0006" 9170
"/Engine/EngineMaterials/Substrate/Glints2/dict_0003_0005" 9171
"/Engine/EngineMaterials/Substrate/Glints2/dict_0003_0004" 9172
"/Engine/EngineMaterials/Substrate/Glints2/dict_0003_0003" 9173
"/Engine/EngineMaterials/Substrate/Glints2/dict_0003_0002" 9174
"/Engine/EngineMaterials/Substrate/Glints2/dict_0003_0001" 9175
"/Engine/EngineMaterials/Substrate/Glints2/dict_0003_0016" 9176
"/Engine/EngineMaterials/Substrate/Glints2/dict_0003_0015" 9177
"/Engine/EngineMaterials/Substrate/Glints2/dict_0002_0255" 9178
"/Engine/EngineMaterials/Substrate/Glints2/dict_0003_0013" 9179
"/Engine/EngineMaterials/Substrate/Glints2/dict_0002_0254" 9180
"/Engine/EngineMaterials/Substrate/Glints2/dict_0003_0012" 9181
"/Engine/EngineMaterials/Substrate/Glints2/dict_0003_0010" 9182
"../../../Engine/Content/EngineMaterials/Substrate/Glints2/dict_0003_0035.uasset" 9183
"../../../Engine/Content/EngineMaterials/Substrate/Glints2/dict_0003_0038.uasset" 9184
"../../../Engine/Content/EngineMaterials/Substrate/Glints2/dict_0003_0036.uasset" 9185
"../../../Engine/Content/EngineMaterials/Substrate/Glints2/dict_0003_0037.uasset" 9186
"../../../Engine/Content/EngineMaterials/Substrate/Glints2/dict_0003_0040.uasset" 9187
"../../../Engine/Content/EngineMaterials/Substrate/Glints2/dict_0003_0041.uasset" 9188
"../../../Engine/Content/EngineMaterials/Substrate/Glints2/dict_0003_0043.uasset" 9189
"../../../Engine/Content/EngineMaterials/Substrate/Glints2/dict_0003_0032.uasset" 9190
"../../../Engine/Content/EngineMaterials/Substrate/Glints2/dict_0003_0039.uasset" 9191
"../../../Engine/Content/EngineMaterials/Substrate/Glints2/dict_0003_0045.uasset" 9192
"../../../Engine/Content/EngineMaterials/Substrate/Glints2/dict_0003_0031.uasset" 9193
"/Engine/EngineMaterials/Substrate/Glints2/dict_0003_0030" 9194
"../../../Engine/Content/EngineMaterials/Substrate/Glints2/dict_0003_0042.uasset" 9195
"../../../Engine/Content/EngineMaterials/Substrate/Glints2/dict_0003_0033.uasset" 9196
"../../../Engine/Content/EngineMaterials/Substrate/Glints2/dict_0003_0034.uasset" 9197
"../../../Engine/Content/EngineMaterials/Substrate/Glints2/dict_0003_0044.uasset" 9198
"../../../Engine/Content/EngineMaterials/Substrate/Glints2/dict_0003_0046.uasset" 9199
"/Engine/EngineMaterials/Substrate/Glints2/dict_0003_0029" 9200
"/Engine/EngineMaterials/Substrate/Glints2/dict_0003_0028" 9201
"/Engine/EngineMaterials/Substrate/Glints2/dict_0003_0027" 9202
"/Engine/EngineMaterials/Substrate/Glints2/dict_0003_0026" 9203
"/Engine/EngineMaterials/Substrate/Glints2/dict_0003_0025" 9204
"/Engine/EngineMaterials/Substrate/Glints2/dict_0003_0024" 9205
"/Engine/EngineMaterials/Substrate/Glints2/dict_0003_0023" 9206
"/Engine/EngineMaterials/Substrate/Glints2/dict_0003_0022" 9207
"/Engine/EngineMaterials/Substrate/Glints2/dict_0003_0021" 9208
"/Engine/EngineMaterials/Substrate/Glints2/dict_0003_0020" 9209
"/Engine/EngineMaterials/Substrate/Glints2/dict_0003_0019" 9210
"/Engine/EngineMaterials/Substrate/Glints2/dict_0003_0018" 9211
"/Engine/EngineMaterials/Substrate/Glints2/dict_0003_0017" 9212
"/Engine/EngineMaterials/Substrate/Glints2/dict_0003_0038" 9213
"/Engine/EngineMaterials/Substrate/Glints2/dict_0003_0036" 9214
"/Engine/EngineMaterials/Substrate/Glints2/dict_0003_0014" 9215
"/Engine/EngineMaterials/Substrate/Glints2/dict_0003_0035" 9216
"/Engine/EngineMaterials/Substrate/Glints2/dict_0003_0011" 9217
"../../../Engine/Content/EngineMaterials/Substrate/Glints2/dict_0003_0047.uasset" 9218
"../../../Engine/Content/EngineMaterials/Substrate/Glints2/dict_0003_0050.uasset" 9219
"../../../Engine/Content/EngineMaterials/Substrate/Glints2/dict_0003_0049.uasset" 9220
"../../../Engine/Content/EngineMaterials/Substrate/Glints2/dict_0003_0056.uasset" 9221
"../../../Engine/Content/EngineMaterials/Substrate/Glints2/dict_0003_0055.uasset" 9222
"../../../Engine/Content/EngineMaterials/Substrate/Glints2/dict_0003_0057.uasset" 9223
"../../../Engine/Content/EngineMaterials/Substrate/Glints2/dict_0003_0059.uasset" 9224
"../../../Engine/Content/EngineMaterials/Substrate/Glints2/dict_0003_0060.uasset" 9225
"../../../Engine/Content/EngineMaterials/Substrate/Glints2/dict_0003_0054.uasset" 9226
"../../../Engine/Content/EngineMaterials/Substrate/Glints2/dict_0003_0051.uasset" 9227
"../../../Engine/Content/EngineMaterials/Substrate/Glints2/dict_0003_0061.uasset" 9228
"../../../Engine/Content/EngineMaterials/Substrate/Glints2/dict_0003_0063.uasset" 9229
"../../../Engine/Content/EngineMaterials/Substrate/Glints2/dict_0003_0065.uasset" 9230
"../../../Engine/Content/EngineMaterials/Substrate/Glints2/dict_0003_0048.uasset" 9231
"../../../Engine/Content/EngineMaterials/Substrate/Glints2/dict_0003_0052.uasset" 9232
"/Engine/EngineMaterials/Substrate/Glints2/dict_0003_0046" 9233
"../../../Engine/Content/EngineMaterials/Substrate/Glints2/dict_0003_0053.uasset" 9234
"../../../Engine/Content/EngineMaterials/Substrate/Glints2/dict_0003_0062.uasset" 9235
"../../../Engine/Content/EngineMaterials/Substrate/Glints2/dict_0003_0058.uasset" 9236
"../../../Engine/Content/EngineMaterials/Substrate/Glints2/dict_0003_0064.uasset" 9237
"/Engine/EngineMaterials/Substrate/Glints2/dict_0003_0045" 9238
"/Engine/EngineMaterials/Substrate/Glints2/dict_0003_0044" 9239
"/Engine/EngineMaterials/Substrate/Glints2/dict_0003_0043" 9240
"/Engine/EngineMaterials/Substrate/Glints2/dict_0003_0042" 9241
"/Engine/EngineMaterials/Substrate/Glints2/dict_0003_0041" 9242
"/Engine/EngineMaterials/Substrate/Glints2/dict_0003_0040" 9243
"/Engine/EngineMaterials/Substrate/Glints2/dict_0003_0039" 9244
"/Engine/EngineMaterials/Substrate/Glints2/dict_0003_0037" 9245
"/Engine/EngineMaterials/Substrate/Glints2/dict_0003_0050" 9246
"/Engine/EngineMaterials/Substrate/Glints2/dict_0003_0049" 9247
"/Engine/EngineMaterials/Substrate/Glints2/dict_0003_0034" 9248
"/Engine/EngineMaterials/Substrate/Glints2/dict_0003_0033" 9249
"/Engine/EngineMaterials/Substrate/Glints2/dict_0003_0032" 9250
"/Engine/EngineMaterials/Substrate/Glints2/dict_0003_0047" 9251
"/Engine/EngineMaterials/Substrate/Glints2/dict_0003_0031" 9252
"../../../Engine/Content/EngineMaterials/Substrate/Glints2/dict_0003_0067.uasset" 9253
"../../../Engine/Content/EngineMaterials/Substrate/Glints2/dict_0003_0066.uasset" 9254
"../../../Engine/Content/EngineMaterials/Substrate/Glints2/dict_0003_0069.uasset" 9255
"../../../Engine/Content/EngineMaterials/Substrate/Glints2/dict_0003_0070.uasset" 9256
"../../../Engine/Content/EngineMaterials/Substrate/Glints2/dict_0003_0068.uasset" 9257
"../../../Engine/Content/EngineMaterials/Substrate/Glints2/dict_0003_0075.uasset" 9258
"../../../Engine/Content/EngineMaterials/Substrate/Glints2/dict_0003_0077.uasset" 9259
"../../../Engine/Content/EngineMaterials/Substrate/Glints2/dict_0003_0076.uasset" 9260
"../../../Engine/Content/EngineMaterials/Substrate/Glints2/dict_0003_0073.uasset" 9261
"../../../Engine/Content/EngineMaterials/Substrate/Glints2/dict_0003_0080.uasset" 9262
"../../../Engine/Content/EngineMaterials/Substrate/Glints2/dict_0003_0072.uasset" 9263
"../../../Engine/Content/EngineMaterials/Substrate/Glints2/dict_0003_0071.uasset" 9264
"../../../Engine/Content/EngineMaterials/Substrate/Glints2/dict_0003_0079.uasset" 9265
"../../../Engine/Content/EngineMaterials/Substrate/Glints2/dict_0003_0081.uasset" 9266
"../../../Engine/Content/EngineMaterials/Substrate/Glints2/dict_0003_0078.uasset" 9267
"../../../Engine/Content/EngineMaterials/Substrate/Glints2/dict_0003_0074.uasset" 9268
"/Engine/EngineMaterials/Substrate/Glints2/dict_0003_0065" 9269
"/Engine/EngineMaterials/Substrate/Glints2/dict_0003_0064" 9270
"/Engine/EngineMaterials/Substrate/Glints2/dict_0003_0063" 9271
"/Engine/EngineMaterials/Substrate/Glints2/dict_0003_0062" 9272
"/Engine/EngineMaterials/Substrate/Glints2/dict_0003_0061" 9273
"/Engine/EngineMaterials/Substrate/Glints2/dict_0003_0060" 9274
"/Engine/EngineMaterials/Substrate/Glints2/dict_0003_0059" 9275
"/Engine/EngineMaterials/Substrate/Glints2/dict_0003_0058" 9276
"/Engine/EngineMaterials/Substrate/Glints2/dict_0003_0057" 9277
"/Engine/EngineMaterials/Substrate/Glints2/dict_0003_0056" 9278
"/Engine/EngineMaterials/Substrate/Glints2/dict_0003_0055" 9279
"/Engine/EngineMaterials/Substrate/Glints2/dict_0003_0054" 9280
"/Engine/EngineMaterials/Substrate/Glints2/dict_0003_0053" 9281
"/Engine/EngineMaterials/Substrate/Glints2/dict_0003_0052" 9282
"/Engine/EngineMaterials/Substrate/Glints2/dict_0003_0051" 9283
"/Engine/EngineMaterials/Substrate/Glints2/dict_0003_0048" 9284
"/Engine/EngineMaterials/Substrate/Glints2/dict_0003_0070" 9285
"/Engine/EngineMaterials/Substrate/Glints2/dict_0003_0069" 9286
"/Engine/EngineMaterials/Substrate/Glints2/dict_0003_0068" 9287
"/Engine/EngineMaterials/Substrate/Glints2/dict_0003_0067" 9288
"/Engine/EngineMaterials/Substrate/Glints2/dict_0003_0066" 9289
"../../../Engine/Content/EngineMaterials/Substrate/Glints2/dict_0003_0084.uasset" 9290
"../../../Engine/Content/EngineMaterials/Substrate/Glints2/dict_0003_0082.uasset" 9291
"../../../Engine/Content/EngineMaterials/Substrate/Glints2/dict_0003_0088.uasset" 9292
"../../../Engine/Content/EngineMaterials/Substrate/Glints2/dict_0003_0089.uasset" 9293
"../../../Engine/Content/EngineMaterials/Substrate/Glints2/dict_0003_0086.uasset" 9294
"../../../Engine/Content/EngineMaterials/Substrate/Glints2/dict_0003_0090.uasset" 9295
"../../../Engine/Content/EngineMaterials/Substrate/Glints2/dict_0003_0085.uasset" 9296
"../../../Engine/Content/EngineMaterials/Substrate/Glints2/dict_0003_0092.uasset" 9297
"../../../Engine/Content/EngineMaterials/Substrate/Glints2/dict_0003_0083.uasset" 9298
"../../../Engine/Content/EngineMaterials/Substrate/Glints2/dict_0003_0095.uasset" 9299
"../../../Engine/Content/EngineMaterials/Substrate/Glints2/dict_0003_0091.uasset" 9300
"../../../Engine/Content/EngineMaterials/Substrate/Glints2/dict_0003_0094.uasset" 9301
"../../../Engine/Content/EngineMaterials/Substrate/Glints2/dict_0003_0097.uasset" 9302
"../../../Engine/Content/EngineMaterials/Substrate/Glints2/dict_0003_0096.uasset" 9303
"../../../Engine/Content/EngineMaterials/Substrate/Glints2/dict_0003_0093.uasset" 9304
"../../../Engine/Content/EngineMaterials/Substrate/Glints2/dict_0003_0099.uasset" 9305
"../../../Engine/Content/EngineMaterials/Substrate/Glints2/dict_0003_0087.uasset" 9306
"../../../Engine/Content/EngineMaterials/Substrate/Glints2/dict_0003_0101.uasset" 9307
"../../../Engine/Content/EngineMaterials/Substrate/Glints2/dict_0003_0100.uasset" 9308
"/Engine/EngineMaterials/Substrate/Glints2/dict_0003_0081" 9309
"../../../Engine/Content/EngineMaterials/Substrate/Glints2/dict_0003_0102.uasset" 9310
"../../../Engine/Content/EngineMaterials/Substrate/Glints2/dict_0003_0098.uasset" 9311
"/Engine/EngineMaterials/Substrate/Glints2/dict_0003_0080" 9312
"/Engine/EngineMaterials/Substrate/Glints2/dict_0003_0079" 9313
"/Engine/EngineMaterials/Substrate/Glints2/dict_0003_0078" 9314
"/Engine/EngineMaterials/Substrate/Glints2/dict_0003_0077" 9315
"/Engine/EngineMaterials/Substrate/Glints2/dict_0003_0076" 9316
"/Engine/EngineMaterials/Substrate/Glints2/dict_0003_0075" 9317
"/Engine/EngineMaterials/Substrate/Glints2/dict_0003_0074" 9318
"/Engine/EngineMaterials/Substrate/Glints2/dict_0003_0089" 9319
"/Engine/EngineMaterials/Substrate/Glints2/dict_0003_0088" 9320
"/Engine/EngineMaterials/Substrate/Glints2/dict_0003_0073" 9321
"/Engine/EngineMaterials/Substrate/Glints2/dict_0003_0072" 9322
"/Engine/EngineMaterials/Substrate/Glints2/dict_0003_0071" 9323
"/Engine/EngineMaterials/Substrate/Glints2/dict_0003_0086" 9324
"/Engine/EngineMaterials/Substrate/Glints2/dict_0003_0085" 9325
"/Engine/EngineMaterials/Substrate/Glints2/dict_0003_0084" 9326
"/Engine/EngineMaterials/Substrate/Glints2/dict_0003_0083" 9327
"/Engine/EngineMaterials/Substrate/Glints2/dict_0003_0082" 9328
"../../../Engine/Content/EngineMaterials/Substrate/Glints2/dict_0003_0104.uasset" 9329
"../../../Engine/Content/EngineMaterials/Substrate/Glints2/dict_0003_0103.uasset" 9330
"../../../Engine/Content/EngineMaterials/Substrate/Glints2/dict_0003_0107.uasset" 9331
"../../../Engine/Content/EngineMaterials/Substrate/Glints2/dict_0003_0106.uasset" 9332
"../../../Engine/Content/EngineMaterials/Substrate/Glints2/dict_0003_0113.uasset" 9333
"../../../Engine/Content/EngineMaterials/Substrate/Glints2/dict_0003_0114.uasset" 9334
"../../../Engine/Content/EngineMaterials/Substrate/Glints2/dict_0003_0116.uasset" 9335
"../../../Engine/Content/EngineMaterials/Substrate/Glints2/dict_0003_0115.uasset" 9336
"../../../Engine/Content/EngineMaterials/Substrate/Glints2/dict_0003_0108.uasset" 9337
"../../../Engine/Content/EngineMaterials/Substrate/Glints2/dict_0003_0117.uasset" 9338
"../../../Engine/Content/EngineMaterials/Substrate/Glints2/dict_0003_0110.uasset" 9339
"../../../Engine/Content/EngineMaterials/Substrate/Glints2/dict_0003_0118.uasset" 9340
"../../../Engine/Content/EngineMaterials/Substrate/Glints2/dict_0003_0119.uasset" 9341
"../../../Engine/Content/EngineMaterials/Substrate/Glints2/dict_0003_0111.uasset" 9342
"../../../Engine/Content/EngineMaterials/Substrate/Glints2/dict_0003_0120.uasset" 9343
"/Engine/EngineMaterials/Substrate/Glints2/dict_0003_0102" 9344
"../../../Engine/Content/EngineMaterials/Substrate/Glints2/dict_0003_0112.uasset" 9345
"../../../Engine/Content/EngineMaterials/Substrate/Glints2/dict_0003_0109.uasset" 9346
"../../../Engine/Content/EngineMaterials/Substrate/Glints2/dict_0003_0105.uasset" 9347
"/Engine/EngineMaterials/Substrate/Glints2/dict_0003_0101" 9348
"/Engine/EngineMaterials/Substrate/Glints2/dict_0003_0100" 9349
"/Engine/EngineMaterials/Substrate/Glints2/dict_0003_0099" 9350
"/Engine/EngineMaterials/Substrate/Glints2/dict_0003_0098" 9351
"/Engine/EngineMaterials/Substrate/Glints2/dict_0003_0097" 9352
"/Engine/EngineMaterials/Substrate/Glints2/dict_0003_0096" 9353
"/Engine/EngineMaterials/Substrate/Glints2/dict_0003_0095" 9354
"/Engine/EngineMaterials/Substrate/Glints2/dict_0003_0094" 9355
"/Engine/EngineMaterials/Substrate/Glints2/dict_0003_0093" 9356
"/Engine/EngineMaterials/Substrate/Glints2/dict_0003_0092" 9357
"/Engine/EngineMaterials/Substrate/Glints2/dict_0003_0091" 9358
"/Engine/EngineMaterials/Substrate/Glints2/dict_0003_0090" 9359
"/Engine/EngineMaterials/Substrate/Glints2/dict_0003_0113" 9360
"/Engine/EngineMaterials/Substrate/Glints2/dict_0003_0087" 9361
"/Engine/EngineMaterials/Substrate/Glints2/dict_0003_0107" 9362
"/Engine/EngineMaterials/Substrate/Glints2/dict_0003_0106" 9363
"/Engine/EngineMaterials/Substrate/Glints2/dict_0003_0104" 9364
"/Engine/EngineMaterials/Substrate/Glints2/dict_0003_0103" 9365
"../../../Engine/Content/EngineMaterials/Substrate/Glints2/dict_0003_0122.uasset" 9366
"../../../Engine/Content/EngineMaterials/Substrate/Glints2/dict_0003_0121.uasset" 9367
"../../../Engine/Content/EngineMaterials/Substrate/Glints2/dict_0003_0125.uasset" 9368
"../../../Engine/Content/EngineMaterials/Substrate/Glints2/dict_0003_0128.uasset" 9369
"../../../Engine/Content/EngineMaterials/Substrate/Glints2/dict_0003_0127.uasset" 9370
"../../../Engine/Content/EngineMaterials/Substrate/Glints2/dict_0003_0133.uasset" 9371
"../../../Engine/Content/EngineMaterials/Substrate/Glints2/dict_0003_0124.uasset" 9372
"../../../Engine/Content/EngineMaterials/Substrate/Glints2/dict_0003_0132.uasset" 9373
"../../../Engine/Content/EngineMaterials/Substrate/Glints2/dict_0003_0129.uasset" 9374
"../../../Engine/Content/EngineMaterials/Substrate/Glints2/dict_0003_0130.uasset" 9375
"../../../Engine/Content/EngineMaterials/Substrate/Glints2/dict_0003_0123.uasset" 9376
"../../../Engine/Content/EngineMaterials/Substrate/Glints2/dict_0003_0126.uasset" 9377
"../../../Engine/Content/EngineMaterials/Substrate/Glints2/dict_0003_0135.uasset" 9378
"../../../Engine/Content/EngineMaterials/Substrate/Glints2/dict_0003_0131.uasset" 9379
"/Engine/EngineMaterials/Substrate/Glints2/dict_0003_0120" 9380
"../../../Engine/Content/EngineMaterials/Substrate/Glints2/dict_0003_0134.uasset" 9381
"../../../Engine/Content/EngineMaterials/Substrate/Glints2/dict_0003_0136.uasset" 9382
"../../../Engine/Content/EngineMaterials/Substrate/Glints2/dict_0003_0138.uasset" 9383
"../../../Engine/Content/EngineMaterials/Substrate/Glints2/dict_0003_0137.uasset" 9384
"../../../Engine/Content/EngineMaterials/Substrate/Glints2/dict_0003_0139.uasset" 9385
"/Engine/EngineMaterials/Substrate/Glints2/dict_0003_0119" 9386
"/Engine/EngineMaterials/Substrate/Glints2/dict_0003_0118" 9387
"/Engine/EngineMaterials/Substrate/Glints2/dict_0003_0117" 9388
"/Engine/EngineMaterials/Substrate/Glints2/dict_0003_0116" 9389
"/Engine/EngineMaterials/Substrate/Glints2/dict_0003_0115" 9390
"/Engine/EngineMaterials/Substrate/Glints2/dict_0003_0114" 9391
"/Engine/EngineMaterials/Substrate/Glints2/dict_0003_0112" 9392
"/Engine/EngineMaterials/Substrate/Glints2/dict_0003_0111" 9393
"/Engine/EngineMaterials/Substrate/Glints2/dict_0003_0110" 9394
"/Engine/EngineMaterials/Substrate/Glints2/dict_0003_0109" 9395
"/Engine/EngineMaterials/Substrate/Glints2/dict_0003_0108" 9396
"/Engine/EngineMaterials/Substrate/Glints2/dict_0003_0125" 9397
"/Engine/EngineMaterials/Substrate/Glints2/dict_0003_0105" 9398
"/Engine/EngineMaterials/Substrate/Glints2/dict_0003_0121" 9399
"../../../Engine/Content/EngineMaterials/Substrate/Glints2/dict_0003_0140.uasset" 9400
"../../../Engine/Content/EngineMaterials/Substrate/Glints2/dict_0003_0141.uasset" 9401
"../../../Engine/Content/EngineMaterials/Substrate/Glints2/dict_0003_0145.uasset" 9402
"../../../Engine/Content/EngineMaterials/Substrate/Glints2/dict_0003_0143.uasset" 9403
"../../../Engine/Content/EngineMaterials/Substrate/Glints2/dict_0003_0146.uasset" 9404
"../../../Engine/Content/EngineMaterials/Substrate/Glints2/dict_0003_0147.uasset" 9405
"../../../Engine/Content/EngineMaterials/Substrate/Glints2/dict_0003_0144.uasset" 9406
"../../../Engine/Content/EngineMaterials/Substrate/Glints2/dict_0003_0149.uasset" 9407
"../../../Engine/Content/EngineMaterials/Substrate/Glints2/dict_0003_0150.uasset" 9408
"../../../Engine/Content/EngineMaterials/Substrate/Glints2/dict_0003_0151.uasset" 9409
"../../../Engine/Content/EngineMaterials/Substrate/Glints2/dict_0003_0148.uasset" 9410
"../../../Engine/Content/EngineMaterials/Substrate/Glints2/dict_0003_0153.uasset" 9411
"../../../Engine/Content/EngineMaterials/Substrate/Glints2/dict_0003_0152.uasset" 9412
"../../../Engine/Content/EngineMaterials/Substrate/Glints2/dict_0003_0142.uasset" 9413
"/Engine/EngineMaterials/Substrate/Glints2/dict_0003_0139" 9414
"../../../Engine/Content/EngineMaterials/Substrate/Glints2/dict_0003_0154.uasset" 9415
"/Engine/EngineMaterials/Substrate/Glints2/dict_0003_0138" 9416
"/Engine/EngineMaterials/Substrate/Glints2/dict_0003_0137" 9417
"/Engine/EngineMaterials/Substrate/Glints2/dict_0003_0136" 9418
"/Engine/EngineMaterials/Substrate/Glints2/dict_0003_0135" 9419
"/Engine/EngineMaterials/Substrate/Glints2/dict_0003_0134" 9420
"/Engine/EngineMaterials/Substrate/Glints2/dict_0003_0133" 9421
"/Engine/EngineMaterials/Substrate/Glints2/dict_0003_0132" 9422
"/Engine/EngineMaterials/Substrate/Glints2/dict_0003_0131" 9423
"/Engine/EngineMaterials/Substrate/Glints2/dict_0003_0130" 9424
"/Engine/EngineMaterials/Substrate/Glints2/dict_0003_0129" 9425
"/Engine/EngineMaterials/Substrate/Glints2/dict_0003_0128" 9426
"/Engine/EngineMaterials/Substrate/Glints2/dict_0003_0127" 9427
"/Engine/EngineMaterials/Substrate/Glints2/dict_0003_0126" 9428
"/Engine/EngineMaterials/Substrate/Glints2/dict_0003_0147" 9429
"/Engine/EngineMaterials/Substrate/Glints2/dict_0003_0146" 9430
"/Engine/EngineMaterials/Substrate/Glints2/dict_0003_0145" 9431
"/Engine/EngineMaterials/Substrate/Glints2/dict_0003_0144" 9432
"/Engine/EngineMaterials/Substrate/Glints2/dict_0003_0143" 9433
"/Engine/EngineMaterials/Substrate/Glints2/dict_0003_0124" 9434
"/Engine/EngineMaterials/Substrate/Glints2/dict_0003_0123" 9435
"/Engine/EngineMaterials/Substrate/Glints2/dict_0003_0141" 9436
"/Engine/EngineMaterials/Substrate/Glints2/dict_0003_0122" 9437
"/Engine/EngineMaterials/Substrate/Glints2/dict_0003_0140" 9438
"../../../Engine/Content/EngineMaterials/Substrate/Glints2/dict_0003_0157.uasset" 9439
"../../../Engine/Content/EngineMaterials/Substrate/Glints2/dict_0003_0159.uasset" 9440
"../../../Engine/Content/EngineMaterials/Substrate/Glints2/dict_0003_0156.uasset" 9441
"../../../Engine/Content/EngineMaterials/Substrate/Glints2/dict_0003_0165.uasset" 9442
"../../../Engine/Content/EngineMaterials/Substrate/Glints2/dict_0003_0163.uasset" 9443
"../../../Engine/Content/EngineMaterials/Substrate/Glints2/dict_0003_0158.uasset" 9444
"../../../Engine/Content/EngineMaterials/Substrate/Glints2/dict_0003_0168.uasset" 9445
"../../../Engine/Content/EngineMaterials/Substrate/Glints2/dict_0003_0155.uasset" 9446
"../../../Engine/Content/EngineMaterials/Substrate/Glints2/dict_0003_0161.uasset" 9447
"../../../Engine/Content/EngineMaterials/Substrate/Glints2/dict_0003_0164.uasset" 9448
"/Engine/EngineMaterials/Substrate/Glints2/dict_0003_0154" 9449
"../../../Engine/Content/EngineMaterials/Substrate/Glints2/dict_0003_0162.uasset" 9450
"../../../Engine/Content/EngineMaterials/Substrate/Glints2/dict_0003_0169.uasset" 9451
"../../../Engine/Content/EngineMaterials/Substrate/Glints2/dict_0003_0166.uasset" 9452
"../../../Engine/Content/EngineMaterials/Substrate/Glints2/dict_0003_0160.uasset" 9453
"../../../Engine/Content/EngineMaterials/Substrate/Glints2/dict_0003_0170.uasset" 9454
"../../../Engine/Content/EngineMaterials/Substrate/Glints2/dict_0003_0174.uasset" 9455
"../../../Engine/Content/EngineMaterials/Substrate/Glints2/dict_0003_0173.uasset" 9456
"../../../Engine/Content/EngineMaterials/Substrate/Glints2/dict_0003_0175.uasset" 9457
"../../../Engine/Content/EngineMaterials/Substrate/Glints2/dict_0003_0171.uasset" 9458
"../../../Engine/Content/EngineMaterials/Substrate/Glints2/dict_0003_0178.uasset" 9459
"../../../Engine/Content/EngineMaterials/Substrate/Glints2/dict_0003_0176.uasset" 9460
"../../../Engine/Content/EngineMaterials/Substrate/Glints2/dict_0003_0177.uasset" 9461
"../../../Engine/Content/EngineMaterials/Substrate/Glints2/dict_0003_0167.uasset" 9462
"../../../Engine/Content/EngineMaterials/Substrate/Glints2/dict_0003_0172.uasset" 9463
"/Engine/EngineMaterials/Substrate/Glints2/dict_0003_0153" 9464
"/Engine/EngineMaterials/Substrate/Glints2/dict_0003_0152" 9465
"/Engine/EngineMaterials/Substrate/Glints2/dict_0003_0151" 9466
"/Engine/EngineMaterials/Substrate/Glints2/dict_0003_0150" 9467
"/Engine/EngineMaterials/Substrate/Glints2/dict_0003_0149" 9468
"/Engine/EngineMaterials/Substrate/Glints2/dict_0003_0148" 9469
"/Engine/EngineMaterials/Substrate/Glints2/dict_0003_0142" 9470
"../../../Engine/Content/EngineMaterials/Substrate/Glints2/dict_0003_0181.uasset" 9471
"../../../Engine/Content/EngineMaterials/Substrate/Glints2/dict_0003_0182.uasset" 9472
"../../../Engine/Content/EngineMaterials/Substrate/Glints2/dict_0003_0185.uasset" 9473
"../../../Engine/Content/EngineMaterials/Substrate/Glints2/dict_0003_0186.uasset" 9474
"../../../Engine/Content/EngineMaterials/Substrate/Glints2/dict_0003_0179.uasset" 9475
"../../../Engine/Content/EngineMaterials/Substrate/Glints2/dict_0003_0183.uasset" 9476
"../../../Engine/Content/EngineMaterials/Substrate/Glints2/dict_0003_0180.uasset" 9477
"../../../Engine/Content/EngineMaterials/Substrate/Glints2/dict_0003_0184.uasset" 9478
"/Engine/EngineMaterials/Substrate/Glints2/dict_0003_0178" 9479
"/Engine/EngineMaterials/Substrate/Glints2/dict_0003_0177" 9480
"/Engine/EngineMaterials/Substrate/Glints2/dict_0003_0176" 9481
"/Engine/EngineMaterials/Substrate/Glints2/dict_0003_0175" 9482
"/Engine/EngineMaterials/Substrate/Glints2/dict_0003_0174" 9483
"/Engine/EngineMaterials/Substrate/Glints2/dict_0003_0173" 9484
"/Engine/EngineMaterials/Substrate/Glints2/dict_0003_0172" 9485
"/Engine/EngineMaterials/Substrate/Glints2/dict_0003_0171" 9486
"/Engine/EngineMaterials/Substrate/Glints2/dict_0003_0170" 9487
"/Engine/EngineMaterials/Substrate/Glints2/dict_0003_0169" 9488
"/Engine/EngineMaterials/Substrate/Glints2/dict_0003_0168" 9489
"/Engine/EngineMaterials/Substrate/Glints2/dict_0003_0167" 9490
"/Engine/EngineMaterials/Substrate/Glints2/dict_0003_0166" 9491
"/Engine/EngineMaterials/Substrate/Glints2/dict_0003_0165" 9492
"/Engine/EngineMaterials/Substrate/Glints2/dict_0003_0164" 9493
"/Engine/EngineMaterials/Substrate/Glints2/dict_0003_0163" 9494
"/Engine/EngineMaterials/Substrate/Glints2/dict_0003_0162" 9495
"/Engine/EngineMaterials/Substrate/Glints2/dict_0003_0161" 9496
"/Engine/EngineMaterials/Substrate/Glints2/dict_0003_0160" 9497
"/Engine/EngineMaterials/Substrate/Glints2/dict_0003_0159" 9498
"/Engine/EngineMaterials/Substrate/Glints2/dict_0003_0158" 9499
"/Engine/EngineMaterials/Substrate/Glints2/dict_0003_0157" 9500
"/Engine/EngineMaterials/Substrate/Glints2/dict_0003_0156" 9501
"/Engine/EngineMaterials/Substrate/Glints2/dict_0003_0155" 9502
"../../../Engine/Content/EngineMaterials/Substrate/Glints2/dict_0003_0189.uasset" 9503
"../../../Engine/Content/EngineMaterials/Substrate/Glints2/dict_0003_0192.uasset" 9504
"../../../Engine/Content/EngineMaterials/Substrate/Glints2/dict_0003_0193.uasset" 9505
"../../../Engine/Content/EngineMaterials/Substrate/Glints2/dict_0003_0194.uasset" 9506
"../../../Engine/Content/EngineMaterials/Substrate/Glints2/dict_0003_0188.uasset" 9507
"../../../Engine/Content/EngineMaterials/Substrate/Glints2/dict_0003_0196.uasset" 9508
"../../../Engine/Content/EngineMaterials/Substrate/Glints2/dict_0003_0187.uasset" 9509
"../../../Engine/Content/EngineMaterials/Substrate/Glints2/dict_0003_0199.uasset" 9510
"../../../Engine/Content/EngineMaterials/Substrate/Glints2/dict_0003_0200.uasset" 9511
"../../../Engine/Content/EngineMaterials/Substrate/Glints2/dict_0003_0195.uasset" 9512
"../../../Engine/Content/EngineMaterials/Substrate/Glints2/dict_0003_0202.uasset" 9513
"../../../Engine/Content/EngineMaterials/Substrate/Glints2/dict_0003_0197.uasset" 9514
"../../../Engine/Content/EngineMaterials/Substrate/Glints2/dict_0003_0205.uasset" 9515
"../../../Engine/Content/EngineMaterials/Substrate/Glints2/dict_0003_0204.uasset" 9516
"../../../Engine/Content/EngineMaterials/Substrate/Glints2/dict_0003_0191.uasset" 9517
"../../../Engine/Content/EngineMaterials/Substrate/Glints2/dict_0003_0206.uasset" 9518
"../../../Engine/Content/EngineMaterials/Substrate/Glints2/dict_0003_0208.uasset" 9519
"../../../Engine/Content/EngineMaterials/Substrate/Glints2/dict_0003_0198.uasset" 9520
"../../../Engine/Content/EngineMaterials/Substrate/Glints2/dict_0003_0210.uasset" 9521
"../../../Engine/Content/EngineMaterials/Substrate/Glints2/dict_0003_0190.uasset" 9522
"../../../Engine/Content/EngineMaterials/Substrate/Glints2/dict_0003_0201.uasset" 9523
"../../../Engine/Content/EngineMaterials/Substrate/Glints2/dict_0003_0207.uasset" 9524
"../../../Engine/Content/EngineMaterials/Substrate/Glints2/dict_0003_0209.uasset" 9525
"/Engine/EngineMaterials/Substrate/Glints2/dict_0003_0186" 9526
"../../../Engine/Content/EngineMaterials/Substrate/Glints2/dict_0003_0203.uasset" 9527
"/Engine/EngineMaterials/Substrate/Glints2/dict_0003_0185" 9528
"/Engine/EngineMaterials/Substrate/Glints2/dict_0003_0184" 9529
"/Engine/EngineMaterials/Substrate/Glints2/dict_0003_0183" 9530
"/Engine/EngineMaterials/Substrate/Glints2/dict_0003_0182" 9531
"/Engine/EngineMaterials/Substrate/Glints2/dict_0003_0181" 9532
"/Engine/EngineMaterials/Substrate/Glints2/dict_0003_0180" 9533
"/Engine/EngineMaterials/Substrate/Glints2/dict_0003_0196" 9534
"/Engine/EngineMaterials/Substrate/Glints2/dict_0003_0194" 9535
"/Engine/EngineMaterials/Substrate/Glints2/dict_0003_0193" 9536
"/Engine/EngineMaterials/Substrate/Glints2/dict_0003_0192" 9537
"/Engine/EngineMaterials/Substrate/Glints2/dict_0003_0179" 9538
"/Engine/EngineMaterials/Substrate/Glints2/dict_0003_0189" 9539
"/Engine/EngineMaterials/Substrate/Glints2/dict_0003_0188" 9540
"/Engine/EngineMaterials/Substrate/Glints2/dict_0003_0187" 9541
"../../../Engine/Content/EngineMaterials/Substrate/Glints2/dict_0003_0211.uasset" 9542
"../../../Engine/Content/EngineMaterials/Substrate/Glints2/dict_0003_0214.uasset" 9543
"../../../Engine/Content/EngineMaterials/Substrate/Glints2/dict_0003_0212.uasset" 9544
"../../../Engine/Content/EngineMaterials/Substrate/Glints2/dict_0003_0215.uasset" 9545
"../../../Engine/Content/EngineMaterials/Substrate/Glints2/dict_0003_0220.uasset" 9546
"../../../Engine/Content/EngineMaterials/Substrate/Glints2/dict_0003_0221.uasset" 9547
"../../../Engine/Content/EngineMaterials/Substrate/Glints2/dict_0003_0222.uasset" 9548
"../../../Engine/Content/EngineMaterials/Substrate/Glints2/dict_0003_0223.uasset" 9549
"../../../Engine/Content/EngineMaterials/Substrate/Glints2/dict_0003_0218.uasset" 9550
"../../../Engine/Content/EngineMaterials/Substrate/Glints2/dict_0003_0224.uasset" 9551
"../../../Engine/Content/EngineMaterials/Substrate/Glints2/dict_0003_0217.uasset" 9552
"../../../Engine/Content/EngineMaterials/Substrate/Glints2/dict_0003_0225.uasset" 9553
"../../../Engine/Content/EngineMaterials/Substrate/Glints2/dict_0003_0219.uasset" 9554
"../../../Engine/Content/EngineMaterials/Substrate/Glints2/dict_0003_0213.uasset" 9555
"../../../Engine/Content/EngineMaterials/Substrate/Glints2/dict_0003_0216.uasset" 9556
"/Engine/EngineMaterials/Substrate/Glints2/dict_0003_0210" 9557
"/Engine/EngineMaterials/Substrate/Glints2/dict_0003_0209" 9558
"/Engine/EngineMaterials/Substrate/Glints2/dict_0003_0208" 9559
"/Engine/EngineMaterials/Substrate/Glints2/dict_0003_0207" 9560
"/Engine/EngineMaterials/Substrate/Glints2/dict_0003_0206" 9561
"/Engine/EngineMaterials/Substrate/Glints2/dict_0003_0205" 9562
"/Engine/EngineMaterials/Substrate/Glints2/dict_0003_0204" 9563
"/Engine/EngineMaterials/Substrate/Glints2/dict_0003_0203" 9564
"/Engine/EngineMaterials/Substrate/Glints2/dict_0003_0202" 9565
"/Engine/EngineMaterials/Substrate/Glints2/dict_0003_0201" 9566
"/Engine/EngineMaterials/Substrate/Glints2/dict_0003_0200" 9567
"/Engine/EngineMaterials/Substrate/Glints2/dict_0003_0199" 9568
"/Engine/EngineMaterials/Substrate/Glints2/dict_0003_0220" 9569
"/Engine/EngineMaterials/Substrate/Glints2/dict_0003_0198" 9570
"/Engine/EngineMaterials/Substrate/Glints2/dict_0003_0197" 9571
"/Engine/EngineMaterials/Substrate/Glints2/dict_0003_0195" 9572
"/Engine/EngineMaterials/Substrate/Glints2/dict_0003_0215" 9573
"/Engine/EngineMaterials/Substrate/Glints2/dict_0003_0214" 9574
"/Engine/EngineMaterials/Substrate/Glints2/dict_0003_0191" 9575
"/Engine/EngineMaterials/Substrate/Glints2/dict_0003_0190" 9576
"/Engine/EngineMaterials/Substrate/Glints2/dict_0003_0212" 9577
"/Engine/EngineMaterials/Substrate/Glints2/dict_0003_0211" 9578
"../../../Engine/Content/EngineMaterials/Substrate/Glints2/dict_0003_0226.uasset" 9579
"../../../Engine/Content/EngineMaterials/Substrate/Glints2/dict_0003_0229.uasset" 9580
"../../../Engine/Content/EngineMaterials/Substrate/Glints2/dict_0003_0231.uasset" 9581
"../../../Engine/Content/EngineMaterials/Substrate/Glints2/dict_0003_0227.uasset" 9582
"../../../Engine/Content/EngineMaterials/Substrate/Glints2/dict_0003_0234.uasset" 9583
"../../../Engine/Content/EngineMaterials/Substrate/Glints2/dict_0003_0236.uasset" 9584
"../../../Engine/Content/EngineMaterials/Substrate/Glints2/dict_0003_0237.uasset" 9585
"../../../Engine/Content/EngineMaterials/Substrate/Glints2/dict_0003_0238.uasset" 9586
"../../../Engine/Content/EngineMaterials/Substrate/Glints2/dict_0003_0230.uasset" 9587
"../../../Engine/Content/EngineMaterials/Substrate/Glints2/dict_0003_0233.uasset" 9588
"../../../Engine/Content/EngineMaterials/Substrate/Glints2/dict_0003_0235.uasset" 9589
"../../../Engine/Content/EngineMaterials/Substrate/Glints2/dict_0003_0240.uasset" 9590
"../../../Engine/Content/EngineMaterials/Substrate/Glints2/dict_0003_0232.uasset" 9591
"/Engine/EngineMaterials/Substrate/Glints2/dict_0003_0225" 9592
"../../../Engine/Content/EngineMaterials/Substrate/Glints2/dict_0003_0228.uasset" 9593
"../../../Engine/Content/EngineMaterials/Substrate/Glints2/dict_0003_0243.uasset" 9594
"../../../Engine/Content/EngineMaterials/Substrate/Glints2/dict_0003_0239.uasset" 9595
"../../../Engine/Content/EngineMaterials/Substrate/Glints2/dict_0003_0245.uasset" 9596
"../../../Engine/Content/EngineMaterials/Substrate/Glints2/dict_0003_0241.uasset" 9597
"../../../Engine/Content/EngineMaterials/Substrate/Glints2/dict_0003_0244.uasset" 9598
"../../../Engine/Content/EngineMaterials/Substrate/Glints2/dict_0003_0242.uasset" 9599
"../../../Engine/Content/EngineMaterials/Substrate/Glints2/dict_0003_0246.uasset" 9600
"../../../Engine/Content/EngineMaterials/Substrate/Glints2/dict_0003_0247.uasset" 9601
"/Engine/EngineMaterials/Substrate/Glints2/dict_0003_0224" 9602
"/Engine/EngineMaterials/Substrate/Glints2/dict_0003_0223" 9603
"/Engine/EngineMaterials/Substrate/Glints2/dict_0003_0222" 9604
"/Engine/EngineMaterials/Substrate/Glints2/dict_0003_0221" 9605
"/Engine/EngineMaterials/Substrate/Glints2/dict_0003_0219" 9606
"/Engine/EngineMaterials/Substrate/Glints2/dict_0003_0218" 9607
"/Engine/EngineMaterials/Substrate/Glints2/dict_0003_0217" 9608
"/Engine/EngineMaterials/Substrate/Glints2/dict_0003_0216" 9609
"/Engine/EngineMaterials/Substrate/Glints2/dict_0003_0229" 9610
"/Engine/EngineMaterials/Substrate/Glints2/dict_0003_0213" 9611
"/Engine/EngineMaterials/Substrate/Glints2/dict_0003_0226" 9612
"../../../Engine/Content/EngineMaterials/Substrate/Glints2/dict_0003_0248.uasset" 9613
"../../../Engine/Content/EngineMaterials/Substrate/Glints2/dict_0003_0249.uasset" 9614
"../../../Engine/Content/EngineMaterials/Substrate/Glints2/dict_0003_0250.uasset" 9615
"../../../Engine/Content/EngineMaterials/Substrate/Glints2/dict_0003_0251.uasset" 9616
"../../../Engine/Content/EngineMaterials/Substrate/Glints2/dict_0003_0254.uasset" 9617
"../../../Engine/Content/EngineMaterials/Substrate/Glints2/dict_0004_0000.uasset" 9618
"../../../Engine/Content/EngineMaterials/Substrate/Glints2/dict_0003_0255.uasset" 9619
"../../../Engine/Content/EngineMaterials/Substrate/Glints2/dict_0004_0001.uasset" 9620
"../../../Engine/Content/EngineMaterials/Substrate/Glints2/dict_0004_0002.uasset" 9621
"../../../Engine/Content/EngineMaterials/Substrate/Glints2/dict_0003_0252.uasset" 9622
"../../../Engine/Content/EngineMaterials/Substrate/Glints2/dict_0003_0253.uasset" 9623
"../../../Engine/Content/EngineMaterials/Substrate/Glints2/dict_0004_0003.uasset" 9624
"/Engine/EngineMaterials/Substrate/Glints2/dict_0003_0247" 9625
"/Engine/EngineMaterials/Substrate/Glints2/dict_0003_0246" 9626
"/Engine/EngineMaterials/Substrate/Glints2/dict_0003_0245" 9627
"/Engine/EngineMaterials/Substrate/Glints2/dict_0003_0244" 9628
"/Engine/EngineMaterials/Substrate/Glints2/dict_0003_0243" 9629
"/Engine/EngineMaterials/Substrate/Glints2/dict_0003_0242" 9630
"/Engine/EngineMaterials/Substrate/Glints2/dict_0003_0241" 9631
"/Engine/EngineMaterials/Substrate/Glints2/dict_0003_0240" 9632
"/Engine/EngineMaterials/Substrate/Glints2/dict_0003_0239" 9633
"/Engine/EngineMaterials/Substrate/Glints2/dict_0003_0238" 9634
"/Engine/EngineMaterials/Substrate/Glints2/dict_0003_0237" 9635
"/Engine/EngineMaterials/Substrate/Glints2/dict_0003_0236" 9636
"/Engine/EngineMaterials/Substrate/Glints2/dict_0003_0235" 9637
"/Engine/EngineMaterials/Substrate/Glints2/dict_0003_0234" 9638
"/Engine/EngineMaterials/Substrate/Glints2/dict_0003_0233" 9639
"/Engine/EngineMaterials/Substrate/Glints2/dict_0003_0232" 9640
"/Engine/EngineMaterials/Substrate/Glints2/dict_0003_0231" 9641
"/Engine/EngineMaterials/Substrate/Glints2/dict_0003_0230" 9642
"/Engine/EngineMaterials/Substrate/Glints2/dict_0003_0250" 9643
"/Engine/EngineMaterials/Substrate/Glints2/dict_0003_0228" 9644
"/Engine/EngineMaterials/Substrate/Glints2/dict_0003_0249" 9645
"/Engine/EngineMaterials/Substrate/Glints2/dict_0003_0227" 9646
"/Engine/EngineMaterials/Substrate/Glints2/dict_0003_0248" 9647
"../../../Engine/Content/EngineMaterials/Substrate/Glints2/dict_0004_0006.uasset" 9648
"../../../Engine/Content/EngineMaterials/Substrate/Glints2/dict_0004_0010.uasset" 9649
"../../../Engine/Content/EngineMaterials/Substrate/Glints2/dict_0004_0012.uasset" 9650
"../../../Engine/Content/EngineMaterials/Substrate/Glints2/dict_0004_0011.uasset" 9651
"../../../Engine/Content/EngineMaterials/Substrate/Glints2/dict_0004_0004.uasset" 9652
"../../../Engine/Content/EngineMaterials/Substrate/Glints2/dict_0004_0015.uasset" 9653
"../../../Engine/Content/EngineMaterials/Substrate/Glints2/dict_0004_0016.uasset" 9654
"../../../Engine/Content/EngineMaterials/Substrate/Glints2/dict_0004_0008.uasset" 9655
"../../../Engine/Content/EngineMaterials/Substrate/Glints2/dict_0004_0017.uasset" 9656
"../../../Engine/Content/EngineMaterials/Substrate/Glints2/dict_0004_0013.uasset" 9657
"../../../Engine/Content/EngineMaterials/Substrate/Glints2/dict_0004_0007.uasset" 9658
"../../../Engine/Content/EngineMaterials/Substrate/Glints2/dict_0004_0009.uasset" 9659
"../../../Engine/Content/EngineMaterials/Substrate/Glints2/dict_0004_0014.uasset" 9660
"/Engine/EngineMaterials/Substrate/Glints2/dict_0004_0003" 9661
"../../../Engine/Content/EngineMaterials/Substrate/Glints2/dict_0004_0018.uasset" 9662
"../../../Engine/Content/EngineMaterials/Substrate/Glints2/dict_0004_0005.uasset" 9663
"../../../Engine/Content/EngineMaterials/Substrate/Glints2/dict_0004_0021.uasset" 9664
"../../../Engine/Content/EngineMaterials/Substrate/Glints2/dict_0004_0020.uasset" 9665
"../../../Engine/Content/EngineMaterials/Substrate/Glints2/dict_0004_0022.uasset" 9666
"../../../Engine/Content/EngineMaterials/Substrate/Glints2/dict_0004_0024.uasset" 9667
"../../../Engine/Content/EngineMaterials/Substrate/Glints2/dict_0004_0023.uasset" 9668
"../../../Engine/Content/EngineMaterials/Substrate/Glints2/dict_0004_0026.uasset" 9669
"../../../Engine/Content/EngineMaterials/Substrate/Glints2/dict_0004_0025.uasset" 9670
"../../../Engine/Content/EngineMaterials/Substrate/Glints2/dict_0004_0019.uasset" 9671
"/Engine/EngineMaterials/Substrate/Glints2/dict_0004_0002" 9672
"/Engine/EngineMaterials/Substrate/Glints2/dict_0004_0001" 9673
"/Engine/EngineMaterials/Substrate/Glints2/dict_0004_0000" 9674
"/Engine/EngineMaterials/Substrate/Glints2/dict_0003_0255" 9675
"/Engine/EngineMaterials/Substrate/Glints2/dict_0003_0254" 9676
"/Engine/EngineMaterials/Substrate/Glints2/dict_0003_0253" 9677
"/Engine/EngineMaterials/Substrate/Glints2/dict_0003_0252" 9678
"/Engine/EngineMaterials/Substrate/Glints2/dict_0003_0251" 9679
"/Engine/EngineMaterials/Substrate/Glints2/dict_0004_0004" 9680
"../../../Engine/Content/EngineMaterials/Substrate/Glints2/dict_0004_0028.uasset" 9681
"../../../Engine/Content/EngineMaterials/Substrate/Glints2/dict_0004_0027.uasset" 9682
"../../../Engine/Content/EngineMaterials/Substrate/Glints2/dict_0004_0032.uasset" 9683
"../../../Engine/Content/EngineMaterials/Substrate/Glints2/dict_0004_0035.uasset" 9684
"../../../Engine/Content/EngineMaterials/Substrate/Glints2/dict_0004_0034.uasset" 9685
"../../../Engine/Content/EngineMaterials/Substrate/Glints2/dict_0004_0036.uasset" 9686
"../../../Engine/Content/EngineMaterials/Substrate/Glints2/dict_0004_0029.uasset" 9687
"../../../Engine/Content/EngineMaterials/Substrate/Glints2/dict_0004_0033.uasset" 9688
"../../../Engine/Content/EngineMaterials/Substrate/Glints2/dict_0004_0030.uasset" 9689
"../../../Engine/Content/EngineMaterials/Substrate/Glints2/dict_0004_0031.uasset" 9690
"/Engine/EngineMaterials/Substrate/Glints2/dict_0004_0026" 9691
"/Engine/EngineMaterials/Substrate/Glints2/dict_0004_0025" 9692
"/Engine/EngineMaterials/Substrate/Glints2/dict_0004_0024" 9693
"/Engine/EngineMaterials/Substrate/Glints2/dict_0004_0023" 9694
"/Engine/EngineMaterials/Substrate/Glints2/dict_0004_0022" 9695
"/Engine/EngineMaterials/Substrate/Glints2/dict_0004_0021" 9696
"/Engine/EngineMaterials/Substrate/Glints2/dict_0004_0020" 9697
"/Engine/EngineMaterials/Substrate/Glints2/dict_0004_0019" 9698
"/Engine/EngineMaterials/Substrate/Glints2/dict_0004_0018" 9699
"/Engine/EngineMaterials/Substrate/Glints2/dict_0004_0017" 9700
"/Engine/EngineMaterials/Substrate/Glints2/dict_0004_0016" 9701
"/Engine/EngineMaterials/Substrate/Glints2/dict_0004_0015" 9702
"/Engine/EngineMaterials/Substrate/Glints2/dict_0004_0014" 9703
"/Engine/EngineMaterials/Substrate/Glints2/dict_0004_0013" 9704
"/Engine/EngineMaterials/Substrate/Glints2/dict_0004_0012" 9705
"/Engine/EngineMaterials/Substrate/Glints2/dict_0004_0011" 9706
"/Engine/EngineMaterials/Substrate/Glints2/dict_0004_0028" 9707
"/Engine/EngineMaterials/Substrate/Glints2/dict_0004_0010" 9708
"/Engine/EngineMaterials/Substrate/Glints2/dict_0004_0009" 9709
"/Engine/EngineMaterials/Substrate/Glints2/dict_0004_0008" 9710
"/Engine/EngineMaterials/Substrate/Glints2/dict_0004_0007" 9711
"/Engine/EngineMaterials/Substrate/Glints2/dict_0004_0006" 9712
"/Engine/EngineMaterials/Substrate/Glints2/dict_0004_0005" 9713
"/Engine/EngineMaterials/Substrate/Glints2/dict_0004_0027" 9714
"../../../Engine/Content/EngineMaterials/Substrate/Glints2/dict_0004_0038.uasset" 9715
"../../../Engine/Content/EngineMaterials/Substrate/Glints2/dict_0004_0043.uasset" 9716
"../../../Engine/Content/EngineMaterials/Substrate/Glints2/dict_0004_0046.uasset" 9717
"../../../Engine/Content/EngineMaterials/Substrate/Glints2/dict_0004_0045.uasset" 9718
"../../../Engine/Content/EngineMaterials/Substrate/Glints2/dict_0004_0048.uasset" 9719
"../../../Engine/Content/EngineMaterials/Substrate/Glints2/dict_0004_0049.uasset" 9720
"../../../Engine/Content/EngineMaterials/Substrate/Glints2/dict_0004_0041.uasset" 9721
"../../../Engine/Content/EngineMaterials/Substrate/Glints2/dict_0004_0044.uasset" 9722
"../../../Engine/Content/EngineMaterials/Substrate/Glints2/dict_0004_0050.uasset" 9723
"../../../Engine/Content/EngineMaterials/Substrate/Glints2/dict_0004_0042.uasset" 9724
"../../../Engine/Content/EngineMaterials/Substrate/Glints2/dict_0004_0039.uasset" 9725
"/Engine/EngineMaterials/Substrate/Glints2/dict_0004_0036" 9726
"../../../Engine/Content/EngineMaterials/Substrate/Glints2/dict_0004_0037.uasset" 9727
"../../../Engine/Content/EngineMaterials/Substrate/Glints2/dict_0004_0051.uasset" 9728
"../../../Engine/Content/EngineMaterials/Substrate/Glints2/dict_0004_0040.uasset" 9729
"../../../Engine/Content/EngineMaterials/Substrate/Glints2/dict_0004_0052.uasset" 9730
"../../../Engine/Content/EngineMaterials/Substrate/Glints2/dict_0004_0047.uasset" 9731
"../../../Engine/Content/EngineMaterials/Substrate/Glints2/dict_0004_0056.uasset" 9732
"../../../Engine/Content/EngineMaterials/Substrate/Glints2/dict_0004_0053.uasset" 9733
"../../../Engine/Content/EngineMaterials/Substrate/Glints2/dict_0004_0057.uasset" 9734
"../../../Engine/Content/EngineMaterials/Substrate/Glints2/dict_0004_0059.uasset" 9735
"../../../Engine/Content/EngineMaterials/Substrate/Glints2/dict_0004_0054.uasset" 9736
"../../../Engine/Content/EngineMaterials/Substrate/Glints2/dict_0004_0060.uasset" 9737
"../../../Engine/Content/EngineMaterials/Substrate/Glints2/dict_0004_0058.uasset" 9738
"../../../Engine/Content/EngineMaterials/Substrate/Glints2/dict_0004_0055.uasset" 9739
"/Engine/EngineMaterials/Substrate/Glints2/dict_0004_0035" 9740
"/Engine/EngineMaterials/Substrate/Glints2/dict_0004_0034" 9741
"/Engine/EngineMaterials/Substrate/Glints2/dict_0004_0033" 9742
"/Engine/EngineMaterials/Substrate/Glints2/dict_0004_0032" 9743
"/Engine/EngineMaterials/Substrate/Glints2/dict_0004_0031" 9744
"/Engine/EngineMaterials/Substrate/Glints2/dict_0004_0030" 9745
"/Engine/EngineMaterials/Substrate/Glints2/dict_0004_0029" 9746
"../../../Engine/Content/EngineMaterials/Substrate/Glints2/dict_0004_0061.uasset" 9747
"../../../Engine/Content/EngineMaterials/Substrate/Glints2/dict_0004_0068.uasset" 9748
"../../../Engine/Content/EngineMaterials/Substrate/Glints2/dict_0004_0067.uasset" 9749
"../../../Engine/Content/EngineMaterials/Substrate/Glints2/dict_0004_0063.uasset" 9750
"../../../Engine/Content/EngineMaterials/Substrate/Glints2/dict_0004_0064.uasset" 9751
"../../../Engine/Content/EngineMaterials/Substrate/Glints2/dict_0004_0065.uasset" 9752
"../../../Engine/Content/EngineMaterials/Substrate/Glints2/dict_0004_0066.uasset" 9753
"../../../Engine/Content/EngineMaterials/Substrate/Glints2/dict_0004_0062.uasset" 9754
"/Engine/EngineMaterials/Substrate/Glints2/dict_0004_0060" 9755
"/Engine/EngineMaterials/Substrate/Glints2/dict_0004_0059" 9756
"/Engine/EngineMaterials/Substrate/Glints2/dict_0004_0058" 9757
"/Engine/EngineMaterials/Substrate/Glints2/dict_0004_0057" 9758
"/Engine/EngineMaterials/Substrate/Glints2/dict_0004_0056" 9759
"/Engine/EngineMaterials/Substrate/Glints2/dict_0004_0055" 9760
"/Engine/EngineMaterials/Substrate/Glints2/dict_0004_0054" 9761
"/Engine/EngineMaterials/Substrate/Glints2/dict_0004_0053" 9762
"/Engine/EngineMaterials/Substrate/Glints2/dict_0004_0052" 9763
"/Engine/EngineMaterials/Substrate/Glints2/dict_0004_0051" 9764
"/Engine/EngineMaterials/Substrate/Glints2/dict_0004_0050" 9765
"/Engine/EngineMaterials/Substrate/Glints2/dict_0004_0049" 9766
"/Engine/EngineMaterials/Substrate/Glints2/dict_0004_0048" 9767
"/Engine/EngineMaterials/Substrate/Glints2/dict_0004_0047" 9768
"/Engine/EngineMaterials/Substrate/Glints2/dict_0004_0046" 9769
"/Engine/EngineMaterials/Substrate/Glints2/dict_0004_0045" 9770
"/Engine/EngineMaterials/Substrate/Glints2/dict_0004_0044" 9771
"/Engine/EngineMaterials/Substrate/Glints2/dict_0004_0043" 9772
"/Engine/EngineMaterials/Substrate/Glints2/dict_0004_0042" 9773
"/Engine/EngineMaterials/Substrate/Glints2/dict_0004_0041" 9774
"/Engine/EngineMaterials/Substrate/Glints2/dict_0004_0040" 9775
"/Engine/EngineMaterials/Substrate/Glints2/dict_0004_0039" 9776
"/Engine/EngineMaterials/Substrate/Glints2/dict_0004_0038" 9777
"/Engine/EngineMaterials/Substrate/Glints2/dict_0004_0037" 9778
"../../../Engine/Content/EngineMaterials/Substrate/Glints2/dict_0004_0071.uasset" 9779
"../../../Engine/Content/EngineMaterials/Substrate/Glints2/dict_0004_0070.uasset" 9780
"../../../Engine/Content/EngineMaterials/Substrate/Glints2/dict_0004_0072.uasset" 9781
"../../../Engine/Content/EngineMaterials/Substrate/Glints2/dict_0004_0074.uasset" 9782
"../../../Engine/Content/EngineMaterials/Substrate/Glints2/dict_0004_0077.uasset" 9783
"../../../Engine/Content/EngineMaterials/Substrate/Glints2/dict_0004_0078.uasset" 9784
"../../../Engine/Content/EngineMaterials/Substrate/Glints2/dict_0004_0079.uasset" 9785
"../../../Engine/Content/EngineMaterials/Substrate/Glints2/dict_0004_0080.uasset" 9786
"../../../Engine/Content/EngineMaterials/Substrate/Glints2/dict_0004_0076.uasset" 9787
"../../../Engine/Content/EngineMaterials/Substrate/Glints2/dict_0004_0083.uasset" 9788
"../../../Engine/Content/EngineMaterials/Substrate/Glints2/dict_0004_0073.uasset" 9789
"../../../Engine/Content/EngineMaterials/Substrate/Glints2/dict_0004_0075.uasset" 9790
"../../../Engine/Content/EngineMaterials/Substrate/Glints2/dict_0004_0085.uasset" 9791
"../../../Engine/Content/EngineMaterials/Substrate/Glints2/dict_0004_0084.uasset" 9792
"../../../Engine/Content/EngineMaterials/Substrate/Glints2/dict_0004_0087.uasset" 9793
"../../../Engine/Content/EngineMaterials/Substrate/Glints2/dict_0004_0086.uasset" 9794
"../../../Engine/Content/EngineMaterials/Substrate/Glints2/dict_0004_0089.uasset" 9795
"../../../Engine/Content/EngineMaterials/Substrate/Glints2/dict_0004_0088.uasset" 9796
"/Engine/EngineMaterials/Substrate/Glints2/dict_0004_0068" 9797
"../../../Engine/Content/EngineMaterials/Substrate/Glints2/dict_0004_0091.uasset" 9798
"../../../Engine/Content/EngineMaterials/Substrate/Glints2/dict_0004_0081.uasset" 9799
"../../../Engine/Content/EngineMaterials/Substrate/Glints2/dict_0004_0090.uasset" 9800
"../../../Engine/Content/EngineMaterials/Substrate/Glints2/dict_0004_0082.uasset" 9801
"../../../Engine/Content/EngineMaterials/Substrate/Glints2/dict_0004_0092.uasset" 9802
"../../../Engine/Content/EngineMaterials/Substrate/Glints2/dict_0004_0069.uasset" 9803
"/Engine/EngineMaterials/Substrate/Glints2/dict_0004_0067" 9804
"/Engine/EngineMaterials/Substrate/Glints2/dict_0004_0066" 9805
"/Engine/EngineMaterials/Substrate/Glints2/dict_0004_0065" 9806
"/Engine/EngineMaterials/Substrate/Glints2/dict_0004_0064" 9807
"/Engine/EngineMaterials/Substrate/Glints2/dict_0004_0063" 9808
"/Engine/EngineMaterials/Substrate/Glints2/dict_0004_0078" 9809
"/Engine/EngineMaterials/Substrate/Glints2/dict_0004_0062" 9810
"/Engine/EngineMaterials/Substrate/Glints2/dict_0004_0077" 9811
"/Engine/EngineMaterials/Substrate/Glints2/dict_0004_0061" 9812
"/Engine/EngineMaterials/Substrate/Glints2/dict_0004_0074" 9813
"/Engine/EngineMaterials/Substrate/Glints2/dict_0004_0072" 9814
"/Engine/EngineMaterials/Substrate/Glints2/dict_0004_0071" 9815
"/Engine/EngineMaterials/Substrate/Glints2/dict_0004_0070" 9816
"../../../Engine/Content/EngineMaterials/Substrate/Glints2/dict_0004_0097.uasset" 9817
"../../../Engine/Content/EngineMaterials/Substrate/Glints2/dict_0004_0095.uasset" 9818
"../../../Engine/Content/EngineMaterials/Substrate/Glints2/dict_0004_0099.uasset" 9819
"../../../Engine/Content/EngineMaterials/Substrate/Glints2/dict_0004_0093.uasset" 9820
"../../../Engine/Content/EngineMaterials/Substrate/Glints2/dict_0004_0102.uasset" 9821
"../../../Engine/Content/EngineMaterials/Substrate/Glints2/dict_0004_0103.uasset" 9822
"../../../Engine/Content/EngineMaterials/Substrate/Glints2/dict_0004_0104.uasset" 9823
"../../../Engine/Content/EngineMaterials/Substrate/Glints2/dict_0004_0106.uasset" 9824
"../../../Engine/Content/EngineMaterials/Substrate/Glints2/dict_0004_0105.uasset" 9825
"../../../Engine/Content/EngineMaterials/Substrate/Glints2/dict_0004_0094.uasset" 9826
"../../../Engine/Content/EngineMaterials/Substrate/Glints2/dict_0004_0101.uasset" 9827
"../../../Engine/Content/EngineMaterials/Substrate/Glints2/dict_0004_0096.uasset" 9828
"../../../Engine/Content/EngineMaterials/Substrate/Glints2/dict_0004_0098.uasset" 9829
"../../../Engine/Content/EngineMaterials/Substrate/Glints2/dict_0004_0100.uasset" 9830
"/Engine/EngineMaterials/Substrate/Glints2/dict_0004_0092" 9831
"/Engine/EngineMaterials/Substrate/Glints2/dict_0004_0091" 9832
"/Engine/EngineMaterials/Substrate/Glints2/dict_0004_0090" 9833
"/Engine/EngineMaterials/Substrate/Glints2/dict_0004_0089" 9834
"/Engine/EngineMaterials/Substrate/Glints2/dict_0004_0088" 9835
"/Engine/EngineMaterials/Substrate/Glints2/dict_0004_0087" 9836
"/Engine/EngineMaterials/Substrate/Glints2/dict_0004_0086" 9837
"/Engine/EngineMaterials/Substrate/Glints2/dict_0004_0085" 9838
"/Engine/EngineMaterials/Substrate/Glints2/dict_0004_0084" 9839
"/Engine/EngineMaterials/Substrate/Glints2/dict_0004_0083" 9840
"/Engine/EngineMaterials/Substrate/Glints2/dict_0004_0082" 9841
"/Engine/EngineMaterials/Substrate/Glints2/dict_0004_0081" 9842
"/Engine/EngineMaterials/Substrate/Glints2/dict_0004_0080" 9843
"/Engine/EngineMaterials/Substrate/Glints2/dict_0004_0079" 9844
"/Engine/EngineMaterials/Substrate/Glints2/dict_0004_0076" 9845
"/Engine/EngineMaterials/Substrate/Glints2/dict_0004_0075" 9846
"/Engine/EngineMaterials/Substrate/Glints2/dict_0004_0073" 9847
"/Engine/EngineMaterials/Substrate/Glints2/dict_0004_0095" 9848
"/Engine/EngineMaterials/Substrate/Glints2/dict_0004_0069" 9849
"../../../Engine/Content/EngineMaterials/Substrate/Glints2/dict_0004_0109.uasset" 9850
"../../../Engine/Content/EngineMaterials/Substrate/Glints2/dict_0004_0108.uasset" 9851
"../../../Engine/Content/EngineMaterials/Substrate/Glints2/dict_0004_0110.uasset" 9852
"../../../Engine/Content/EngineMaterials/Substrate/Glints2/dict_0004_0115.uasset" 9853
"../../../Engine/Content/EngineMaterials/Substrate/Glints2/dict_0004_0114.uasset" 9854
"../../../Engine/Content/EngineMaterials/Substrate/Glints2/dict_0004_0117.uasset" 9855
"../../../Engine/Content/EngineMaterials/Substrate/Glints2/dict_0004_0118.uasset" 9856
"../../../Engine/Content/EngineMaterials/Substrate/Glints2/dict_0004_0120.uasset" 9857
"../../../Engine/Content/EngineMaterials/Substrate/Glints2/dict_0004_0113.uasset" 9858
"../../../Engine/Content/EngineMaterials/Substrate/Glints2/dict_0004_0121.uasset" 9859
"../../../Engine/Content/EngineMaterials/Substrate/Glints2/dict_0004_0112.uasset" 9860
"../../../Engine/Content/EngineMaterials/Substrate/Glints2/dict_0004_0122.uasset" 9861
"../../../Engine/Content/EngineMaterials/Substrate/Glints2/dict_0004_0116.uasset" 9862
"../../../Engine/Content/EngineMaterials/Substrate/Glints2/dict_0004_0123.uasset" 9863
"/Engine/EngineMaterials/Substrate/Glints2/dict_0004_0106" 9864
"../../../Engine/Content/EngineMaterials/Substrate/Glints2/dict_0004_0107.uasset" 9865
"../../../Engine/Content/EngineMaterials/Substrate/Glints2/dict_0004_0111.uasset" 9866
"../../../Engine/Content/EngineMaterials/Substrate/Glints2/dict_0004_0124.uasset" 9867
"../../../Engine/Content/EngineMaterials/Substrate/Glints2/dict_0004_0125.uasset" 9868
"../../../Engine/Content/EngineMaterials/Substrate/Glints2/dict_0004_0119.uasset" 9869
"/Engine/EngineMaterials/Substrate/Glints2/dict_0004_0105" 9870
"/Engine/EngineMaterials/Substrate/Glints2/dict_0004_0104" 9871
"/Engine/EngineMaterials/Substrate/Glints2/dict_0004_0103" 9872
"/Engine/EngineMaterials/Substrate/Glints2/dict_0004_0102" 9873
"/Engine/EngineMaterials/Substrate/Glints2/dict_0004_0101" 9874
"/Engine/EngineMaterials/Substrate/Glints2/dict_0004_0100" 9875
"/Engine/EngineMaterials/Substrate/Glints2/dict_0004_0099" 9876
"/Engine/EngineMaterials/Substrate/Glints2/dict_0004_0098" 9877
"/Engine/EngineMaterials/Substrate/Glints2/dict_0004_0097" 9878
"/Engine/EngineMaterials/Substrate/Glints2/dict_0004_0110" 9879
"/Engine/EngineMaterials/Substrate/Glints2/dict_0004_0096" 9880
"/Engine/EngineMaterials/Substrate/Glints2/dict_0004_0109" 9881
"/Engine/EngineMaterials/Substrate/Glints2/dict_0004_0108" 9882
"/Engine/EngineMaterials/Substrate/Glints2/dict_0004_0094" 9883
"/Engine/EngineMaterials/Substrate/Glints2/dict_0004_0093" 9884
"../../../Engine/Content/EngineMaterials/Substrate/Glints2/dict_0004_0128.uasset" 9885
"../../../Engine/Content/EngineMaterials/Substrate/Glints2/dict_0004_0127.uasset" 9886
"../../../Engine/Content/EngineMaterials/Substrate/Glints2/dict_0004_0131.uasset" 9887
"../../../Engine/Content/EngineMaterials/Substrate/Glints2/dict_0004_0134.uasset" 9888
"../../../Engine/Content/EngineMaterials/Substrate/Glints2/dict_0004_0135.uasset" 9889
"../../../Engine/Content/EngineMaterials/Substrate/Glints2/dict_0004_0129.uasset" 9890
"../../../Engine/Content/EngineMaterials/Substrate/Glints2/dict_0004_0130.uasset" 9891
"../../../Engine/Content/EngineMaterials/Substrate/Glints2/dict_0004_0138.uasset" 9892
"../../../Engine/Content/EngineMaterials/Substrate/Glints2/dict_0004_0133.uasset" 9893
"../../../Engine/Content/EngineMaterials/Substrate/Glints2/dict_0004_0139.uasset" 9894
"../../../Engine/Content/EngineMaterials/Substrate/Glints2/dict_0004_0132.uasset" 9895
"../../../Engine/Content/EngineMaterials/Substrate/Glints2/dict_0004_0126.uasset" 9896
"../../../Engine/Content/EngineMaterials/Substrate/Glints2/dict_0004_0137.uasset" 9897
"/Engine/EngineMaterials/Substrate/Glints2/dict_0004_0125" 9898
"../../../Engine/Content/EngineMaterials/Substrate/Glints2/dict_0004_0136.uasset" 9899
"../../../Engine/Content/EngineMaterials/Substrate/Glints2/dict_0004_0141.uasset" 9900
"../../../Engine/Content/EngineMaterials/Substrate/Glints2/dict_0004_0140.uasset" 9901
"/Engine/EngineMaterials/Substrate/Glints2/dict_0004_0124" 9902
"/Engine/EngineMaterials/Substrate/Glints2/dict_0004_0123" 9903
"/Engine/EngineMaterials/Substrate/Glints2/dict_0004_0122" 9904
"/Engine/EngineMaterials/Substrate/Glints2/dict_0004_0121" 9905
"/Engine/EngineMaterials/Substrate/Glints2/dict_0004_0120" 9906
"/Engine/EngineMaterials/Substrate/Glints2/dict_0004_0119" 9907
"/Engine/EngineMaterials/Substrate/Glints2/dict_0004_0118" 9908
"/Engine/EngineMaterials/Substrate/Glints2/dict_0004_0117" 9909
"/Engine/EngineMaterials/Substrate/Glints2/dict_0004_0116" 9910
"/Engine/EngineMaterials/Substrate/Glints2/dict_0004_0115" 9911
"/Engine/EngineMaterials/Substrate/Glints2/dict_0004_0114" 9912
"/Engine/EngineMaterials/Substrate/Glints2/dict_0004_0113" 9913
"/Engine/EngineMaterials/Substrate/Glints2/dict_0004_0112" 9914
"/Engine/EngineMaterials/Substrate/Glints2/dict_0004_0134" 9915
"/Engine/EngineMaterials/Substrate/Glints2/dict_0004_0111" 9916
"/Engine/EngineMaterials/Substrate/Glints2/dict_0004_0131" 9917
"/Engine/EngineMaterials/Substrate/Glints2/dict_0004_0128" 9918
"/Engine/EngineMaterials/Substrate/Glints2/dict_0004_0127" 9919
"/Engine/EngineMaterials/Substrate/Glints2/dict_0004_0107" 9920
"../../../Engine/Content/EngineMaterials/Substrate/Glints2/dict_0004_0143.uasset" 9921
"../../../Engine/Content/EngineMaterials/Substrate/Glints2/dict_0004_0145.uasset" 9922
"../../../Engine/Content/EngineMaterials/Substrate/Glints2/dict_0004_0147.uasset" 9923
"../../../Engine/Content/EngineMaterials/Substrate/Glints2/dict_0004_0144.uasset" 9924
"../../../Engine/Content/EngineMaterials/Substrate/Glints2/dict_0004_0149.uasset" 9925
"../../../Engine/Content/EngineMaterials/Substrate/Glints2/dict_0004_0142.uasset" 9926
"../../../Engine/Content/EngineMaterials/Substrate/Glints2/dict_0004_0151.uasset" 9927
"../../../Engine/Content/EngineMaterials/Substrate/Glints2/dict_0004_0153.uasset" 9928
"../../../Engine/Content/EngineMaterials/Substrate/Glints2/dict_0004_0152.uasset" 9929
"../../../Engine/Content/EngineMaterials/Substrate/Glints2/dict_0004_0150.uasset" 9930
"../../../Engine/Content/EngineMaterials/Substrate/Glints2/dict_0004_0155.uasset" 9931
"../../../Engine/Content/EngineMaterials/Substrate/Glints2/dict_0004_0146.uasset" 9932
"../../../Engine/Content/EngineMaterials/Substrate/Glints2/dict_0004_0154.uasset" 9933
"../../../Engine/Content/EngineMaterials/Substrate/Glints2/dict_0004_0157.uasset" 9934
"../../../Engine/Content/EngineMaterials/Substrate/Glints2/dict_0004_0158.uasset" 9935
"../../../Engine/Content/EngineMaterials/Substrate/Glints2/dict_0004_0148.uasset" 9936
"../../../Engine/Content/EngineMaterials/Substrate/Glints2/dict_0004_0156.uasset" 9937
"../../../Engine/Content/EngineMaterials/Substrate/Glints2/dict_0004_0161.uasset" 9938
"../../../Engine/Content/EngineMaterials/Substrate/Glints2/dict_0004_0160.uasset" 9939
"/Engine/EngineMaterials/Substrate/Glints2/dict_0004_0141" 9940
"../../../Engine/Content/EngineMaterials/Substrate/Glints2/dict_0004_0159.uasset" 9941
"/Engine/EngineMaterials/Substrate/Glints2/dict_0004_0140" 9942
"/Engine/EngineMaterials/Substrate/Glints2/dict_0004_0139" 9943
"/Engine/EngineMaterials/Substrate/Glints2/dict_0004_0138" 9944
"/Engine/EngineMaterials/Substrate/Glints2/dict_0004_0137" 9945
"/Engine/EngineMaterials/Substrate/Glints2/dict_0004_0149" 9946
"/Engine/EngineMaterials/Substrate/Glints2/dict_0004_0136" 9947
"/Engine/EngineMaterials/Substrate/Glints2/dict_0004_0135" 9948
"/Engine/EngineMaterials/Substrate/Glints2/dict_0004_0147" 9949
"/Engine/EngineMaterials/Substrate/Glints2/dict_0004_0133" 9950
"/Engine/EngineMaterials/Substrate/Glints2/dict_0004_0132" 9951
"/Engine/EngineMaterials/Substrate/Glints2/dict_0004_0145" 9952
"/Engine/EngineMaterials/Substrate/Glints2/dict_0004_0130" 9953
"/Engine/EngineMaterials/Substrate/Glints2/dict_0004_0129" 9954
"/Engine/EngineMaterials/Substrate/Glints2/dict_0004_0144" 9955
"/Engine/EngineMaterials/Substrate/Glints2/dict_0004_0143" 9956
"/Engine/EngineMaterials/Substrate/Glints2/dict_0004_0126" 9957
"/Engine/EngineMaterials/Substrate/Glints2/dict_0004_0142" 9958
"../../../Engine/Content/EngineMaterials/Substrate/Glints2/dict_0004_0163.uasset" 9959
"../../../Engine/Content/EngineMaterials/Substrate/Glints2/dict_0004_0165.uasset" 9960
"../../../Engine/Content/EngineMaterials/Substrate/Glints2/dict_0004_0168.uasset" 9961
"../../../Engine/Content/EngineMaterials/Substrate/Glints2/dict_0004_0166.uasset" 9962
"../../../Engine/Content/EngineMaterials/Substrate/Glints2/dict_0004_0169.uasset" 9963
"../../../Engine/Content/EngineMaterials/Substrate/Glints2/dict_0004_0173.uasset" 9964
"../../../Engine/Content/EngineMaterials/Substrate/Glints2/dict_0004_0174.uasset" 9965
"../../../Engine/Content/EngineMaterials/Substrate/Glints2/dict_0004_0164.uasset" 9966
"../../../Engine/Content/EngineMaterials/Substrate/Glints2/dict_0004_0172.uasset" 9967
"../../../Engine/Content/EngineMaterials/Substrate/Glints2/dict_0004_0171.uasset" 9968
"../../../Engine/Content/EngineMaterials/Substrate/Glints2/dict_0004_0170.uasset" 9969
"../../../Engine/Content/EngineMaterials/Substrate/Glints2/dict_0004_0176.uasset" 9970
"../../../Engine/Content/EngineMaterials/Substrate/Glints2/dict_0004_0162.uasset" 9971
"../../../Engine/Content/EngineMaterials/Substrate/Glints2/dict_0004_0178.uasset" 9972
"../../../Engine/Content/EngineMaterials/Substrate/Glints2/dict_0004_0179.uasset" 9973
"../../../Engine/Content/EngineMaterials/Substrate/Glints2/dict_0004_0167.uasset" 9974
"/Engine/EngineMaterials/Substrate/Glints2/dict_0004_0161" 9975
"../../../Engine/Content/EngineMaterials/Substrate/Glints2/dict_0004_0175.uasset" 9976
"../../../Engine/Content/EngineMaterials/Substrate/Glints2/dict_0004_0177.uasset" 9977
"/Engine/EngineMaterials/Substrate/Glints2/dict_0004_0160" 9978
"/Engine/EngineMaterials/Substrate/Glints2/dict_0004_0159" 9979
"/Engine/EngineMaterials/Substrate/Glints2/dict_0004_0158" 9980
"/Engine/EngineMaterials/Substrate/Glints2/dict_0004_0157" 9981
"/Engine/EngineMaterials/Substrate/Glints2/dict_0004_0156" 9982
"/Engine/EngineMaterials/Substrate/Glints2/dict_0004_0155" 9983
"/Engine/EngineMaterials/Substrate/Glints2/dict_0004_0154" 9984
"/Engine/EngineMaterials/Substrate/Glints2/dict_0004_0153" 9985
"/Engine/EngineMaterials/Substrate/Glints2/dict_0004_0152" 9986
"/Engine/EngineMaterials/Substrate/Glints2/dict_0004_0151" 9987
"/Engine/EngineMaterials/Substrate/Glints2/dict_0004_0150" 9988
"/Engine/EngineMaterials/Substrate/Glints2/dict_0004_0173" 9989
"/Engine/EngineMaterials/Substrate/Glints2/dict_0004_0148" 9990
"/Engine/EngineMaterials/Substrate/Glints2/dict_0004_0169" 9991
"/Engine/EngineMaterials/Substrate/Glints2/dict_0004_0146" 9992
"/Engine/EngineMaterials/Substrate/Glints2/dict_0004_0168" 9993
"/Engine/EngineMaterials/Substrate/Glints2/dict_0004_0166" 9994
"/Engine/EngineMaterials/Substrate/Glints2/dict_0004_0165" 9995
"/Engine/EngineMaterials/Substrate/Glints2/dict_0004_0164" 9996
"/Engine/EngineMaterials/Substrate/Glints2/dict_0004_0163" 9997
"../../../Engine/Content/EngineMaterials/Substrate/Glints2/dict_0004_0182.uasset" 9998
"../../../Engine/Content/EngineMaterials/Substrate/Glints2/dict_0004_0181.uasset" 9999
"../../../Engine/Content/EngineMaterials/Substrate/Glints2/dict_0004_0183.uasset" 10000
"../../../Engine/Content/EngineMaterials/Substrate/Glints2/dict_0004_0185.uasset" 10001
"../../../Engine/Content/EngineMaterials/Substrate/Glints2/dict_0004_0188.uasset" 10002
"../../../Engine/Content/EngineMaterials/Substrate/Glints2/dict_0004_0184.uasset" 10003
"../../../Engine/Content/EngineMaterials/Substrate/Glints2/dict_0004_0189.uasset" 10004
"../../../Engine/Content/EngineMaterials/Substrate/Glints2/dict_0004_0180.uasset" 10005
"../../../Engine/Content/EngineMaterials/Substrate/Glints2/dict_0004_0193.uasset" 10006
"../../../Engine/Content/EngineMaterials/Substrate/Glints2/dict_0004_0187.uasset" 10007
"../../../Engine/Content/EngineMaterials/Substrate/Glints2/dict_0004_0190.uasset" 10008
"../../../Engine/Content/EngineMaterials/Substrate/Glints2/dict_0004_0194.uasset" 10009
"../../../Engine/Content/EngineMaterials/Substrate/Glints2/dict_0004_0198.uasset" 10010
"../../../Engine/Content/EngineMaterials/Substrate/Glints2/dict_0004_0197.uasset" 10011
"../../../Engine/Content/EngineMaterials/Substrate/Glints2/dict_0004_0199.uasset" 10012
"../../../Engine/Content/EngineMaterials/Substrate/Glints2/dict_0004_0196.uasset" 10013
"../../../Engine/Content/EngineMaterials/Substrate/Glints2/dict_0004_0186.uasset" 10014
"../../../Engine/Content/EngineMaterials/Substrate/Glints2/dict_0004_0191.uasset" 10015
"/Engine/EngineMaterials/Substrate/Glints2/dict_0004_0179" 10016
"../../../Engine/Content/EngineMaterials/Substrate/Glints2/dict_0004_0195.uasset" 10017
"../../../Engine/Content/EngineMaterials/Substrate/Glints2/dict_0004_0192.uasset" 10018
"../../../Engine/Content/EngineMaterials/Substrate/Glints2/dict_0004_0200.uasset" 10019
"/Engine/EngineMaterials/Substrate/Glints2/dict_0004_0178" 10020
"/Engine/EngineMaterials/Substrate/Glints2/dict_0004_0177" 10021
"/Engine/EngineMaterials/Substrate/Glints2/dict_0004_0176" 10022
"/Engine/EngineMaterials/Substrate/Glints2/dict_0004_0175" 10023
"/Engine/EngineMaterials/Substrate/Glints2/dict_0004_0174" 10024
"/Engine/EngineMaterials/Substrate/Glints2/dict_0004_0188" 10025
"/Engine/EngineMaterials/Substrate/Glints2/dict_0004_0172" 10026
"/Engine/EngineMaterials/Substrate/Glints2/dict_0004_0171" 10027
"/Engine/EngineMaterials/Substrate/Glints2/dict_0004_0170" 10028
"/Engine/EngineMaterials/Substrate/Glints2/dict_0004_0185" 10029
"/Engine/EngineMaterials/Substrate/Glints2/dict_0004_0184" 10030
"/Engine/EngineMaterials/Substrate/Glints2/dict_0004_0167" 10031
"/Engine/EngineMaterials/Substrate/Glints2/dict_0004_0183" 10032
"/Engine/EngineMaterials/Substrate/Glints2/dict_0004_0182" 10033
"/Engine/EngineMaterials/Substrate/Glints2/dict_0004_0181" 10034
"/Engine/EngineMaterials/Substrate/Glints2/dict_0004_0180" 10035
"/Engine/EngineMaterials/Substrate/Glints2/dict_0004_0162" 10036
"../../../Engine/Content/EngineMaterials/Substrate/Glints2/dict_0004_0202.uasset" 10037
"../../../Engine/Content/EngineMaterials/Substrate/Glints2/dict_0004_0201.uasset" 10038
"../../../Engine/Content/EngineMaterials/Substrate/Glints2/dict_0004_0206.uasset" 10039
"../../../Engine/Content/EngineMaterials/Substrate/Glints2/dict_0004_0205.uasset" 10040
"../../../Engine/Content/EngineMaterials/Substrate/Glints2/dict_0004_0203.uasset" 10041
"../../../Engine/Content/EngineMaterials/Substrate/Glints2/dict_0004_0209.uasset" 10042
"../../../Engine/Content/EngineMaterials/Substrate/Glints2/dict_0004_0212.uasset" 10043
"../../../Engine/Content/EngineMaterials/Substrate/Glints2/dict_0004_0211.uasset" 10044
"../../../Engine/Content/EngineMaterials/Substrate/Glints2/dict_0004_0210.uasset" 10045
"../../../Engine/Content/EngineMaterials/Substrate/Glints2/dict_0004_0204.uasset" 10046
"../../../Engine/Content/EngineMaterials/Substrate/Glints2/dict_0004_0215.uasset" 10047
"../../../Engine/Content/EngineMaterials/Substrate/Glints2/dict_0004_0214.uasset" 10048
"../../../Engine/Content/EngineMaterials/Substrate/Glints2/dict_0004_0216.uasset" 10049
"../../../Engine/Content/EngineMaterials/Substrate/Glints2/dict_0004_0217.uasset" 10050
"../../../Engine/Content/EngineMaterials/Substrate/Glints2/dict_0004_0218.uasset" 10051
"../../../Engine/Content/EngineMaterials/Substrate/Glints2/dict_0004_0208.uasset" 10052
"../../../Engine/Content/EngineMaterials/Substrate/Glints2/dict_0004_0207.uasset" 10053
"/Engine/EngineMaterials/Substrate/Glints2/dict_0004_0200" 10054
"../../../Engine/Content/EngineMaterials/Substrate/Glints2/dict_0004_0213.uasset" 10055
"/Engine/EngineMaterials/Substrate/Glints2/dict_0004_0199" 10056
"/Engine/EngineMaterials/Substrate/Glints2/dict_0004_0198" 10057
"/Engine/EngineMaterials/Substrate/Glints2/dict_0004_0197" 10058
"/Engine/EngineMaterials/Substrate/Glints2/dict_0004_0196" 10059
"/Engine/EngineMaterials/Substrate/Glints2/dict_0004_0195" 10060
"/Engine/EngineMaterials/Substrate/Glints2/dict_0004_0194" 10061
"/Engine/EngineMaterials/Substrate/Glints2/dict_0004_0193" 10062
"/Engine/EngineMaterials/Substrate/Glints2/dict_0004_0192" 10063
"/Engine/EngineMaterials/Substrate/Glints2/dict_0004_0191" 10064
"/Engine/EngineMaterials/Substrate/Glints2/dict_0004_0190" 10065
"/Engine/EngineMaterials/Substrate/Glints2/dict_0004_0189" 10066
"/Engine/EngineMaterials/Substrate/Glints2/dict_0004_0187" 10067
"/Engine/EngineMaterials/Substrate/Glints2/dict_0004_0209" 10068
"/Engine/EngineMaterials/Substrate/Glints2/dict_0004_0186" 10069
"/Engine/EngineMaterials/Substrate/Glints2/dict_0004_0206" 10070
"/Engine/EngineMaterials/Substrate/Glints2/dict_0004_0205" 10071
"/Engine/EngineMaterials/Substrate/Glints2/dict_0004_0203" 10072
"/Engine/EngineMaterials/Substrate/Glints2/dict_0004_0202" 10073
"/Engine/EngineMaterials/Substrate/Glints2/dict_0004_0201" 10074
"../../../Engine/Content/EngineMaterials/Substrate/Glints2/dict_0004_0221.uasset" 10075
"../../../Engine/Content/EngineMaterials/Substrate/Glints2/dict_0004_0220.uasset" 10076
"../../../Engine/Content/EngineMaterials/Substrate/Glints2/dict_0004_0224.uasset" 10077
"../../../Engine/Content/EngineMaterials/Substrate/Glints2/dict_0004_0225.uasset" 10078
"../../../Engine/Content/EngineMaterials/Substrate/Glints2/dict_0004_0227.uasset" 10079
"../../../Engine/Content/EngineMaterials/Substrate/Glints2/dict_0004_0228.uasset" 10080
"../../../Engine/Content/EngineMaterials/Substrate/Glints2/dict_0004_0229.uasset" 10081
"../../../Engine/Content/EngineMaterials/Substrate/Glints2/dict_0004_0231.uasset" 10082
"../../../Engine/Content/EngineMaterials/Substrate/Glints2/dict_0004_0232.uasset" 10083
"../../../Engine/Content/EngineMaterials/Substrate/Glints2/dict_0004_0233.uasset" 10084
"../../../Engine/Content/EngineMaterials/Substrate/Glints2/dict_0004_0219.uasset" 10085
"../../../Engine/Content/EngineMaterials/Substrate/Glints2/dict_0004_0226.uasset" 10086
"../../../Engine/Content/EngineMaterials/Substrate/Glints2/dict_0004_0234.uasset" 10087
"../../../Engine/Content/EngineMaterials/Substrate/Glints2/dict_0004_0236.uasset" 10088
"../../../Engine/Content/EngineMaterials/Substrate/Glints2/dict_0004_0235.uasset" 10089
"../../../Engine/Content/EngineMaterials/Substrate/Glints2/dict_0004_0223.uasset" 10090
"../../../Engine/Content/EngineMaterials/Substrate/Glints2/dict_0004_0222.uasset" 10091
"/Engine/EngineMaterials/Substrate/Glints2/dict_0004_0218" 10092
"../../../Engine/Content/EngineMaterials/Substrate/Glints2/dict_0004_0230.uasset" 10093
"../../../Engine/Content/EngineMaterials/Substrate/Glints2/dict_0004_0238.uasset" 10094
"../../../Engine/Content/EngineMaterials/Substrate/Glints2/dict_0004_0237.uasset" 10095
"/Engine/EngineMaterials/Substrate/Glints2/dict_0004_0217" 10096
"/Engine/EngineMaterials/Substrate/Glints2/dict_0004_0216" 10097
"/Engine/EngineMaterials/Substrate/Glints2/dict_0004_0215" 10098
"/Engine/EngineMaterials/Substrate/Glints2/dict_0004_0214" 10099
"/Engine/EngineMaterials/Substrate/Glints2/dict_0004_0213" 10100
"/Engine/EngineMaterials/Substrate/Glints2/dict_0004_0212" 10101
"/Engine/EngineMaterials/Substrate/Glints2/dict_0004_0211" 10102
"/Engine/EngineMaterials/Substrate/Glints2/dict_0004_0210" 10103
"/Engine/EngineMaterials/Substrate/Glints2/dict_0004_0225" 10104
"/Engine/EngineMaterials/Substrate/Glints2/dict_0004_0224" 10105
"/Engine/EngineMaterials/Substrate/Glints2/dict_0004_0208" 10106
"/Engine/EngineMaterials/Substrate/Glints2/dict_0004_0207" 10107
"/Engine/EngineMaterials/Substrate/Glints2/dict_0004_0204" 10108
"/Engine/EngineMaterials/Substrate/Glints2/dict_0004_0221" 10109
"/Engine/EngineMaterials/Substrate/Glints2/dict_0004_0220" 10110
"../../../Engine/Content/EngineMaterials/Substrate/Glints2/dict_0004_0239.uasset" 10111
"../../../Engine/Content/EngineMaterials/Substrate/Glints2/dict_0004_0241.uasset" 10112
"../../../Engine/Content/EngineMaterials/Substrate/Glints2/dict_0004_0240.uasset" 10113
"../../../Engine/Content/EngineMaterials/Substrate/Glints2/dict_0004_0243.uasset" 10114
"../../../Engine/Content/EngineMaterials/Substrate/Glints2/dict_0004_0247.uasset" 10115
"../../../Engine/Content/EngineMaterials/Substrate/Glints2/dict_0004_0245.uasset" 10116
"../../../Engine/Content/EngineMaterials/Substrate/Glints2/dict_0004_0249.uasset" 10117
"../../../Engine/Content/EngineMaterials/Substrate/Glints2/dict_0004_0248.uasset" 10118
"../../../Engine/Content/EngineMaterials/Substrate/Glints2/dict_0004_0250.uasset" 10119
"../../../Engine/Content/EngineMaterials/Substrate/Glints2/dict_0004_0252.uasset" 10120
"../../../Engine/Content/EngineMaterials/Substrate/Glints2/dict_0004_0244.uasset" 10121
"../../../Engine/Content/EngineMaterials/Substrate/Glints2/dict_0004_0253.uasset" 10122
"../../../Engine/Content/EngineMaterials/Substrate/Glints2/dict_0004_0254.uasset" 10123
"../../../Engine/Content/EngineMaterials/Substrate/Glints2/dict_0004_0251.uasset" 10124
"../../../Engine/Content/EngineMaterials/Substrate/Glints2/dict_0004_0246.uasset" 10125
"../../../Engine/Content/EngineMaterials/Substrate/Glints2/dict_0004_0242.uasset" 10126
"/Engine/EngineMaterials/Substrate/Glints2/dict_0004_0238" 10127
"/Engine/EngineMaterials/Substrate/Glints2/dict_0004_0237" 10128
"/Engine/EngineMaterials/Substrate/Glints2/dict_0004_0236" 10129
"/Engine/EngineMaterials/Substrate/Glints2/dict_0004_0235" 10130
"/Engine/EngineMaterials/Substrate/Glints2/dict_0004_0234" 10131
"/Engine/EngineMaterials/Substrate/Glints2/dict_0004_0233" 10132
"/Engine/EngineMaterials/Substrate/Glints2/dict_0004_0232" 10133
"/Engine/EngineMaterials/Substrate/Glints2/dict_0004_0231" 10134
"/Engine/EngineMaterials/Substrate/Glints2/dict_0004_0230" 10135
"/Engine/EngineMaterials/Substrate/Glints2/dict_0004_0229" 10136
"/Engine/EngineMaterials/Substrate/Glints2/dict_0004_0228" 10137
"/Engine/EngineMaterials/Substrate/Glints2/dict_0004_0227" 10138
"/Engine/EngineMaterials/Substrate/Glints2/dict_0004_0226" 10139
"/Engine/EngineMaterials/Substrate/Glints2/dict_0004_0247" 10140
"/Engine/EngineMaterials/Substrate/Glints2/dict_0004_0243" 10141
"/Engine/EngineMaterials/Substrate/Glints2/dict_0004_0223" 10142
"/Engine/EngineMaterials/Substrate/Glints2/dict_0004_0222" 10143
"/Engine/EngineMaterials/Substrate/Glints2/dict_0004_0241" 10144
"/Engine/EngineMaterials/Substrate/Glints2/dict_0004_0240" 10145
"/Engine/EngineMaterials/Substrate/Glints2/dict_0004_0239" 10146
"/Engine/EngineMaterials/Substrate/Glints2/dict_0004_0219" 10147
"../../../Engine/Content/EngineMaterials/Substrate/Glints2/dict_0004_0255.uasset" 10148
"../../../Engine/Content/EngineMaterials/Substrate/Glints2/dict_0005_0000.uasset" 10149
"../../../Engine/Content/EngineMaterials/Substrate/Glints2/dict_0005_0002.uasset" 10150
"../../../Engine/Content/EngineMaterials/Substrate/Glints2/dict_0005_0001.uasset" 10151
"../../../Engine/Content/EngineMaterials/Substrate/Glints2/dict_0005_0007.uasset" 10152
"../../../Engine/Content/EngineMaterials/Substrate/Glints2/dict_0005_0009.uasset" 10153
"../../../Engine/Content/EngineMaterials/Substrate/Glints2/dict_0005_0010.uasset" 10154
"../../../Engine/Content/EngineMaterials/Substrate/Glints2/dict_0005_0012.uasset" 10155
"../../../Engine/Content/EngineMaterials/Substrate/Glints2/dict_0005_0006.uasset" 10156
"../../../Engine/Content/EngineMaterials/Substrate/Glints2/dict_0005_0004.uasset" 10157
"../../../Engine/Content/EngineMaterials/Substrate/Glints2/dict_0005_0003.uasset" 10158
"../../../Engine/Content/EngineMaterials/Substrate/Glints2/dict_0005_0013.uasset" 10159
"../../../Engine/Content/EngineMaterials/Substrate/Glints2/dict_0005_0005.uasset" 10160
"/Engine/EngineMaterials/Substrate/Glints2/dict_0004_0254" 10161
"../../../Engine/Content/EngineMaterials/Substrate/Glints2/dict_0005_0011.uasset" 10162
"../../../Engine/Content/EngineMaterials/Substrate/Glints2/dict_0005_0016.uasset" 10163
"../../../Engine/Content/EngineMaterials/Substrate/Glints2/dict_0005_0008.uasset" 10164
"../../../Engine/Content/EngineMaterials/Substrate/Glints2/dict_0005_0015.uasset" 10165
"../../../Engine/Content/EngineMaterials/Substrate/Glints2/dict_0005_0017.uasset" 10166
"../../../Engine/Content/EngineMaterials/Substrate/Glints2/dict_0005_0018.uasset" 10167
"../../../Engine/Content/EngineMaterials/Substrate/Glints2/dict_0005_0014.uasset" 10168
"../../../Engine/Content/EngineMaterials/Substrate/Glints2/dict_0005_0019.uasset" 10169
"/Engine/EngineMaterials/Substrate/Glints2/dict_0004_0253" 10170
"/Engine/EngineMaterials/Substrate/Glints2/dict_0004_0252" 10171
"/Engine/EngineMaterials/Substrate/Glints2/dict_0004_0251" 10172
"/Engine/EngineMaterials/Substrate/Glints2/dict_0004_0250" 10173
"/Engine/EngineMaterials/Substrate/Glints2/dict_0004_0249" 10174
"/Engine/EngineMaterials/Substrate/Glints2/dict_0004_0248" 10175
"/Engine/EngineMaterials/Substrate/Glints2/dict_0004_0246" 10176
"/Engine/EngineMaterials/Substrate/Glints2/dict_0004_0245" 10177
"/Engine/EngineMaterials/Substrate/Glints2/dict_0004_0244" 10178
"/Engine/EngineMaterials/Substrate/Glints2/dict_0004_0242" 10179
"/Engine/EngineMaterials/Substrate/Glints2/dict_0005_0002" 10180
"/Engine/EngineMaterials/Substrate/Glints2/dict_0005_0000" 10181
"/Engine/EngineMaterials/Substrate/Glints2/dict_0004_0255" 10182
"../../../Engine/Content/EngineMaterials/Substrate/Glints2/dict_0005_0020.uasset" 10183
"../../../Engine/Content/EngineMaterials/Substrate/Glints2/dict_0005_0021.uasset" 10184
"../../../Engine/Content/EngineMaterials/Substrate/Glints2/dict_0005_0024.uasset" 10185
"../../../Engine/Content/EngineMaterials/Substrate/Glints2/dict_0005_0028.uasset" 10186
"../../../Engine/Content/EngineMaterials/Substrate/Glints2/dict_0005_0026.uasset" 10187
"../../../Engine/Content/EngineMaterials/Substrate/Glints2/dict_0005_0022.uasset" 10188
"../../../Engine/Content/EngineMaterials/Substrate/Glints2/dict_0005_0030.uasset" 10189
"../../../Engine/Content/EngineMaterials/Substrate/Glints2/dict_0005_0032.uasset" 10190
"../../../Engine/Content/EngineMaterials/Substrate/Glints2/dict_0005_0033.uasset" 10191
"../../../Engine/Content/EngineMaterials/Substrate/Glints2/dict_0005_0023.uasset" 10192
"../../../Engine/Content/EngineMaterials/Substrate/Glints2/dict_0005_0029.uasset" 10193
"../../../Engine/Content/EngineMaterials/Substrate/Glints2/dict_0005_0025.uasset" 10194
"../../../Engine/Content/EngineMaterials/Substrate/Glints2/dict_0005_0027.uasset" 10195
"/Engine/EngineMaterials/Substrate/Glints2/dict_0005_0019" 10196
"../../../Engine/Content/EngineMaterials/Substrate/Glints2/dict_0005_0031.uasset" 10197
"/Engine/EngineMaterials/Substrate/Glints2/dict_0005_0018" 10198
"/Engine/EngineMaterials/Substrate/Glints2/dict_0005_0017" 10199
"/Engine/EngineMaterials/Substrate/Glints2/dict_0005_0016" 10200
"/Engine/EngineMaterials/Substrate/Glints2/dict_0005_0015" 10201
"/Engine/EngineMaterials/Substrate/Glints2/dict_0005_0014" 10202
"/Engine/EngineMaterials/Substrate/Glints2/dict_0005_0013" 10203
"/Engine/EngineMaterials/Substrate/Glints2/dict_0005_0012" 10204
"/Engine/EngineMaterials/Substrate/Glints2/dict_0005_0011" 10205
"/Engine/EngineMaterials/Substrate/Glints2/dict_0005_0010" 10206
"/Engine/EngineMaterials/Substrate/Glints2/dict_0005_0009" 10207
"/Engine/EngineMaterials/Substrate/Glints2/dict_0005_0008" 10208
"/Engine/EngineMaterials/Substrate/Glints2/dict_0005_0007" 10209
"/Engine/EngineMaterials/Substrate/Glints2/dict_0005_0006" 10210
"/Engine/EngineMaterials/Substrate/Glints2/dict_0005_0026" 10211
"/Engine/EngineMaterials/Substrate/Glints2/dict_0005_0024" 10212
"/Engine/EngineMaterials/Substrate/Glints2/dict_0005_0005" 10213
"/Engine/EngineMaterials/Substrate/Glints2/dict_0005_0004" 10214
"/Engine/EngineMaterials/Substrate/Glints2/dict_0005_0003" 10215
"/Engine/EngineMaterials/Substrate/Glints2/dict_0005_0022" 10216
"/Engine/EngineMaterials/Substrate/Glints2/dict_0005_0001" 10217
"/Engine/EngineMaterials/Substrate/Glints2/dict_0005_0021" 10218
"/Engine/EngineMaterials/Substrate/Glints2/dict_0005_0020" 10219
"../../../Engine/Content/EngineMaterials/Substrate/Glints2/dict_0005_0035.uasset" 10220
"../../../Engine/Content/EngineMaterials/Substrate/Glints2/dict_0005_0034.uasset" 10221
"../../../Engine/Content/EngineMaterials/Substrate/Glints2/dict_0005_0041.uasset" 10222
"../../../Engine/Content/EngineMaterials/Substrate/Glints2/dict_0005_0042.uasset" 10223
"../../../Engine/Content/EngineMaterials/Substrate/Glints2/dict_0005_0043.uasset" 10224
"../../../Engine/Content/EngineMaterials/Substrate/Glints2/dict_0005_0037.uasset" 10225
"../../../Engine/Content/EngineMaterials/Substrate/Glints2/dict_0005_0047.uasset" 10226
"../../../Engine/Content/EngineMaterials/Substrate/Glints2/dict_0005_0039.uasset" 10227
"../../../Engine/Content/EngineMaterials/Substrate/Glints2/dict_0005_0040.uasset" 10228
"../../../Engine/Content/EngineMaterials/Substrate/Glints2/dict_0005_0038.uasset" 10229
"../../../Engine/Content/EngineMaterials/Substrate/Glints2/dict_0005_0036.uasset" 10230
"../../../Engine/Content/EngineMaterials/Substrate/Glints2/dict_0005_0044.uasset" 10231
"../../../Engine/Content/EngineMaterials/Substrate/Glints2/dict_0005_0046.uasset" 10232
"../../../Engine/Content/EngineMaterials/Substrate/Glints2/dict_0005_0049.uasset" 10233
"../../../Engine/Content/EngineMaterials/Substrate/Glints2/dict_0005_0050.uasset" 10234
"../../../Engine/Content/EngineMaterials/Substrate/Glints2/dict_0005_0045.uasset" 10235
"../../../Engine/Content/EngineMaterials/Substrate/Glints2/dict_0005_0053.uasset" 10236
"../../../Engine/Content/EngineMaterials/Substrate/Glints2/dict_0005_0054.uasset" 10237
"../../../Engine/Content/EngineMaterials/Substrate/Glints2/dict_0005_0055.uasset" 10238
"../../../Engine/Content/EngineMaterials/Substrate/Glints2/dict_0005_0056.uasset" 10239
"/Engine/EngineMaterials/Substrate/Glints2/dict_0005_0033" 10240
"../../../Engine/Content/EngineMaterials/Substrate/Glints2/dict_0005_0051.uasset" 10241
"../../../Engine/Content/EngineMaterials/Substrate/Glints2/dict_0005_0048.uasset" 10242
"../../../Engine/Content/EngineMaterials/Substrate/Glints2/dict_0005_0052.uasset" 10243
"/Engine/EngineMaterials/Substrate/Glints2/dict_0005_0032" 10244
"/Engine/EngineMaterials/Substrate/Glints2/dict_0005_0031" 10245
"/Engine/EngineMaterials/Substrate/Glints2/dict_0005_0030" 10246
"/Engine/EngineMaterials/Substrate/Glints2/dict_0005_0029" 10247
"/Engine/EngineMaterials/Substrate/Glints2/dict_0005_0028" 10248
"/Engine/EngineMaterials/Substrate/Glints2/dict_0005_0027" 10249
"/Engine/EngineMaterials/Substrate/Glints2/dict_0005_0043" 10250
"/Engine/EngineMaterials/Substrate/Glints2/dict_0005_0042" 10251
"/Engine/EngineMaterials/Substrate/Glints2/dict_0005_0025" 10252
"/Engine/EngineMaterials/Substrate/Glints2/dict_0005_0041" 10253
"/Engine/EngineMaterials/Substrate/Glints2/dict_0005_0023" 10254
"/Engine/EngineMaterials/Substrate/Glints2/dict_0005_0039" 10255
"/Engine/EngineMaterials/Substrate/Glints2/dict_0005_0038" 10256
"/Engine/EngineMaterials/Substrate/Glints2/dict_0005_0037" 10257
"/Engine/EngineMaterials/Substrate/Glints2/dict_0005_0035" 10258
"/Engine/EngineMaterials/Substrate/Glints2/dict_0005_0034" 10259
"../../../Engine/Content/EngineMaterials/Substrate/Glints2/dict_0005_0057.uasset" 10260
"../../../Engine/Content/EngineMaterials/Substrate/Glints2/dict_0005_0062.uasset" 10261
"../../../Engine/Content/EngineMaterials/Substrate/Glints2/dict_0005_0060.uasset" 10262
"../../../Engine/Content/EngineMaterials/Substrate/Glints2/dict_0005_0059.uasset" 10263
"../../../Engine/Content/EngineMaterials/Substrate/Glints2/dict_0005_0064.uasset" 10264
"../../../Engine/Content/EngineMaterials/Substrate/Glints2/dict_0005_0067.uasset" 10265
"../../../Engine/Content/EngineMaterials/Substrate/Glints2/dict_0005_0061.uasset" 10266
"../../../Engine/Content/EngineMaterials/Substrate/Glints2/dict_0005_0063.uasset" 10267
"../../../Engine/Content/EngineMaterials/Substrate/Glints2/dict_0005_0071.uasset" 10268
"../../../Engine/Content/EngineMaterials/Substrate/Glints2/dict_0005_0058.uasset" 10269
"../../../Engine/Content/EngineMaterials/Substrate/Glints2/dict_0005_0072.uasset" 10270
"../../../Engine/Content/EngineMaterials/Substrate/Glints2/dict_0005_0069.uasset" 10271
"../../../Engine/Content/EngineMaterials/Substrate/Glints2/dict_0005_0073.uasset" 10272
"../../../Engine/Content/EngineMaterials/Substrate/Glints2/dict_0005_0068.uasset" 10273
"../../../Engine/Content/EngineMaterials/Substrate/Glints2/dict_0005_0065.uasset" 10274
"../../../Engine/Content/EngineMaterials/Substrate/Glints2/dict_0005_0070.uasset" 10275
"../../../Engine/Content/EngineMaterials/Substrate/Glints2/dict_0005_0066.uasset" 10276
"/Engine/EngineMaterials/Substrate/Glints2/dict_0005_0056" 10277
"/Engine/EngineMaterials/Substrate/Glints2/dict_0005_0055" 10278
"/Engine/EngineMaterials/Substrate/Glints2/dict_0005_0054" 10279
"/Engine/EngineMaterials/Substrate/Glints2/dict_0005_0053" 10280
"/Engine/EngineMaterials/Substrate/Glints2/dict_0005_0052" 10281
"/Engine/EngineMaterials/Substrate/Glints2/dict_0005_0051" 10282
"/Engine/EngineMaterials/Substrate/Glints2/dict_0005_0050" 10283
"/Engine/EngineMaterials/Substrate/Glints2/dict_0005_0049" 10284
"/Engine/EngineMaterials/Substrate/Glints2/dict_0005_0048" 10285
"/Engine/EngineMaterials/Substrate/Glints2/dict_0005_0047" 10286
"/Engine/EngineMaterials/Substrate/Glints2/dict_0005_0046" 10287
"/Engine/EngineMaterials/Substrate/Glints2/dict_0005_0045" 10288
"/Engine/EngineMaterials/Substrate/Glints2/dict_0005_0044" 10289
"/Engine/EngineMaterials/Substrate/Glints2/dict_0005_0040" 10290
"/Engine/EngineMaterials/Substrate/Glints2/dict_0005_0062" 10291
"/Engine/EngineMaterials/Substrate/Glints2/dict_0005_0060" 10292
"/Engine/EngineMaterials/Substrate/Glints2/dict_0005_0059" 10293
"/Engine/EngineMaterials/Substrate/Glints2/dict_0005_0036" 10294
"/Engine/EngineMaterials/Substrate/Glints2/dict_0005_0057" 10295
"../../../Engine/Content/EngineMaterials/Substrate/Glints2/dict_0005_0074.uasset" 10296
"../../../Engine/Content/EngineMaterials/Substrate/Glints2/dict_0005_0075.uasset" 10297
"../../../Engine/Content/EngineMaterials/Substrate/Glints2/dict_0005_0077.uasset" 10298
"../../../Engine/Content/EngineMaterials/Substrate/Glints2/dict_0005_0078.uasset" 10299
"../../../Engine/Content/EngineMaterials/Substrate/Glints2/dict_0005_0081.uasset" 10300
"../../../Engine/Content/EngineMaterials/Substrate/Glints2/dict_0005_0080.uasset" 10301
"../../../Engine/Content/EngineMaterials/Substrate/Glints2/dict_0005_0083.uasset" 10302
"../../../Engine/Content/EngineMaterials/Substrate/Glints2/dict_0005_0082.uasset" 10303
"../../../Engine/Content/EngineMaterials/Substrate/Glints2/dict_0005_0076.uasset" 10304
"../../../Engine/Content/EngineMaterials/Substrate/Glints2/dict_0005_0086.uasset" 10305
"../../../Engine/Content/EngineMaterials/Substrate/Glints2/dict_0005_0084.uasset" 10306
"../../../Engine/Content/EngineMaterials/Substrate/Glints2/dict_0005_0085.uasset" 10307
"../../../Engine/Content/EngineMaterials/Substrate/Glints2/dict_0005_0087.uasset" 10308
"../../../Engine/Content/EngineMaterials/Substrate/Glints2/dict_0005_0088.uasset" 10309
"../../../Engine/Content/EngineMaterials/Substrate/Glints2/dict_0005_0090.uasset" 10310
"../../../Engine/Content/EngineMaterials/Substrate/Glints2/dict_0005_0089.uasset" 10311
"../../../Engine/Content/EngineMaterials/Substrate/Glints2/dict_0005_0092.uasset" 10312
"../../../Engine/Content/EngineMaterials/Substrate/Glints2/dict_0005_0091.uasset" 10313
"../../../Engine/Content/EngineMaterials/Substrate/Glints2/dict_0005_0079.uasset" 10314
"/Engine/EngineMaterials/Substrate/Glints2/dict_0005_0073" 10315
"/Engine/EngineMaterials/Substrate/Glints2/dict_0005_0072" 10316
"/Engine/EngineMaterials/Substrate/Glints2/dict_0005_0071" 10317
"/Engine/EngineMaterials/Substrate/Glints2/dict_0005_0070" 10318
"/Engine/EngineMaterials/Substrate/Glints2/dict_0005_0069" 10319
"/Engine/EngineMaterials/Substrate/Glints2/dict_0005_0068" 10320
"/Engine/EngineMaterials/Substrate/Glints2/dict_0005_0067" 10321
"/Engine/EngineMaterials/Substrate/Glints2/dict_0005_0066" 10322
"/Engine/EngineMaterials/Substrate/Glints2/dict_0005_0065" 10323
"/Engine/EngineMaterials/Substrate/Glints2/dict_0005_0064" 10324
"/Engine/EngineMaterials/Substrate/Glints2/dict_0005_0063" 10325
"/Engine/EngineMaterials/Substrate/Glints2/dict_0005_0078" 10326
"/Engine/EngineMaterials/Substrate/Glints2/dict_0005_0061" 10327
"/Engine/EngineMaterials/Substrate/Glints2/dict_0005_0076" 10328
"/Engine/EngineMaterials/Substrate/Glints2/dict_0005_0075" 10329
"/Engine/EngineMaterials/Substrate/Glints2/dict_0005_0058" 10330
"/Engine/EngineMaterials/Substrate/Glints2/dict_0005_0074" 10331
"../../../Engine/Content/EngineMaterials/Substrate/Glints2/dict_0005_0093.uasset" 10332
"../../../Engine/Content/EngineMaterials/Substrate/Glints2/dict_0005_0095.uasset" 10333
"../../../Engine/Content/EngineMaterials/Substrate/Glints2/dict_0005_0094.uasset" 10334
"../../../Engine/Content/EngineMaterials/Substrate/Glints2/dict_0005_0099.uasset" 10335
"../../../Engine/Content/EngineMaterials/Substrate/Glints2/dict_0005_0100.uasset" 10336
"../../../Engine/Content/EngineMaterials/Substrate/Glints2/dict_0005_0101.uasset" 10337
"../../../Engine/Content/EngineMaterials/Substrate/Glints2/dict_0005_0103.uasset" 10338
"../../../Engine/Content/EngineMaterials/Substrate/Glints2/dict_0005_0097.uasset" 10339
"../../../Engine/Content/EngineMaterials/Substrate/Glints2/dict_0005_0096.uasset" 10340
"../../../Engine/Content/EngineMaterials/Substrate/Glints2/dict_0005_0107.uasset" 10341
"../../../Engine/Content/EngineMaterials/Substrate/Glints2/dict_0005_0102.uasset" 10342
"../../../Engine/Content/EngineMaterials/Substrate/Glints2/dict_0005_0109.uasset" 10343
"../../../Engine/Content/EngineMaterials/Substrate/Glints2/dict_0005_0105.uasset" 10344
"../../../Engine/Content/EngineMaterials/Substrate/Glints2/dict_0005_0106.uasset" 10345
"../../../Engine/Content/EngineMaterials/Substrate/Glints2/dict_0005_0104.uasset" 10346
"../../../Engine/Content/EngineMaterials/Substrate/Glints2/dict_0005_0098.uasset" 10347
"/Engine/EngineMaterials/Substrate/Glints2/dict_0005_0092" 10348
"../../../Engine/Content/EngineMaterials/Substrate/Glints2/dict_0005_0108.uasset" 10349
"/Engine/EngineMaterials/Substrate/Glints2/dict_0005_0091" 10350
"/Engine/EngineMaterials/Substrate/Glints2/dict_0005_0090" 10351
"/Engine/EngineMaterials/Substrate/Glints2/dict_0005_0089" 10352
"/Engine/EngineMaterials/Substrate/Glints2/dict_0005_0088" 10353
"/Engine/EngineMaterials/Substrate/Glints2/dict_0005_0087" 10354
"/Engine/EngineMaterials/Substrate/Glints2/dict_0005_0086" 10355
"/Engine/EngineMaterials/Substrate/Glints2/dict_0005_0085" 10356
"/Engine/EngineMaterials/Substrate/Glints2/dict_0005_0084" 10357
"/Engine/EngineMaterials/Substrate/Glints2/dict_0005_0083" 10358
"/Engine/EngineMaterials/Substrate/Glints2/dict_0005_0082" 10359
"/Engine/EngineMaterials/Substrate/Glints2/dict_0005_0081" 10360
"/Engine/EngineMaterials/Substrate/Glints2/dict_0005_0080" 10361
"/Engine/EngineMaterials/Substrate/Glints2/dict_0005_0101" 10362
"/Engine/EngineMaterials/Substrate/Glints2/dict_0005_0100" 10363
"/Engine/EngineMaterials/Substrate/Glints2/dict_0005_0099" 10364
"/Engine/EngineMaterials/Substrate/Glints2/dict_0005_0079" 10365
"/Engine/EngineMaterials/Substrate/Glints2/dict_0005_0097" 10366
"/Engine/EngineMaterials/Substrate/Glints2/dict_0005_0077" 10367
"/Engine/EngineMaterials/Substrate/Glints2/dict_0005_0095" 10368
"/Engine/EngineMaterials/Substrate/Glints2/dict_0005_0094" 10369
"/Engine/EngineMaterials/Substrate/Glints2/dict_0005_0093" 10370
"../../../Engine/Content/EngineMaterials/Substrate/Glints2/dict_0005_0111.uasset" 10371
"../../../Engine/Content/EngineMaterials/Substrate/Glints2/dict_0005_0113.uasset" 10372
"../../../Engine/Content/EngineMaterials/Substrate/Glints2/dict_0005_0112.uasset" 10373
"../../../Engine/Content/EngineMaterials/Substrate/Glints2/dict_0005_0115.uasset" 10374
"../../../Engine/Content/EngineMaterials/Substrate/Glints2/dict_0005_0110.uasset" 10375
"../../../Engine/Content/EngineMaterials/Substrate/Glints2/dict_0005_0114.uasset" 10376
"../../../Engine/Content/EngineMaterials/Substrate/Glints2/dict_0005_0123.uasset" 10377
"../../../Engine/Content/EngineMaterials/Substrate/Glints2/dict_0005_0119.uasset" 10378
"/Engine/EngineMaterials/Substrate/Glints2/dict_0005_0109" 10379
"../../../Engine/Content/EngineMaterials/Substrate/Glints2/dict_0005_0118.uasset" 10380
"../../../Engine/Content/EngineMaterials/Substrate/Glints2/dict_0005_0116.uasset" 10381
"../../../Engine/Content/EngineMaterials/Substrate/Glints2/dict_0005_0124.uasset" 10382
"../../../Engine/Content/EngineMaterials/Substrate/Glints2/dict_0005_0125.uasset" 10383
"../../../Engine/Content/EngineMaterials/Substrate/Glints2/dict_0005_0128.uasset" 10384
"../../../Engine/Content/EngineMaterials/Substrate/Glints2/dict_0005_0129.uasset" 10385
"../../../Engine/Content/EngineMaterials/Substrate/Glints2/dict_0005_0117.uasset" 10386
"../../../Engine/Content/EngineMaterials/Substrate/Glints2/dict_0005_0126.uasset" 10387
"../../../Engine/Content/EngineMaterials/Substrate/Glints2/dict_0005_0120.uasset" 10388
"../../../Engine/Content/EngineMaterials/Substrate/Glints2/dict_0005_0130.uasset" 10389
"../../../Engine/Content/EngineMaterials/Substrate/Glints2/dict_0005_0131.uasset" 10390
"../../../Engine/Content/EngineMaterials/Substrate/Glints2/dict_0005_0122.uasset" 10391
"../../../Engine/Content/EngineMaterials/Substrate/Glints2/dict_0005_0121.uasset" 10392
"../../../Engine/Content/EngineMaterials/Substrate/Glints2/dict_0005_0127.uasset" 10393
"/Engine/EngineMaterials/Substrate/Glints2/dict_0005_0108" 10394
"/Engine/EngineMaterials/Substrate/Glints2/dict_0005_0107" 10395
"/Engine/EngineMaterials/Substrate/Glints2/dict_0005_0106" 10396
"/Engine/EngineMaterials/Substrate/Glints2/dict_0005_0105" 10397
"/Engine/EngineMaterials/Substrate/Glints2/dict_0005_0104" 10398
"/Engine/EngineMaterials/Substrate/Glints2/dict_0005_0103" 10399
"/Engine/EngineMaterials/Substrate/Glints2/dict_0005_0102" 10400
"/Engine/EngineMaterials/Substrate/Glints2/dict_0005_0098" 10401
"/Engine/EngineMaterials/Substrate/Glints2/dict_0005_0096" 10402
"../../../Engine/Content/EngineMaterials/Substrate/Glints2/dict_0005_0132.uasset" 10403
"../../../Engine/Content/EngineMaterials/Substrate/Glints2/dict_0005_0133.uasset" 10404
"../../../Engine/Content/EngineMaterials/Substrate/Glints2/dict_0005_0134.uasset" 10405
"../../../Engine/Content/EngineMaterials/Substrate/Glints2/dict_0005_0136.uasset" 10406
"../../../Engine/Content/EngineMaterials/Substrate/Glints2/dict_0005_0135.uasset" 10407
"../../../Engine/Content/EngineMaterials/Substrate/Glints2/dict_0005_0137.uasset" 10408
"../../../Engine/Content/EngineMaterials/Substrate/Glints2/dict_0005_0140.uasset" 10409
"../../../Engine/Content/EngineMaterials/Substrate/Glints2/dict_0005_0139.uasset" 10410
"../../../Engine/Content/EngineMaterials/Substrate/Glints2/dict_0005_0138.uasset" 10411
"../../../Engine/Content/EngineMaterials/Substrate/Glints2/dict_0005_0141.uasset" 10412
"/Engine/EngineMaterials/Substrate/Glints2/dict_0005_0131" 10413
"/Engine/EngineMaterials/Substrate/Glints2/dict_0005_0130" 10414
"/Engine/EngineMaterials/Substrate/Glints2/dict_0005_0129" 10415
"/Engine/EngineMaterials/Substrate/Glints2/dict_0005_0128" 10416
"/Engine/EngineMaterials/Substrate/Glints2/dict_0005_0127" 10417
"/Engine/EngineMaterials/Substrate/Glints2/dict_0005_0126" 10418
"/Engine/EngineMaterials/Substrate/Glints2/dict_0005_0125" 10419
"/Engine/EngineMaterials/Substrate/Glints2/dict_0005_0124" 10420
"/Engine/EngineMaterials/Substrate/Glints2/dict_0005_0123" 10421
"/Engine/EngineMaterials/Substrate/Glints2/dict_0005_0122" 10422
"/Engine/EngineMaterials/Substrate/Glints2/dict_0005_0121" 10423
"/Engine/EngineMaterials/Substrate/Glints2/dict_0005_0120" 10424
"/Engine/EngineMaterials/Substrate/Glints2/dict_0005_0119" 10425
"/Engine/EngineMaterials/Substrate/Glints2/dict_0005_0118" 10426
"/Engine/EngineMaterials/Substrate/Glints2/dict_0005_0117" 10427
"/Engine/EngineMaterials/Substrate/Glints2/dict_0005_0116" 10428
"/Engine/EngineMaterials/Substrate/Glints2/dict_0005_0115" 10429
"/Engine/EngineMaterials/Substrate/Glints2/dict_0005_0133" 10430
"/Engine/EngineMaterials/Substrate/Glints2/dict_0005_0114" 10431
"/Engine/EngineMaterials/Substrate/Glints2/dict_0005_0113" 10432
"/Engine/EngineMaterials/Substrate/Glints2/dict_0005_0132" 10433
"/Engine/EngineMaterials/Substrate/Glints2/dict_0005_0112" 10434
"/Engine/EngineMaterials/Substrate/Glints2/dict_0005_0111" 10435
"/Engine/EngineMaterials/Substrate/Glints2/dict_0005_0110" 10436
"../../../Engine/Content/EngineMaterials/Substrate/Glints2/dict_0005_0144.uasset" 10437
"../../../Engine/Content/EngineMaterials/Substrate/Glints2/dict_0005_0142.uasset" 10438
"../../../Engine/Content/EngineMaterials/Substrate/Glints2/dict_0005_0147.uasset" 10439
"../../../Engine/Content/EngineMaterials/Substrate/Glints2/dict_0005_0153.uasset" 10440
"../../../Engine/Content/EngineMaterials/Substrate/Glints2/dict_0005_0155.uasset" 10441
"../../../Engine/Content/EngineMaterials/Substrate/Glints2/dict_0005_0154.uasset" 10442
"../../../Engine/Content/EngineMaterials/Substrate/Glints2/dict_0005_0149.uasset" 10443
"../../../Engine/Content/EngineMaterials/Substrate/Glints2/dict_0005_0145.uasset" 10444
"../../../Engine/Content/EngineMaterials/Substrate/Glints2/dict_0005_0143.uasset" 10445
"../../../Engine/Content/EngineMaterials/Substrate/Glints2/dict_0005_0156.uasset" 10446
"../../../Engine/Content/EngineMaterials/Substrate/Glints2/dict_0005_0146.uasset" 10447
"../../../Engine/Content/EngineMaterials/Substrate/Glints2/dict_0005_0151.uasset" 10448
"../../../Engine/Content/EngineMaterials/Substrate/Glints2/dict_0005_0157.uasset" 10449
"../../../Engine/Content/EngineMaterials/Substrate/Glints2/dict_0005_0159.uasset" 10450
"../../../Engine/Content/EngineMaterials/Substrate/Glints2/dict_0005_0152.uasset" 10451
"../../../Engine/Content/EngineMaterials/Substrate/Glints2/dict_0005_0160.uasset" 10452
"../../../Engine/Content/EngineMaterials/Substrate/Glints2/dict_0005_0150.uasset" 10453
"../../../Engine/Content/EngineMaterials/Substrate/Glints2/dict_0005_0163.uasset" 10454
"../../../Engine/Content/EngineMaterials/Substrate/Glints2/dict_0005_0164.uasset" 10455
"../../../Engine/Content/EngineMaterials/Substrate/Glints2/dict_0005_0165.uasset" 10456
"../../../Engine/Content/EngineMaterials/Substrate/Glints2/dict_0005_0148.uasset" 10457
"../../../Engine/Content/EngineMaterials/Substrate/Glints2/dict_0005_0161.uasset" 10458
"../../../Engine/Content/EngineMaterials/Substrate/Glints2/dict_0005_0162.uasset" 10459
"../../../Engine/Content/EngineMaterials/Substrate/Glints2/dict_0005_0158.uasset" 10460
"/Engine/EngineMaterials/Substrate/Glints2/dict_0005_0141" 10461
"/Engine/EngineMaterials/Substrate/Glints2/dict_0005_0140" 10462
"/Engine/EngineMaterials/Substrate/Glints2/dict_0005_0139" 10463
"/Engine/EngineMaterials/Substrate/Glints2/dict_0005_0138" 10464
"/Engine/EngineMaterials/Substrate/Glints2/dict_0005_0137" 10465
"/Engine/EngineMaterials/Substrate/Glints2/dict_0005_0136" 10466
"/Engine/EngineMaterials/Substrate/Glints2/dict_0005_0135" 10467
"/Engine/EngineMaterials/Substrate/Glints2/dict_0005_0134" 10468
"/Engine/EngineMaterials/Substrate/Glints2/dict_0005_0147" 10469
"/Engine/EngineMaterials/Substrate/Glints2/dict_0005_0144" 10470
"/Engine/EngineMaterials/Substrate/Glints2/dict_0005_0142" 10471
"../../../Engine/Content/EngineMaterials/Substrate/Glints2/dict_0005_0167.uasset" 10472
"../../../Engine/Content/EngineMaterials/Substrate/Glints2/dict_0005_0168.uasset" 10473
"../../../Engine/Content/EngineMaterials/Substrate/Glints2/dict_0005_0169.uasset" 10474
"../../../Engine/Content/EngineMaterials/Substrate/Glints2/dict_0005_0166.uasset" 10475
"../../../Engine/Content/EngineMaterials/Substrate/Glints2/dict_0005_0175.uasset" 10476
"../../../Engine/Content/EngineMaterials/Substrate/Glints2/dict_0005_0174.uasset" 10477
"../../../Engine/Content/EngineMaterials/Substrate/Glints2/dict_0005_0173.uasset" 10478
"../../../Engine/Content/EngineMaterials/Substrate/Glints2/dict_0005_0176.uasset" 10479
"../../../Engine/Content/EngineMaterials/Substrate/Glints2/dict_0005_0170.uasset" 10480
"../../../Engine/Content/EngineMaterials/Substrate/Glints2/dict_0005_0172.uasset" 10481
"../../../Engine/Content/EngineMaterials/Substrate/Glints2/dict_0005_0171.uasset" 10482
"/Engine/EngineMaterials/Substrate/Glints2/dict_0005_0165" 10483
"/Engine/EngineMaterials/Substrate/Glints2/dict_0005_0164" 10484
"/Engine/EngineMaterials/Substrate/Glints2/dict_0005_0163" 10485
"/Engine/EngineMaterials/Substrate/Glints2/dict_0005_0162" 10486
"/Engine/EngineMaterials/Substrate/Glints2/dict_0005_0161" 10487
"/Engine/EngineMaterials/Substrate/Glints2/dict_0005_0160" 10488
"/Engine/EngineMaterials/Substrate/Glints2/dict_0005_0159" 10489
"/Engine/EngineMaterials/Substrate/Glints2/dict_0005_0158" 10490
"/Engine/EngineMaterials/Substrate/Glints2/dict_0005_0157" 10491
"/Engine/EngineMaterials/Substrate/Glints2/dict_0005_0156" 10492
"/Engine/EngineMaterials/Substrate/Glints2/dict_0005_0155" 10493
"/Engine/EngineMaterials/Substrate/Glints2/dict_0005_0154" 10494
"/Engine/EngineMaterials/Substrate/Glints2/dict_0005_0153" 10495
"/Engine/EngineMaterials/Substrate/Glints2/dict_0005_0152" 10496
"/Engine/EngineMaterials/Substrate/Glints2/dict_0005_0151" 10497
"/Engine/EngineMaterials/Substrate/Glints2/dict_0005_0150" 10498
"/Engine/EngineMaterials/Substrate/Glints2/dict_0005_0149" 10499
"/Engine/EngineMaterials/Substrate/Glints2/dict_0005_0148" 10500
"/Engine/EngineMaterials/Substrate/Glints2/dict_0005_0168" 10501
"/Engine/EngineMaterials/Substrate/Glints2/dict_0005_0146" 10502
"/Engine/EngineMaterials/Substrate/Glints2/dict_0005_0145" 10503
"/Engine/EngineMaterials/Substrate/Glints2/dict_0005_0167" 10504
"/Engine/EngineMaterials/Substrate/Glints2/dict_0005_0143" 10505
"/Engine/EngineMaterials/Substrate/Glints2/dict_0005_0166" 10506
"../../../Engine/Content/EngineMaterials/Substrate/Glints2/dict_0005_0177.uasset" 10507
"../../../Engine/Content/EngineMaterials/Substrate/Glints2/dict_0005_0180.uasset" 10508
"../../../Engine/Content/EngineMaterials/Substrate/Glints2/dict_0005_0181.uasset" 10509
"../../../Engine/Content/EngineMaterials/Substrate/Glints2/dict_0005_0184.uasset" 10510
"../../../Engine/Content/EngineMaterials/Substrate/Glints2/dict_0005_0186.uasset" 10511
"../../../Engine/Content/EngineMaterials/Substrate/Glints2/dict_0005_0188.uasset" 10512
"../../../Engine/Content/EngineMaterials/Substrate/Glints2/dict_0005_0190.uasset" 10513
"../../../Engine/Content/EngineMaterials/Substrate/Glints2/dict_0005_0189.uasset" 10514
"../../../Engine/Content/EngineMaterials/Substrate/Glints2/dict_0005_0179.uasset" 10515
"../../../Engine/Content/EngineMaterials/Substrate/Glints2/dict_0005_0187.uasset" 10516
"../../../Engine/Content/EngineMaterials/Substrate/Glints2/dict_0005_0191.uasset" 10517
"../../../Engine/Content/EngineMaterials/Substrate/Glints2/dict_0005_0182.uasset" 10518
"../../../Engine/Content/EngineMaterials/Substrate/Glints2/dict_0005_0193.uasset" 10519
"/Engine/EngineMaterials/Substrate/Glints2/dict_0005_0176" 10520
"../../../Engine/Content/EngineMaterials/Substrate/Glints2/dict_0005_0194.uasset" 10521
"../../../Engine/Content/EngineMaterials/Substrate/Glints2/dict_0005_0178.uasset" 10522
"../../../Engine/Content/EngineMaterials/Substrate/Glints2/dict_0005_0197.uasset" 10523
"../../../Engine/Content/EngineMaterials/Substrate/Glints2/dict_0005_0192.uasset" 10524
"../../../Engine/Content/EngineMaterials/Substrate/Glints2/dict_0005_0198.uasset" 10525
"../../../Engine/Content/EngineMaterials/Substrate/Glints2/dict_0005_0183.uasset" 10526
"../../../Engine/Content/EngineMaterials/Substrate/Glints2/dict_0005_0195.uasset" 10527
"../../../Engine/Content/EngineMaterials/Substrate/Glints2/dict_0005_0196.uasset" 10528
"../../../Engine/Content/EngineMaterials/Substrate/Glints2/dict_0005_0185.uasset" 10529
"../../../Engine/Content/EngineMaterials/Substrate/Glints2/dict_0005_0199.uasset" 10530
"../../../Engine/Content/EngineMaterials/Substrate/Glints2/dict_0005_0200.uasset" 10531
"/Engine/EngineMaterials/Substrate/Glints2/dict_0005_0175" 10532
"/Engine/EngineMaterials/Substrate/Glints2/dict_0005_0174" 10533
"/Engine/EngineMaterials/Substrate/Glints2/dict_0005_0173" 10534
"/Engine/EngineMaterials/Substrate/Glints2/dict_0005_0172" 10535
"/Engine/EngineMaterials/Substrate/Glints2/dict_0005_0171" 10536
"/Engine/EngineMaterials/Substrate/Glints2/dict_0005_0170" 10537
"/Engine/EngineMaterials/Substrate/Glints2/dict_0005_0169" 10538
"/Engine/EngineMaterials/Substrate/Glints2/dict_0005_0181" 10539
"/Engine/EngineMaterials/Substrate/Glints2/dict_0005_0180" 10540
"/Engine/EngineMaterials/Substrate/Glints2/dict_0005_0177" 10541
"../../../Engine/Content/EngineMaterials/Substrate/Glints2/dict_0005_0201.uasset" 10542
"../../../Engine/Content/EngineMaterials/Substrate/Glints2/dict_0005_0202.uasset" 10543
"../../../Engine/Content/EngineMaterials/Substrate/Glints2/dict_0005_0203.uasset" 10544
"../../../Engine/Content/EngineMaterials/Substrate/Glints2/dict_0005_0208.uasset" 10545
"../../../Engine/Content/EngineMaterials/Substrate/Glints2/dict_0005_0206.uasset" 10546
"../../../Engine/Content/EngineMaterials/Substrate/Glints2/dict_0005_0209.uasset" 10547
"../../../Engine/Content/EngineMaterials/Substrate/Glints2/dict_0005_0207.uasset" 10548
"../../../Engine/Content/EngineMaterials/Substrate/Glints2/dict_0005_0204.uasset" 10549
"../../../Engine/Content/EngineMaterials/Substrate/Glints2/dict_0005_0210.uasset" 10550
"../../../Engine/Content/EngineMaterials/Substrate/Glints2/dict_0005_0205.uasset" 10551
"../../../Engine/Content/EngineMaterials/Substrate/Glints2/dict_0005_0211.uasset" 10552
"/Engine/EngineMaterials/Substrate/Glints2/dict_0005_0200" 10553
"/Engine/EngineMaterials/Substrate/Glints2/dict_0005_0199" 10554
"/Engine/EngineMaterials/Substrate/Glints2/dict_0005_0198" 10555
"/Engine/EngineMaterials/Substrate/Glints2/dict_0005_0197" 10556
"/Engine/EngineMaterials/Substrate/Glints2/dict_0005_0196" 10557
"/Engine/EngineMaterials/Substrate/Glints2/dict_0005_0195" 10558
"/Engine/EngineMaterials/Substrate/Glints2/dict_0005_0194" 10559
"/Engine/EngineMaterials/Substrate/Glints2/dict_0005_0193" 10560
"/Engine/EngineMaterials/Substrate/Glints2/dict_0005_0192" 10561
"/Engine/EngineMaterials/Substrate/Glints2/dict_0005_0191" 10562
"/Engine/EngineMaterials/Substrate/Glints2/dict_0005_0190" 10563
"/Engine/EngineMaterials/Substrate/Glints2/dict_0005_0189" 10564
"/Engine/EngineMaterials/Substrate/Glints2/dict_0005_0188" 10565
"/Engine/EngineMaterials/Substrate/Glints2/dict_0005_0187" 10566
"/Engine/EngineMaterials/Substrate/Glints2/dict_0005_0186" 10567
"/Engine/EngineMaterials/Substrate/Glints2/dict_0005_0185" 10568
"/Engine/EngineMaterials/Substrate/Glints2/dict_0005_0184" 10569
"/Engine/EngineMaterials/Substrate/Glints2/dict_0005_0183" 10570
"/Engine/EngineMaterials/Substrate/Glints2/dict_0005_0182" 10571
"/Engine/EngineMaterials/Substrate/Glints2/dict_0005_0203" 10572
"/Engine/EngineMaterials/Substrate/Glints2/dict_0005_0202" 10573
"/Engine/EngineMaterials/Substrate/Glints2/dict_0005_0179" 10574
"/Engine/EngineMaterials/Substrate/Glints2/dict_0005_0178" 10575
"/Engine/EngineMaterials/Substrate/Glints2/dict_0005_0201" 10576
"../../../Engine/Content/EngineMaterials/Substrate/Glints2/dict_0005_0214.uasset" 10577
"../../../Engine/Content/EngineMaterials/Substrate/Glints2/dict_0005_0213.uasset" 10578
"../../../Engine/Content/EngineMaterials/Substrate/Glints2/dict_0005_0212.uasset" 10579
"../../../Engine/Content/EngineMaterials/Substrate/Glints2/dict_0005_0217.uasset" 10580
"../../../Engine/Content/EngineMaterials/Substrate/Glints2/dict_0005_0218.uasset" 10581
"../../../Engine/Content/EngineMaterials/Substrate/Glints2/dict_0005_0219.uasset" 10582
"../../../Engine/Content/EngineMaterials/Substrate/Glints2/dict_0005_0215.uasset" 10583
"../../../Engine/Content/EngineMaterials/Substrate/Glints2/dict_0005_0220.uasset" 10584
"../../../Engine/Content/EngineMaterials/Substrate/Glints2/dict_0005_0222.uasset" 10585
"../../../Engine/Content/EngineMaterials/Substrate/Glints2/dict_0005_0225.uasset" 10586
"../../../Engine/Content/EngineMaterials/Substrate/Glints2/dict_0005_0223.uasset" 10587
"../../../Engine/Content/EngineMaterials/Substrate/Glints2/dict_0005_0221.uasset" 10588
"../../../Engine/Content/EngineMaterials/Substrate/Glints2/dict_0005_0226.uasset" 10589
"../../../Engine/Content/EngineMaterials/Substrate/Glints2/dict_0005_0224.uasset" 10590
"../../../Engine/Content/EngineMaterials/Substrate/Glints2/dict_0005_0228.uasset" 10591
"../../../Engine/Content/EngineMaterials/Substrate/Glints2/dict_0005_0230.uasset" 10592
"../../../Engine/Content/EngineMaterials/Substrate/Glints2/dict_0005_0229.uasset" 10593
"../../../Engine/Content/EngineMaterials/Substrate/Glints2/dict_0005_0232.uasset" 10594
"../../../Engine/Content/EngineMaterials/Substrate/Glints2/dict_0005_0233.uasset" 10595
"../../../Engine/Content/EngineMaterials/Substrate/Glints2/dict_0005_0227.uasset" 10596
"/Engine/EngineMaterials/Substrate/Glints2/dict_0005_0211" 10597
"../../../Engine/Content/EngineMaterials/Substrate/Glints2/dict_0005_0216.uasset" 10598
"../../../Engine/Content/EngineMaterials/Substrate/Glints2/dict_0005_0234.uasset" 10599
"../../../Engine/Content/EngineMaterials/Substrate/Glints2/dict_0005_0231.uasset" 10600
"../../../Engine/Content/EngineMaterials/Substrate/Glints2/dict_0005_0235.uasset" 10601
"/Engine/EngineMaterials/Substrate/Glints2/dict_0005_0210" 10602
"/Engine/EngineMaterials/Substrate/Glints2/dict_0005_0209" 10603
"/Engine/EngineMaterials/Substrate/Glints2/dict_0005_0208" 10604
"/Engine/EngineMaterials/Substrate/Glints2/dict_0005_0207" 10605
"/Engine/EngineMaterials/Substrate/Glints2/dict_0005_0206" 10606
"/Engine/EngineMaterials/Substrate/Glints2/dict_0005_0205" 10607
"/Engine/EngineMaterials/Substrate/Glints2/dict_0005_0204" 10608
"/Engine/EngineMaterials/Substrate/Glints2/dict_0005_0222" 10609
"/Engine/EngineMaterials/Substrate/Glints2/dict_0005_0220" 10610
"/Engine/EngineMaterials/Substrate/Glints2/dict_0005_0219" 10611
"/Engine/EngineMaterials/Substrate/Glints2/dict_0005_0218" 10612
"/Engine/EngineMaterials/Substrate/Glints2/dict_0005_0217" 10613
"/Engine/EngineMaterials/Substrate/Glints2/dict_0005_0215" 10614
"/Engine/EngineMaterials/Substrate/Glints2/dict_0005_0214" 10615
"/Engine/EngineMaterials/Substrate/Glints2/dict_0005_0213" 10616
"/Engine/EngineMaterials/Substrate/Glints2/dict_0005_0212" 10617
"../../../Engine/Content/EngineMaterials/Substrate/Glints2/dict_0005_0236.uasset" 10618
"../../../Engine/Content/EngineMaterials/Substrate/Glints2/dict_0005_0238.uasset" 10619
"../../../Engine/Content/EngineMaterials/Substrate/Glints2/dict_0005_0237.uasset" 10620
"../../../Engine/Content/EngineMaterials/Substrate/Glints2/dict_0005_0240.uasset" 10621
"../../../Engine/Content/EngineMaterials/Substrate/Glints2/dict_0005_0243.uasset" 10622
"../../../Engine/Content/EngineMaterials/Substrate/Glints2/dict_0005_0245.uasset" 10623
"../../../Engine/Content/EngineMaterials/Substrate/Glints2/dict_0005_0246.uasset" 10624
"../../../Engine/Content/EngineMaterials/Substrate/Glints2/dict_0005_0247.uasset" 10625
"../../../Engine/Content/EngineMaterials/Substrate/Glints2/dict_0005_0248.uasset" 10626
"../../../Engine/Content/EngineMaterials/Substrate/Glints2/dict_0005_0242.uasset" 10627
"../../../Engine/Content/EngineMaterials/Substrate/Glints2/dict_0005_0250.uasset" 10628
"../../../Engine/Content/EngineMaterials/Substrate/Glints2/dict_0005_0251.uasset" 10629
"../../../Engine/Content/EngineMaterials/Substrate/Glints2/dict_0005_0241.uasset" 10630
"../../../Engine/Content/EngineMaterials/Substrate/Glints2/dict_0005_0239.uasset" 10631
"../../../Engine/Content/EngineMaterials/Substrate/Glints2/dict_0005_0252.uasset" 10632
"../../../Engine/Content/EngineMaterials/Substrate/Glints2/dict_0005_0249.uasset" 10633
"../../../Engine/Content/EngineMaterials/Substrate/Glints2/dict_0005_0244.uasset" 10634
"/Engine/EngineMaterials/Substrate/Glints2/dict_0005_0235" 10635
"/Engine/EngineMaterials/Substrate/Glints2/dict_0005_0234" 10636
"/Engine/EngineMaterials/Substrate/Glints2/dict_0005_0233" 10637
"/Engine/EngineMaterials/Substrate/Glints2/dict_0005_0232" 10638
"/Engine/EngineMaterials/Substrate/Glints2/dict_0005_0231" 10639
"/Engine/EngineMaterials/Substrate/Glints2/dict_0005_0230" 10640
"/Engine/EngineMaterials/Substrate/Glints2/dict_0005_0229" 10641
"/Engine/EngineMaterials/Substrate/Glints2/dict_0005_0228" 10642
"/Engine/EngineMaterials/Substrate/Glints2/dict_0005_0227" 10643
"/Engine/EngineMaterials/Substrate/Glints2/dict_0005_0226" 10644
"/Engine/EngineMaterials/Substrate/Glints2/dict_0005_0225" 10645
"/Engine/EngineMaterials/Substrate/Glints2/dict_0005_0224" 10646
"/Engine/EngineMaterials/Substrate/Glints2/dict_0005_0223" 10647
"/Engine/EngineMaterials/Substrate/Glints2/dict_0005_0245" 10648
"/Engine/EngineMaterials/Substrate/Glints2/dict_0005_0221" 10649
"/Engine/EngineMaterials/Substrate/Glints2/dict_0005_0243" 10650
"/Engine/EngineMaterials/Substrate/Glints2/dict_0005_0240" 10651
"/Engine/EngineMaterials/Substrate/Glints2/dict_0005_0216" 10652
"/Engine/EngineMaterials/Substrate/Glints2/dict_0005_0238" 10653
"/Engine/EngineMaterials/Substrate/Glints2/dict_0005_0237" 10654
"/Engine/EngineMaterials/Substrate/Glints2/dict_0005_0236" 10655
"../../../Engine/Content/EngineMaterials/Substrate/Glints2/dict_0006_0000.uasset" 10656
"../../../Engine/Content/EngineMaterials/Substrate/Glints2/dict_0005_0255.uasset" 10657
"../../../Engine/Content/EngineMaterials/Substrate/Glints2/dict_0006_0003.uasset" 10658
"../../../Engine/Content/EngineMaterials/Substrate/Glints2/dict_0006_0004.uasset" 10659
"../../../Engine/Content/EngineMaterials/Substrate/Glints2/dict_0006_0007.uasset" 10660
"../../../Engine/Content/EngineMaterials/Substrate/Glints2/dict_0006_0008.uasset" 10661
"../../../Engine/Content/EngineMaterials/Substrate/Glints2/dict_0006_0009.uasset" 10662
"../../../Engine/Content/EngineMaterials/Substrate/Glints2/dict_0006_0010.uasset" 10663
"../../../Engine/Content/EngineMaterials/Substrate/Glints2/dict_0006_0002.uasset" 10664
"../../../Engine/Content/EngineMaterials/Substrate/Glints2/dict_0006_0001.uasset" 10665
"../../../Engine/Content/EngineMaterials/Substrate/Glints2/dict_0006_0005.uasset" 10666
"/Engine/EngineMaterials/Substrate/Glints2/dict_0005_0252" 10667
"../../../Engine/Content/EngineMaterials/Substrate/Glints2/dict_0006_0012.uasset" 10668
"../../../Engine/Content/EngineMaterials/Substrate/Glints2/dict_0006_0011.uasset" 10669
"../../../Engine/Content/EngineMaterials/Substrate/Glints2/dict_0005_0254.uasset" 10670
"../../../Engine/Content/EngineMaterials/Substrate/Glints2/dict_0006_0016.uasset" 10671
"../../../Engine/Content/EngineMaterials/Substrate/Glints2/dict_0006_0013.uasset" 10672
"../../../Engine/Content/EngineMaterials/Substrate/Glints2/dict_0006_0006.uasset" 10673
"../../../Engine/Content/EngineMaterials/Substrate/Glints2/dict_0006_0015.uasset" 10674
"../../../Engine/Content/EngineMaterials/Substrate/Glints2/dict_0006_0017.uasset" 10675
"../../../Engine/Content/EngineMaterials/Substrate/Glints2/dict_0006_0014.uasset" 10676
"../../../Engine/Content/EngineMaterials/Substrate/Glints2/dict_0005_0253.uasset" 10677
"/Engine/EngineMaterials/Substrate/Glints2/dict_0005_0251" 10678
"/Engine/EngineMaterials/Substrate/Glints2/dict_0005_0250" 10679
"/Engine/EngineMaterials/Substrate/Glints2/dict_0005_0249" 10680
"/Engine/EngineMaterials/Substrate/Glints2/dict_0005_0248" 10681
"/Engine/EngineMaterials/Substrate/Glints2/dict_0005_0247" 10682
"/Engine/EngineMaterials/Substrate/Glints2/dict_0005_0246" 10683
"/Engine/EngineMaterials/Substrate/Glints2/dict_0005_0244" 10684
"/Engine/EngineMaterials/Substrate/Glints2/dict_0005_0242" 10685
"/Engine/EngineMaterials/Substrate/Glints2/dict_0005_0241" 10686
"/Engine/EngineMaterials/Substrate/Glints2/dict_0005_0239" 10687
"/Engine/EngineMaterials/Substrate/Glints2/dict_0005_0255" 10688
"../../../Engine/Content/EngineMaterials/Substrate/Glints2/dict_0006_0018.uasset" 10689
"../../../Engine/Content/EngineMaterials/Substrate/Glints2/dict_0006_0020.uasset" 10690
"../../../Engine/Content/EngineMaterials/Substrate/Glints2/dict_0006_0021.uasset" 10691
"../../../Engine/Content/EngineMaterials/Substrate/Glints2/dict_0006_0019.uasset" 10692
"../../../Engine/Content/EngineMaterials/Substrate/Glints2/dict_0006_0024.uasset" 10693
"../../../Engine/Content/EngineMaterials/Substrate/Glints2/dict_0006_0026.uasset" 10694
"../../../Engine/Content/EngineMaterials/Substrate/Glints2/dict_0006_0028.uasset" 10695
"../../../Engine/Content/EngineMaterials/Substrate/Glints2/dict_0006_0025.uasset" 10696
"../../../Engine/Content/EngineMaterials/Substrate/Glints2/dict_0006_0022.uasset" 10697
"../../../Engine/Content/EngineMaterials/Substrate/Glints2/dict_0006_0023.uasset" 10698
"../../../Engine/Content/EngineMaterials/Substrate/Glints2/dict_0006_0027.uasset" 10699
"../../../Engine/Content/EngineMaterials/Substrate/Glints2/dict_0006_0029.uasset" 10700
"/Engine/EngineMaterials/Substrate/Glints2/dict_0006_0017" 10701
"/Engine/EngineMaterials/Substrate/Glints2/dict_0006_0016" 10702
"/Engine/EngineMaterials/Substrate/Glints2/dict_0006_0015" 10703
"/Engine/EngineMaterials/Substrate/Glints2/dict_0006_0014" 10704
"/Engine/EngineMaterials/Substrate/Glints2/dict_0006_0013" 10705
"/Engine/EngineMaterials/Substrate/Glints2/dict_0006_0012" 10706
"/Engine/EngineMaterials/Substrate/Glints2/dict_0006_0011" 10707
"/Engine/EngineMaterials/Substrate/Glints2/dict_0006_0010" 10708
"/Engine/EngineMaterials/Substrate/Glints2/dict_0006_0009" 10709
"/Engine/EngineMaterials/Substrate/Glints2/dict_0006_0008" 10710
"/Engine/EngineMaterials/Substrate/Glints2/dict_0006_0007" 10711
"/Engine/EngineMaterials/Substrate/Glints2/dict_0006_0006" 10712
"/Engine/EngineMaterials/Substrate/Glints2/dict_0006_0005" 10713
"/Engine/EngineMaterials/Substrate/Glints2/dict_0006_0004" 10714
"/Engine/EngineMaterials/Substrate/Glints2/dict_0006_0003" 10715
"/Engine/EngineMaterials/Substrate/Glints2/dict_0006_0002" 10716
"/Engine/EngineMaterials/Substrate/Glints2/dict_0006_0021" 10717
"/Engine/EngineMaterials/Substrate/Glints2/dict_0006_0020" 10718
"/Engine/EngineMaterials/Substrate/Glints2/dict_0006_0001" 10719
"/Engine/EngineMaterials/Substrate/Glints2/dict_0006_0000" 10720
"/Engine/EngineMaterials/Substrate/Glints2/dict_0006_0019" 10721
"/Engine/EngineMaterials/Substrate/Glints2/dict_0006_0018" 10722
"/Engine/EngineMaterials/Substrate/Glints2/dict_0005_0254" 10723
"/Engine/EngineMaterials/Substrate/Glints2/dict_0005_0253" 10724
"../../../Engine/Content/EngineMaterials/Substrate/Glints2/dict_0006_0031.uasset" 10725
"../../../Engine/Content/EngineMaterials/Substrate/Glints2/dict_0006_0032.uasset" 10726
"../../../Engine/Content/EngineMaterials/Substrate/Glints2/dict_0006_0035.uasset" 10727
"../../../Engine/Content/EngineMaterials/Substrate/Glints2/dict_0006_0038.uasset" 10728
"../../../Engine/Content/EngineMaterials/Substrate/Glints2/dict_0006_0039.uasset" 10729
"../../../Engine/Content/EngineMaterials/Substrate/Glints2/dict_0006_0042.uasset" 10730
"../../../Engine/Content/EngineMaterials/Substrate/Glints2/dict_0006_0043.uasset" 10731
"../../../Engine/Content/EngineMaterials/Substrate/Glints2/dict_0006_0036.uasset" 10732
"../../../Engine/Content/EngineMaterials/Substrate/Glints2/dict_0006_0034.uasset" 10733
"../../../Engine/Content/EngineMaterials/Substrate/Glints2/dict_0006_0033.uasset" 10734
"../../../Engine/Content/EngineMaterials/Substrate/Glints2/dict_0006_0037.uasset" 10735
"../../../Engine/Content/EngineMaterials/Substrate/Glints2/dict_0006_0045.uasset" 10736
"../../../Engine/Content/EngineMaterials/Substrate/Glints2/dict_0006_0030.uasset" 10737
"../../../Engine/Content/EngineMaterials/Substrate/Glints2/dict_0006_0049.uasset" 10738
"../../../Engine/Content/EngineMaterials/Substrate/Glints2/dict_0006_0041.uasset" 10739
"../../../Engine/Content/EngineMaterials/Substrate/Glints2/dict_0006_0047.uasset" 10740
"../../../Engine/Content/EngineMaterials/Substrate/Glints2/dict_0006_0050.uasset" 10741
"../../../Engine/Content/EngineMaterials/Substrate/Glints2/dict_0006_0046.uasset" 10742
"../../../Engine/Content/EngineMaterials/Substrate/Glints2/dict_0006_0044.uasset" 10743
"../../../Engine/Content/EngineMaterials/Substrate/Glints2/dict_0006_0052.uasset" 10744
"../../../Engine/Content/EngineMaterials/Substrate/Glints2/dict_0006_0048.uasset" 10745
"../../../Engine/Content/EngineMaterials/Substrate/Glints2/dict_0006_0040.uasset" 10746
"../../../Engine/Content/EngineMaterials/Substrate/Glints2/dict_0006_0053.uasset" 10747
"../../../Engine/Content/EngineMaterials/Substrate/Glints2/dict_0006_0051.uasset" 10748
"/Engine/EngineMaterials/Substrate/Glints2/dict_0006_0029" 10749
"/Engine/EngineMaterials/Substrate/Glints2/dict_0006_0028" 10750
"/Engine/EngineMaterials/Substrate/Glints2/dict_0006_0027" 10751
"/Engine/EngineMaterials/Substrate/Glints2/dict_0006_0026" 10752
"/Engine/EngineMaterials/Substrate/Glints2/dict_0006_0025" 10753
"/Engine/EngineMaterials/Substrate/Glints2/dict_0006_0024" 10754
"/Engine/EngineMaterials/Substrate/Glints2/dict_0006_0023" 10755
"/Engine/EngineMaterials/Substrate/Glints2/dict_0006_0022" 10756
"/Engine/EngineMaterials/Substrate/Glints2/dict_0006_0038" 10757
"/Engine/EngineMaterials/Substrate/Glints2/dict_0006_0035" 10758
"/Engine/EngineMaterials/Substrate/Glints2/dict_0006_0032" 10759
"../../../Engine/Content/EngineMaterials/Substrate/Glints2/dict_0006_0055.uasset" 10760
"../../../Engine/Content/EngineMaterials/Substrate/Glints2/dict_0006_0056.uasset" 10761
"../../../Engine/Content/EngineMaterials/Substrate/Glints2/dict_0006_0061.uasset" 10762
"../../../Engine/Content/EngineMaterials/Substrate/Glints2/dict_0006_0054.uasset" 10763
"../../../Engine/Content/EngineMaterials/Substrate/Glints2/dict_0006_0062.uasset" 10764
"../../../Engine/Content/EngineMaterials/Substrate/Glints2/dict_0006_0064.uasset" 10765
"../../../Engine/Content/EngineMaterials/Substrate/Glints2/dict_0006_0059.uasset" 10766
"../../../Engine/Content/EngineMaterials/Substrate/Glints2/dict_0006_0060.uasset" 10767
"../../../Engine/Content/EngineMaterials/Substrate/Glints2/dict_0006_0057.uasset" 10768
"../../../Engine/Content/EngineMaterials/Substrate/Glints2/dict_0006_0058.uasset" 10769
"../../../Engine/Content/EngineMaterials/Substrate/Glints2/dict_0006_0063.uasset" 10770
"/Engine/EngineMaterials/Substrate/Glints2/dict_0006_0053" 10771
"/Engine/EngineMaterials/Substrate/Glints2/dict_0006_0052" 10772
"/Engine/EngineMaterials/Substrate/Glints2/dict_0006_0051" 10773
"/Engine/EngineMaterials/Substrate/Glints2/dict_0006_0050" 10774
"/Engine/EngineMaterials/Substrate/Glints2/dict_0006_0049" 10775
"/Engine/EngineMaterials/Substrate/Glints2/dict_0006_0048" 10776
"/Engine/EngineMaterials/Substrate/Glints2/dict_0006_0047" 10777
"/Engine/EngineMaterials/Substrate/Glints2/dict_0006_0046" 10778
"/Engine/EngineMaterials/Substrate/Glints2/dict_0006_0045" 10779
"/Engine/EngineMaterials/Substrate/Glints2/dict_0006_0044" 10780
"/Engine/EngineMaterials/Substrate/Glints2/dict_0006_0043" 10781
"/Engine/EngineMaterials/Substrate/Glints2/dict_0006_0042" 10782
"/Engine/EngineMaterials/Substrate/Glints2/dict_0006_0041" 10783
"/Engine/EngineMaterials/Substrate/Glints2/dict_0006_0040" 10784
"/Engine/EngineMaterials/Substrate/Glints2/dict_0006_0039" 10785
"/Engine/EngineMaterials/Substrate/Glints2/dict_0006_0056" 10786
"/Engine/EngineMaterials/Substrate/Glints2/dict_0006_0037" 10787
"/Engine/EngineMaterials/Substrate/Glints2/dict_0006_0036" 10788
"/Engine/EngineMaterials/Substrate/Glints2/dict_0006_0055" 10789
"/Engine/EngineMaterials/Substrate/Glints2/dict_0006_0034" 10790
"/Engine/EngineMaterials/Substrate/Glints2/dict_0006_0033" 10791
"/Engine/EngineMaterials/Substrate/Glints2/dict_0006_0054" 10792
"/Engine/EngineMaterials/Substrate/Glints2/dict_0006_0031" 10793
"/Engine/EngineMaterials/Substrate/Glints2/dict_0006_0030" 10794
"../../../Engine/Content/EngineMaterials/Substrate/Glints2/dict_0006_0067.uasset" 10795
"../../../Engine/Content/EngineMaterials/Substrate/Glints2/dict_0006_0065.uasset" 10796
"../../../Engine/Content/EngineMaterials/Substrate/Glints2/dict_0006_0070.uasset" 10797
"../../../Engine/Content/EngineMaterials/Substrate/Glints2/dict_0006_0073.uasset" 10798
"../../../Engine/Content/EngineMaterials/Substrate/Glints2/dict_0006_0074.uasset" 10799
"../../../Engine/Content/EngineMaterials/Substrate/Glints2/dict_0006_0076.uasset" 10800
"../../../Engine/Content/EngineMaterials/Substrate/Glints2/dict_0006_0077.uasset" 10801
"../../../Engine/Content/EngineMaterials/Substrate/Glints2/dict_0006_0078.uasset" 10802
"../../../Engine/Content/EngineMaterials/Substrate/Glints2/dict_0006_0075.uasset" 10803
"../../../Engine/Content/EngineMaterials/Substrate/Glints2/dict_0006_0068.uasset" 10804
"../../../Engine/Content/EngineMaterials/Substrate/Glints2/dict_0006_0079.uasset" 10805
"../../../Engine/Content/EngineMaterials/Substrate/Glints2/dict_0006_0080.uasset" 10806
"../../../Engine/Content/EngineMaterials/Substrate/Glints2/dict_0006_0071.uasset" 10807
"../../../Engine/Content/EngineMaterials/Substrate/Glints2/dict_0006_0082.uasset" 10808
"../../../Engine/Content/EngineMaterials/Substrate/Glints2/dict_0006_0083.uasset" 10809
"../../../Engine/Content/EngineMaterials/Substrate/Glints2/dict_0006_0086.uasset" 10810
"../../../Engine/Content/EngineMaterials/Substrate/Glints2/dict_0006_0066.uasset" 10811
"../../../Engine/Content/EngineMaterials/Substrate/Glints2/dict_0006_0081.uasset" 10812
"../../../Engine/Content/EngineMaterials/Substrate/Glints2/dict_0006_0087.uasset" 10813
"../../../Engine/Content/EngineMaterials/Substrate/Glints2/dict_0006_0072.uasset" 10814
"../../../Engine/Content/EngineMaterials/Substrate/Glints2/dict_0006_0085.uasset" 10815
"../../../Engine/Content/EngineMaterials/Substrate/Glints2/dict_0006_0084.uasset" 10816
"/Engine/EngineMaterials/Substrate/Glints2/dict_0006_0064" 10817
"../../../Engine/Content/EngineMaterials/Substrate/Glints2/dict_0006_0069.uasset" 10818
"../../../Engine/Content/EngineMaterials/Substrate/Glints2/dict_0006_0088.uasset" 10819
"/Engine/EngineMaterials/Substrate/Glints2/dict_0006_0063" 10820
"/Engine/EngineMaterials/Substrate/Glints2/dict_0006_0062" 10821
"/Engine/EngineMaterials/Substrate/Glints2/dict_0006_0061" 10822
"/Engine/EngineMaterials/Substrate/Glints2/dict_0006_0060" 10823
"/Engine/EngineMaterials/Substrate/Glints2/dict_0006_0059" 10824
"/Engine/EngineMaterials/Substrate/Glints2/dict_0006_0058" 10825
"/Engine/EngineMaterials/Substrate/Glints2/dict_0006_0057" 10826
"/Engine/EngineMaterials/Substrate/Glints2/dict_0006_0074" 10827
"/Engine/EngineMaterials/Substrate/Glints2/dict_0006_0073" 10828
"/Engine/EngineMaterials/Substrate/Glints2/dict_0006_0070" 10829
"/Engine/EngineMaterials/Substrate/Glints2/dict_0006_0067" 10830
"/Engine/EngineMaterials/Substrate/Glints2/dict_0006_0065" 10831
"../../../Engine/Content/EngineMaterials/Substrate/Glints2/dict_0006_0089.uasset" 10832
"../../../Engine/Content/EngineMaterials/Substrate/Glints2/dict_0006_0091.uasset" 10833
"../../../Engine/Content/EngineMaterials/Substrate/Glints2/dict_0006_0090.uasset" 10834
"../../../Engine/Content/EngineMaterials/Substrate/Glints2/dict_0006_0095.uasset" 10835
"../../../Engine/Content/EngineMaterials/Substrate/Glints2/dict_0006_0096.uasset" 10836
"../../../Engine/Content/EngineMaterials/Substrate/Glints2/dict_0006_0097.uasset" 10837
"../../../Engine/Content/EngineMaterials/Substrate/Glints2/dict_0006_0098.uasset" 10838
"../../../Engine/Content/EngineMaterials/Substrate/Glints2/dict_0006_0101.uasset" 10839
"../../../Engine/Content/EngineMaterials/Substrate/Glints2/dict_0006_0092.uasset" 10840
"../../../Engine/Content/EngineMaterials/Substrate/Glints2/dict_0006_0093.uasset" 10841
"../../../Engine/Content/EngineMaterials/Substrate/Glints2/dict_0006_0094.uasset" 10842
"../../../Engine/Content/EngineMaterials/Substrate/Glints2/dict_0006_0099.uasset" 10843
"../../../Engine/Content/EngineMaterials/Substrate/Glints2/dict_0006_0100.uasset" 10844
"/Engine/EngineMaterials/Substrate/Glints2/dict_0006_0088" 10845
"/Engine/EngineMaterials/Substrate/Glints2/dict_0006_0087" 10846
"/Engine/EngineMaterials/Substrate/Glints2/dict_0006_0086" 10847
"/Engine/EngineMaterials/Substrate/Glints2/dict_0006_0085" 10848
"/Engine/EngineMaterials/Substrate/Glints2/dict_0006_0084" 10849
"/Engine/EngineMaterials/Substrate/Glints2/dict_0006_0083" 10850
"/Engine/EngineMaterials/Substrate/Glints2/dict_0006_0082" 10851
"/Engine/EngineMaterials/Substrate/Glints2/dict_0006_0081" 10852
"/Engine/EngineMaterials/Substrate/Glints2/dict_0006_0080" 10853
"/Engine/EngineMaterials/Substrate/Glints2/dict_0006_0079" 10854
"/Engine/EngineMaterials/Substrate/Glints2/dict_0006_0078" 10855
"/Engine/EngineMaterials/Substrate/Glints2/dict_0006_0077" 10856
"/Engine/EngineMaterials/Substrate/Glints2/dict_0006_0076" 10857
"/Engine/EngineMaterials/Substrate/Glints2/dict_0006_0075" 10858
"/Engine/EngineMaterials/Substrate/Glints2/dict_0006_0072" 10859
"/Engine/EngineMaterials/Substrate/Glints2/dict_0006_0071" 10860
"/Engine/EngineMaterials/Substrate/Glints2/dict_0006_0091" 10861
"/Engine/EngineMaterials/Substrate/Glints2/dict_0006_0069" 10862
"/Engine/EngineMaterials/Substrate/Glints2/dict_0006_0068" 10863
"/Engine/EngineMaterials/Substrate/Glints2/dict_0006_0090" 10864
"/Engine/EngineMaterials/Substrate/Glints2/dict_0006_0066" 10865
"/Engine/EngineMaterials/Substrate/Glints2/dict_0006_0089" 10866
"../../../Engine/Content/EngineMaterials/Substrate/Glints2/dict_0006_0102.uasset" 10867
"../../../Engine/Content/EngineMaterials/Substrate/Glints2/dict_0006_0104.uasset" 10868
"../../../Engine/Content/EngineMaterials/Substrate/Glints2/dict_0006_0103.uasset" 10869
"../../../Engine/Content/EngineMaterials/Substrate/Glints2/dict_0006_0108.uasset" 10870
"../../../Engine/Content/EngineMaterials/Substrate/Glints2/dict_0006_0109.uasset" 10871
"../../../Engine/Content/EngineMaterials/Substrate/Glints2/dict_0006_0110.uasset" 10872
"../../../Engine/Content/EngineMaterials/Substrate/Glints2/dict_0006_0111.uasset" 10873
"../../../Engine/Content/EngineMaterials/Substrate/Glints2/dict_0006_0113.uasset" 10874
"../../../Engine/Content/EngineMaterials/Substrate/Glints2/dict_0006_0115.uasset" 10875
"../../../Engine/Content/EngineMaterials/Substrate/Glints2/dict_0006_0107.uasset" 10876
"../../../Engine/Content/EngineMaterials/Substrate/Glints2/dict_0006_0116.uasset" 10877
"../../../Engine/Content/EngineMaterials/Substrate/Glints2/dict_0006_0117.uasset" 10878
"../../../Engine/Content/EngineMaterials/Substrate/Glints2/dict_0006_0112.uasset" 10879
"../../../Engine/Content/EngineMaterials/Substrate/Glints2/dict_0006_0120.uasset" 10880
"../../../Engine/Content/EngineMaterials/Substrate/Glints2/dict_0006_0105.uasset" 10881
"../../../Engine/Content/EngineMaterials/Substrate/Glints2/dict_0006_0121.uasset" 10882
"../../../Engine/Content/EngineMaterials/Substrate/Glints2/dict_0006_0106.uasset" 10883
"../../../Engine/Content/EngineMaterials/Substrate/Glints2/dict_0006_0114.uasset" 10884
"/Engine/EngineMaterials/Substrate/Glints2/dict_0006_0101" 10885
"../../../Engine/Content/EngineMaterials/Substrate/Glints2/dict_0006_0122.uasset" 10886
"../../../Engine/Content/EngineMaterials/Substrate/Glints2/dict_0006_0119.uasset" 10887
"../../../Engine/Content/EngineMaterials/Substrate/Glints2/dict_0006_0123.uasset" 10888
"../../../Engine/Content/EngineMaterials/Substrate/Glints2/dict_0006_0118.uasset" 10889
"/Engine/EngineMaterials/Substrate/Glints2/dict_0006_0100" 10890
"/Engine/EngineMaterials/Substrate/Glints2/dict_0006_0099" 10891
"/Engine/EngineMaterials/Substrate/Glints2/dict_0006_0098" 10892
"/Engine/EngineMaterials/Substrate/Glints2/dict_0006_0097" 10893
"/Engine/EngineMaterials/Substrate/Glints2/dict_0006_0096" 10894
"/Engine/EngineMaterials/Substrate/Glints2/dict_0006_0095" 10895
"/Engine/EngineMaterials/Substrate/Glints2/dict_0006_0110" 10896
"/Engine/EngineMaterials/Substrate/Glints2/dict_0006_0094" 10897
"/Engine/EngineMaterials/Substrate/Glints2/dict_0006_0093" 10898
"/Engine/EngineMaterials/Substrate/Glints2/dict_0006_0092" 10899
"/Engine/EngineMaterials/Substrate/Glints2/dict_0006_0109" 10900
"/Engine/EngineMaterials/Substrate/Glints2/dict_0006_0108" 10901
"/Engine/EngineMaterials/Substrate/Glints2/dict_0006_0104" 10902
"/Engine/EngineMaterials/Substrate/Glints2/dict_0006_0103" 10903
"/Engine/EngineMaterials/Substrate/Glints2/dict_0006_0102" 10904
"../../../Engine/Content/EngineMaterials/Substrate/Glints2/dict_0006_0125.uasset" 10905
"../../../Engine/Content/EngineMaterials/Substrate/Glints2/dict_0006_0127.uasset" 10906
"../../../Engine/Content/EngineMaterials/Substrate/Glints2/dict_0006_0128.uasset" 10907
"../../../Engine/Content/EngineMaterials/Substrate/Glints2/dict_0006_0131.uasset" 10908
"../../../Engine/Content/EngineMaterials/Substrate/Glints2/dict_0006_0129.uasset" 10909
"../../../Engine/Content/EngineMaterials/Substrate/Glints2/dict_0006_0134.uasset" 10910
"../../../Engine/Content/EngineMaterials/Substrate/Glints2/dict_0006_0133.uasset" 10911
"../../../Engine/Content/EngineMaterials/Substrate/Glints2/dict_0006_0135.uasset" 10912
"../../../Engine/Content/EngineMaterials/Substrate/Glints2/dict_0006_0136.uasset" 10913
"../../../Engine/Content/EngineMaterials/Substrate/Glints2/dict_0006_0124.uasset" 10914
"../../../Engine/Content/EngineMaterials/Substrate/Glints2/dict_0006_0137.uasset" 10915
"../../../Engine/Content/EngineMaterials/Substrate/Glints2/dict_0006_0130.uasset" 10916
"../../../Engine/Content/EngineMaterials/Substrate/Glints2/dict_0006_0139.uasset" 10917
"../../../Engine/Content/EngineMaterials/Substrate/Glints2/dict_0006_0132.uasset" 10918
"../../../Engine/Content/EngineMaterials/Substrate/Glints2/dict_0006_0138.uasset" 10919
"../../../Engine/Content/EngineMaterials/Substrate/Glints2/dict_0006_0126.uasset" 10920
"/Engine/EngineMaterials/Substrate/Glints2/dict_0006_0123" 10921
"/Engine/EngineMaterials/Substrate/Glints2/dict_0006_0122" 10922
"/Engine/EngineMaterials/Substrate/Glints2/dict_0006_0121" 10923
"/Engine/EngineMaterials/Substrate/Glints2/dict_0006_0120" 10924
"/Engine/EngineMaterials/Substrate/Glints2/dict_0006_0119" 10925
"/Engine/EngineMaterials/Substrate/Glints2/dict_0006_0118" 10926
"/Engine/EngineMaterials/Substrate/Glints2/dict_0006_0117" 10927
"/Engine/EngineMaterials/Substrate/Glints2/dict_0006_0116" 10928
"/Engine/EngineMaterials/Substrate/Glints2/dict_0006_0115" 10929
"/Engine/EngineMaterials/Substrate/Glints2/dict_0006_0114" 10930
"/Engine/EngineMaterials/Substrate/Glints2/dict_0006_0113" 10931
"/Engine/EngineMaterials/Substrate/Glints2/dict_0006_0112" 10932
"/Engine/EngineMaterials/Substrate/Glints2/dict_0006_0134" 10933
"/Engine/EngineMaterials/Substrate/Glints2/dict_0006_0111" 10934
"/Engine/EngineMaterials/Substrate/Glints2/dict_0006_0131" 10935
"/Engine/EngineMaterials/Substrate/Glints2/dict_0006_0129" 10936
"/Engine/EngineMaterials/Substrate/Glints2/dict_0006_0128" 10937
"/Engine/EngineMaterials/Substrate/Glints2/dict_0006_0127" 10938
"/Engine/EngineMaterials/Substrate/Glints2/dict_0006_0107" 10939
"/Engine/EngineMaterials/Substrate/Glints2/dict_0006_0106" 10940
"/Engine/EngineMaterials/Substrate/Glints2/dict_0006_0105" 10941
"/Engine/EngineMaterials/Substrate/Glints2/dict_0006_0125" 10942
"/Engine/EngineMaterials/Substrate/Glints2/dict_0006_0124" 10943
"../../../Engine/Content/EngineMaterials/Substrate/Glints2/dict_0006_0140.uasset" 10944
"../../../Engine/Content/EngineMaterials/Substrate/Glints2/dict_0006_0142.uasset" 10945
"../../../Engine/Content/EngineMaterials/Substrate/Glints2/dict_0006_0141.uasset" 10946
"../../../Engine/Content/EngineMaterials/Substrate/Glints2/dict_0006_0145.uasset" 10947
"../../../Engine/Content/EngineMaterials/Substrate/Glints2/dict_0006_0147.uasset" 10948
"../../../Engine/Content/EngineMaterials/Substrate/Glints2/dict_0006_0149.uasset" 10949
"../../../Engine/Content/EngineMaterials/Substrate/Glints2/dict_0006_0144.uasset" 10950
"../../../Engine/Content/EngineMaterials/Substrate/Glints2/dict_0006_0150.uasset" 10951
"../../../Engine/Content/EngineMaterials/Substrate/Glints2/dict_0006_0152.uasset" 10952
"../../../Engine/Content/EngineMaterials/Substrate/Glints2/dict_0006_0154.uasset" 10953
"../../../Engine/Content/EngineMaterials/Substrate/Glints2/dict_0006_0155.uasset" 10954
"../../../Engine/Content/EngineMaterials/Substrate/Glints2/dict_0006_0151.uasset" 10955
"../../../Engine/Content/EngineMaterials/Substrate/Glints2/dict_0006_0156.uasset" 10956
"../../../Engine/Content/EngineMaterials/Substrate/Glints2/dict_0006_0143.uasset" 10957
"../../../Engine/Content/EngineMaterials/Substrate/Glints2/dict_0006_0157.uasset" 10958
"../../../Engine/Content/EngineMaterials/Substrate/Glints2/dict_0006_0159.uasset" 10959
"../../../Engine/Content/EngineMaterials/Substrate/Glints2/dict_0006_0148.uasset" 10960
"../../../Engine/Content/EngineMaterials/Substrate/Glints2/dict_0006_0160.uasset" 10961
"../../../Engine/Content/EngineMaterials/Substrate/Glints2/dict_0006_0146.uasset" 10962
"/Engine/EngineMaterials/Substrate/Glints2/dict_0006_0139" 10963
"../../../Engine/Content/EngineMaterials/Substrate/Glints2/dict_0006_0158.uasset" 10964
"../../../Engine/Content/EngineMaterials/Substrate/Glints2/dict_0006_0153.uasset" 10965
"../../../Engine/Content/EngineMaterials/Substrate/Glints2/dict_0006_0162.uasset" 10966
"../../../Engine/Content/EngineMaterials/Substrate/Glints2/dict_0006_0161.uasset" 10967
"/Engine/EngineMaterials/Substrate/Glints2/dict_0006_0138" 10968
"/Engine/EngineMaterials/Substrate/Glints2/dict_0006_0137" 10969
"/Engine/EngineMaterials/Substrate/Glints2/dict_0006_0136" 10970
"/Engine/EngineMaterials/Substrate/Glints2/dict_0006_0135" 10971
"/Engine/EngineMaterials/Substrate/Glints2/dict_0006_0133" 10972
"/Engine/EngineMaterials/Substrate/Glints2/dict_0006_0149" 10973
"/Engine/EngineMaterials/Substrate/Glints2/dict_0006_0132" 10974
"/Engine/EngineMaterials/Substrate/Glints2/dict_0006_0130" 10975
"/Engine/EngineMaterials/Substrate/Glints2/dict_0006_0147" 10976
"/Engine/EngineMaterials/Substrate/Glints2/dict_0006_0145" 10977
"/Engine/EngineMaterials/Substrate/Glints2/dict_0006_0144" 10978
"/Engine/EngineMaterials/Substrate/Glints2/dict_0006_0142" 10979
"/Engine/EngineMaterials/Substrate/Glints2/dict_0006_0126" 10980
"/Engine/EngineMaterials/Substrate/Glints2/dict_0006_0141" 10981
"/Engine/EngineMaterials/Substrate/Glints2/dict_0006_0140" 10982
"../../../Engine/Content/EngineMaterials/Substrate/Glints2/dict_0006_0163.uasset" 10983
"../../../Engine/Content/EngineMaterials/Substrate/Glints2/dict_0006_0164.uasset" 10984
"../../../Engine/Content/EngineMaterials/Substrate/Glints2/dict_0006_0166.uasset" 10985
"../../../Engine/Content/EngineMaterials/Substrate/Glints2/dict_0006_0168.uasset" 10986
"../../../Engine/Content/EngineMaterials/Substrate/Glints2/dict_0006_0165.uasset" 10987
"../../../Engine/Content/EngineMaterials/Substrate/Glints2/dict_0006_0171.uasset" 10988
"../../../Engine/Content/EngineMaterials/Substrate/Glints2/dict_0006_0173.uasset" 10989
"../../../Engine/Content/EngineMaterials/Substrate/Glints2/dict_0006_0167.uasset" 10990
"../../../Engine/Content/EngineMaterials/Substrate/Glints2/dict_0006_0175.uasset" 10991
"../../../Engine/Content/EngineMaterials/Substrate/Glints2/dict_0006_0169.uasset" 10992
"../../../Engine/Content/EngineMaterials/Substrate/Glints2/dict_0006_0178.uasset" 10993
"../../../Engine/Content/EngineMaterials/Substrate/Glints2/dict_0006_0174.uasset" 10994
"../../../Engine/Content/EngineMaterials/Substrate/Glints2/dict_0006_0176.uasset" 10995
"../../../Engine/Content/EngineMaterials/Substrate/Glints2/dict_0006_0177.uasset" 10996
"../../../Engine/Content/EngineMaterials/Substrate/Glints2/dict_0006_0172.uasset" 10997
"../../../Engine/Content/EngineMaterials/Substrate/Glints2/dict_0006_0170.uasset" 10998
"/Engine/EngineMaterials/Substrate/Glints2/dict_0006_0162" 10999
"/Engine/EngineMaterials/Substrate/Glints2/dict_0006_0161" 11000
"/Engine/EngineMaterials/Substrate/Glints2/dict_0006_0160" 11001
"/Engine/EngineMaterials/Substrate/Glints2/dict_0006_0159" 11002
"/Engine/EngineMaterials/Substrate/Glints2/dict_0006_0158" 11003
"/Engine/EngineMaterials/Substrate/Glints2/dict_0006_0157" 11004
"/Engine/EngineMaterials/Substrate/Glints2/dict_0006_0156" 11005
"/Engine/EngineMaterials/Substrate/Glints2/dict_0006_0155" 11006
"/Engine/EngineMaterials/Substrate/Glints2/dict_0006_0154" 11007
"/Engine/EngineMaterials/Substrate/Glints2/dict_0006_0153" 11008
"/Engine/EngineMaterials/Substrate/Glints2/dict_0006_0152" 11009
"/Engine/EngineMaterials/Substrate/Glints2/dict_0006_0151" 11010
"/Engine/EngineMaterials/Substrate/Glints2/dict_0006_0150" 11011
"/Engine/EngineMaterials/Substrate/Glints2/dict_0006_0171" 11012
"/Engine/EngineMaterials/Substrate/Glints2/dict_0006_0148" 11013
"/Engine/EngineMaterials/Substrate/Glints2/dict_0006_0146" 11014
"/Engine/EngineMaterials/Substrate/Glints2/dict_0006_0168" 11015
"/Engine/EngineMaterials/Substrate/Glints2/dict_0006_0167" 11016
"/Engine/EngineMaterials/Substrate/Glints2/dict_0006_0143" 11017
"/Engine/EngineMaterials/Substrate/Glints2/dict_0006_0166" 11018
"/Engine/EngineMaterials/Substrate/Glints2/dict_0006_0165" 11019
"/Engine/EngineMaterials/Substrate/Glints2/dict_0006_0164" 11020
"/Engine/EngineMaterials/Substrate/Glints2/dict_0006_0163" 11021
"../../../Engine/Content/EngineMaterials/Substrate/Glints2/dict_0006_0181.uasset" 11022
"../../../Engine/Content/EngineMaterials/Substrate/Glints2/dict_0006_0183.uasset" 11023
"../../../Engine/Content/EngineMaterials/Substrate/Glints2/dict_0006_0185.uasset" 11024
"../../../Engine/Content/EngineMaterials/Substrate/Glints2/dict_0006_0184.uasset" 11025
"../../../Engine/Content/EngineMaterials/Substrate/Glints2/dict_0006_0187.uasset" 11026
"../../../Engine/Content/EngineMaterials/Substrate/Glints2/dict_0006_0188.uasset" 11027
"../../../Engine/Content/EngineMaterials/Substrate/Glints2/dict_0006_0190.uasset" 11028
"../../../Engine/Content/EngineMaterials/Substrate/Glints2/dict_0006_0192.uasset" 11029
"../../../Engine/Content/EngineMaterials/Substrate/Glints2/dict_0006_0180.uasset" 11030
"../../../Engine/Content/EngineMaterials/Substrate/Glints2/dict_0006_0186.uasset" 11031
"../../../Engine/Content/EngineMaterials/Substrate/Glints2/dict_0006_0179.uasset" 11032
"../../../Engine/Content/EngineMaterials/Substrate/Glints2/dict_0006_0193.uasset" 11033
"../../../Engine/Content/EngineMaterials/Substrate/Glints2/dict_0006_0189.uasset" 11034
"../../../Engine/Content/EngineMaterials/Substrate/Glints2/dict_0006_0195.uasset" 11035
"../../../Engine/Content/EngineMaterials/Substrate/Glints2/dict_0006_0196.uasset" 11036
"../../../Engine/Content/EngineMaterials/Substrate/Glints2/dict_0006_0197.uasset" 11037
"../../../Engine/Content/EngineMaterials/Substrate/Glints2/dict_0006_0198.uasset" 11038
"../../../Engine/Content/EngineMaterials/Substrate/Glints2/dict_0006_0200.uasset" 11039
"../../../Engine/Content/EngineMaterials/Substrate/Glints2/dict_0006_0194.uasset" 11040
"../../../Engine/Content/EngineMaterials/Substrate/Glints2/dict_0006_0201.uasset" 11041
"../../../Engine/Content/EngineMaterials/Substrate/Glints2/dict_0006_0199.uasset" 11042
"../../../Engine/Content/EngineMaterials/Substrate/Glints2/dict_0006_0191.uasset" 11043
"/Engine/EngineMaterials/Substrate/Glints2/dict_0006_0178" 11044
"../../../Engine/Content/EngineMaterials/Substrate/Glints2/dict_0006_0182.uasset" 11045
"/Engine/EngineMaterials/Substrate/Glints2/dict_0006_0177" 11046
"/Engine/EngineMaterials/Substrate/Glints2/dict_0006_0176" 11047
"/Engine/EngineMaterials/Substrate/Glints2/dict_0006_0175" 11048
"/Engine/EngineMaterials/Substrate/Glints2/dict_0006_0174" 11049
"/Engine/EngineMaterials/Substrate/Glints2/dict_0006_0173" 11050
"/Engine/EngineMaterials/Substrate/Glints2/dict_0006_0172" 11051
"/Engine/EngineMaterials/Substrate/Glints2/dict_0006_0187" 11052
"/Engine/EngineMaterials/Substrate/Glints2/dict_0006_0170" 11053
"/Engine/EngineMaterials/Substrate/Glints2/dict_0006_0169" 11054
"/Engine/EngineMaterials/Substrate/Glints2/dict_0006_0185" 11055
"/Engine/EngineMaterials/Substrate/Glints2/dict_0006_0184" 11056
"/Engine/EngineMaterials/Substrate/Glints2/dict_0006_0183" 11057
"/Engine/EngineMaterials/Substrate/Glints2/dict_0006_0181" 11058
"/Engine/EngineMaterials/Substrate/Glints2/dict_0006_0180" 11059
"../../../Engine/Content/EngineMaterials/Substrate/Glints2/dict_0006_0204.uasset" 11060
"../../../Engine/Content/EngineMaterials/Substrate/Glints2/dict_0006_0202.uasset" 11061
"../../../Engine/Content/EngineMaterials/Substrate/Glints2/dict_0006_0203.uasset" 11062
"../../../Engine/Content/EngineMaterials/Substrate/Glints2/dict_0006_0209.uasset" 11063
"../../../Engine/Content/EngineMaterials/Substrate/Glints2/dict_0006_0206.uasset" 11064
"../../../Engine/Content/EngineMaterials/Substrate/Glints2/dict_0006_0213.uasset" 11065
"../../../Engine/Content/EngineMaterials/Substrate/Glints2/dict_0006_0215.uasset" 11066
"../../../Engine/Content/EngineMaterials/Substrate/Glints2/dict_0006_0205.uasset" 11067
"../../../Engine/Content/EngineMaterials/Substrate/Glints2/dict_0006_0216.uasset" 11068
"../../../Engine/Content/EngineMaterials/Substrate/Glints2/dict_0006_0210.uasset" 11069
"../../../Engine/Content/EngineMaterials/Substrate/Glints2/dict_0006_0211.uasset" 11070
"../../../Engine/Content/EngineMaterials/Substrate/Glints2/dict_0006_0212.uasset" 11071
"../../../Engine/Content/EngineMaterials/Substrate/Glints2/dict_0006_0214.uasset" 11072
"/Engine/EngineMaterials/Substrate/Glints2/dict_0006_0201" 11073
"../../../Engine/Content/EngineMaterials/Substrate/Glints2/dict_0006_0207.uasset" 11074
"../../../Engine/Content/EngineMaterials/Substrate/Glints2/dict_0006_0208.uasset" 11075
"/Engine/EngineMaterials/Substrate/Glints2/dict_0006_0200" 11076
"/Engine/EngineMaterials/Substrate/Glints2/dict_0006_0199" 11077
"/Engine/EngineMaterials/Substrate/Glints2/dict_0006_0198" 11078
"/Engine/EngineMaterials/Substrate/Glints2/dict_0006_0197" 11079
"/Engine/EngineMaterials/Substrate/Glints2/dict_0006_0196" 11080
"/Engine/EngineMaterials/Substrate/Glints2/dict_0006_0195" 11081
"/Engine/EngineMaterials/Substrate/Glints2/dict_0006_0194" 11082
"/Engine/EngineMaterials/Substrate/Glints2/dict_0006_0193" 11083
"/Engine/EngineMaterials/Substrate/Glints2/dict_0006_0192" 11084
"/Engine/EngineMaterials/Substrate/Glints2/dict_0006_0191" 11085
"/Engine/EngineMaterials/Substrate/Glints2/dict_0006_0190" 11086
"/Engine/EngineMaterials/Substrate/Glints2/dict_0006_0189" 11087
"/Engine/EngineMaterials/Substrate/Glints2/dict_0006_0188" 11088
"/Engine/EngineMaterials/Substrate/Glints2/dict_0006_0186" 11089
"/Engine/EngineMaterials/Substrate/Glints2/dict_0006_0204" 11090
"/Engine/EngineMaterials/Substrate/Glints2/dict_0006_0182" 11091
"/Engine/EngineMaterials/Substrate/Glints2/dict_0006_0203" 11092
"/Engine/EngineMaterials/Substrate/Glints2/dict_0006_0202" 11093
"/Engine/EngineMaterials/Substrate/Glints2/dict_0006_0179" 11094
"../../../Engine/Content/EngineMaterials/Substrate/Glints2/dict_0006_0219.uasset" 11095
"../../../Engine/Content/EngineMaterials/Substrate/Glints2/dict_0006_0217.uasset" 11096
"../../../Engine/Content/EngineMaterials/Substrate/Glints2/dict_0006_0222.uasset" 11097
"../../../Engine/Content/EngineMaterials/Substrate/Glints2/dict_0006_0225.uasset" 11098
"../../../Engine/Content/EngineMaterials/Substrate/Glints2/dict_0006_0226.uasset" 11099
"../../../Engine/Content/EngineMaterials/Substrate/Glints2/dict_0006_0227.uasset" 11100
"../../../Engine/Content/EngineMaterials/Substrate/Glints2/dict_0006_0218.uasset" 11101
"../../../Engine/Content/EngineMaterials/Substrate/Glints2/dict_0006_0230.uasset" 11102
"../../../Engine/Content/EngineMaterials/Substrate/Glints2/dict_0006_0224.uasset" 11103
"../../../Engine/Content/EngineMaterials/Substrate/Glints2/dict_0006_0231.uasset" 11104
"../../../Engine/Content/EngineMaterials/Substrate/Glints2/dict_0006_0221.uasset" 11105
"../../../Engine/Content/EngineMaterials/Substrate/Glints2/dict_0006_0232.uasset" 11106
"../../../Engine/Content/EngineMaterials/Substrate/Glints2/dict_0006_0220.uasset" 11107
"../../../Engine/Content/EngineMaterials/Substrate/Glints2/dict_0006_0233.uasset" 11108
"../../../Engine/Content/EngineMaterials/Substrate/Glints2/dict_0006_0234.uasset" 11109
"../../../Engine/Content/EngineMaterials/Substrate/Glints2/dict_0006_0236.uasset" 11110
"../../../Engine/Content/EngineMaterials/Substrate/Glints2/dict_0006_0229.uasset" 11111
"/Engine/EngineMaterials/Substrate/Glints2/dict_0006_0216" 11112
"../../../Engine/Content/EngineMaterials/Substrate/Glints2/dict_0006_0223.uasset" 11113
"../../../Engine/Content/EngineMaterials/Substrate/Glints2/dict_0006_0228.uasset" 11114
"../../../Engine/Content/EngineMaterials/Substrate/Glints2/dict_0006_0235.uasset" 11115
"/Engine/EngineMaterials/Substrate/Glints2/dict_0006_0215" 11116
"/Engine/EngineMaterials/Substrate/Glints2/dict_0006_0214" 11117
"/Engine/EngineMaterials/Substrate/Glints2/dict_0006_0213" 11118
"/Engine/EngineMaterials/Substrate/Glints2/dict_0006_0212" 11119
"/Engine/EngineMaterials/Substrate/Glints2/dict_0006_0211" 11120
"/Engine/EngineMaterials/Substrate/Glints2/dict_0006_0210" 11121
"/Engine/EngineMaterials/Substrate/Glints2/dict_0006_0209" 11122
"/Engine/EngineMaterials/Substrate/Glints2/dict_0006_0208" 11123
"/Engine/EngineMaterials/Substrate/Glints2/dict_0006_0207" 11124
"/Engine/EngineMaterials/Substrate/Glints2/dict_0006_0222" 11125
"/Engine/EngineMaterials/Substrate/Glints2/dict_0006_0206" 11126
"/Engine/EngineMaterials/Substrate/Glints2/dict_0006_0205" 11127
"/Engine/EngineMaterials/Substrate/Glints2/dict_0006_0219" 11128
"/Engine/EngineMaterials/Substrate/Glints2/dict_0006_0218" 11129
"/Engine/EngineMaterials/Substrate/Glints2/dict_0006_0217" 11130
"../../../Engine/Content/EngineMaterials/Substrate/Glints2/dict_0006_0238.uasset" 11131
"../../../Engine/Content/EngineMaterials/Substrate/Glints2/dict_0006_0237.uasset" 11132
"../../../Engine/Content/EngineMaterials/Substrate/Glints2/dict_0006_0240.uasset" 11133
"../../../Engine/Content/EngineMaterials/Substrate/Glints2/dict_0006_0241.uasset" 11134
"../../../Engine/Content/EngineMaterials/Substrate/Glints2/dict_0006_0244.uasset" 11135
"../../../Engine/Content/EngineMaterials/Substrate/Glints2/dict_0006_0243.uasset" 11136
"../../../Engine/Content/EngineMaterials/Substrate/Glints2/dict_0006_0245.uasset" 11137
"../../../Engine/Content/EngineMaterials/Substrate/Glints2/dict_0006_0239.uasset" 11138
"../../../Engine/Content/EngineMaterials/Substrate/Glints2/dict_0006_0251.uasset" 11139
"../../../Engine/Content/EngineMaterials/Substrate/Glints2/dict_0006_0247.uasset" 11140
"../../../Engine/Content/EngineMaterials/Substrate/Glints2/dict_0006_0242.uasset" 11141
"../../../Engine/Content/EngineMaterials/Substrate/Glints2/dict_0006_0252.uasset" 11142
"../../../Engine/Content/EngineMaterials/Substrate/Glints2/dict_0006_0248.uasset" 11143
"../../../Engine/Content/EngineMaterials/Substrate/Glints2/dict_0006_0249.uasset" 11144
"../../../Engine/Content/EngineMaterials/Substrate/Glints2/dict_0006_0250.uasset" 11145
"/Engine/EngineMaterials/Substrate/Glints2/dict_0006_0236" 11146
"../../../Engine/Content/EngineMaterials/Substrate/Glints2/dict_0006_0246.uasset" 11147
"/Engine/EngineMaterials/Substrate/Glints2/dict_0006_0235" 11148
"/Engine/EngineMaterials/Substrate/Glints2/dict_0006_0234" 11149
"/Engine/EngineMaterials/Substrate/Glints2/dict_0006_0233" 11150
"/Engine/EngineMaterials/Substrate/Glints2/dict_0006_0232" 11151
"/Engine/EngineMaterials/Substrate/Glints2/dict_0006_0231" 11152
"/Engine/EngineMaterials/Substrate/Glints2/dict_0006_0230" 11153
"/Engine/EngineMaterials/Substrate/Glints2/dict_0006_0229" 11154
"/Engine/EngineMaterials/Substrate/Glints2/dict_0006_0228" 11155
"/Engine/EngineMaterials/Substrate/Glints2/dict_0006_0227" 11156
"/Engine/EngineMaterials/Substrate/Glints2/dict_0006_0226" 11157
"/Engine/EngineMaterials/Substrate/Glints2/dict_0006_0225" 11158
"/Engine/EngineMaterials/Substrate/Glints2/dict_0006_0224" 11159
"/Engine/EngineMaterials/Substrate/Glints2/dict_0006_0223" 11160
"/Engine/EngineMaterials/Substrate/Glints2/dict_0006_0244" 11161
"/Engine/EngineMaterials/Substrate/Glints2/dict_0006_0243" 11162
"/Engine/EngineMaterials/Substrate/Glints2/dict_0006_0241" 11163
"/Engine/EngineMaterials/Substrate/Glints2/dict_0006_0240" 11164
"/Engine/EngineMaterials/Substrate/Glints2/dict_0006_0221" 11165
"/Engine/EngineMaterials/Substrate/Glints2/dict_0006_0220" 11166
"/Engine/EngineMaterials/Substrate/Glints2/dict_0006_0239" 11167
"/Engine/EngineMaterials/Substrate/Glints2/dict_0006_0238" 11168
"/Engine/EngineMaterials/Substrate/Glints2/dict_0006_0237" 11169
"../../../Engine/Content/EngineMaterials/Substrate/Glints2/dict_0006_0253.uasset" 11170
"../../../Engine/Content/EngineMaterials/Substrate/Glints2/dict_0006_0254.uasset" 11171
"../../../Engine/Content/EngineMaterials/Substrate/Glints2/dict_0007_0001.uasset" 11172
"../../../Engine/Content/EngineMaterials/Substrate/Glints2/dict_0007_0004.uasset" 11173
"../../../Engine/Content/EngineMaterials/Substrate/Glints2/dict_0007_0007.uasset" 11174
"../../../Engine/Content/EngineMaterials/Substrate/Glints2/dict_0007_0006.uasset" 11175
"../../../Engine/Content/EngineMaterials/Substrate/Glints2/dict_0007_0008.uasset" 11176
"../../../Engine/Content/EngineMaterials/Substrate/Glints2/dict_0007_0010.uasset" 11177
"../../../Engine/Content/EngineMaterials/Substrate/Glints2/dict_0007_0002.uasset" 11178
"../../../Engine/Content/EngineMaterials/Substrate/Glints2/dict_0007_0000.uasset" 11179
"../../../Engine/Content/EngineMaterials/Substrate/Glints2/dict_0007_0011.uasset" 11180
"../../../Engine/Content/EngineMaterials/Substrate/Glints2/dict_0007_0005.uasset" 11181
"../../../Engine/Content/EngineMaterials/Substrate/Glints2/dict_0007_0013.uasset" 11182
"../../../Engine/Content/EngineMaterials/Substrate/Glints2/dict_0007_0009.uasset" 11183
"../../../Engine/Content/EngineMaterials/Substrate/Glints2/dict_0007_0017.uasset" 11184
"/Engine/EngineMaterials/Substrate/Glints2/dict_0006_0252" 11185
"../../../Engine/Content/EngineMaterials/Substrate/Glints2/dict_0007_0018.uasset" 11186
"../../../Engine/Content/EngineMaterials/Substrate/Glints2/dict_0007_0015.uasset" 11187
"../../../Engine/Content/EngineMaterials/Substrate/Glints2/dict_0007_0019.uasset" 11188
"../../../Engine/Content/EngineMaterials/Substrate/Glints2/dict_0006_0255.uasset" 11189
"../../../Engine/Content/EngineMaterials/Substrate/Glints2/dict_0007_0014.uasset" 11190
"../../../Engine/Content/EngineMaterials/Substrate/Glints2/dict_0007_0012.uasset" 11191
"../../../Engine/Content/EngineMaterials/Substrate/Glints2/dict_0007_0016.uasset" 11192
"../../../Engine/Content/EngineMaterials/Substrate/Glints2/dict_0007_0003.uasset" 11193
"/Engine/EngineMaterials/Substrate/Glints2/dict_0006_0251" 11194
"/Engine/EngineMaterials/Substrate/Glints2/dict_0006_0250" 11195
"/Engine/EngineMaterials/Substrate/Glints2/dict_0006_0249" 11196
"/Engine/EngineMaterials/Substrate/Glints2/dict_0006_0248" 11197
"/Engine/EngineMaterials/Substrate/Glints2/dict_0006_0247" 11198
"/Engine/EngineMaterials/Substrate/Glints2/dict_0006_0246" 11199
"/Engine/EngineMaterials/Substrate/Glints2/dict_0006_0245" 11200
"/Engine/EngineMaterials/Substrate/Glints2/dict_0007_0004" 11201
"/Engine/EngineMaterials/Substrate/Glints2/dict_0006_0242" 11202
"/Engine/EngineMaterials/Substrate/Glints2/dict_0007_0001" 11203
"/Engine/EngineMaterials/Substrate/Glints2/dict_0006_0254" 11204
"/Engine/EngineMaterials/Substrate/Glints2/dict_0006_0253" 11205
"../../../Engine/Content/EngineMaterials/Substrate/Glints2/dict_0007_0020.uasset" 11206
"../../../Engine/Content/EngineMaterials/Substrate/Glints2/dict_0007_0022.uasset" 11207
"../../../Engine/Content/EngineMaterials/Substrate/Glints2/dict_0007_0027.uasset" 11208
"../../../Engine/Content/EngineMaterials/Substrate/Glints2/dict_0007_0025.uasset" 11209
"../../../Engine/Content/EngineMaterials/Substrate/Glints2/dict_0007_0028.uasset" 11210
"../../../Engine/Content/EngineMaterials/Substrate/Glints2/dict_0007_0029.uasset" 11211
"../../../Engine/Content/EngineMaterials/Substrate/Glints2/dict_0007_0021.uasset" 11212
"../../../Engine/Content/EngineMaterials/Substrate/Glints2/dict_0007_0031.uasset" 11213
"../../../Engine/Content/EngineMaterials/Substrate/Glints2/dict_0007_0023.uasset" 11214
"../../../Engine/Content/EngineMaterials/Substrate/Glints2/dict_0007_0024.uasset" 11215
"../../../Engine/Content/EngineMaterials/Substrate/Glints2/dict_0007_0030.uasset" 11216
"../../../Engine/Content/EngineMaterials/Substrate/Glints2/dict_0007_0032.uasset" 11217
"../../../Engine/Content/EngineMaterials/Substrate/Glints2/dict_0007_0026.uasset" 11218
"/Engine/EngineMaterials/Substrate/Glints2/dict_0007_0019" 11219
"/Engine/EngineMaterials/Substrate/Glints2/dict_0007_0018" 11220
"/Engine/EngineMaterials/Substrate/Glints2/dict_0007_0017" 11221
"/Engine/EngineMaterials/Substrate/Glints2/dict_0007_0016" 11222
"/Engine/EngineMaterials/Substrate/Glints2/dict_0007_0015" 11223
"/Engine/EngineMaterials/Substrate/Glints2/dict_0007_0014" 11224
"/Engine/EngineMaterials/Substrate/Glints2/dict_0007_0013" 11225
"/Engine/EngineMaterials/Substrate/Glints2/dict_0007_0012" 11226
"/Engine/EngineMaterials/Substrate/Glints2/dict_0007_0011" 11227
"/Engine/EngineMaterials/Substrate/Glints2/dict_0007_0010" 11228
"/Engine/EngineMaterials/Substrate/Glints2/dict_0007_0009" 11229
"/Engine/EngineMaterials/Substrate/Glints2/dict_0007_0008" 11230
"/Engine/EngineMaterials/Substrate/Glints2/dict_0007_0007" 11231
"/Engine/EngineMaterials/Substrate/Glints2/dict_0007_0006" 11232
"/Engine/EngineMaterials/Substrate/Glints2/dict_0007_0025" 11233
"/Engine/EngineMaterials/Substrate/Glints2/dict_0007_0005" 11234
"/Engine/EngineMaterials/Substrate/Glints2/dict_0007_0003" 11235
"/Engine/EngineMaterials/Substrate/Glints2/dict_0007_0002" 11236
"/Engine/EngineMaterials/Substrate/Glints2/dict_0007_0022" 11237
"/Engine/EngineMaterials/Substrate/Glints2/dict_0007_0000" 11238
"/Engine/EngineMaterials/Substrate/Glints2/dict_0006_0255" 11239
"/Engine/EngineMaterials/Substrate/Glints2/dict_0007_0021" 11240
"/Engine/EngineMaterials/Substrate/Glints2/dict_0007_0020" 11241
"../../../Engine/Content/EngineMaterials/Substrate/Glints2/dict_0007_0033.uasset" 11242
"../../../Engine/Content/EngineMaterials/Substrate/Glints2/dict_0007_0034.uasset" 11243
"../../../Engine/Content/EngineMaterials/Substrate/Glints2/dict_0007_0036.uasset" 11244
"../../../Engine/Content/EngineMaterials/Substrate/Glints2/dict_0007_0039.uasset" 11245
"../../../Engine/Content/EngineMaterials/Substrate/Glints2/dict_0007_0037.uasset" 11246
"../../../Engine/Content/EngineMaterials/Substrate/Glints2/dict_0007_0042.uasset" 11247
"../../../Engine/Content/EngineMaterials/Substrate/Glints2/dict_0007_0045.uasset" 11248
"../../../Engine/Content/EngineMaterials/Substrate/Glints2/dict_0007_0041.uasset" 11249
"../../../Engine/Content/EngineMaterials/Substrate/Glints2/dict_0007_0044.uasset" 11250
"../../../Engine/Content/EngineMaterials/Substrate/Glints2/dict_0007_0040.uasset" 11251
"../../../Engine/Content/EngineMaterials/Substrate/Glints2/dict_0007_0043.uasset" 11252
"../../../Engine/Content/EngineMaterials/Substrate/Glints2/dict_0007_0050.uasset" 11253
"../../../Engine/Content/EngineMaterials/Substrate/Glints2/dict_0007_0038.uasset" 11254
"../../../Engine/Content/EngineMaterials/Substrate/Glints2/dict_0007_0049.uasset" 11255
"../../../Engine/Content/EngineMaterials/Substrate/Glints2/dict_0007_0046.uasset" 11256
"../../../Engine/Content/EngineMaterials/Substrate/Glints2/dict_0007_0053.uasset" 11257
"../../../Engine/Content/EngineMaterials/Substrate/Glints2/dict_0007_0047.uasset" 11258
"../../../Engine/Content/EngineMaterials/Substrate/Glints2/dict_0007_0035.uasset" 11259
"../../../Engine/Content/EngineMaterials/Substrate/Glints2/dict_0007_0048.uasset" 11260
"../../../Engine/Content/EngineMaterials/Substrate/Glints2/dict_0007_0055.uasset" 11261
"../../../Engine/Content/EngineMaterials/Substrate/Glints2/dict_0007_0051.uasset" 11262
"../../../Engine/Content/EngineMaterials/Substrate/Glints2/dict_0007_0052.uasset" 11263
"../../../Engine/Content/EngineMaterials/Substrate/Glints2/dict_0007_0054.uasset" 11264
"/Engine/EngineMaterials/Substrate/Glints2/dict_0007_0032" 11265
"/Engine/EngineMaterials/Substrate/Glints2/dict_0007_0031" 11266
"/Engine/EngineMaterials/Substrate/Glints2/dict_0007_0030" 11267
"/Engine/EngineMaterials/Substrate/Glints2/dict_0007_0029" 11268
"/Engine/EngineMaterials/Substrate/Glints2/dict_0007_0028" 11269
"/Engine/EngineMaterials/Substrate/Glints2/dict_0007_0027" 11270
"/Engine/EngineMaterials/Substrate/Glints2/dict_0007_0026" 11271
"/Engine/EngineMaterials/Substrate/Glints2/dict_0007_0024" 11272
"/Engine/EngineMaterials/Substrate/Glints2/dict_0007_0023" 11273
"/Engine/EngineMaterials/Substrate/Glints2/dict_0007_0039" 11274
"/Engine/EngineMaterials/Substrate/Glints2/dict_0007_0037" 11275
"/Engine/EngineMaterials/Substrate/Glints2/dict_0007_0036" 11276
"/Engine/EngineMaterials/Substrate/Glints2/dict_0007_0034" 11277
"/Engine/EngineMaterials/Substrate/Glints2/dict_0007_0033" 11278
"../../../Engine/Content/EngineMaterials/Substrate/Glints2/dict_0007_0057.uasset" 11279
"../../../Engine/Content/EngineMaterials/Substrate/Glints2/dict_0007_0058.uasset" 11280
"../../../Engine/Content/EngineMaterials/Substrate/Glints2/dict_0007_0061.uasset" 11281
"../../../Engine/Content/EngineMaterials/Substrate/Glints2/dict_0007_0059.uasset" 11282
"../../../Engine/Content/EngineMaterials/Substrate/Glints2/dict_0007_0062.uasset" 11283
"../../../Engine/Content/EngineMaterials/Substrate/Glints2/dict_0007_0066.uasset" 11284
"../../../Engine/Content/EngineMaterials/Substrate/Glints2/dict_0007_0068.uasset" 11285
"../../../Engine/Content/EngineMaterials/Substrate/Glints2/dict_0007_0056.uasset" 11286
"../../../Engine/Content/EngineMaterials/Substrate/Glints2/dict_0007_0065.uasset" 11287
"../../../Engine/Content/EngineMaterials/Substrate/Glints2/dict_0007_0060.uasset" 11288
"../../../Engine/Content/EngineMaterials/Substrate/Glints2/dict_0007_0069.uasset" 11289
"../../../Engine/Content/EngineMaterials/Substrate/Glints2/dict_0007_0064.uasset" 11290
"../../../Engine/Content/EngineMaterials/Substrate/Glints2/dict_0007_0067.uasset" 11291
"../../../Engine/Content/EngineMaterials/Substrate/Glints2/dict_0007_0063.uasset" 11292
"/Engine/EngineMaterials/Substrate/Glints2/dict_0007_0055" 11293
"/Engine/EngineMaterials/Substrate/Glints2/dict_0007_0054" 11294
"/Engine/EngineMaterials/Substrate/Glints2/dict_0007_0053" 11295
"/Engine/EngineMaterials/Substrate/Glints2/dict_0007_0052" 11296
"/Engine/EngineMaterials/Substrate/Glints2/dict_0007_0051" 11297
"/Engine/EngineMaterials/Substrate/Glints2/dict_0007_0050" 11298
"/Engine/EngineMaterials/Substrate/Glints2/dict_0007_0049" 11299
"/Engine/EngineMaterials/Substrate/Glints2/dict_0007_0048" 11300
"/Engine/EngineMaterials/Substrate/Glints2/dict_0007_0047" 11301
"/Engine/EngineMaterials/Substrate/Glints2/dict_0007_0046" 11302
"/Engine/EngineMaterials/Substrate/Glints2/dict_0007_0045" 11303
"/Engine/EngineMaterials/Substrate/Glints2/dict_0007_0044" 11304
"/Engine/EngineMaterials/Substrate/Glints2/dict_0007_0043" 11305
"/Engine/EngineMaterials/Substrate/Glints2/dict_0007_0042" 11306
"/Engine/EngineMaterials/Substrate/Glints2/dict_0007_0041" 11307
"/Engine/EngineMaterials/Substrate/Glints2/dict_0007_0040" 11308
"/Engine/EngineMaterials/Substrate/Glints2/dict_0007_0061" 11309
"/Engine/EngineMaterials/Substrate/Glints2/dict_0007_0038" 11310
"/Engine/EngineMaterials/Substrate/Glints2/dict_0007_0059" 11311
"/Engine/EngineMaterials/Substrate/Glints2/dict_0007_0058" 11312
"/Engine/EngineMaterials/Substrate/Glints2/dict_0007_0035" 11313
"/Engine/EngineMaterials/Substrate/Glints2/dict_0007_0057" 11314
"../../../Engine/Content/EngineMaterials/Substrate/Glints2/dict_0007_0072.uasset" 11315
"../../../Engine/Content/EngineMaterials/Substrate/Glints2/dict_0007_0070.uasset" 11316
"../../../Engine/Content/EngineMaterials/Substrate/Glints2/dict_0007_0076.uasset" 11317
"../../../Engine/Content/EngineMaterials/Substrate/Glints2/dict_0007_0071.uasset" 11318
"../../../Engine/Content/EngineMaterials/Substrate/Glints2/dict_0007_0078.uasset" 11319
"../../../Engine/Content/EngineMaterials/Substrate/Glints2/dict_0007_0080.uasset" 11320
"../../../Engine/Content/EngineMaterials/Substrate/Glints2/dict_0007_0075.uasset" 11321
"../../../Engine/Content/EngineMaterials/Substrate/Glints2/dict_0007_0082.uasset" 11322
"../../../Engine/Content/EngineMaterials/Substrate/Glints2/dict_0007_0074.uasset" 11323
"../../../Engine/Content/EngineMaterials/Substrate/Glints2/dict_0007_0083.uasset" 11324
"../../../Engine/Content/EngineMaterials/Substrate/Glints2/dict_0007_0077.uasset" 11325
"../../../Engine/Content/EngineMaterials/Substrate/Glints2/dict_0007_0084.uasset" 11326
"../../../Engine/Content/EngineMaterials/Substrate/Glints2/dict_0007_0086.uasset" 11327
"../../../Engine/Content/EngineMaterials/Substrate/Glints2/dict_0007_0087.uasset" 11328
"../../../Engine/Content/EngineMaterials/Substrate/Glints2/dict_0007_0088.uasset" 11329
"../../../Engine/Content/EngineMaterials/Substrate/Glints2/dict_0007_0090.uasset" 11330
"../../../Engine/Content/EngineMaterials/Substrate/Glints2/dict_0007_0091.uasset" 11331
"../../../Engine/Content/EngineMaterials/Substrate/Glints2/dict_0007_0081.uasset" 11332
"../../../Engine/Content/EngineMaterials/Substrate/Glints2/dict_0007_0085.uasset" 11333
"../../../Engine/Content/EngineMaterials/Substrate/Glints2/dict_0007_0073.uasset" 11334
"../../../Engine/Content/EngineMaterials/Substrate/Glints2/dict_0007_0079.uasset" 11335
"../../../Engine/Content/EngineMaterials/Substrate/Glints2/dict_0007_0089.uasset" 11336
"/Engine/EngineMaterials/Substrate/Glints2/dict_0007_0069" 11337
"/Engine/EngineMaterials/Substrate/Glints2/dict_0007_0068" 11338
"/Engine/EngineMaterials/Substrate/Glints2/dict_0007_0067" 11339
"/Engine/EngineMaterials/Substrate/Glints2/dict_0007_0066" 11340
"/Engine/EngineMaterials/Substrate/Glints2/dict_0007_0065" 11341
"/Engine/EngineMaterials/Substrate/Glints2/dict_0007_0064" 11342
"/Engine/EngineMaterials/Substrate/Glints2/dict_0007_0063" 11343
"/Engine/EngineMaterials/Substrate/Glints2/dict_0007_0078" 11344
"/Engine/EngineMaterials/Substrate/Glints2/dict_0007_0076" 11345
"/Engine/EngineMaterials/Substrate/Glints2/dict_0007_0062" 11346
"/Engine/EngineMaterials/Substrate/Glints2/dict_0007_0075" 11347
"/Engine/EngineMaterials/Substrate/Glints2/dict_0007_0060" 11348
"/Engine/EngineMaterials/Substrate/Glints2/dict_0007_0072" 11349
"/Engine/EngineMaterials/Substrate/Glints2/dict_0007_0071" 11350
"/Engine/EngineMaterials/Substrate/Glints2/dict_0007_0070" 11351
"/Engine/EngineMaterials/Substrate/Glints2/dict_0007_0056" 11352
"../../../Engine/Content/EngineMaterials/Substrate/Glints2/dict_0007_0092.uasset" 11353
"../../../Engine/Content/EngineMaterials/Substrate/Glints2/dict_0007_0093.uasset" 11354
"../../../Engine/Content/EngineMaterials/Substrate/Glints2/dict_0007_0095.uasset" 11355
"../../../Engine/Content/EngineMaterials/Substrate/Glints2/dict_0007_0097.uasset" 11356
"../../../Engine/Content/EngineMaterials/Substrate/Glints2/dict_0007_0096.uasset" 11357
"../../../Engine/Content/EngineMaterials/Substrate/Glints2/dict_0007_0102.uasset" 11358
"../../../Engine/Content/EngineMaterials/Substrate/Glints2/dict_0007_0103.uasset" 11359
"../../../Engine/Content/EngineMaterials/Substrate/Glints2/dict_0007_0105.uasset" 11360
"../../../Engine/Content/EngineMaterials/Substrate/Glints2/dict_0007_0098.uasset" 11361
"../../../Engine/Content/EngineMaterials/Substrate/Glints2/dict_0007_0106.uasset" 11362
"../../../Engine/Content/EngineMaterials/Substrate/Glints2/dict_0007_0099.uasset" 11363
"../../../Engine/Content/EngineMaterials/Substrate/Glints2/dict_0007_0107.uasset" 11364
"../../../Engine/Content/EngineMaterials/Substrate/Glints2/dict_0007_0101.uasset" 11365
"../../../Engine/Content/EngineMaterials/Substrate/Glints2/dict_0007_0104.uasset" 11366
"../../../Engine/Content/EngineMaterials/Substrate/Glints2/dict_0007_0100.uasset" 11367
"/Engine/EngineMaterials/Substrate/Glints2/dict_0007_0091" 11368
"../../../Engine/Content/EngineMaterials/Substrate/Glints2/dict_0007_0094.uasset" 11369
"/Engine/EngineMaterials/Substrate/Glints2/dict_0007_0090" 11370
"/Engine/EngineMaterials/Substrate/Glints2/dict_0007_0089" 11371
"/Engine/EngineMaterials/Substrate/Glints2/dict_0007_0088" 11372
"/Engine/EngineMaterials/Substrate/Glints2/dict_0007_0087" 11373
"/Engine/EngineMaterials/Substrate/Glints2/dict_0007_0086" 11374
"/Engine/EngineMaterials/Substrate/Glints2/dict_0007_0085" 11375
"/Engine/EngineMaterials/Substrate/Glints2/dict_0007_0084" 11376
"/Engine/EngineMaterials/Substrate/Glints2/dict_0007_0083" 11377
"/Engine/EngineMaterials/Substrate/Glints2/dict_0007_0082" 11378
"/Engine/EngineMaterials/Substrate/Glints2/dict_0007_0081" 11379
"/Engine/EngineMaterials/Substrate/Glints2/dict_0007_0080" 11380
"/Engine/EngineMaterials/Substrate/Glints2/dict_0007_0079" 11381
"/Engine/EngineMaterials/Substrate/Glints2/dict_0007_0077" 11382
"/Engine/EngineMaterials/Substrate/Glints2/dict_0007_0097" 11383
"/Engine/EngineMaterials/Substrate/Glints2/dict_0007_0096" 11384
"/Engine/EngineMaterials/Substrate/Glints2/dict_0007_0074" 11385
"/Engine/EngineMaterials/Substrate/Glints2/dict_0007_0073" 11386
"/Engine/EngineMaterials/Substrate/Glints2/dict_0007_0095" 11387
"/Engine/EngineMaterials/Substrate/Glints2/dict_0007_0093" 11388
"/Engine/EngineMaterials/Substrate/Glints2/dict_0007_0092" 11389
"../../../Engine/Content/EngineMaterials/Substrate/Glints2/dict_0007_0108.uasset" 11390
"../../../Engine/Content/EngineMaterials/Substrate/Glints2/dict_0007_0110.uasset" 11391
"../../../Engine/Content/EngineMaterials/Substrate/Glints2/dict_0007_0109.uasset" 11392
"../../../Engine/Content/EngineMaterials/Substrate/Glints2/dict_0007_0114.uasset" 11393
"../../../Engine/Content/EngineMaterials/Substrate/Glints2/dict_0007_0115.uasset" 11394
"../../../Engine/Content/EngineMaterials/Substrate/Glints2/dict_0007_0117.uasset" 11395
"../../../Engine/Content/EngineMaterials/Substrate/Glints2/dict_0007_0116.uasset" 11396
"../../../Engine/Content/EngineMaterials/Substrate/Glints2/dict_0007_0118.uasset" 11397
"../../../Engine/Content/EngineMaterials/Substrate/Glints2/dict_0007_0121.uasset" 11398
"../../../Engine/Content/EngineMaterials/Substrate/Glints2/dict_0007_0120.uasset" 11399
"../../../Engine/Content/EngineMaterials/Substrate/Glints2/dict_0007_0111.uasset" 11400
"../../../Engine/Content/EngineMaterials/Substrate/Glints2/dict_0007_0122.uasset" 11401
"../../../Engine/Content/EngineMaterials/Substrate/Glints2/dict_0007_0125.uasset" 11402
"../../../Engine/Content/EngineMaterials/Substrate/Glints2/dict_0007_0119.uasset" 11403
"../../../Engine/Content/EngineMaterials/Substrate/Glints2/dict_0007_0127.uasset" 11404
"../../../Engine/Content/EngineMaterials/Substrate/Glints2/dict_0007_0113.uasset" 11405
"../../../Engine/Content/EngineMaterials/Substrate/Glints2/dict_0007_0128.uasset" 11406
"../../../Engine/Content/EngineMaterials/Substrate/Glints2/dict_0007_0112.uasset" 11407
"../../../Engine/Content/EngineMaterials/Substrate/Glints2/dict_0007_0124.uasset" 11408
"/Engine/EngineMaterials/Substrate/Glints2/dict_0007_0107" 11409
"../../../Engine/Content/EngineMaterials/Substrate/Glints2/dict_0007_0126.uasset" 11410
"../../../Engine/Content/EngineMaterials/Substrate/Glints2/dict_0007_0123.uasset" 11411
"/Engine/EngineMaterials/Substrate/Glints2/dict_0007_0106" 11412
"/Engine/EngineMaterials/Substrate/Glints2/dict_0007_0105" 11413
"/Engine/EngineMaterials/Substrate/Glints2/dict_0007_0104" 11414
"/Engine/EngineMaterials/Substrate/Glints2/dict_0007_0103" 11415
"/Engine/EngineMaterials/Substrate/Glints2/dict_0007_0102" 11416
"/Engine/EngineMaterials/Substrate/Glints2/dict_0007_0101" 11417
"/Engine/EngineMaterials/Substrate/Glints2/dict_0007_0100" 11418
"/Engine/EngineMaterials/Substrate/Glints2/dict_0007_0115" 11419
"/Engine/EngineMaterials/Substrate/Glints2/dict_0007_0099" 11420
"/Engine/EngineMaterials/Substrate/Glints2/dict_0007_0098" 11421
"/Engine/EngineMaterials/Substrate/Glints2/dict_0007_0114" 11422
"/Engine/EngineMaterials/Substrate/Glints2/dict_0007_0110" 11423
"/Engine/EngineMaterials/Substrate/Glints2/dict_0007_0094" 11424
"/Engine/EngineMaterials/Substrate/Glints2/dict_0007_0109" 11425
"/Engine/EngineMaterials/Substrate/Glints2/dict_0007_0108" 11426
"../../../Engine/Content/EngineMaterials/Substrate/Glints2/dict_0007_0130.uasset" 11427
"../../../Engine/Content/EngineMaterials/Substrate/Glints2/dict_0007_0132.uasset" 11428
"../../../Engine/Content/EngineMaterials/Substrate/Glints2/dict_0007_0135.uasset" 11429
"../../../Engine/Content/EngineMaterials/Substrate/Glints2/dict_0007_0131.uasset" 11430
"../../../Engine/Content/EngineMaterials/Substrate/Glints2/dict_0007_0136.uasset" 11431
"../../../Engine/Content/EngineMaterials/Substrate/Glints2/dict_0007_0138.uasset" 11432
"../../../Engine/Content/EngineMaterials/Substrate/Glints2/dict_0007_0133.uasset" 11433
"../../../Engine/Content/EngineMaterials/Substrate/Glints2/dict_0007_0129.uasset" 11434
"../../../Engine/Content/EngineMaterials/Substrate/Glints2/dict_0007_0141.uasset" 11435
"../../../Engine/Content/EngineMaterials/Substrate/Glints2/dict_0007_0140.uasset" 11436
"../../../Engine/Content/EngineMaterials/Substrate/Glints2/dict_0007_0142.uasset" 11437
"../../../Engine/Content/EngineMaterials/Substrate/Glints2/dict_0007_0139.uasset" 11438
"../../../Engine/Content/EngineMaterials/Substrate/Glints2/dict_0007_0137.uasset" 11439
"../../../Engine/Content/EngineMaterials/Substrate/Glints2/dict_0007_0143.uasset" 11440
"../../../Engine/Content/EngineMaterials/Substrate/Glints2/dict_0007_0144.uasset" 11441
"/Engine/EngineMaterials/Substrate/Glints2/dict_0007_0128" 11442
"../../../Engine/Content/EngineMaterials/Substrate/Glints2/dict_0007_0134.uasset" 11443
"/Engine/EngineMaterials/Substrate/Glints2/dict_0007_0127" 11444
"/Engine/EngineMaterials/Substrate/Glints2/dict_0007_0126" 11445
"/Engine/EngineMaterials/Substrate/Glints2/dict_0007_0125" 11446
"/Engine/EngineMaterials/Substrate/Glints2/dict_0007_0124" 11447
"/Engine/EngineMaterials/Substrate/Glints2/dict_0007_0123" 11448
"/Engine/EngineMaterials/Substrate/Glints2/dict_0007_0122" 11449
"/Engine/EngineMaterials/Substrate/Glints2/dict_0007_0121" 11450
"/Engine/EngineMaterials/Substrate/Glints2/dict_0007_0120" 11451
"/Engine/EngineMaterials/Substrate/Glints2/dict_0007_0119" 11452
"/Engine/EngineMaterials/Substrate/Glints2/dict_0007_0118" 11453
"/Engine/EngineMaterials/Substrate/Glints2/dict_0007_0117" 11454
"/Engine/EngineMaterials/Substrate/Glints2/dict_0007_0116" 11455
"/Engine/EngineMaterials/Substrate/Glints2/dict_0007_0113" 11456
"/Engine/EngineMaterials/Substrate/Glints2/dict_0007_0112" 11457
"/Engine/EngineMaterials/Substrate/Glints2/dict_0007_0111" 11458
"/Engine/EngineMaterials/Substrate/Glints2/dict_0007_0132" 11459
"/Engine/EngineMaterials/Substrate/Glints2/dict_0007_0131" 11460
"/Engine/EngineMaterials/Substrate/Glints2/dict_0007_0130" 11461
"../../../Engine/Content/EngineMaterials/Substrate/Glints2/dict_0007_0147.uasset" 11462
"../../../Engine/Content/EngineMaterials/Substrate/Glints2/dict_0007_0145.uasset" 11463
"../../../Engine/Content/EngineMaterials/Substrate/Glints2/dict_0007_0150.uasset" 11464
"../../../Engine/Content/EngineMaterials/Substrate/Glints2/dict_0007_0152.uasset" 11465
"../../../Engine/Content/EngineMaterials/Substrate/Glints2/dict_0007_0154.uasset" 11466
"../../../Engine/Content/EngineMaterials/Substrate/Glints2/dict_0007_0153.uasset" 11467
"../../../Engine/Content/EngineMaterials/Substrate/Glints2/dict_0007_0155.uasset" 11468
"../../../Engine/Content/EngineMaterials/Substrate/Glints2/dict_0007_0158.uasset" 11469
"../../../Engine/Content/EngineMaterials/Substrate/Glints2/dict_0007_0148.uasset" 11470
"../../../Engine/Content/EngineMaterials/Substrate/Glints2/dict_0007_0159.uasset" 11471
"../../../Engine/Content/EngineMaterials/Substrate/Glints2/dict_0007_0146.uasset" 11472
"../../../Engine/Content/EngineMaterials/Substrate/Glints2/dict_0007_0160.uasset" 11473
"../../../Engine/Content/EngineMaterials/Substrate/Glints2/dict_0007_0161.uasset" 11474
"../../../Engine/Content/EngineMaterials/Substrate/Glints2/dict_0007_0162.uasset" 11475
"/Engine/EngineMaterials/Substrate/Glints2/dict_0007_0144" 11476
"../../../Engine/Content/EngineMaterials/Substrate/Glints2/dict_0007_0163.uasset" 11477
"../../../Engine/Content/EngineMaterials/Substrate/Glints2/dict_0007_0157.uasset" 11478
"../../../Engine/Content/EngineMaterials/Substrate/Glints2/dict_0007_0151.uasset" 11479
"../../../Engine/Content/EngineMaterials/Substrate/Glints2/dict_0007_0149.uasset" 11480
"../../../Engine/Content/EngineMaterials/Substrate/Glints2/dict_0007_0156.uasset" 11481
"/Engine/EngineMaterials/Substrate/Glints2/dict_0007_0143" 11482
"/Engine/EngineMaterials/Substrate/Glints2/dict_0007_0142" 11483
"/Engine/EngineMaterials/Substrate/Glints2/dict_0007_0141" 11484
"/Engine/EngineMaterials/Substrate/Glints2/dict_0007_0140" 11485
"/Engine/EngineMaterials/Substrate/Glints2/dict_0007_0139" 11486
"/Engine/EngineMaterials/Substrate/Glints2/dict_0007_0138" 11487
"/Engine/EngineMaterials/Substrate/Glints2/dict_0007_0137" 11488
"/Engine/EngineMaterials/Substrate/Glints2/dict_0007_0136" 11489
"/Engine/EngineMaterials/Substrate/Glints2/dict_0007_0135" 11490
"/Engine/EngineMaterials/Substrate/Glints2/dict_0007_0134" 11491
"/Engine/EngineMaterials/Substrate/Glints2/dict_0007_0133" 11492
"/Engine/EngineMaterials/Substrate/Glints2/dict_0007_0150" 11493
"/Engine/EngineMaterials/Substrate/Glints2/dict_0007_0147" 11494
"/Engine/EngineMaterials/Substrate/Glints2/dict_0007_0145" 11495
"/Engine/EngineMaterials/Substrate/Glints2/dict_0007_0129" 11496
"../../../Engine/Content/EngineMaterials/Substrate/Glints2/dict_0007_0166.uasset" 11497
"../../../Engine/Content/EngineMaterials/Substrate/Glints2/dict_0007_0167.uasset" 11498
"../../../Engine/Content/EngineMaterials/Substrate/Glints2/dict_0007_0172.uasset" 11499
"../../../Engine/Content/EngineMaterials/Substrate/Glints2/dict_0007_0164.uasset" 11500
"../../../Engine/Content/EngineMaterials/Substrate/Glints2/dict_0007_0173.uasset" 11501
"../../../Engine/Content/EngineMaterials/Substrate/Glints2/dict_0007_0169.uasset" 11502
"../../../Engine/Content/EngineMaterials/Substrate/Glints2/dict_0007_0176.uasset" 11503
"../../../Engine/Content/EngineMaterials/Substrate/Glints2/dict_0007_0168.uasset" 11504
"../../../Engine/Content/EngineMaterials/Substrate/Glints2/dict_0007_0171.uasset" 11505
"../../../Engine/Content/EngineMaterials/Substrate/Glints2/dict_0007_0170.uasset" 11506
"/Engine/EngineMaterials/Substrate/Glints2/dict_0007_0163" 11507
"../../../Engine/Content/EngineMaterials/Substrate/Glints2/dict_0007_0165.uasset" 11508
"../../../Engine/Content/EngineMaterials/Substrate/Glints2/dict_0007_0174.uasset" 11509
"../../../Engine/Content/EngineMaterials/Substrate/Glints2/dict_0007_0178.uasset" 11510
"../../../Engine/Content/EngineMaterials/Substrate/Glints2/dict_0007_0175.uasset" 11511
"../../../Engine/Content/EngineMaterials/Substrate/Glints2/dict_0007_0179.uasset" 11512
"../../../Engine/Content/EngineMaterials/Substrate/Glints2/dict_0007_0177.uasset" 11513
"/Engine/EngineMaterials/Substrate/Glints2/dict_0007_0162" 11514
"/Engine/EngineMaterials/Substrate/Glints2/dict_0007_0161" 11515
"/Engine/EngineMaterials/Substrate/Glints2/dict_0007_0160" 11516
"/Engine/EngineMaterials/Substrate/Glints2/dict_0007_0159" 11517
"/Engine/EngineMaterials/Substrate/Glints2/dict_0007_0158" 11518
"/Engine/EngineMaterials/Substrate/Glints2/dict_0007_0157" 11519
"/Engine/EngineMaterials/Substrate/Glints2/dict_0007_0156" 11520
"/Engine/EngineMaterials/Substrate/Glints2/dict_0007_0155" 11521
"/Engine/EngineMaterials/Substrate/Glints2/dict_0007_0154" 11522
"/Engine/EngineMaterials/Substrate/Glints2/dict_0007_0153" 11523
"/Engine/EngineMaterials/Substrate/Glints2/dict_0007_0152" 11524
"/Engine/EngineMaterials/Substrate/Glints2/dict_0007_0151" 11525
"/Engine/EngineMaterials/Substrate/Glints2/dict_0007_0149" 11526
"/Engine/EngineMaterials/Substrate/Glints2/dict_0007_0148" 11527
"/Engine/EngineMaterials/Substrate/Glints2/dict_0007_0146" 11528
"../../../Engine/Content/EngineMaterials/Substrate/Glints2/dict_0007_0180.uasset" 11529
"../../../Engine/Content/EngineMaterials/Substrate/Glints2/dict_0007_0182.uasset" 11530
"../../../Engine/Content/EngineMaterials/Substrate/Glints2/dict_0007_0181.uasset" 11531
"../../../Engine/Content/EngineMaterials/Substrate/Glints2/dict_0007_0183.uasset" 11532
"../../../Engine/Content/EngineMaterials/Substrate/Glints2/dict_0007_0186.uasset" 11533
"../../../Engine/Content/EngineMaterials/Substrate/Glints2/dict_0007_0188.uasset" 11534
"../../../Engine/Content/EngineMaterials/Substrate/Glints2/dict_0007_0191.uasset" 11535
"../../../Engine/Content/EngineMaterials/Substrate/Glints2/dict_0007_0190.uasset" 11536
"../../../Engine/Content/EngineMaterials/Substrate/Glints2/dict_0007_0193.uasset" 11537
"../../../Engine/Content/EngineMaterials/Substrate/Glints2/dict_0007_0189.uasset" 11538
"../../../Engine/Content/EngineMaterials/Substrate/Glints2/dict_0007_0194.uasset" 11539
"../../../Engine/Content/EngineMaterials/Substrate/Glints2/dict_0007_0185.uasset" 11540
"../../../Engine/Content/EngineMaterials/Substrate/Glints2/dict_0007_0195.uasset" 11541
"../../../Engine/Content/EngineMaterials/Substrate/Glints2/dict_0007_0184.uasset" 11542
"../../../Engine/Content/EngineMaterials/Substrate/Glints2/dict_0007_0192.uasset" 11543
"../../../Engine/Content/EngineMaterials/Substrate/Glints2/dict_0007_0187.uasset" 11544
"/Engine/EngineMaterials/Substrate/Glints2/dict_0007_0179" 11545
"/Engine/EngineMaterials/Substrate/Glints2/dict_0007_0178" 11546
"/Engine/EngineMaterials/Substrate/Glints2/dict_0007_0177" 11547
"/Engine/EngineMaterials/Substrate/Glints2/dict_0007_0176" 11548
"/Engine/EngineMaterials/Substrate/Glints2/dict_0007_0175" 11549
"/Engine/EngineMaterials/Substrate/Glints2/dict_0007_0174" 11550
"/Engine/EngineMaterials/Substrate/Glints2/dict_0007_0173" 11551
"/Engine/EngineMaterials/Substrate/Glints2/dict_0007_0172" 11552
"/Engine/EngineMaterials/Substrate/Glints2/dict_0007_0171" 11553
"/Engine/EngineMaterials/Substrate/Glints2/dict_0007_0170" 11554
"/Engine/EngineMaterials/Substrate/Glints2/dict_0007_0169" 11555
"/Engine/EngineMaterials/Substrate/Glints2/dict_0007_0168" 11556
"/Engine/EngineMaterials/Substrate/Glints2/dict_0007_0167" 11557
"/Engine/EngineMaterials/Substrate/Glints2/dict_0007_0182" 11558
"/Engine/EngineMaterials/Substrate/Glints2/dict_0007_0181" 11559
"/Engine/EngineMaterials/Substrate/Glints2/dict_0007_0166" 11560
"/Engine/EngineMaterials/Substrate/Glints2/dict_0007_0180" 11561
"/Engine/EngineMaterials/Substrate/Glints2/dict_0007_0165" 11562
"/Engine/EngineMaterials/Substrate/Glints2/dict_0007_0164" 11563
"../../../Engine/Content/EngineMaterials/Substrate/Glints2/dict_0007_0198.uasset" 11564
"../../../Engine/Content/EngineMaterials/Substrate/Glints2/dict_0007_0196.uasset" 11565
"../../../Engine/Content/EngineMaterials/Substrate/Glints2/dict_0007_0200.uasset" 11566
"../../../Engine/Content/EngineMaterials/Substrate/Glints2/dict_0007_0204.uasset" 11567
"../../../Engine/Content/EngineMaterials/Substrate/Glints2/dict_0007_0205.uasset" 11568
"../../../Engine/Content/EngineMaterials/Substrate/Glints2/dict_0007_0206.uasset" 11569
"../../../Engine/Content/EngineMaterials/Substrate/Glints2/dict_0007_0207.uasset" 11570
"../../../Engine/Content/EngineMaterials/Substrate/Glints2/dict_0007_0203.uasset" 11571
"../../../Engine/Content/EngineMaterials/Substrate/Glints2/dict_0007_0202.uasset" 11572
"../../../Engine/Content/EngineMaterials/Substrate/Glints2/dict_0007_0201.uasset" 11573
"../../../Engine/Content/EngineMaterials/Substrate/Glints2/dict_0007_0208.uasset" 11574
"../../../Engine/Content/EngineMaterials/Substrate/Glints2/dict_0007_0199.uasset" 11575
"../../../Engine/Content/EngineMaterials/Substrate/Glints2/dict_0007_0197.uasset" 11576
"../../../Engine/Content/EngineMaterials/Substrate/Glints2/dict_0007_0209.uasset" 11577
"../../../Engine/Content/EngineMaterials/Substrate/Glints2/dict_0007_0211.uasset" 11578
"../../../Engine/Content/EngineMaterials/Substrate/Glints2/dict_0007_0213.uasset" 11579
"../../../Engine/Content/EngineMaterials/Substrate/Glints2/dict_0007_0210.uasset" 11580
"/Engine/EngineMaterials/Substrate/Glints2/dict_0007_0195" 11581
"../../../Engine/Content/EngineMaterials/Substrate/Glints2/dict_0007_0214.uasset" 11582
"../../../Engine/Content/EngineMaterials/Substrate/Glints2/dict_0007_0212.uasset" 11583
"/Engine/EngineMaterials/Substrate/Glints2/dict_0007_0194" 11584
"/Engine/EngineMaterials/Substrate/Glints2/dict_0007_0193" 11585
"/Engine/EngineMaterials/Substrate/Glints2/dict_0007_0192" 11586
"/Engine/EngineMaterials/Substrate/Glints2/dict_0007_0191" 11587
"/Engine/EngineMaterials/Substrate/Glints2/dict_0007_0190" 11588
"/Engine/EngineMaterials/Substrate/Glints2/dict_0007_0189" 11589
"/Engine/EngineMaterials/Substrate/Glints2/dict_0007_0188" 11590
"/Engine/EngineMaterials/Substrate/Glints2/dict_0007_0187" 11591
"/Engine/EngineMaterials/Substrate/Glints2/dict_0007_0186" 11592
"/Engine/EngineMaterials/Substrate/Glints2/dict_0007_0185" 11593
"/Engine/EngineMaterials/Substrate/Glints2/dict_0007_0184" 11594
"/Engine/EngineMaterials/Substrate/Glints2/dict_0007_0183" 11595
"/Engine/EngineMaterials/Substrate/Glints2/dict_0007_0205" 11596
"/Engine/EngineMaterials/Substrate/Glints2/dict_0007_0204" 11597
"/Engine/EngineMaterials/Substrate/Glints2/dict_0007_0203" 11598
"/Engine/EngineMaterials/Substrate/Glints2/dict_0007_0198" 11599
"/Engine/EngineMaterials/Substrate/Glints2/dict_0007_0196" 11600
"../../../Engine/Content/EngineMaterials/Substrate/Glints2/dict_0007_0215.uasset" 11601
"../../../Engine/Content/EngineMaterials/Substrate/Glints2/dict_0007_0218.uasset" 11602
"../../../Engine/Content/EngineMaterials/Substrate/Glints2/dict_0007_0220.uasset" 11603
"../../../Engine/Content/EngineMaterials/Substrate/Glints2/dict_0007_0219.uasset" 11604
"../../../Engine/Content/EngineMaterials/Substrate/Glints2/dict_0007_0223.uasset" 11605
"../../../Engine/Content/EngineMaterials/Substrate/Glints2/dict_0007_0222.uasset" 11606
"../../../Engine/Content/EngineMaterials/Substrate/Glints2/dict_0007_0225.uasset" 11607
"../../../Engine/Content/EngineMaterials/Substrate/Glints2/dict_0007_0217.uasset" 11608
"../../../Engine/Content/EngineMaterials/Substrate/Glints2/dict_0007_0228.uasset" 11609
"../../../Engine/Content/EngineMaterials/Substrate/Glints2/dict_0007_0227.uasset" 11610
"../../../Engine/Content/EngineMaterials/Substrate/Glints2/dict_0007_0224.uasset" 11611
"../../../Engine/Content/EngineMaterials/Substrate/Glints2/dict_0007_0229.uasset" 11612
"../../../Engine/Content/EngineMaterials/Substrate/Glints2/dict_0007_0230.uasset" 11613
"../../../Engine/Content/EngineMaterials/Substrate/Glints2/dict_0007_0231.uasset" 11614
"../../../Engine/Content/EngineMaterials/Substrate/Glints2/dict_0007_0226.uasset" 11615
"../../../Engine/Content/EngineMaterials/Substrate/Glints2/dict_0007_0232.uasset" 11616
"../../../Engine/Content/EngineMaterials/Substrate/Glints2/dict_0007_0216.uasset" 11617
"/Engine/EngineMaterials/Substrate/Glints2/dict_0007_0214" 11618
"../../../Engine/Content/EngineMaterials/Substrate/Glints2/dict_0007_0221.uasset" 11619
"/Engine/EngineMaterials/Substrate/Glints2/dict_0007_0213" 11620
"/Engine/EngineMaterials/Substrate/Glints2/dict_0007_0212" 11621
"/Engine/EngineMaterials/Substrate/Glints2/dict_0007_0211" 11622
"/Engine/EngineMaterials/Substrate/Glints2/dict_0007_0210" 11623
"/Engine/EngineMaterials/Substrate/Glints2/dict_0007_0209" 11624
"/Engine/EngineMaterials/Substrate/Glints2/dict_0007_0208" 11625
"/Engine/EngineMaterials/Substrate/Glints2/dict_0007_0207" 11626
"/Engine/EngineMaterials/Substrate/Glints2/dict_0007_0206" 11627
"/Engine/EngineMaterials/Substrate/Glints2/dict_0007_0218" 11628
"/Engine/EngineMaterials/Substrate/Glints2/dict_0007_0202" 11629
"/Engine/EngineMaterials/Substrate/Glints2/dict_0007_0201" 11630
"/Engine/EngineMaterials/Substrate/Glints2/dict_0007_0200" 11631
"/Engine/EngineMaterials/Substrate/Glints2/dict_0007_0199" 11632
"/Engine/EngineMaterials/Substrate/Glints2/dict_0007_0197" 11633
"/Engine/EngineMaterials/Substrate/Glints2/dict_0007_0215" 11634
"../../../Engine/Content/EngineMaterials/Substrate/Glints2/dict_0007_0235.uasset" 11635
"../../../Engine/Content/EngineMaterials/Substrate/Glints2/dict_0007_0234.uasset" 11636
"../../../Engine/Content/EngineMaterials/Substrate/Glints2/dict_0007_0237.uasset" 11637
"../../../Engine/Content/EngineMaterials/Substrate/Glints2/dict_0007_0242.uasset" 11638
"../../../Engine/Content/EngineMaterials/Substrate/Glints2/dict_0007_0243.uasset" 11639
"../../../Engine/Content/EngineMaterials/Substrate/Glints2/dict_0007_0245.uasset" 11640
"../../../Engine/Content/EngineMaterials/Substrate/Glints2/dict_0007_0246.uasset" 11641
"../../../Engine/Content/EngineMaterials/Substrate/Glints2/dict_0007_0239.uasset" 11642
"../../../Engine/Content/EngineMaterials/Substrate/Glints2/dict_0007_0238.uasset" 11643
"../../../Engine/Content/EngineMaterials/Substrate/Glints2/dict_0007_0247.uasset" 11644
"../../../Engine/Content/EngineMaterials/Substrate/Glints2/dict_0007_0248.uasset" 11645
"../../../Engine/Content/EngineMaterials/Substrate/Glints2/dict_0007_0240.uasset" 11646
"../../../Engine/Content/EngineMaterials/Substrate/Glints2/dict_0007_0241.uasset" 11647
"/Engine/EngineMaterials/Substrate/Glints2/dict_0007_0232" 11648
"../../../Engine/Content/EngineMaterials/Substrate/Glints2/dict_0007_0236.uasset" 11649
"../../../Engine/Content/EngineMaterials/Substrate/Glints2/dict_0007_0233.uasset" 11650
"../../../Engine/Content/EngineMaterials/Substrate/Glints2/dict_0007_0244.uasset" 11651
"/Engine/EngineMaterials/Substrate/Glints2/dict_0007_0231" 11652
"/Engine/EngineMaterials/Substrate/Glints2/dict_0007_0230" 11653
"/Engine/EngineMaterials/Substrate/Glints2/dict_0007_0229" 11654
"/Engine/EngineMaterials/Substrate/Glints2/dict_0007_0228" 11655
"/Engine/EngineMaterials/Substrate/Glints2/dict_0007_0227" 11656
"/Engine/EngineMaterials/Substrate/Glints2/dict_0007_0226" 11657
"/Engine/EngineMaterials/Substrate/Glints2/dict_0007_0225" 11658
"/Engine/EngineMaterials/Substrate/Glints2/dict_0007_0224" 11659
"/Engine/EngineMaterials/Substrate/Glints2/dict_0007_0223" 11660
"/Engine/EngineMaterials/Substrate/Glints2/dict_0007_0222" 11661
"/Engine/EngineMaterials/Substrate/Glints2/dict_0007_0221" 11662
"/Engine/EngineMaterials/Substrate/Glints2/dict_0007_0220" 11663
"/Engine/EngineMaterials/Substrate/Glints2/dict_0007_0242" 11664
"/Engine/EngineMaterials/Substrate/Glints2/dict_0007_0219" 11665
"/Engine/EngineMaterials/Substrate/Glints2/dict_0007_0217" 11666
"/Engine/EngineMaterials/Substrate/Glints2/dict_0007_0237" 11667
"/Engine/EngineMaterials/Substrate/Glints2/dict_0007_0235" 11668
"/Engine/EngineMaterials/Substrate/Glints2/dict_0007_0216" 11669
"/Engine/EngineMaterials/Substrate/Glints2/dict_0007_0234" 11670
"../../../Engine/Content/EngineMaterials/Substrate/Glints2/dict_0007_0249.uasset" 11671
"../../../Engine/Content/EngineMaterials/Substrate/Glints2/dict_0007_0250.uasset" 11672
"../../../Engine/Content/EngineMaterials/Substrate/Glints2/dict_0007_0254.uasset" 11673
"../../../Engine/Content/EngineMaterials/Substrate/Volume/SubstrateSimpleVolumeLUT3D.uasset" 11674
"../../../Engine/Content/EngineMaterials/Substrate/Volume/SubstrateSimpleVolumeLUT2D.uasset" 11675
"../../../Engine/Content/EngineMaterials/Substrate/Volume/SubstrateSimpleVolumeEnvLUT2D.uasset" 11676
"../../../Engine/Content/EngineMaterials/DefaultCalibrationColor.uasset" 11677
"../../../Engine/Content/EngineMaterials/PPM_DefaultCalibrationColor.uasset" 11678
"../../../Engine/Content/EngineMaterials/Substrate/Glints2/dict_0007_0253.uasset" 11679
"../../../Engine/Content/EngineMaterials/Substrate/Glints2/dict_0007_0252.uasset" 11680
"../../../Engine/Content/EngineMaterials/Substrate/Volume/SubstrateSimpleVolumeEnvLUT3D.uasset" 11681
"../../../Engine/Content/EngineMaterials/DefaultCalibrationGrayscale.uasset" 11682
"../../../Engine/Content/EngineMaterials/PPM_DefaultCalibrationGrayscale.uasset" 11683
"E:/Repository/732-abbot-grove-VR/Content/VRTemplate/Input/IMC_Weapon_Left.uasset" 11684
"E:/Repository/732-abbot-grove-VR/Content/VRTemplate/Input/IMC_Weapon_Right.uasset" 11685
"../../../Engine/Content/EngineMaterials/Substrate/Glints2/dict_0007_0251.uasset" 11686
"../../../Engine/Plugins/Interchange/Assets/Content/Functions/MX_Surface.uasset" 11687
"../../../Engine/Content/EngineMaterials/Substrate/Glints2/AGlintTex2dArray2.uasset" 11688
"../../../Engine/Content/EngineMaterials/Substrate/Glints2/dict_0007_0255.uasset" 11689
"../../../Engine/Content/Functions/MaterialLayerFunctions/MatLayerBlend_OverrideOpacity.uasset" 11690
"/Engine/EngineMaterials/Substrate/Glints2/dict_0007_0248" 11691
"/Engine/EngineMaterials/Substrate/Glints2/dict_0007_0247" 11692
"/Engine/EngineMaterials/Substrate/Glints2/dict_0007_0246" 11693
"/Engine/EngineMaterials/Substrate/Glints2/dict_0007_0245" 11694
"/Engine/EngineMaterials/Substrate/Glints2/dict_0007_0244" 11695
"/Engine/EngineMaterials/Substrate/Glints2/dict_0007_0243" 11696
"/Engine/EngineMaterials/Substrate/Glints2/dict_0007_0241" 11697
"/Engine/EngineMaterials/Substrate/Glints2/dict_0007_0240" 11698
"/Engine/EngineMaterials/Substrate/Glints2/dict_0007_0254" 11699
"/Engine/EngineMaterials/Substrate/Glints2/dict_0007_0239" 11700
"/Engine/EngineMaterials/Substrate/Glints2/dict_0007_0238" 11701
"/Engine/EngineMaterials/Substrate/Glints2/dict_0007_0236" 11702
"/Engine/EngineMaterials/Substrate/Glints2/dict_0007_0250" 11703
"/Engine/EngineMaterials/Substrate/Glints2/dict_0007_0249" 11704
"/Engine/EngineMaterials/Substrate/Glints2/dict_0007_0233" 11705
"../../../Engine/Plugins/Interchange/Assets/Content/Functions/MX_Displacement.uasset" 11706
"../../../Engine/Plugins/MovieScene/MovieRenderPipeline/Content/Materials/MovieRenderQueue_MotionVectors.uasset" 11707
"../../../Engine/Plugins/MovieScene/MovieRenderPipeline/Content/Materials/MovieRenderQueue_WorldDepth.uasset" 11708
"../../../Engine/Content/Functions/Engine_MaterialFunctions03/Procedurals/HeightToNormalSmooth.uasset" 11709
"/InterchangeAssets/Functions/MX_Surface" 11710
"/Game/VRTemplate/Input/IMC_Weapon_Right" 11711
"/Game/VRTemplate/Input/IMC_Weapon_Left" 11712
"../../../Engine/Plugins/Marketplace/MetaXR/Shaders/JumpFlood.ush" 11713
"/Engine/EngineMaterials/PPM_DefaultCalibrationGrayscale" 11714
"/Engine/EngineMaterials/PPM_DefaultCalibrationColor" 11715
"/Engine/EngineMaterials/Substrate/Volume/SubstrateSimpleVolumeEnvLUT3D" 11716
"/Engine/EngineMaterials/Substrate/Volume/SubstrateSimpleVolumeLUT3D" 11717
"/Engine/EngineMaterials/Substrate/Glints2/AGlintTex2dArray2" 11718
"/MovieRenderPipeline/Materials/MovieRenderQueue_WorldDepth" 11719
"/MovieRenderPipeline/Materials/MovieRenderQueue_MotionVectors" 11720
"/InterchangeAssets/Functions/MX_Displacement" 11721
"../../../Engine/Plugins/Animation/DeformerGraph/Shaders/Private/DataInterfaceCustomComputeKernel.ush" 11722
"../../../Engine/Plugins/Animation/DeformerGraph/Shaders/Private/DataInterfaceCloth.ush" 11723
"../../../Engine/Plugins/Animation/DeformerGraph/Shaders/Private/DataInterfaceSkinnedMeshRead.ush" 11724
"../../../Engine/Plugins/Animation/DeformerGraph/Shaders/Private/DataInterfaceSkeleton.ush" 11725
"../../../Engine/Plugins/Animation/DeformerGraph/Shaders/Private/DataInterfaceSkeletonCommon.ush" 11726
"../../../Engine/Plugins/Animation/DeformerGraph/Shaders/Private/DataInterfaceMorphTarget.ush" 11727
"../../../Engine/Plugins/Animation/DeformerGraph/Shaders/Private/DataInterfaceSkinnedMeshWrite.ush" 11728
"../../../Engine/Plugins/Animation/DeformerGraph/Shaders/Private/DataInterfaceRawBuffer.ush" 11729
"../../../Engine/Plugins/Runtime/ComputeFramework/Shaders/Private/BufferAlias.ush" 11730
"../../../Engine/Plugins/Animation/DeformerGraph/Shaders/Private/DataInterfaceSkinnedMesh.ush" 11731
"../../../Engine/Plugins/Animation/DeformerGraph/Shaders/Private/DataInterfaceHalfEdge.ush" 11732
"../../../Engine/Plugins/MovieScene/MovieRenderPipeline/Content/Materials/MoviePipeline_StencilCutout.uasset" 11733
"../../../Engine/Plugins/NNE/NNEDenoiser/Content/NNEDIM_HighQuality_Alpha.uasset" 11734
"../../../Engine/Plugins/NNE/NNEDenoiser/Content/NNEDIM_ColorAlbedoNormal_Alpha.uasset" 11735
"../../../Engine/Plugins/NNE/NNEDenoiser/Content/NNEDIM_ColorAlbedoNormal_Default.uasset" 11736
"../../../Engine/Plugins/NNE/NNEDenoiser/Content/NNEDTOM_Output_Alpha.uasset" 11737
"../../../Engine/Plugins/NNE/NNEDenoiser/Content/NNEDOM_Output_Alpha.uasset" 11738
"../../../Engine/Plugins/NNE/NNEDenoiser/Content/NNEDTOM_Output_Default.uasset" 11739
"../../../Engine/Plugins/NNE/NNEDenoiser/Content/NNEDTIM_ColorAlbedoNormal_Alpha.uasset" 11740
"../../../Engine/Plugins/NNE/NNEDenoiser/Content/NNEDOM_Output_Default.uasset" 11741
"../../../Engine/Plugins/NNE/NNEDenoiser/Content/NNEDIM_HighQuality_Default.uasset" 11742
"../../../Engine/Plugins/NNE/NNEDenoiser/Content/NNEDTIM_ColorAlbedoNormal_Default.uasset" 11743
"/NNEDenoiser/NNEDTOM_Output_Default" 11744
"/NNEDenoiser/NNEDTOM_Output_Alpha" 11745
"/NNEDenoiser/NNEDTIM_ColorAlbedoNormal_Default" 11746
"/NNEDenoiser/NNEDTIM_ColorAlbedoNormal_Alpha" 11747
"/NNEDenoiser/NNEDOM_Output_Default" 11748
"/NNEDenoiser/NNEDOM_Output_Alpha" 11749
"/NNEDenoiser/NNEDIM_HighQuality_Alpha" 11750
"/NNEDenoiser/NNEDIM_HighQuality_Default" 11751
"/NNEDenoiser/NNEDIM_ColorAlbedoNormal_Default" 11752
"/NNEDenoiser/NNEDIM_ColorAlbedoNormal_Alpha" 11753
"/MovieRenderPipeline/Materials/MoviePipeline_StencilCutout" 11754
"../../../Engine/Plugins/NNE/NNEDenoiser/Content/NNEDT_Oidn2-3_Balanced_Alpha.uasset" 11755
"../../../Engine/Plugins/NNE/NNEDenoiser/Content/NNED_Oidn2-3_Balanced.uasset" 11756
"../../../Engine/Plugins/NNE/NNEDenoiser/Content/NNED_Oidn2-3_HighQuality.uasset" 11757
"../../../Engine/Plugins/NNE/NNEDenoiser/Content/NNE_oidn2-3-0_rt_hdr_alb_nrm_small__dyn__fp16_opset11_DenoiseAlpha.uasset" 11758
"../../../Engine/Plugins/NNE/NNEDenoiser/Content/NNED_Oidn2-3_Fast_Alpha.uasset" 11759
"../../../Engine/Plugins/NNE/NNEDenoiser/Content/NNE_oidn2-3-0_rt_hdr_alb_nrm_small__dyn__fp16_opset11_ForwardAlpha.uasset" 11760
"../../../Engine/Plugins/NNE/NNEDenoiser/Content/NNED_Oidn2-3_Balanced_Alpha.uasset" 11761
"../../../Engine/Plugins/NNE/NNEDenoiser/Content/NNED_Oidn2-3_Fast.uasset" 11762
"../../../Engine/Plugins/NNE/NNEDenoiser/Content/NNEDT_Oidn2-3_Balanced.uasset" 11763
"../../../Engine/Plugins/NNE/NNEDenoiser/Content/NNED_Oidn2-3_HighQuality_Alpha.uasset" 11764
"../../../Engine/Plugins/NNE/NNEDenoiser/Content/NNE_oidn2-3-0_rt_hdr_alb_nrm__dyn__fp16_opset11_DenoiseAlpha.uasset" 11765
"../../../Engine/Plugins/NNE/NNEDenoiser/Content/NNE_oidn2-3-0_rt_hdr_alb_nrm__dyn__fp16_opset11_ForwardAlpha.uasset" 11766
"../../../Engine/Plugins/NNE/NNEDenoiser/Content/NNE_oidn2-3-0_rt_hdr_calb_cnrm_large__dyn__fp16_opset11_DenoiseAlpha.uasset" 11767
"../../../Engine/Plugins/NNE/NNEDenoiser/Content/NNE_oidn2-3-0_rt_hdr_calb_cnrm_large__dyn__fp16_opset11_ForwardAlpha.uasset" 11768
"/NNEDenoiser/NNE_oidn2-3-0_rt_hdr_calb_cnrm_large__dyn__fp16_opset11_ForwardAlpha" 11769
"/NNEDenoiser/NNE_oidn2-3-0_rt_hdr_calb_cnrm_large__dyn__fp16_opset11_DenoiseAlpha" 11770
"/NNEDenoiser/NNE_oidn2-3-0_rt_hdr_alb_nrm__dyn__fp16_opset11_ForwardAlpha" 11771
"/NNEDenoiser/NNE_oidn2-3-0_rt_hdr_alb_nrm__dyn__fp16_opset11_DenoiseAlpha" 11772
"/NNEDenoiser/NNE_oidn2-3-0_rt_hdr_alb_nrm_small__dyn__fp16_opset11_ForwardAlpha" 11773
"/NNEDenoiser/NNE_oidn2-3-0_rt_hdr_alb_nrm_small__dyn__fp16_opset11_DenoiseAlpha" 11774
"/NNEDenoiser/NNED_Oidn2-3_HighQuality_Alpha" 11775
"/NNEDenoiser/NNED_Oidn2-3_HighQuality" 11776
"/NNEDenoiser/NNED_Oidn2-3_Fast_Alpha" 11777
"/NNEDenoiser/NNED_Oidn2-3_Fast" 11778
"/NNEDenoiser/NNED_Oidn2-3_Balanced_Alpha" 11779
"/NNEDenoiser/NNED_Oidn2-3_Balanced" 11780
"/NNEDenoiser/NNEDT_Oidn2-3_Balanced_Alpha" 11781
"/NNEDenoiser/NNEDT_Oidn2-3_Balanced" 11782
"../../../Engine/Content/EditorResources/BSPVertex.uasset" 11783
"../../../Engine/Content/EngineResources/FilmGrains/Marcie_Grain_v3_128_M2_000.uasset" 11784
"../../../Engine/Content/EngineMaterials/DefaultBloomKernel.uasset" 11785
"../../../Engine/Content/EngineResources/Development/ZenLogo_64.uasset" 11786
"../../../Engine/Content/EngineDebugMaterials/DebugEditorMaterial.uasset" 11787
"../../../Engine/Content/EngineMaterials/FastBlueNoise_vec2_128x128x64.uasset" 11788
"../../../Engine/Content/EngineMaterials/FastBlueNoise_scalar_128x128x8.uasset" 11789
"../../../Engine/Content/EngineMaterials/FastBlueNoise_scalar_128x128x64.uasset" 11790
"../../../Engine/Content/EngineMaterials/EnergyConservation/Diffuse_Energy.uasset" 11791
"../../../Engine/Plugins/Interchange/Runtime/Content/Pipelines/DefaultAssetsPipeline.uasset" 11792
"../../../Engine/Plugins/Interchange/Runtime/Content/Pipelines/DefaultMaterialXPipeline.uasset" 11793
"../../../Engine/Plugins/Interchange/Runtime/Content/Pipelines/DefaultGLTFAssetsPipeline.uasset" 11794
"../../../Engine/Plugins/Interchange/Runtime/Content/Pipelines/DefaultGLTFPipeline.uasset" 11795
"../../../Engine/Plugins/Interchange/Runtime/Content/Pipelines/DefaultMaterialPipeline.uasset" 11796
"../../../Engine/Plugins/Interchange/Runtime/Content/Pipelines/DefaultTexturePipeline.uasset" 11797
"../../../Engine/Plugins/Interchange/Runtime/Content/Pipelines/DefaultSceneAssetsPipeline.uasset" 11798
"../../../Engine/Plugins/Interchange/Runtime/Content/Pipelines/DefaultSceneLevelPipeline.uasset" 11799
"/Engine/EngineMaterials/FastBlueNoise_vec2_128x128x64" 11800
"../../../Engine/Plugins/Interchange/Runtime/Content/Pipelines/DefaultGLTFSceneAssetsPipeline.uasset" 11801
"../../../Engine/Content/EngineMaterials/LTC/Sheen_LTC.uasset" 11802
"../../../Engine/Plugins/Interchange/Assets/Content/Functions/MX_OrenNayarBSDF.uasset" 11803
"../../../Engine/Plugins/Interchange/Assets/Content/Functions/MX_BurleyDiffuseBSDF.uasset" 11804
"../../../Engine/Plugins/Interchange/Assets/Content/Functions/MX_UsdPreviewSurface.uasset" 11805
"../../../Engine/Content/EngineMaterials/EnergyConservation/Sheen_Energy.uasset" 11806
"../../../Engine/Plugins/Interchange/Assets/Content/Functions/MX_DielectricBSDF.uasset" 11807
"../../../Engine/Plugins/Interchange/Assets/Content/Functions/MX_ConductorBSDF.uasset" 11808
"../../../Engine/Plugins/Interchange/Assets/Content/Functions/MX_GeneralizedSchlickBSDF.uasset" 11809
"../../../Engine/Plugins/Interchange/Assets/Content/Functions/MX_SubsurfaceBSDF.uasset" 11810
"../../../Engine/Content/EngineSounds/Master.uasset" 11811
"../../../Engine/Plugins/Interchange/Assets/Content/Functions/MX_TranslucentBSDF.uasset" 11812
"../../../Engine/Plugins/Interchange/Assets/Content/Functions/MX_SheenBSDF.uasset" 11813
"../../../Engine/Plugins/Interchange/Assets/Content/Functions/MX_SurfaceUnlit.uasset" 11814
"../../../Engine/Plugins/Interchange/Assets/Content/Functions/MX_ThinFilmBSDF.uasset" 11815
"/Engine/EngineDebugMaterials/DebugEditorMaterial" 11816
"/Engine/EngineResources/Development/ZenLogo_64" 11817
"/Engine/EngineResources/FilmGrains/Marcie_Grain_v3_128_M2_000" 11818
"/Engine/EngineMaterials/DefaultBloomKernel" 11819
"/Engine/EditorResources/BSPVertex" 11820
"../../../Engine/Plugins/Interchange/Assets/Content/Functions/MX_UniformEDF.uasset" 11821
"../../../Engine/Plugins/Interchange/Assets/Content/Functions/MX_MeasuredEDF.uasset" 11822
"../../../Engine/Plugins/Interchange/Assets/Content/Functions/MX_AbsorptionVDF.uasset" 11823
"../../../Engine/Plugins/Interchange/Assets/Content/Functions/MX_ConicalEDF.uasset" 11824
"/InterchangeAssets/Functions/MX_ThinFilmBSDF" 11825
"/InterchangeAssets/Functions/MX_SheenBSDF" 11826
"/Interchange/Pipelines/DefaultGLTFSceneAssetsPipeline" 11827
"/Interchange/Pipelines/DefaultSceneLevelPipeline" 11828
"/Interchange/Pipelines/DefaultSceneAssetsPipeline" 11829
"/InterchangeAssets/Functions/MX_SubsurfaceBSDF" 11830
"/Interchange/Pipelines/DefaultTexturePipeline" 11831
"/Interchange/Pipelines/DefaultMaterialPipeline" 11832
"/InterchangeAssets/Functions/MX_GeneralizedSchlickBSDF" 11833
"/Interchange/Pipelines/DefaultGLTFPipeline" 11834
"/Interchange/Pipelines/DefaultGLTFAssetsPipeline" 11835
"/Interchange/Pipelines/DefaultMaterialXPipeline" 11836
"/InterchangeAssets/Functions/MX_ConductorBSDF" 11837
"/Interchange/Pipelines/DefaultAssetsPipeline" 11838
"/Engine/EngineSounds/Master" 11839
"/Engine/EngineMaterials/EnergyConservation/Diffuse_Energy" 11840
"/Engine/EngineMaterials/EnergyConservation/Sheen_Energy" 11841
"/Engine/EngineMaterials/LTC/Sheen_LTC" 11842
"/InterchangeAssets/Functions/MX_DielectricBSDF" 11843
"/InterchangeAssets/Functions/MX_TranslucentBSDF" 11844
"/InterchangeAssets/Functions/MX_BurleyDiffuseBSDF" 11845
"/InterchangeAssets/Functions/MX_OrenNayarBSDF" 11846
"/InterchangeAssets/Functions/MX_UsdPreviewSurface" 11847
"/Engine/EngineMaterials/FastBlueNoise_scalar_128x128x8" 11848
"/InterchangeAssets/Functions/MX_SurfaceUnlit" 11849
"/Engine/EngineMaterials/FastBlueNoise_scalar_128x128x64" 11850
"/InterchangeAssets/Functions/MX_AbsorptionVDF" 11851
"/InterchangeAssets/Functions/MX_MeasuredEDF" 11852
"/InterchangeAssets/Functions/MX_ConicalEDF" 11853
"/InterchangeAssets/Functions/MX_UniformEDF" 11854
"../../../Engine/Plugins/Animation/ControlRig/Content/Controls/ControlRigGizmoMaterial.uasset" 11855
"../../../Engine/Plugins/Interchange/Assets/Content/Functions/MX_AnisotropicVDF.uasset" 11856
"/ControlRig/Controls/ControlRigGizmoMaterial" 11857
"/InterchangeAssets/Functions/MX_AnisotropicVDF" 11858
"E:/Repository/732-abbot-grove-VR/Saved/Cooked/Android_ASTC/AbbotGrove732/Metadata/CookedSettings.txt" 11859
